,CIK,Name,Film_Number,Address,Address2,City,State,zip,Acct_Name,Acct_Address,Acct_City,Acct_State,Acct_Zip,Check One,Fiscal_Year,Acc_No,file_format
0,0000001904,ABRAHAM SECURITIES CORPORATION,00829452,3724 47TH STREET CT,,GIG HARBOR,WA,98335,"Mokuolu, Victor",8990 Kirby Drive Suite 220,Houston,TEXAS,77054,Certified Public Accountant,12-31-2024,0000001904-25-000002,xml
1,0000002303,"PROSPERA FINANCIAL SERVICES, INC.",00828164,5429 LBJ FREEWAY,SUITE 750,DALLAS,TX,75240,"Kinder, Brad A.",815 Parker Square,Flower Mound,TEXAS,75028,Certified Public Accountant,06-30-2025,0000002303-25-000008,xml
2,0000002554,"AEI SECURITIES, INC.",00816750,1300 WELLS FARGO PLACE,30 SEVENTH STREET EAST,ST. PAUL,MN,55101-4901,,,,,,,,,paper
3,0000003475,ALEXANDER INVESTMENT SERVICES CO.,00812525,909 LILY CREEK ROAD #101,12700 SHELBYVILLE ROAD,LOUISVILLE,KY,40243-2808,Cherry Bekaert,"101 South Fifth St, Suite 2100",Louisville,KENTUCKY,40202,Certified Public Accountant,06-30-2025,0000003475-25-000003,xml
4,0000003683,ALLEN & COMPANY LLC,00812123,711 FIFTH AVENUE,,NEW YORK,NY,10022,KPMG LLP,345 PARK AVENUE,New York,NEW YORK,10154,Certified Public Accountant,12-31-2024,0000003683-25-000001,xml
5,0000003995,"M. E. ALLISON & CO., INC.",00801402,950 EAST BASSE ROAD,SECOND FLOOR,SAN ANTONIO,TX,78209-1831,,,,,,,,,paper
6,0000005006,"AMERICAN FIDELITY SECURITIES, INC.",00815123,9000 CAMERON PARKWAY,,OKLAHOMA CITY,OK,73114,Deloitte  Touche LLP,"100 N. Broadway Ave, Suite 2340",Oklahoma City,OKLAHOMA,73102,Certified Public Accountant,12-31-2024,0000005006-25-000004,xml
7,0000005075,AMERICAN FUNDS & TRUSTS INCORPORATED,00806939,3030 SOUTH MAIN STREET,SUITE 100,SALT LAKE CITY,UT,84115-3554,Haynie  Company,1785 W 2320 S,Salt Lake City,UTAH,84119,Certified Public Accountant,12-31-2024,0000005075-25-000003,xml
8,0000005139,"WORLD CAPITAL BROKERAGE, INC.",00806805,1636 N. LOGAN STREET,SUITE 1400,DENVER,CO,80203,"Sanville and Company, LLC","325 North Saint Paul St., Ste 3100",Dallas,TEXAS,75201,Certified Public Accountant,05-31-2025,0000005139-25-000001,xml
9,0000005270,PINEBRIDGE SECURITIES LLC,00816586,65 EAST 55TH STREET,PARK AVENUE TOWER,NEW YORK,NY,10022,,,,,,,,,paper
10,0000007470,NATIXIS SECURITIES AMERICAS LLC,00800719,1251 AVENUE OF THE AMERICAS 5TH FLOOR,,NEW YORK,NY,10020,Deloitte  Touche LLP,30 Rockefeller Plaza,New York,NEW YORK,10112-0015,Certified Public Accountant,12-31-2015,0000007470-16-000004,xml
11,0000008486,"ONEAMERICA SECURITIES, INC.",00815009,ONE AMERICAN SQUARE,P.O. BOX 1984,INDIANAPOLIS,IN,46206-1984,Crowe LLP,485 Lexington Avenue,New York,NEW YORK,10017-2619,Certified Public Accountant,12-31-2024,0000008486-25-000002,xml
12,0000009211,ROBERT W. BAIRD & CO. Inc,00800497,P.O. BOX 672,,MILWAUKEE,WI,53201,,,,,,,,,paper
13,0000009318,"BALANCED SECURITY PLANNING, INC.",00814842,4701 TELLER AVENUE,,NEWPORT BEACH,CA,92660,,,,,,,,,paper
14,0000009319,"BCG SECURITIES, INC.",00812680,51 HADDONFIELD ROAD,SUITE 210,CHERRY HILL,NJ,08002,"Citrin Cooperman  Company, LLP","180 Park Avenue, Suite 200",Florham Park,NEW JERSEY,07932,Certified Public Accountant,12-31-2024,0000009319-25-000003,xml
15,0000011118,"INTERCOASTAL CAPITAL MARKETS, INC.",00809698,200 EAST PALMETTO PARK ROAD,SUITE 108,BOCA RATON,FL,33432,,,,,,,,,paper
16,0000012228,PYRAMID FUNDS CORPORATION,00812769,21 EVERETT ROAD EXTENSION,,ALBANY,NY,12205,,,,,,,,,paper
17,0000012265,BIRKELBACH & CO.,00816623,8080 CYPRESS HOLLOW COURT,,PONTE VEDRA BEACH,FL,32082,,,,,,,,,paper
18,0000012406,JAMES I. BLACK & COMPANY,00812077,P.O. BOX 24838,,LAKELAND,FL,33802,,,,,,,,,paper
19,0000012518,WILLIAM BLAIR & COMPANY L.L.C.,00802698,THE WILLIAM BLAIR BUILDING,150 NORTH RIVERSIDE,CHICAGO,IL,60606-1594,PricewaterhouseCoopers LLP,1 N Wacker Drive,Chicago,ILLINOIS,60606,Certified Public Accountant,12-31-2024,0000012518-25-000002,xml
20,0000012532,"STEWARD PARTNERS INVESTMENT SOLUTIONS, LLC",00802915,15495 SW SEQUOIA PARKWAY,SUITE 150,PORTLAND,OR,97224,"Baker Tilly, US, LLP",66 Hudson Blvd E Suite 2200,New York,NEW YORK,10001,Certified Public Accountant,12-31-2024,0000012532-25-000002,xml
21,0000012600,"PRINCIPAL SECURITIES, INC.",00813975,PRINCIPAL FINANCIAL GROUP,711 HIGH STREET,DES MOINES,IA,50392-2080,Ernst  Young LLP,801 Grand Avenue,Des Moines,IOWA,50309,Certified Public Accountant,12-31-2024,0000012600-25-000002,xml
22,0000013783,BRADLEY WOODS & CO. LTD.,00828862,"845 THIRD AVE, SUITE 1703",,NEW YORK,NY,10022,Weisberg Mole,185 Crossways Park Drive,Woodbury,NEW YORK,11797,Certified Public Accountant,02-28-2025,0000013783-25-000002,xml
23,0000014213,BRIGHTON SECURITIES CORP.,00814599,1703 MONROE AVENUE,,ROCHESTER,NY,14618-1487,"RDG and Partners CPAs, PLLC",10 Winthrop St.,New York,NEW YORK,14607,Certified Public Accountant,12-31-2024,0002013816-25-000019,xml
24,0000014632,"SMITH, BROWN & GROOVER, INC.",00813079,4001 VINEVILLE AVENUE,,MACON,GA,31210-5039,,,,,,,,,paper
25,0000014651,"BROWN ASSOCIATES, INC.",00815665,819 BROAD STREET,,CHATTANOOGA,TN,37402-2613,"RODEFER MOSS  CO., PLLC",608 MABRY HOOD ROAD,KNOXVILLE,TENNESSEE,37932,Certified Public Accountant,07-31-2025,0000014651-25-000003,xml
26,0000014745,"BROWN, LISLE/CUMMINGS, INC.",00812716,ONE TURKS HEAD PLACE - SUITE 800,,PROVIDENCE,RI,02903-2273,"PKF O'Connor Davies, LLP",40 Westminster Street,Providence,RHODE ISLAND,02903,Certified Public Accountant,12-31-2024,0000014745-25-000002,xml
27,0000015168,BUELL SECURITIES CORP.,00822058,200 GLASTONBURY BOULEVARD,SUITE 102,GLASTONBURY,CT,06033,,,,,,,,,paper
28,0000015681,"TAG WEALTH MANAGEMENT, LLC",00814485,20815 N CAVE CREEK ROAD,SUITE 401,PHOENIX,AZ,85024,Dylan Floyd Accounting  Consulting,20909 Judah Lane,Newhall,CALIFORNIA,91321,Certified Public Accountant,12-31-2024,0000015681-25-000001,xml
29,0000015867,JACK V. BUTTERFIELD INVESTMENT COMPANY,00812454,P.O. BOX 4057,,JACKSON,MI,49204,,,,,,,,,paper
30,0000017018,CANTOR FITZGERALD & CO.,00800201,"110 EAST 59TH STREET, 4TH FLOOR",,NEW YORK,NY,10022,Ernst  Young LLP,"One Manhattan West, 401 9th Avenue",New York,NEW YORK,10001,Certified Public Accountant,12-31-2024,0001688906-25-000004,xml
31,0000017071,CAPE SECURITIES INC.,00820747,1600 PENNSYLVANIA AVENUE,,MCDONOUGH,GA,30253,"Ohab and Company, PA",100 E Sybelia Ave Ste 13,Maitland,FLORIDA,32751,Certified Public Accountant,09-30-2024,0000017071-25-000002,xml
32,0000018026,"CARTY, HARDING & HEARN, INC.",00819082,P.O. BOX 17527,,MEMPHIS,TN,38187-0527,,,,,,,,,paper
33,0000019033,"LINCOLN FINANCIAL DISTRIBUTORS, INC.",00813431,130 N RADNOR-CHESTER RD,2001 MARKET STREET,RADNOR,PA,19087,Exempt from Audit Requirement,NA,NA,PENNSYLVANIA,NA,Certified Public Accountant,12-31-2024,0000019033-25-000002,xml
34,0000020502,"ASSOCIATED INVESTMENT SERVICES, INC.",00800099,P.O. BOX 640,,GREEN BAY,WI,54305-0640,Wipfli LLP,7000 Central Parkway NE,Atlanta,GEORGIA,30328,Certified Public Accountant,12-31-2024,0000020502-25-000014,xml
35,0000021180,"OLD SLIP CAPITAL MANAGEMENT, INC.",00813023,40 WALL STREET,28TH FLOOR,NEW YORK,NY,10005,Mercurius Associates LLP,A-94/8 Wazipur Industrial Area,New Deli,INDIA,110052,Certified Public Accountant not resident in United States or any of its possessions,12-31-2024,0000021180-25-000003,xml
36,0000021879,"COLONIAL SECURITIES, INC.",00817631,80 BOWERY,ROOM 603,NEW YORK,NY,10013-4689,"Wei Wei and Company, LLP",133-10 39th Ave,Flushing,NEW YORK,11354,Certified Public Accountant,12-31-2024,0000021879-25-000001,xml
37,0000022382,COMMERCE SECURITIES CORPORATION,00828228,710 NO. POST OAK RD.,SUITE 400,HOUSTON,TX,77024,,,,,,,,,paper
38,0000023478,"CONNERS & CO., INC.",00808228,5080 WOOSTER ROAD,SUITE 300,CINCINNATI,OH,45226,,,,,,,,,paper
39,0000024100,"TOUCHSTONE SECURITIES, INC.",00814052,303 BROADWAY,SUITE 1100,CINCINNATI,OH,45202,Ernst  Young,221 E 4th Street,Cincinnati,OHIO,45202,Certified Public Accountant,12-31-2024,0000024100-25-000005,xml
40,0000025176,COUNTRY CAPITAL MANAGEMENT COMPANY,00812645,P.O. BOX 2222,,BLOOMINGTON,IL,61702-2222,,,,,,,,,paper
41,0000025551,"AAG CAPITAL, INC.",00812911,2211 ASHLEY OAKS CIRCLE,,WESLEY CHAPEL,FL,33544,Nawrocki Smith LLP,100 Motor Parkway,Hauppauge,NEW YORK,11788,Certified Public Accountant,03-31-2025,0002013816-25-000087,xml
42,0000026215,CAVU SECURITIES LLC,00818428,777 THIRD AVENUE,SUITE 2102,NEW YORK,NY,10017,,,,,,,,,paper
43,0000026617,DAIWA CAPITAL MARKETS AMERICA INC.,00812242,"1251 AVENUE OF THE AMERICAS, 49TH FL",32 OLD SLIP,NEW YORK,NY,10020,KPMG LLP,345 Park Avenue,New York,NEW YORK,10154,Certified Public Accountant,03-31-2025,0000026617-25-000003,xml
44,0000026952,DARWOOD ASSOCIATES INCORPORATED,00816560,284 U.S. HIGHWAY 206,UNIT D3,HILLSBOROUGH,NJ,08844,RW Group LLC.,114 Cambridge Road,Landenberg,PENNSYLVANIA,19350-0114,Certified Public Accountant,12-31-2024,0000026952-25-000002,xml
45,0000027135,DAVENPORT & Co LLC,00817103,P.O. BOX 85678,,RICHMOND,VA,23285-5678,Crowe LLP,"485 Lexington Ave., Floor 11",New York,NEW YORK,10017,Certified Public Accountant,12-31-2024,0000027135-25-000003,xml
46,0000027148,"SHARE FINANCIAL SERVICES, INC.",00816207,16475 NORTH DALLAS PARKWAY,SUITE 345,ADDISON,TX,75001,,,,,,,,,paper
47,0000027182,D.A. DAVIDSON & CO.,00802399,P.O. BOX 5015,,GREAT FALLS,MT,59403-5015,Crowe LLP,"485 Lexington Avenue, Floor 11",New York,NEW YORK,10017,Certified Public Accountant,09-30-2024,0000027182-24-000030,xml
48,0000028088,H. C. DENISON CO.,00800044,P.O. BOX 28,,SHEBOYGAN,WI,53082-0028,,,,,,,,,paper
49,0000028471,DEVELOPMENT CORPORATION FOR ISRAEL,00804218,P.O. BOX 5263,SUITE # 600,NEW YORK,NY,10150,,,,,,,,,paper
50,0000029476,"DOFT & CO., INC.",00810048,55 EAST 59TH STREET,12TH FLOOR,NEW YORK,NY,10022,,,,,,,,,paper
51,0000029648,PERSHING LLC,00817574,ONE PERSHING PLAZA,10TH FLOOR,JERSEY CITY,NJ,07399,KPMG,345 Park Ave,New York,NEW YORK,10154-0102,Certified Public Accountant,12-31-2024,0000029648-25-000010,xml
52,0000029780,"DORN & CO., INC.",00808707,216 EAST WASHINGTON AVENUE,,FERGUS FALLS,MN,56537-2812,"Breard  Associates, Inc.","9221 Corbin Avenue, Suite 170",Northridge,CALIFORNIA,91324,Certified Public Accountant,12-31-2015,0000029780-16-000004,xml
53,0000030568,"DUPREE & COMPANY, INC.",00810938,P. O. BOX 1149,,LEXINGTON,KY,40588-1149,,,,,,,,,paper
54,0000033179,"EQUITABLE ADVISORS, LLC",00817883,1345 AVENUE OF THE AMERICAS,3RD FLOOR,NEW YORK,NY,10105,PricewaterhouseCoopers LLP,300 Madison Avenue,New York,NEW YORK,10017,Certified Public Accountant,12-31-2024,0000033179-25-000004,xml
55,0000033246,"TRUIST SECURITIES, INC.",00817212,740 BATTERY AVE,"ATLANTA FINANCIAL CENTER, SOUTH TOWER, 9",ATLANTA,GA,30339,"PricewaterhouseCoopers, LLP",1075 Peachtree St NE,Atlanta,GEORGIA,30309,Certified Public Accountant,12-31-2024,0000033246-25-000003,xml
56,0000033350,"EQUITY SERVICES, INC.",00814286,ONE NATIONAL LIFE DRIVE,,MONTPELIER,VT,05604,"PricewaterhouseCoopers, LLP",101 Seaport Boulevard,Boston,MASSACHUSETTS,02210,Certified Public Accountant,12-31-2024,0000033350-25-000001,xml
57,0000033639,ACCRUED EQUITIES INC.,00817356,150 BROADHOLLOW RD,SUITE PH 02,MELVILLE,NY,11747,NawrockiSmith LLP,100 Motor Parkway,Hauppauge,NEW YORK,11788,Certified Public Accountant,12-31-2024,0000033639-25-000001,xml
58,0000033738,CREDIT AGRICOLE SECURITIES (USA) INC.,00813753,1301 AVENUE OF THE AMERICAS - 9TH FLOOR,,NEW YORK,NY,10019,"Forvis Mazars, LLP",135 West 50th Street,New York,NEW YORK,10020,Certified Public Accountant,12-31-2024,0000033738-25-000002,xml
59,0000034422,"SOVEREIGN LEGACY SECURITIES, INC.",00800621,P.O. BOX 2299,,SOUTHERN PINES,NC,28388,,,,,,,,,paper
60,0000034985,FEDERATED SECURITIES CORP.,00815561,1001 LIBERTY AVENUE,1001 LIBERTY AVENUE,PITTSBURGH,PA,15222-3779,Ernst  Young LLP,One Manhattan West,New York,NEW YORK,10001,Certified Public Accountant,12-31-2024,0000034985-25-000007,xml
61,0000034986,"FEDERATED SECURITIES, INC.",00815644,P.O. BOX 2679,,HUNTINGTON STATION,NY,11746-0531,,,,,,,,,paper
62,0000035606,"GIRARD INVESTMENT SERVICES, LLC",00814145,41 WEST BROAD STREET,ATTN: ANNETTE KNIBBS,SOUDERTON,PA,18964,,,,,,,,,paper
63,0000036349,"FIRST GEORGETOWN SECURITIES, INC.",00818390,1700 DIAGONAL RD.,# 200,ALEXANDRIA,VA,22314,,,,,,,,,paper
64,0000036503,FIRST MANHATTAN SECURITIES LLC,00810438,399 PARK AVENUE,,NEW YORK,NY,10022,,,,,,,,,paper
65,0000036520,"FMSBONDS, INC.",00823280,4775 TECHNOLOGY WAY,SUITE 1100/2100,BOCA RATON,FL,33431,"KAUFMAN ROSSIN  CO, PA",3310 Mary St.,Miami,FLORIDA,33133,Certified Public Accountant,06-30-2025,0000036520-25-000004,xml
66,0000036882,"CABRERA CAPITAL MARKETS, LLC",00826406,227 W. MONROE ST.,SUITE 3000,CHICAGO,IL,60606,"FGMK, LLC","333 Wacker Drive, 6th Floor",Chicago,ILLINOIS,60606,Certified Public Accountant,12-31-2024,0000036882-25-000002,xml
67,0000037846,FOLGER NOLAN FLEMING DOUGLAS INCORPORATED,00803335,725 15TH STREET N.W.,,WASHINGTON,DC,20005-2109,,,,,,,,,paper
68,0000038679,"STUART FRANKEL & CO., Inc",00817419,60 CUTTER MILL ROAD,SUITE 210,GREAT NECK,NY,11021,"Michael Coglianese CPA, P.C","125 E. Lake Street, Suite 303",Bloomingdale,ILLINOIS,60108,Certified Public Accountant,09-30-2024,0000038679-24-000006,xml
69,0000039059,TD PRIME SERVICES LLC,00803337,ONE VANDERBILT AVENUE,24TH FLOOR,NEW YORK,NY,10017,Ernst  Young LLP,One Manhattan West,New York,NEW YORK,10001,Certified Public Accountant,10-31-2024,0000039059-24-000011,xml
70,0000040055,"GARRETT NAGLE & CO., INC.",00820369,300 UNICORN PARK DRIVE,,WOBURN,MA,01801,,,,,,,,,paper
71,0000042352,GOLDMAN SACHS & CO. LLC,00800129,111 SOUTH MAIN STREET,27TH FLOOR,SALT LAKE CITY,UT,84111,PricewaterhouseCoopers LLP,300 Madison Avenue,New York,NEW YORK,10017,Certified Public Accountant,12-31-2024,0000042352-25-000006,xml
72,0000042431,"GOLF HOST SECURITIES, INC.",00818181,36750 US HWY 19 N.,,PALM HARBOR,FL,34684,None,36750 US Hwy 19 N,Palm Harbor,FLORIDA,34684,Certified Public Accountant,12-31-2023,0000042431-24-000002,xml
73,0000044305,"CAPITAL HILL GROUP, INC.",00826145,43 RAINEY STREET,# 3201,AUSTIN,TX,78701,Jennifer Wray CPA {LLC,"800 Bonaverture Wray, Suite 168",Sugarland,TEXAS,77479,Certified Public Accountant,12-31-2024,0000044305-25-000003,xml
74,0000045726,HARRIS ASSOCIATES SECURITIES L.P.,00819988,111 S. WACKER DRIVE,SUITE 4600,CHICAGO,IL,60606,,,,,,,,,paper
75,0000045926,"HARTFIELD, TITUS & DONNELLY, LLC",00818974,111 TOWN SQUARE PLACE,,JERSEY CITY,NJ,07310,,,,,,,,,paper
76,0000046194,"EMPIRE STATE FINANCIAL, INC.",00816309,20 W. PARK AVE.,SUITE 207,LONG BEACH,NY,11561,Berkower LLC,517 Route 1,Iselin,NEW JERSEY,08830,Certified Public Accountant,12-31-2024,0000046194-25-000003,xml
77,0000046374,"HAZARD & SIEGEL, INC.",00813942,PO BOX 157,SUITE 110,SYRACUSE,NY,13214,EVANS AND BENNETT LLP,373 SPENCER STREET SUITE 101,SYRACUSE,NEW YORK,13204,Certified Public Accountant,12-31-2024,0000046374-25-000001,xml
78,0000046392,"HAZLETT, BURT & WATSON, INC.",00817737,1300 CHAPLINE STREET,,WHEELING,WV,26003,,,,,,,,,paper
79,0000046902,"CARL M. HENNIG, INC.",00814509,206 NORTH MAIN STREET,,OSHKOSH,WI,54901,"Tuttle  Bond, PLLC",2954 Goehmann Lane,Fredricksburg,TEXAS,78624,Certified Public Accountant,09-30-2024,0000046902-25-000009,xml
80,0000048532,"INSIGHT SECURITIES, INC.",00816247,600 CENTRAL AVE,SUITE 293,HIGHLAND PARK,IL,60035,Phillip V. George,5179 CR 1026,Celeste,TEXAS,75423,Certified Public Accountant,06-30-2025,0000048532-25-000003,xml
81,0000049303,"HUNTINGTON SECURITIES, INC.",00805761,41 SOUTH HIGH ST,,COLUMBUS,OH,43287,PricewaterhouseCoopers LLP,One North Wacker Drive,Chicago,ILLINOIS,60606,Certified Public Accountant,12-31-2024,0000049303-25-000005,xml
82,0000049589,"N.I.S. FINANCIAL SERVICES, INC.",00815919,P. O. BOX 219103,,KANSAS CITY,MO,64121-9103,,,,,,,,,paper
83,0000049709,"AMERIPRISE FINANCIAL SERVICES, LLC",00816791,5221 AMERIPRISE FINANCIAL CENTER,,MINNEAPOLIS,MN,55474,PricewaterhouseCoopers LLP,One North Wacker Dr.,Chicago,ILLINOIS,60606,Certified Public Accountant,12-31-2024,0000049709-25-000002,xml
84,0000049762,VAN ECK SECURITIES CORPORATION,00804618,666 THIRD AVENUE,9TH FLOOR,NEW YORK,NY,10017-4033,PricewaterhouseCoopers LLP,300 Madison Avenue,New York,NEW YORK,10017,Certified Public Accountant,12-31-2024,0000049762-25-000003,xml
85,0000050481,"INGALLS & SNYDER, LLC",00801865,1 ROCKEFELLER PLAZA,7TH FLOOR,NEW YORK,NY,10020,,,,,,,,,paper
86,0000052021,"RAYMOND JAMES FINANCIAL SERVICES, INC.",00817983,880 CARILLON PARKWAY,,ST. PETERSBURG,FL,33716,KPMG,100 North Tampa Street,Tampa,FLORIDA,33602,Certified Public Accountant,09-30-2024,0000052021-24-000013,xml
87,0000053834,"JOE JOLLY & CO., INC.",00818805,P.O. BOX 8,,BIRMINGHAM,AL,35201-0008,Cropper Accountancy Corp.,"2700 Ygnacio Valley Rd., Ste 270",Walnut Creek,CALIFORNIA,94598,Certified Public Accountant,08-31-2025,0000053834-25-000007,xml
88,0000053855,JONESTRADING INSTITUTIONAL SERVICES LLC,00826089,555 SAINT CHARLES DRIVE,,THOUSAND OAKS,CA,91360,Ernst Wintter  Associates LLP,"675 Ygnacio Valley Road, Suite A200",Walnut Creek,CALIFORNIA,94956,Certified Public Accountant,12-31-2024,0000053855-25-000004,xml
89,0000053903,"EDWARD D. JONES & CO., L.P.",00800759,12555 MANCHESTER ROAD,,ST. LOUIS,MO,63131-3710,PricewaterhouseCoopers L.L.P.,6 Cardinal Way Suite 1100,St. Louis,MISSOURI,63102,Certified Public Accountant,12-31-2024,0000053903-25-000004,xml
90,0000054930,"KEEFE, BRUYETTE & WOODS, INC.",00810888,787 7TH AVENUE,4TH FLOOR,NEW YORK,NY,10019,Ernst  Young LLP,1828 Walnut Street,Kansas City,MISSOURI,64108,Certified Public Accountant,12-31-2024,0001193125-25-042195,xml
91,0000055798,"KIMELMAN & BAIRD, LLC",00813028,"800 THIRD AVENUE, SUITE 2300",,NEW YORK,NY,10022,"LMHS, PC",80 Washington Street,Norwell,MASSACHUSETTS,02061,Certified Public Accountant,12-31-2024,0000055798-25-000001,xml
92,0000055847,"C. L. KING & ASSOCIATES, INC.",00817025,NINE ELK STREET,,ALBANY,NY,12207,"ANCHIN, BLOCK  ANCHIN LLP",3 TIMES SQUARE,NEW YORK,NEW YORK,10036,Certified Public Accountant,12-31-2024,0000055847-25-000002,xml
93,0000056752,KRAMBO CORPORATION,00820957,120 EAST LIBERTY STREET,SUITE 270,ANN ARBOR,MI,48104,"MRPR Group, PC",28411 Northwestern Hwy,Southfield,MICHIGAN,48034,Certified Public Accountant,06-30-2025,0000056752-25-000001,xml
94,0000057052,"KUYKENDALL & SCHNEIDER, INC.",00817609,8009 GENOA AVENUE,,LUBBOCK,TX,79424,,,,,,,,,paper
95,0000057106,"SOMERSET SECURITIES, INC.",00811539,4600 S KELLY AVE,SUITE 4880,PORTLAND,OR,97239,"Ohab  Company, PA","100 E. Sybelia Ave, Ste 130",Maitland,FLORIDA,32751,Certified Public Accountant,12-31-2024,0000057106-25-000001,xml
96,0000057210,LADENBURG THALMANN & CO. INC.,00817230,640 5TH AVENUE,4TH FLOOR,NEW YORK,NY,10019,Deloitte  Touche LLP,100 South Mill Avenue,Tempe,ARIZONA,85281,Certified Public Accountant,12-31-2024,0000057210-25-000003,xml
97,0000058056,DEUTSCHE BANK SECURITIES INC.,00817822,1 COLUMBUS CIRCLE,NYC60-3712,NEW YORK,NY,10019,Ernst  Young LLP,One Manhattan West,New York,NEW YORK,10001,Certified Public Accountant,12-31-2024,0000058056-25-000007,xml
98,0000058124,LAZARD FRERES & CO. LLC,00802595,30 ROCKEFELLER PLAZA,,NEW YORK,NY,10020-5900,Deloitte  Touche,30 Rockefeller Plaza,New York,NEW YORK,10112,Certified Public Accountant,12-31-2024,0001628280-25-007910,xml
99,0000058290,"M. H. LEBLANG, INC.",00812730,EVERSPIRE PLAZA,"6900 S. 900 E., SUITE 200",MIDVALE,UT,84047,,,,,,,,,paper
100,0000058798,"DAVID LERNER ASSOCIATES, INC.",00820746,477 JERICHO TPKE,P.O.BOX 9006,SYOSSET,NY,11791-9006,,,,,,,,,paper
101,0000058833,"W&S BROKERAGE SERVICES, INC.",00824674,400 BROADWAY,MS-03,CINCINNATI,OH,45202,Ernst  Young,221 E 4th Street,Cincinnati,OHIO,45202,Certified Public Accountant,12-31-2024,0000024100-25-000006,xml
102,0000059546,"LINCOLN INVESTMENT PLANNING, LLC",00814354,601 OFFICE CENTER DRIVE,SUITE 150-MAILROOM,FORT WASHINGTON,PA,19034,"Mitchell  Titus, LLP",2000 Market Street,Philadelphia,PENNSYLVANIA,19103,Certified Public Accountant,12-31-2024,0000059546-25-000004,xml
103,0000060364,LORD ABBETT DISTRIBUTOR LLC,00800216,30 HUDSON STREET,,JERSEY CITY,NJ,07302-4804,ERNST  YOUNG LLP,ONE MANHATTEN WEST,New York,NEW YORK,10001-8604,Certified Public Accountant,09-30-2025,0000060364-25-000007,xml
104,0000061369,BERNARD L. MADOFF INVESTMENT SECURITIES LLC,00808132,885 THIRD AVENUE,,NEW YORK,NY,10022,,,,,,,,,paper
105,0000061916,JOHN HANCOCK DISTRIBUTORS LLC,00815826,200 BERKELEY STREET,,BOSTON,MA,02116,Ernst  Young LLP,200 Clarendon Street,Boston,MASSACHUSETTS,02116,Certified Public Accountant,12-31-2024,0000061916-25-000004,xml
106,0000062011,"HORACE MANN INVESTORS, INC.",00806082,ONE HORACE MANN PLAZA,,SPRINGFIELD,IL,62715-0001,"Citrin Cooperman  Company, LLP","180 Park Avenue, Suite 200",Florham Park,NEW JERSEY,07932,Certified Public Accountant,12-31-2024,0000062011-25-000003,xml
107,0000063520,"MAYHILL AGENCY, LLC",00816774,44 CHURCH STREET,,LITTLE SILVER,NJ,07739,,,,,,,,,paper
108,0000063598,FELTL & COMPANY,00818435,ONE CARLSON PARKWAY NORTH,SUITE 225,PLYMOUTH,MN,55447,,,,,,,,,paper
109,0000064241,SCOTIA CAPITAL (USA) INC.,00803716,250 VESEY STREET,165 BROADWAY,NEW YORK,NY,10281,KPMG LLP,345 Park Ave,New York,NEW YORK,10154,Certified Public Accountant,10-31-2024,0000064241-24-000019,xml
110,0000065073,TP ICAP GLOBAL MARKETS AMERICAS LLC,00812726,200 VESEY STREET,6TH FLOOR,NEW YORK,NY,10285,Deloitte  Touche LLP,30 Rockefeller Plaza,New York,NEW YORK,10112-0015,Certified Public Accountant,12-31-2019,0000065073-20-000002,xml
111,0000065106,"MERRILL LYNCH, PIERCE, FENNER & SMITH INCORPORATED",00807221,150 N COLLEGE ST,NC1-028-28-04,CHARLOTTE,NC,28255,"PricewaterhouseCoopers, LLP",300 Madison Ave,New York,NEW YORK,10024,Certified Public Accountant,12-31-2024,0000065106-25-000007,xml
112,0000067037,UBS ASSET MANAGEMENT (US) INC.,00821901,787 7TH AVENUE,12TH FLOOR,NEW YORK,NY,10019,Ernst  Young LLP,One Manhattan West,New York,NEW YORK,10001,Certified Public Accountant,12-31-2024,0000067037-25-000004,xml
113,0000067678,"MONROE FINANCIAL PARTNERS, INC.",00814045,"500 W. MADISON, SUITE 450",2ND FLOOR,CHICAGO,IL,60661,Flaherty Salmin,2300 Buffalo Rd.,Rochester,NEW YORK,14624,Certified Public Accountant,12-31-2024,0000067678-25-000003,xml
114,0000068136,MORGAN STANLEY & CO. LLC,00815869,1300 THAMES STREET,C/O SHARED SERVICES COMPLIANCE - REGISTR,BALTIMORE,MD,21231,Deloitte  Touche LLP,30 Rockefeller Plaza,New York,NEW YORK,10112-0015,Certified Public Accountant,12-31-2024,0001193125-25-036839,xml
115,0000069596,"ALLIANZ LIFE FINANCIAL SERVICES, LLC",00813630,P O BOX 1117,,MINNEAPOLIS,MN,55440-1117,,,,,,,,,paper
116,0000071002,"MARTIN NELSON & CO., INC.",00800831,1500 WESTLAKE AVE N. STE 200,SUITE 1335,SEATTLE,WA,98109-3031,,,,,,,,,paper
117,0000071088,"NESTLERODE & LOY, INC.",00812629,P.O. BOX 343,,STATE COLLEGE,PA,16804-0343,,,,,,,,,paper
118,0000071110,NEUBERGER BERMAN BD LLC,00801068,1290 AVENUE OF THE AMERICAS,,NEW YORK,NY,10104,KPMG,345 Park Avenue,New York,NEW YORK,10154,Certified Public Accountant,12-31-2024,0000071110-25-000001,xml
119,0000071260,ROTHSCHILD & CO US INC.,00813852,1251 AVENUE OF THE AMERICAS,,NEW YORK,NY,10020,KPMG LLP,345 Park Ave,New York,NEW YORK,10154,Certified Public Accountant,12-31-2024,0000071260-25-000005,xml
120,0000071637,NYLIFE SECURITIES LLC,00815517,51 MADISON AVENUE,ROOM 713,NEW YORK,NY,10010,PricewaterhouseCoopers LLP,300 Madison Avenue,New York,NEW YORK,10017,Certified Public Accountant,12-31-2024,0000071637-25-000001,xml
121,0000072174,"NORTHWESTERN MUTUAL INVESTMENT SERVICES, LLC",00814088,720 EAST WISCONSIN AVENUE,,MILWAUKEE,WI,53202-4797,"PriceWaterhouseCoopers, LLP",One North Wacker,Chicago,ILLINOIS,60606,Certified Public Accountant,12-31-2024,0000072174-25-000002,xml
122,0000072267,"NOMURA SECURITIES INTERNATIONAL, INC.",00815255,"WORLDWIDE PLAZA, 309 WEST 49TH STREET",,NEW YORK,NY,10019,Ernst  Young LLP,1 Manhattan West,New York,NEW YORK,10001,Certified Public Accountant,03-31-2025,0000072267-25-000005,xml
123,0000073217,"SANCTUARY SECURITIES, INC.",00822752,1450 BRICKELL AVENUE,SUITE 2610,MIAMI,FL,33131,,,,,,,,,paper
124,0000073387,"NUVEEN SECURITIES, LLC",00813464,333 WEST WACKER DRIVE,,CHICAGO,IL,60606-1286,PricewaterhouseCoopers LLP,76 Laura Street,Jacksonville,FLORIDA,32202,Certified Public Accountant,12-31-2024,0000073387-25-000001,xml
125,0000073520,"VOYA FINANCIAL ADVISORS, INC.",00813987,ONE ORANGE WAY,SUITE 1000,WINDSOR,CT,06095,,,,,,,,,paper
126,0000073956,"FIFTH THIRD SECURITIES, INC.",00802428,38 FOUNTAIN SQUARE PLAZA,MD 1090AM,CINCINNATI,OH,45263,"Deloitte  Touche, LLP",50 W 5th Street,Cincinnati,OHIO,45202,Certified Public Accountant,12-31-2024,0000073956-25-000005,xml
127,0000073979,THE O.N. EQUITY SALES COMPANY,00814161,P.O. BOX 371,,CINCINNATI,OH,45201-0371,,,,,,,,,paper
128,0000074597,O'NEIL SECURITIES INCORPORATED,00811763,"211 CONGRESS STREET, 5TH FLOOR",SUITE B,BOSTON,MA,02110,,,,,,,,,paper
129,0000074654,CIBC WORLD MARKETS CORP.,00818333,300 MADISON AVENUE,SIXTH FLOOR,NEW YORK,NY,10017,Ernst  Young,One Manhattan West,New York,NEW YORK,10001,Certified Public Accountant,10-31-2024,0000074654-24-000018,xml
130,0000075120,"O'TOOLE, HENRY J.",00815522,14-30 COLLEGE POINT BLVD,,COLLEGE POINT,NY,11356,,,,,,,,,paper
131,0000075473,"PACIFIC SELECT DISTRIBUTORS, LLC",00815264,700 NEWPORT CENTER DRIVE,,NEWPORT BEACH,CA,92660-6397,Deloitte  Touche LLP,695 Town Center Drive,Costa Mesa,CALIFORNIA,92626-7188,Certified Public Accountant,12-31-2024,0000075473-25-000001,xml
132,0000076375,BILL PARKER AGENCY,00820744,PO BOX 201,,CARMICHAEL,CA,95609-0201,Cropper Accountancy Corporation,"2977 Ygnacio Valley Rd, PMB 460",Walnut Creek,CALIFORNIA,94598,Certified Public Accountant,12-31-2024,0000076375-25-000002,xml
133,0000076886,NATIONWIDE INVESTMENT SERVICES CORPORATION,00820254,ONE NATIONWIDE PLAZA,1-33-401,COLUMBUS,OH,43215,,,,,,,,,paper
134,0000076964,"AMERICAN TRUST INVESTMENT SERVICES, INC.",00814394,9040 TOWN CENTER PARKWAY,,LAKEWOOD RANCH,FL,34202,"Aprio, LLP","350 Fifth Avenue, suite 4320",New York,NEW YORK,10118,Certified Public Accountant,12-31-2024,0000076964-25-000006,xml
135,0000077131,"HORNOR, TOWNSEND & KENT, LLC",00814715,161 WASHINGTON STREET,STE C1C,CONSHOHOCKEN,PA,19428,PricewaterhouseCoopers LLP,Two Commerce Square,Philadelphia,PENNSYLVANIA,19103,Certified Public Accountant,12-31-2024,0000077131-25-000001,xml
136,0000078027,"FBL MARKETING SERVICES, LLC",00815855,5400 UNIVERSITY AVENUE,,WEST DES MOINES,IA,50266,"Forvis Mazars, LLP","1201 Walnut Street, Suite 1700",Kansas City,MISSOURI,64106,Certified Public Accountant,12-31-2024,0000078027-25-000001,xml
137,0000078272,VP DISTRIBUTORS LLC,00814100,ONE FINANCIAL PLAZA,4TH FLOOR,HARTFORD,CT,06103,"PricewaterhouseCoopers, LLP",185 Asylum Street,Hartford,CONNECTICUT,06103,Certified Public Accountant,12-31-2015,0000078272-16-000004,xml
138,0000078981,"PLANNED FINANCIAL PROGRAMS, INC.",00805727,734 WALT WHITMAN ROAD,,MELVILLE,NY,11747-2216,Jennifer Wray CPA  LLC,800 Bonaventure Way,Sugar Land,TEXAS,77479,Certified Public Accountant,12-31-2024,0000078981-25-000001,xml
139,0000079145,"AMERICAN CENTURY INVESTMENT SERVICES, INC.",00835220,P.O. BOX 410141,,KANSAS CITY,MO,64141-0141,"Forvis Mazars, LLP","1201 Walnut Street, Suite 1700",Kansas City,MISSOURI,64106,Certified Public Accountant,12-31-2024,0000079145-25-000008,xml
140,0000080386,LPL FINANCIAL LLC,00817668,1055 LPL WAY,,FORT MILL,SC,29715,DELOITTE  TOUCHE LLP,12830 EL CAMINO REAL,SAN DIEGO,CALIFORNIA,92130,Certified Public Accountant,12-31-2024,0000080386-25-000003,xml
141,0000080887,"PRUCO SECURITIES, LLC.",00816402,751 BROAD STREET,,NEWARK,NJ,07102-3777,"PricewaterhouseCoopers, LLP",300 Madison Avenue,New York,NEW YORK,10017,Certified Public Accountant,12-31-2024,0000080887-25-000010,xml
142,0000081546,"QUINCY CASS ASSOCIATES, INCORPORATED",00805743,11111 SANTA MONICA BLVD.,SUITE 1650,LOS ANGELES,CA,90025,,,,,,,,,paper
143,0000081567,A.G. QUINTAL INVESTMENT COMPANY INC.,00811684,2177 ACUSHNET AVE.,,NEW BEDFORD,MA,02745-6316,,,,,,,,,paper
144,0000081909,"SAMUEL A. RAMIREZ & COMPANY, INC.",00819014,14 EAST 52ND STREET,,NEW YORK,NY,10022,Crowe LLP,"485 Lexington Ave, 11th fl",New York,NEW YORK,10017,Certified Public Accountant,09-30-2024,0000081909-24-000006,xml
145,0000082282,AON SECURITIES LLC,00814953,200 EAST RANDOLPH STREET,11TH FLOOR,CHICAGO,IL,60601,,,,,,,,,paper
146,0000083809,"VANDERBILT SECURITIES, LLC",00816712,125 FROEHLICH FARM BLVD.,,WOODBURY,NY,11797,,,,,,,,,paper
147,0000084935,"ROOSEVELT & CROSS, INCORPORATED",00819363,"55 BROADWAY, 22ND FL","55 BROADWAY, 22ND FL",NEW YORK,NY,10006,"Withum Smith  Brown, PC",1411 Broadway,New York,NEW YORK,10018-3496,Certified Public Accountant,12-31-2024,0000084935-25-000002,xml
148,0000084940,"HORANG SECURITIES, LLC",00816608,27 W 72ND ST,#810,NEW YORK,NY,10023,Rubio CPA PC,"3500 Lenox Rd., NE, Suite 1500",Atlanta,GEORGIA,30326,Certified Public Accountant,12-31-2024,0000084940-25-000003,xml
149,0000085338,ROTHSCHILD INVESTMENT LLC,00816429,311 S. WACKER DRIVE,SUITE 5900,CHICAGO,IL,60606-6618,Wipfli LLP,1 North Wacker Driver,Chicago,ILLINOIS,60606,Certified Public Accountant,12-31-2023,0000085338-24-000003,xml
150,0000085816,"RUSSELL INVESTMENTS IMPLEMENTATION SERVICES, LLC",00800220,"401 UNION ST, 18TH FLOOR",,SEATTLE,WA,98101,RSM,"30 South Wacker Drive, Ste 3300",Chicago,ILLINOIS,60606,Certified Public Accountant,12-31-2024,0000085816-25-000003,xml
151,0000086110,"SYMETRA SECURITIES, INC.",00813470,"777 108TH AVE NE, SUITE 1200",,BELLEVUE,WA,98004-5135,"KPMG, LLP",401 Union Street Suite 2800,Seattle,WASHINGTON,98101,Certified Public Accountant,12-31-2024,0000086110-25-000004,xml
152,0000086172,"SAGE, RUTTY & CO., INC.",00800533,100 CORPORATE WOODS,SUITE 300,ROCHESTER,NY,14623,,,,,,,,,paper
153,0000087634,"CHARLES SCHWAB & CO., INC.",00816514,3000 SCHWAB WAY,SF211MN-08-330,WESTLAKE,TX,76262-8104,Deloitte  Touche LLP,1601 Wewatta Street,Denver,COLORADO,80203,Certified Public Accountant,12-31-2024,0000087634-25-000005,xml
154,0000088436,"SECURITIES MANAGEMENT AND RESEARCH, INC.",00812745,P.O. BOX 11606,,CEDAR RAPIDS,IA,52410-1606,Marcum LLP,Nine Parkway North Suite 200,Deerfield,ILLINOIS,60015,Certified Public Accountant,12-31-2024,0000088436-25-000001,xml
155,0000089009,"SENTRY EQUITY SERVICES, INC.",00815078,1800 NORTH POINT DRIVE,,STEVENS POINT,WI,54481,Deloitte  Touche LLP,111 S. Wacker Drive,Chicago,ILLINOIS,60606,Certified Public Accountant,12-31-2024,0000089009-25-000002,xml
156,0000090087,"MURIEL SIEBERT & CO., LLC",00814900,653 COLLINS AVENUE,25TH FLOOR,MIAMI BEACH,FL,33139,EisnerAmper LLP,750 Third Avenue,New York,NEW YORK,10017,Certified Public Accountant,12-31-2016,0000090087-17-000006,xml
157,0000090108,"RICHARDS, MERRILL & PETERSON, INC.",00800071,612 WEST MAIN STREET,THE M BUILDING SUITE 201,SPOKANE,WA,99201,Moss Adams,601 West Riverside Ave Suite 1800,Spokane,WASHINGTON,99201,Certified Public Accountant,12-31-2024,0000090108-25-000003,xml
158,0000090608,"HERBERT J. SIMS & CO, INC.",00803315,2150 POST ROAD,SUITE 301,FAIRFIELD,CT,06824,"APRIO, LLP","350 Fifth Avenue, Suite 3920",New York,NEW YORK,10018,Certified Public Accountant,12-31-2024,0000090608-25-000007,xml
159,0000091154,CITIGROUP GLOBAL MARKETS INC.,00808177,REGISTRATION DEPARTMENT,540 CROSSPOINT PARKWAY,GETZVILLE,NY,14068,,,,,,,,,paper
160,0000091961,"ICON CAPITAL GROUP, LLC",00818148,5 UPPER NEWPORT PLAZA,SUITE 200,NEWPORT BEACH,CA,92660,,,,,,,,,paper
161,0000092407,KINETICS FUNDS DISTRIBUTOR LLC,00813923,470 PARK AVENUE SOUTH,8TH FLOOR,NEW YORK,NY,10016,,,,,,,,,paper
162,0000094074,STEPHENS INC.,00801927,111 CENTER STREET,,LITTLE ROCK,AR,72201-3507,Deloitte  Touche LLP,100 S. 4th Street,St. Louis,MISSOURI,63102,Certified Public Accountant,12-31-2024,0000757657-25-000006,xml
163,0000094145,"STERLING, GRACE MUNICIPAL SECURITIES CORPORATION",00820003,100 SUMMERHILL ROAD,,SPOTSWOOD,NJ,08884,,,,,,,,,paper
164,0000094403,"STIFEL, NICOLAUS & COMPANY, INCORPORATED",00801447,501 NORTH BROADWAY,,ST. LOUIS,MO,63102,Ernst  Young LLP,1828 Walnut Street,Kansas,MISSOURI,64108,Certified Public Accountant,12-31-2024,0001193125-25-042274,xml
165,0000094645,"STONEGATE CAPITAL MARKETS, INC.",00817359,500 CRESCENT COURT,SUITE 370,DALLAS,TX,75201,"McBee  Co., PC",718 Paulus Avenue,Dallas,TEXAS,75214,Certified Public Accountant,12-31-2024,0000094645-25-000001,xml
166,0000094703,"LASALLE ST SECURITIES, L.L.C.",00818860,940 N. INDUSTRIAL DR.,,ELMHURST,IL,60126-1131,"Michael Coglianese CPA, P.C.",125 E. Lake St. Suite 303,Bloomingdale,ILLINOIS,60108,Certified Public Accountant,12-31-2024,0000094703-25-000001,xml
167,0000094869,J. STREICHER & CO. L.L.C.,00804342,28 LIBERTY STREET 6TH FLOOR,55 BROADWAY SUITE 311,NEW YORK,NY,10005,,,,,,,,,paper
168,0000095453,"SUNSET FINANCIAL SERVICES, INC.",00814148,P.O. BOX 219365,,KANSAS CITY,MO,64121-9365,,,,,,,,,paper
169,0000096600,"FUNDS DISTRIBUTOR, LLC",00820518,190 MIDDLE STREET,SUITE 301,PORTLAND,ME,04101,,,,,,,,,paper
170,0000099547,U. S. BOSTON CAPITAL CORPORATION,00815885,55 OLD BEDFORD ROAD,SUITE 202,LINCOLN,MA,01773,,,,,,,,,paper
171,0000099947,"TRUBEE WEALTH ADVISORS, INC.",00802142,600 AIRBORNE PKWY SUITE #120,,BUFFALO,NY,14225,,,,,,,,,paper
172,0000100505,"U.S. SECURITIES, INTL. CORP.",00818118,120 BROADWAY,,NEW YORK,NY,10271,"WWC, P.C.",2010 Pioneer Court,San Mateo,CALIFORNIA,94403,Certified Public Accountant,09-30-2024,0000100505-25-000001,xml
173,0000101510,"FIRST COMMAND BROKERAGE SERVICES, INC.",00807072,P.O. BOX 2387,,FORT WORTH,TX,76113,"Weaver and Tidwell, LLP",2821 West Seventh Street,Fort Worth,TEXAS,76107,Certified Public Accountant,09-30-2024,0000101510-24-000015,xml
174,0000102780,VAN CLEMENS & CO. INCORPORATED,00818414,900 SECOND AVE S,SUITE 1500,MINNEAPOLIS,MN,55402,"DeMarco Sciaccotta Wilkens  Dunleavy, LLP",20646 Abbey Woods Ct North,Frankfort,ILLINOIS,60423,Certified Public Accountant,12-31-2024,0000102780-25-000006,xml
175,0000102786,"INVESCO CAPITAL MARKETS, INC.",00819412,11 GREENWAY PLAZA,SUITE 1000,HOUSTON,TX,77046,PricewaterhouseCoopers LLP,214 N. Tryon St. #4200,Charlotte,NORTH CAROLINA,28202,Certified Public Accountant,12-31-2024,0000102786-25-000002,xml
176,0000103623,OPPENHEIMER & CO. INC.,00804077,85 BROAD STREET,22ND FLOOR,NY,NY,10004,Deloitte  Touche LLP,30 Rockefeller Plaza,New York,NEW YORK,10112,Certified Public Accountant,12-31-2024,0000103623-25-000004,xml
177,0000104021,"WACHTEL & CO., INC.",00811345,"1701  K  STREET, NW     SUITE 615",,WASHINGTON,DC,20006,,,,,,,,,paper
178,0000105264,WEDBUSH SECURITIES INC.,00812987,1000 WILSHIRE BLVD. SUITE 900,ATTN: COMPLIANCE,LOS ANGELES,CA,90017-2457,Ernst  Young LLP,725 South Figueroa Street,Los Angeles,CALIFORNIA,90017,Certified Public Accountant,06-30-2025,0000105264-25-000013,xml
179,0000105464,"BOSTON PARTNERS SECURITIES, L.L.C.",00815648,ONE BEACON STREET- 30TH FLOOR,60 E 42ND ST - SUITE 1550,BOSTON,MA,02108,,,,,,,,,paper
180,0000107136,&PARTNERS,00803774,40 BURTON HILLS BLVD.,SUITE 350,NASHVILLE,TN,37215,Anders Minkler Huber  Helm LLP,800 Market Street,Saint Louis,MISSOURI,63101,Certified Public Accountant,12-31-2024,0000107136-25-000005,xml
181,0000107238,SOUTHSTATE|DUNCANWILLIAMS SECURITIES CORP.,00818971,6750 POPLAR AVENUE,SUITE 300,MEMPHIS (SHELBY),TN,38138-7424,Ernst  Young LLP,1901 Sixth Ave,Birmingham,ALABAMA,35203,Certified Public Accountant,12-31-2024,0000107238-25-000002,xml
182,0000107476,"WILSON-DAVIS & CO., INC.",00814299,P.O. BOX 11587,,SALT LAKE CITY,UT,84147-0587,Haynie  Company,1785 West 2300 South,Salt Lake City,UTAH,84119,Certified Public Accountant,06-30-2025,0000107476-25-000013,xml
183,0000108144,"WOOD (ARTHUR W.) COMPANY, INC.",00803368,50 CONGRESS STREET STE 700,SUITE 300,BOSTON,MA,02109-4041,OHAB AND COMPANY PA,100 E SYBELIA AVE,MAITLAND,FLORIDA,32751,Certified Public Accountant,12-31-2023,0000108144-24-000006,xml
184,0000108634,"WULFF, HANSEN & CO.",00800292,"100 SMITH RANCH ROAD, SUITE 330",,SAN RAFAEL,CA,94903,Cropper Accountancy,"2700 Ygnacio Valley Rd, Suite 270",Walnut Creek,CALIFORNIA,94598,Certified Public Accountant,12-31-2023,0000108634-24-000003,xml
185,0000109309,B. C. ZIEGLER AND COMPANY,00800094,"ONE NORTH WACKER DRIVE, SUITE 2000",,CHICAGO,IL,60606,,,,,,,,,paper
186,0000110084,"L. S. Y., INC.",00817613,P. O. BOX 1307,,SAN RAMON,CA,94583,,,,,,,,,paper
187,0000200022,"CAPITAL CLIENT GROUP, INC.",00817168,333 S. HOPE ST. 55TH FL.,,LOS ANGELES,CA,90071,Deloitte  Touche LLP,695 Town Center Drive,Costa Mesa,CALIFORNIA,92626,Certified Public Accountant,06-30-2024,0000200022-24-000006,xml
188,0000200194,HAROLD W. DANCE INC.,00812160,72 E CENTER STREET,,LOGAN,UT,84321,Mercurius  Associates LLP,"A-94/8, Wazirpur Industrial Area, Main R",New Delhi,INDIA,110052,Certified Public Accountant not resident in United States or any of its possessions,12-31-2024,0000200194-25-000001,xml
189,0000200357,"NATIONWIDE SECURITIES, LLC",00812500,ONE NATIONWIDE PLAZA,1-33-401,COLUMBUS,OH,43215,,,,,,,,,paper
190,0000200401,JANNEY MONTGOMERY SCOTT LLC,00800462,1717 ARCH STREET,,PHILADELPHIA,PA,19103,Grant Thornton LLP,171 N. Clark Street Suite 200,Chicago,ILLINOIS,60601,Certified Public Accountant,12-31-2024,0000200401-25-000005,xml
191,0000200403,JEFFERIES LLC,00815074,520 MADISON AVENUE,16TH FLOOR,NEW YORK,NY,10022,Deloitte  Touche LLP,30 Rockefeller Plaza,NEW YORK,NEW YORK,10112,Certified Public Accountant,11-30-2024,0000200403-25-000002,xml
192,0000200445,"MM GLOBAL SECURITIES, INC.",00811988,575 LEXINGTON AVENUE,FL 14,NEW YORK,NY,10022,,,,,,,,,paper
193,0000200565,UBS FINANCIAL SERVICES INC.,00816267,315 DEADERICK STREET,"3RD FL, COMPLIANCE DEPARTMENT",NASHVILLE,TN,37238,Ernst  Young LP,One Manhattan West,New York,NEW YORK,10001,Certified Public Accountant,12-31-2024,0000200565-25-000008,xml
194,0000200597,E. E. POWELL & COMPANY INC.,00808193,200 NORTHPOINTE CIRCLE,SUITE 304,SEVEN FIELDS,PA,16046,"Lally  Co., LLC.",5700 Corporate Drive,Pittsburgh,PENNSYLVANIA,15237,Certified Public Accountant,12-31-2024,0000200597-25-000001,xml
195,0000200648,ROMANO BROTHERS AND COMPANY,00814213,1560 SHERMAN AVENUE,SUITE 1300,EVANSTON,IL,60201,Ryan  Juraska LLP,141 W. Jackson Blvd. Suite 2250,Chicago,ILLINOIS,60604,Certified Public Accountant,12-31-2024,0000200648-25-000001,xml
196,0000200684,"SECURITY DISTRIBUTORS, LLC",00810781,ONE SECURITY BENEFIT PLACE,,TOPEKA,KS,66636,Ernst  Young,"1828 Walnut Street, Suite 04-100",Kansas City,MISSOURI,64108,Certified Public Accountant,12-31-2023,0000200684-24-000004,xml
197,0000200724,"SMITH, MOORE & CO.",00827480,"7777 BONHOMME AVE., SUITE 2400",,CLAYTON,MO,63105,"Holt  Patterson, LLC",260 Chesterfield Industrial Blvd,Chesterfield,MISSOURI,63005,Certified Public Accountant,12-31-2024,0000200724-25-000003,xml
198,0000200854,ZIV INVESTMENT COMPANY,00818119,141 W. JACKSON BLVD,SUITE # 2095,CHICAGO,IL,60604-2983,,,,,,,,,paper
199,0000201391,CASEY SECURITIES LLC,00821205,100 DRAKES LANDING ROAD,BUILDING 100A - 2ND FLOOR SUITE 210,GREENBRAE,CA,94904,Ryan  Juraska LLP,141 W Jackson Blvd.,Chicago,ILLINOIS,60604,Certified Public Accountant,12-31-2024,0000201391-25-000005,xml
200,0000201843,"FIRST TRYON SECURITIES, LLC",00821426,6101 CARNEGIE BLVD,#210,CHARLOTTE,NC,28209,GreerWalker LLP,227 West Trade Street,CHARLOTTE,NORTH CAROLINA,28202,Certified Public Accountant,12-31-2024,0000201843-25-000003,xml
201,0000201867,L. B. FISHER & COMPANY,00821023,16924 PRESTON BEND DRIVE,SUITE 3050,DALLAS,TX,75248,"MCBEE  CO., PC",718 PAULUS AVENUE,Dallas,TEXAS,75214,Certified Public Accountant,06-30-2025,0000201867-25-000001,xml
202,0000201906,"THE FRAZER LANIER COMPANY, INCORPORATED",00820267,P.O. BOX 5190,,MONTGOMERY,AL,36103,,,,,,,,,paper
203,0000201918,"G.RESEARCH, LLC",00821373,ONE CORPORATE CENTER,,RYE,NY,10580-1435,RSM US LLP,151 West 4nd Street,New York,NEW YORK,10036,Certified Public Accountant,12-31-2020,0000201918-21-000003,xml
204,0000203129,"GREGORY J. SCHWARTZ & CO., INC.",00820955,3707 W MAPLE RD,STE 201,BLOOMFIELD HILLS,MI,48301-3204,"DeMarco Sciaccotta Wilkens  Dunleavy, LLP",20646 Abbey Woods Ct. N,Frankfort,ILLINOIS,60423,Certified Public Accountant,12-31-2024,0000203129-25-000001,xml
205,0000203183,"SHEARMAN, RALSTON INC.",00821190,333 GREENWICH AVENUE,,GREENWICH,CT,06830,,,,,,,,,paper
206,0000203440,TRIAD SECURITIES CORP,00820930,111 BROADWAY 11TH FLOOR,,NEW YORK,NY,10006-9401,Adeptus Partners LLC,733 STATE RTE 35 N,Ocean,NEW JERSEY,07712,Certified Public Accountant,06-30-2025,0000203440-25-000006,xml
207,0000205021,"INVESCO DISTRIBUTORS, INC.",00821323,11 GREENWAY PLAZA,SUITE 1000,HOUSTON,TX,77046-1173,PricewaterhouseCoopers LLP,214 N. Tryon St. #4200,Charlotte,NORTH CAROLINA,28202,Certified Public Accountant,12-31-2024,0000205021-25-000003,xml
208,0000205307,CANACCORD GENUITY WEALTH MANAGEMENT (USA) INC.,00821025,PMB 2300,250 H STREET,BLAINE,WA,98230-4018,Ernst  Young LLP,"The Stack, 1133 Melville St Suite 1900","Vancouver,",CANADA (FEDERAL LEVEL),V6E 4E5,Certified Public Accountant not resident in United States or any of its possessions,03-31-2025,0000205307-25-000001,xml
209,0000205485,"ISAAK BOND INVESTMENTS, INC.",00821410,"3900 S WADSWORTH BLVD, STE 590",,LAKEWOOD,CO,80235-2224,"LMHS, P.C.","80 Washington Street, Building S",Norwell,MASSACHUSETTS,02061,Certified Public Accountant,12-31-2024,0000205485-25-000002,xml
210,0000205653,"MONNESS CRESPI HARDT & CO., INC.",00821380,767 THIRD AVENUE,,NEW YORK,NY,10017-2047,KATZ SAPPER MILLER LLP,488 MADSION AVENUE 18FL,NEW YORK,NEW YORK,10022,Certified Public Accountant,12-31-2024,0000205653-25-000001,xml
211,0000215360,"CAPITAL INSTITUTIONAL SERVICES, INC.",00822273,1700 PACIFIC AVE.,SUITE 1100,DALLAS,TX,75201,"Moss Adams, LLP",14555 Dallas Parkway Suite 300,Dallas,TEXAS,75254,Certified Public Accountant,12-31-2024,0000215360-25-000002,xml
212,0000215448,"CLARENDON INSURANCE AGENCY, INC.",00821590,230 3RD AVE,6TH FLOOR,WALTHAM,MA,02451,,,,,,,,,paper
213,0000215660,"PACTOLUS SECURITIES, LLC",00821979,8614 WESTWOOD CENTER DRIVE,SUITE 620,VIENNA,VA,22182,weaver and tidwell llp,"2821 west seventh street, suite 700",fort worth,TEXAS,76107,Certified Public Accountant,06-30-2025,0000215660-25-000002,xml
214,0000215674,COLLIERS SECURITIES LLC,00821937,90 SOUTH SEVENTH STREET,SUITE 4300,MINNEAPOLIS,MN,55402-4108,RSM US LLP,801 Nicollet Mall,Minneapolis,MINNESOTA,55402,Certified Public Accountant,12-31-2024,0000215674-25-000007,xml
215,0000216095,"REGAL SECURITIES, INC.",00821765,950 MILWAUKEE AVE.,SUITE 102,GLENVIEW,IL,60025-3766,"Prida, Guida  Perez, P.A.",2504 West Kathleen Street,Tampa,FLORIDA,33607,Certified Public Accountant,12-31-2024,0000216095-25-000002,xml
216,0000216351,HUNTLEIGH SECURITIES CORPORATION,00821893,7800 FORSYTH BLVD.,5TH FLOOR,ST. LOUIS,MO,63105,,,,,,,,,paper
217,0000217448,VANGUARD MARKETING CORPORATION,00821570,5951 LUCKETT COURT,SUITE A1,EL PASO,TX,79932-1882,PricewaterhouseCoopers LLP,2001 Market Street,Philadelphia,PENNSYLVANIA,19103,Certified Public Accountant,12-31-2024,0000217448-25-000003,xml
218,0000217550,"AMERICAN GLOBAL WEALTH MANAGEMENT, INC.",00821584,1600 PENNSYLVANIA AVE.,,MCDONOUGH,GA,30253,"Ohab and Company, PA",100 E Sybelia Ave,Maitland,FLORIDA,32751,Certified Public Accountant,09-30-2024,0000217550-25-000002,xml
219,0000225345,FIRST KENTUCKY SECURITIES CORPORATION,00822224,4360 BROWNSBORO ROAD,SUITE 300,LOUISVILLE,KY,40207,,,,,,,,,paper
220,0000225412,OSCAR GRUSS & SON INCORPORATED,00822371,10 EAST 53RD STREET,17TH FLOOR,NEW YORK,NY,10022,Adeptus Partners LLC,733 Route 35 North,Ocean,NEW JERSEY,07712,Certified Public Accountant,12-31-2024,0000225412-25-000001,xml
221,0000226001,"R.M. STARK & CO., INC.",00822543,730 S FEDERAL HWY,,LAKE WORTH BEACH,FL,33460-4955,Assurance Dimensions,3111 N University Drive,Coral Springs,FLORIDA,33065,Certified Public Accountant,09-30-2024,0000226001-24-000001,xml
222,0000230611,UBS SECURITIES LLC,00822651,1000 HARBOR BOULEVARD,10TH FLOOR,WEEHAWKEN,NJ,07086,Ernst  Young LLP,One Manhattan West,New York,NEW YORK,10001,Certified Public Accountant,12-31-2024,0000230611-25-000007,xml
223,0000275484,"INDEPENDENT FINANCIAL GROUP, LLC",00822870,12671 HIGH BLUFF DRIVE,SUITE 200,SAN DIEGO,CA,92130,"PKF San Diego, LLP",2020 Camino del Rio North,San Diego,CALIFORNIA,92108,Certified Public Accountant,12-31-2024,0000275484-25-000001,xml
224,0000276617,"MOORS & CABOT, INC.",00823060,ONE FEDERAL STREET,19TH FLOOR,BOSTON,MA,02110,,,,,,,,,paper
225,0000276683,UNICREDIT CAPITAL MARKETS LLC,00823081,150 EAST 42ND STREET,,NEW YORK,NY,10017-4679,Forvis Mazars LLP,135 West 50th Street,New York,NEW YORK,10020,Certified Public Accountant,12-31-2024,0000276683-25-000002,xml
226,0000276721,"KEEL POINT CAPITAL, LLC",00822990,100 CHURCH STREET,SUITE 500,HUNTSVILLE,AL,35801,Crowe LLP,485 Lexington Ave,New York,NEW YORK,10017,Certified Public Accountant,12-31-2024,0000276721-25-000001,xml
227,0000276931,KAHN BROTHERS LLC,00823135,555 MADISON AVENUE,SUITE 1303,NEW YORK,NY,10022-3301,,,,,,,,,paper
228,0000277453,"LBMZ SECURITIES, INC.",00823266,101 NORTH WACKER DRIVE,SUITE 1500,CHICAGO,IL,60606-1705,Michael Coglianese,125 E Lake Street,Bloomingdale,ILLINOIS,60108,Certified Public Accountant,11-30-2024,0000277453-25-000002,xml
229,0000277570,"ALLIANT SECURITIES, INC. TURNER, NORD, KIENBAUM",00823305,695 NORTH LEGACY RIDGE DRIVE SUITE 300,,LIBERTY LAKE,WA,99019,Moss Adams,601 W Riverside Ave Suite 1800,Spokane,WASHINGTON,99201,Certified Public Accountant,12-31-2024,0000277570-25-000001,xml
230,0000277871,BNY MELLON SECURITIES CORPORATION,00813801,240 GREENWICH STREET,9TH FLOOR,NEW YORK,NY,10286,KPMG LLP,345 Park Avenue,New York,NEW YORK,10154,Certified Public Accountant,12-31-2024,0000277871-25-000003,xml
231,0000277900,"CENTENNIAL SECURITIES COMPANY, INC.",00823406,3075 CHARLEVOIX DRIVE SE,,GRAND RAPIDS,MI,49546,,,,,,,,,paper
232,0000278082,FIDELITY BROKERAGE SERVICES LLC,00823292,TWO DESTINY WAY,MAIL ZONE: WG3D,WESTLAKE,TX,76262,PricewaterhouseCoopers LLP,300 Madison Avenue,New York,NEW YORK,10017,Certified Public Accountant,12-31-2024,0000278082-25-000002,xml
233,0000278306,"BENJAMIN SECURITIES, INC.",00823518,3 WEST GARDEN STREET,SUITE 407,PENSACOLA,FL,32502,"LMHS, P.C.",80 Washington Street,Norwell,MASSACHUSETTS,02061,Certified Public Accountant,06-30-2025,0000278306-25-000005,xml
234,0000278307,"THE BAKER GROUP, LP",00823684,1601 NW EXPRESSWAY,SUITE 2000,OKLAHOMA CITY,OK,73118-1426,,,,,,,,,paper
235,0000278331,APEX CLEARING CORPORATION,00823522,ONE DALLAS CENTER,"350 N. ST. PAUL, SUITE 1300",DALLAS,TX,75201,RSM US LLP,30 S. Wacker Dr,Chicago,ILLINOIS,60606,Certified Public Accountant,12-31-2024,0000278331-25-000004,xml
236,0000310260,"J. D. SEIBERT & COMPANY, INC.",00823604,20 WEST 9TH STREET,,CINCINNATI,OH,45202-2024,,,,,,,,,paper
237,0000310607,"INSTINET, LLC",00823669,"WORLDWIDE PLAZA,",309 WEST 49TH STREET,NEW YORK,NY,10019,Ernst  Young LLP,1 Manhattan West,New York,NEW YORK,10001,Certified Public Accountant,03-31-2025,0000310607-25-000013,xml
238,0000310695,"NORTHERN TRUST SECURITIES, INC.",00823689,333 S. WABASH AVENUE,,CHICAGO,IL,60604,,,,,,,,,paper
239,0000311800,"FIRST HONOLULU SECURITIES, INC.",00823919,3615 HARDING AVE,SUITE 207,HONOLULU,HI,96816,"Davila Advisory, LLC",10135 Manchester Rd. Suite 206,St. Louis,MISSOURI,63122,Certified Public Accountant,06-30-2025,0000311800-25-000002,xml
240,0000311887,"THE GMS GROUP, LLC",00823936,120 EAGLE ROCK AVE,SUITE 300,EAST HANOVER,NJ,07936,"Forvis Mazars, LLP",60 Crossway Park Drive West,Woodbury,NEW YORK,11797,Certified Public Accountant,12-31-2024,0000311887-25-000002,xml
241,0000312272,"COMMONWEALTH EQUITY SERVICES, LLC",00824040,29 SAWYER ROAD,ONE UNIVERSITY OFFICE PARK,WALTHAM,MA,02453-3483,RSM US LLP,80 City Square,Boston,MASSACHUSETTS,02129,Certified Public Accountant,12-31-2024,0000312272-25-000004,xml
242,0000312362,"SELKIRK INVESTMENTS, INC.",00824054,421 W RIVERSIDE,SUITE 1020 B,SPOKANE,WA,99201-0409,"Goldman  Company, CPA's",3535 Roswell Rd,Marietta,GEORGIA,30062,Certified Public Accountant,06-30-2025,0000312362-25-000004,xml
243,0000312603,"CREWS & ASSOCIATES, INC.",00824075,P.O. BOX 1696,,LITTLE ROCK,AR,72203-1696,"FROST, PLLC","425 WEST CAPITOL AVE, SUITE 3300",LITTLE ROCK,ARKANSAS,72201,Certified Public Accountant,12-31-2024,0000312603-25-000006,xml
244,0000312881,DONOVAN ELIZABETH M,00824095,400 E OHIO STREET,,CHICAGO,IL,60611,,,,,,,,,paper
245,0000312970,WESTMORELAND CAPITAL CORPORATION,00824116,1521 N. COOPER STREET,SUITE 400,ARLINGTON,TX,76011,"Sanville  Company, LLC",325 North Saint Paul St.,Dallas,TEXAS,75201,Certified Public Accountant,12-31-2024,0000312970-25-000002,xml
246,0000312983,"YORK SECURITIES, INC.",00824126,160 BROADWAY,,NEW YORK,NY,10038,Nawrocki Smith LLP,100 Motor Parkway,Hauppauge,NEW YORK,11788,Certified Public Accountant,06-30-2025,0002013816-25-000103,xml
247,0000313269,"J K R & COMPANY, INC.",00824191,7145 WOODLEY AVE,,VAN NUYS,CA,91406,,,,,,,,,paper
248,0000313374,"POPULAR SECURITIES, LLC",00824216,208 AVENUE PONCE DE LEON,POPULAR CENTER SUITE 1200,SAN JUAN,PR,00918-1035,PricewaterhouseCoopers LLP,304 Ponce de Leon Ave. Suite 800,SAN JUAN,PUERTO RICO,00918,Certified Public Accountant,12-31-2024,0000313374-25-000003,xml
249,0000313485,ROSENBLATT SECURITIES INC.,00824255,40 WALL STREET,59TH FLOOR,NEW YORK,NY,10005,,,,,,,,,paper
250,0000313800,"FRED ALGER & COMPANY, LLC",00815900,"100 PEARL STREET, 27TH FLOOR",600 PLAZA ONE,NEW YORK,NY,10004,Deloitte  Touche LLP,30 Rockefeller Plaza,New York,NEW YORK,10112,Certified Public Accountant,12-31-2024,0000313800-25-000002,xml
251,0000314774,TZ CLEAR LLC,00824511,8080 NORTH CENTRAL EXPRESSWAY,SUITE 1700,DALLAS,TX,75206,Baker Tilly US LLP,"66 Hudson Blvd, Ste. 2200",New York,NEW YORK,10001,Certified Public Accountant,12-31-2024,0000314774-25-000004,xml
252,0000314828,"AUSDAL FINANCIAL PARTNERS, INC.",00824519,5187 UTICA RIDGE RD,STE 400,DAVENPORT,IA,52807,Marcum LLP,Nine Parkway North Suite 200,Deerfield,IOWA,60015,Certified Public Accountant,01-31-2025,0000314828-25-000005,xml
253,0000315242,"GARY HOCH AGENCY, INC.",00824582,2645 ELMWOOD AVE.,,BUFFALO,NY,14217,,,,,,,,,paper
254,0000316097,"GRAMERCY SECURITIES, INC.",00824767,P.O. BOX 1059,,CHARLESTOWN,RI,02813,,,,,,,,,paper
255,0000316237,KW SECURITIES CORPORATION,00824792,732 SMITHTOWN BYPASS,SUITE 203,SMITHTOWN,NY,11787,,,,,,,,,paper
256,0000316561,"TRANSAMERICA CAPITAL, LLC",00824829,1801 CALIFORNIA ST.,SUITE 5200,DENVER,CO,80202,Ernst  Young LLP,801 Grand Avenue,Des Moines,IOWA,50309,Certified Public Accountant,12-31-2024,0000316561-25-000006,xml
257,0000316595,"OPAL SECURITIES, INC.",00824841,"340 NORTH WESTLAKE BLVD.,",SUITE 160,WESTLAKE VILLAGE,CA,91362,,,,,,,,,paper
258,0000317561,SEAPORT SECURITIES CORP.,00824971,60 BROAD STREET,,NEW YORK,NY,10004,,,,,,,,,paper
259,0000317847,SPENCER-WINSTON SECURITIES CORPORATION,00824995,45 WEST 47TH STREET SUITE 402,,NEW YORK,NY,10036-2825,"Remus, Michael, T.",108 Robin Drive,Hamilton,NEW JERSEY,08619,Certified Public Accountant,04-30-2023,0000317847-23-000003,xml
260,0000317974,"GLOBAL ATLANTIC DISTRIBUTORS, LLC",00825027,ONE FINANCIAL PLAZA,"755 MAIN STREET, 24TH FLOOR",HARTFORD,CT,06103,Deloitte  Touche LLP,115 Federal Street,Boston,MASSACHUSETTS,02110,Certified Public Accountant,12-31-2024,0000317974-25-000003,xml
261,0000318181,PLANMEMBER SECURITIES CORPORATION,00825065,6187 CARPINTERIA AVENUE,,CARPINTERIA,CA,93013-2060,Hutchinson  Bloodgood,"550 N Brand Blvd., 14th Floor",Glendale,CALIFORNIA,91203,Certified Public Accountant,12-31-2024,0000318181-25-000001,xml
262,0000318463,"T. ROWE PRICE INVESTMENT SERVICES, INC.",00825130,1307 POINT STREET,,BALTIMORE,MD,21231,KPMG LLP,"750 EAST PRATT ST, 18TH FLOOR",BALTIMORE,MARYLAND,21202,Certified Public Accountant,12-31-2024,0000318463-25-000002,xml
263,0000318492,"A.G.P. / ALLIANCE GLOBAL PARTNERS, LLC",00825132,88 POST ROAD WEST,2ND FLOOR,WESTPORT,CT,06880,"Michael Coglianese CPA,P.C.","125 E. Lake St., Suite 303",Bloomingdale,ILLINOIS,60108,Certified Public Accountant,06-30-2024,0001104659-24-104907,xml
264,0000319401,"AMUNI FINANCIAL, INC.",00825338,P.O. BOX 11749,,ST. PETERSBURG,FL,33733-9680,,,,,,,,,paper
265,0000319727,"PENSION FUND EVALUATIONS, INC.",00825520,2450 MIDDLE COUNTRY ROAD,SUITE 102 & 103,CENTEREACH,NY,11720,,,,,,,,,paper
266,0000319933,"THURSTON, SPRINGER, MILLER, HERD & TITAK, INC.",00825452,9000 KEYSTONE CROSSING,SUITE 700,INDIANAPOLIS,IN,46240-2142,Michael Coglianese,300 Tri State International,Lincolnshire,ILLINOIS,60069,Certified Public Accountant,06-30-2025,0000319933-25-000015,xml
267,0000350778,"GARDEN STATE SECURITIES, INC.",00825790,328 NEWMAN SPRINGS ROAD,,RED BANK,NJ,07701,Adeptus Parnters LLC,733 Rt. 35N,Ocean,NEW JERSEY,07712,Certified Public Accountant,12-31-2024,0000350778-25-000002,xml
268,0000351106,"COLUMBIA MANAGEMENT INVESTMENT DISTRIBUTORS, INC.",00825845,290 CONGRESS STREET,BX 29 20661,BOSTON,MA,02210,PricewaterhouseCoopers LLP,One North Wacker Dr.,Chicago,ILLINOIS,60606,Certified Public Accountant,12-31-2024,0000351106-25-000001,xml
269,0000351317,WALL STREET ACCESS,00825936,"100 WALL STREET, SUITE 804",,NEW YORK,NY,10005,"WithumSmithBrown, PC","1411 Broadway, 9th Floor",New York,NEW YORK,10018,Certified Public Accountant,12-31-2024,0000351317-25-000006,xml
270,0000351952,"LPL ENTERPRISE, LLC",00826037,1055 LPL WAY,223 FOURTH AVENUE,FORT MILL,SC,29715,Deloitte  Touche LLP,12830 El Camino Real,San Diego,CALIFORNIA,92130,Certified Public Accountant,12-31-2024,0000351952-25-000002,xml
271,0000352468,"R. F. LAFFERTY & CO., INC.",00825581,40 WALL STREET,SUITE 3602,NEW YORK,NY,10005,Sanville  Company,325 North Saint Paul St.,Dallas,TEXAS,75201,Certified Public Accountant,06-30-2025,0000352468-25-000009,xml
272,0000352925,TIMECAPITAL SECURITIES CORPORATION,00818248,ONE ROOSEVELT AVENUE,,PORT JEFFERSON STATION,NY,11776-3336,,,,,,,,,paper
273,0000354092,LESKO SECURITIES INC,00826408,400 PLAZA DR,SUITE A,VESTAL,NY,13850,,,,,,,,,paper
274,0000354342,"NELSON IVEST BROKERAGE SERVICES, INC.",00826448,423 COUNTRY CLUB DRIVE,,WINTER PARK,FL,32789-2968,,,,,,,,,paper
275,0000354497,PFS INVESTMENTS INC.,00826486,1 PRIMERICA PARKWAY,,DULUTH,GA,30099-0001,KPMG LLP,"303 Peachtree Street, N.E.",Atlanta,GEORGIA,30308,Certified Public Accountant,12-31-2024,0000354497-25-000005,xml
276,0000354642,"INTERNATIONAL ASSETS ADVISORY, LLC",00827736,111 NORTH ORANGE AVENUE,SUITE 1000,ORLANDO,FL,32801,"Accell CPA  Associates, P.A.",8270 Woodland Center Boulevard #3425,Tampa,FLORIDA,33614,Certified Public Accountant,12-31-2024,0000354642-25-000003,xml
277,0000355203,CAPITAL BROKERAGE CORPORATION,00826614,11011 WEST BROAD STREET,BUILDING 2,GLEN ALLEN,VA,23060,"KPMG, LLP","1021 East Cary Street, Suite 2000",Richmond,VIRGINIA,23219,Certified Public Accountant,12-31-2024,0000355203-25-000001,xml
278,0000356343,PAULSON INVESTMENT COMPANY LLC,00826807,10220 SW GREENBURG RD,SUITE 380,PORTLAND,OR,97223,Ryan  Juraska LLP,"141 W Jackson Blvd, Suite 2250",Chicago,ILLINOIS,60604,Certified Public Accountant,12-31-2024,0001715181-25-000001,xml
279,0000356437,CETERA ADVISORS LLC,00826892,400 FIRST STREET SOUTH,SUITE 300,SAINT CLOUD,MN,56301,Deloitte  Touche LLP,"555 W. 5th Street, Floor 27",Los Angeles,CALIFORNIA,90013,Certified Public Accountant,12-31-2024,0000356437-25-000005,xml
280,0000356628,NATIONAL FINANCIAL SERVICES LLC,00826740,TWO DESTINY WAY,MAIL ZONE: WG3D,WESTLAKE,TX,76262,PricewaterhouseCoopers LLP,300 Madison Avenue,New York,NEW YORK,10017-6204,Certified Public Accountant,12-31-2024,0000356628-25-000002,xml
281,0000356647,SEI INVESTMENTS DISTRIBUTION CO.,00827897,ONE FREEDOM VALLEY DRIVE,,OAKS,PA,19456,KPMG LLP,1735 Market Street,Philadelphia,PENNSYLVANIA,19103,Certified Public Accountant,12-31-2024,0000356647-25-000001,xml
282,0000700039,DFA Securities LLC,00827006,6300 BEE CAVE ROAD,BUILDING ONE,AUSTIN,TX,78746,PricewaterhouseCoopers LLP,1100 Walnut Street,Kansas City,MISSOURI,64106,Certified Public Accountant,12-31-2024,0000700039-25-000002,xml
283,0000700078,"ROBERT A. STANGER & COMPANY, INC.",00827120,1129 BROAD STREET,SUITE 201,SHREWSBURY,NJ,07702,PKF O'Connor Davies LLP,"245 Park Avenue, 12th Floor",New York,NEW YORK,10167,Certified Public Accountant,12-31-2024,0000700078-25-000001,xml
284,0000700139,BTS SECURITIES CORPORATION,00826818,55 OLD BEDFORD ROAD,SUITE 203,LINCOLN,MA,01773,,,,,,,,,paper
285,0000700145,"BRUCE A. LEFAVI SECURITIES, INC.",00826943,"2323 FOOTHILL DR., SUITE 100",SUITE 550,SALT LAKE CITY,UT,84109,Haynie  Company,1785 West 2300 South,Salt Lake City,UTAH,84119,Certified Public Accountant,12-31-2019,0000700145-20-000003,xml
286,0000700162,LIME TRADING CORP,00827061,450 7TH AVE,31ST FLOOR,NEW YORK,NY,10123,"MICHAEL COGLIANESE CPA, P.C.",125 E LAKE ST,BLOOMINGDALE,ILLINOIS,60108,Certified Public Accountant,12-31-2024,0000700162-25-000001,xml
287,0000700307,CNL SECURITIES CORP.,00826901,P.O BOX 4920,,ORLANDO,FL,32802-4920,,,,,,,,,paper
288,0000700380,CETERA FINANCIAL SPECIALISTS LLC,00827082,1450 AMERICAN LANE,"6TH FLOOR, SUITE #650",SCHAUMBURG,IL,60173,Deloitte  Touche LLP,"555 W. 5th Street, Floor 27",Los Angeles,CALIFORNIA,90013,Certified Public Accountant,12-31-2024,0000700380-25-000006,xml
289,0000700637,"HARGER AND COMPANY, INC.",00827287,8048 ONE CALAIS AVE SUITE D,,BATON ROUGE,LA,70809,"McBee  Co., PC",718 Paulus Avenue,Dallas,TEXAS,75214,Certified Public Accountant,12-31-2024,0000700637-25-000001,xml
290,0000701059,"MML INVESTORS SERVICES, LLC",00827250,1295 STATE STREET,,SPRINGFIELD,MA,01111-0001,KPMG LLP,60 South Street,Boston,MASSACHUSETTS,02111,Certified Public Accountant,12-31-2024,0000701059-25-000004,xml
291,0000701426,FIRST ANALYSIS SECURITIES CORPORATION,00827350,ONE SOUTH WACKER DRIVE,SUITE 3900,CHICAGO,IL,60606,RSM US LLP,30 South Wacker Drive,Chicago,ILLINOIS,60606,Certified Public Accountant,12-31-2024,0000701426-25-000002,xml
292,0000702007,"CALDWELL SUTTER CAPITAL, INC.",00827639,PO BOX 190,,SAUSALITO,CA,94966-0190,Ernst Wintter  Associates,675 Ygnacio Valley Road,Walnut Creek,CALIFORNIA,94596,Certified Public Accountant,09-30-2024,0000702007-24-000002,xml
293,0000702157,"GIT INVESTMENT SERVICES, INC.",00827394,"15-B CATOCTIN CIRCLE, SE",SUITE 203,LEESBURG,VA,20175,Rubio CPA PC,"3500 Lenox Rd NE, Suite 1500",Atlanta,GEORGIA,30326,Certified Public Accountant,06-30-2025,0000702157-25-000001,xml
294,0000702238,"CHAINCE SECURITIES, LLC",00827564,1251 AVENUE OF THE AMERICAS,41ST FLOOR,NEW YORK,NY,10020,Sanville  Company LLC,325 N. St. Paul Street,Dallas,TEXAS,75201,Certified Public Accountant,12-31-2024,0002013816-25-000007,xml
295,0000702252,"NEWEDGE SECURITIES, LLC",00827663,1251 WATERFRONT PLACE,SUITE 510,PITTSBURGH,PA,15222-6368,,,,,,,,,paper
296,0000702307,"T.R. WINSTON & COMPANY, LLC",00827519,P.O. BOX 74,376 MAIN STREET,BEDMINSTER,NJ,07921,,,,,,,,,paper
297,0000702544,"CAPITAL MANAGEMENT SECURITIES, INC.",00827779,7900 XERXES AVENUE S #500,,MINNEAPOLIS,MN,55431-1120,,,,,,,,,paper
298,0000702948,"CADARET, GRANT & CO., INC.",00827844,100 MADISON STREET,SUITE 1300,SYRACUSE,NY,13202,"Citrin Cooperman, LLP",50 Rockfeller Plaza,New York,NEW YORK,10020,Certified Public Accountant,12-31-2024,0000702948-25-000001,xml
299,0000703266,"KAUFMAN & COMPANY, LLC",00827911,100 FRANKLIN STREET,STE. 403,BOSTON,MA,02110,"Michael Coglianese, CPA PC",125 East Lake Street,Bloomindale,ILLINOIS,60108,Certified Public Accountant,12-31-2024,0000703266-25-000005,xml
300,0000704574,COINBASE CAPITAL MARKETS CORP,00828032,ONE MADISON AVE,24TH FL,NEW YORK,NY,10010,,,,,,,,,paper
301,0000704661,"AKAR CAPITAL MANAGEMENT, INC.",00828026,8551 W. SUNRISE BLVD #102A,,PLANTATION,FL,33322,,,,,,,,,paper
302,0000704744,"BATES SECURITIES, INC.",00829005,8437 NORTHERN AVE,,ROCKFORD,IL,61107,Thomas Faust CPA LLC,174 Coldbrook Ct,Lafayette,INDIANA,47909,Certified Public Accountant,01-31-2025,0000704744-25-000002,xml
303,0000704850,"BARON CAPITAL, INC.",00827533,767 FIFTH AVENUE,48TH FLOOR,NEW YORK,NY,10153,,,,,,,,,paper
304,0000704897,"PAPAMARKOU WELLNER & CO., INC.",00829033,"430 PARK AVENUE, 17TH FLOOR",,NEW YORK,NY,10022,EisnerAmper LLP,733 Third Avenue,New York,NEW YORK,10017,Certified Public Accountant,12-31-2024,0000704897-25-000002,xml
305,0000707011,KENSINGTON CAPITAL CORP.,00828301,4910 13TH AVE.,,BROOKLYN,NY,11219-3100,RGNC and S Certified Public Accountants PLLC,97 Froehlich Farm Blvd,Woodbury,NEW JERSEY,11797,Certified Public Accountant,12-31-2022,0000707011-23-000001,xml
306,0000708046,"MASON SECURITIES, INC.",00828378,11921 FREEDOM DRIVE,SUITE 1000,RESTON,VA,20190,,,,,,,,,paper
307,0000708999,ANDERSEN ERIK BRECHLING,00828496,ONE PARK PLAZA BLDG.,3250 WILSHIRE BLVD SUITE 1750-L,LOS ANGELES,CA,90010-1502,,,,,,,,,paper
308,0000709306,"DUNHAM & ASSOCIATES INVESTMENT COUNSEL, INC.",00828527,P.O. BOX 910309,,SAN DIEGO,CA,92191,,,,,,,,,paper
309,0000709480,IBKR SECURITIES SERVICES LLC,00828569,THREE PICKWICK PLAZA,2ND FLOOR,GREENWICH,CT,06830,Deloitte  Touche LLP,30 Rockefeller Plaza,New York,NEW YORK,10112-0015,Certified Public Accountant,12-31-2024,0000709480-25-000003,xml
310,0000710025,"MUTUAL SECURITIES, INC.",00828580,P.O. BOX 2864,,CAMARILLO,CA,93011,Farber Hass Hurley LLP,9301 Oakdale Ave,Chatsworth,CALIFORNIA,91311,Certified Public Accountant,06-30-2025,0000710025-25-000004,xml
311,0000710127,SEARLE & CO.,00828600,333 GREENWICH AVE.,,GREENWICH,CT,06830,,,,,,,,,paper
312,0000710858,"INVESTORS BROKERAGE OF TEXAS, LTD.",00828644,225 SOUTH 5TH ST.,,WACO,TX,76701,Sanville  Company,"325 N Saint Paul St., Ste. 3100",Dallas,TEXAS,75201,Certified Public Accountant,12-31-2024,0000710858-25-000006,xml
313,0000711125,"ROYCE FUND SERVICES, LLC",00828663,ONE MADISON AVENUE,17TH FLOOR,NEW YORK,NY,10010,PricewaterhouseCoopers,405 Howard St.,San Francisco,CALIFORNIA,94105,Certified Public Accountant,09-30-2024,0000711125-24-000018,xml
314,0000711553,"WELLS FARGO ADVISORS FINANCIAL NETWORK, LLC",00828721,ONE NORTH JEFFERSON AVENUE,H0004-05C,ST. LOUIS,MO,63103,KPMG LLP,10 SOUTH BROADWAY,ST. LOUIS,MISSOURI,63102,Certified Public Accountant,12-31-2024,0000711553-25-000006,xml
315,0000711654,"COREBRIDGE CAPITAL SERVICES, INC.",00828733,30 HUDSON STREET,16TH FLOOR,JERSEY CITY,NJ,07302,"PricewaterhouseCoopers, LLP","909 Poydras Street, Suite 3100",New Orleans,LOUISIANA,70112,Certified Public Accountant,12-31-2024,0000711654-25-000003,xml
316,0000712769,"LAKESHORE SECURITIES, L.P.",00828820,401 S. LASALLE STREET #1000,,CHICAGO,IL,60605,Breard  Associates,9221 Corbin Avenue,Northridge,CALIFORNIA,91324,Certified Public Accountant,12-31-2015,0000712769-16-000006,xml
317,0000712807,"MESIROW FINANCIAL, INC.",00828816,353 N. CLARK STREET,,CHICAGO,IL,60654,,,,,,,,,paper
318,0000714223,"ROBOTTI SECURITIES, LLC",00828886,"125 PARK AVENUE, SUITE 1607",SUITE 3100,NEW YORK,NY,10017,"Citrin Cooperman  Company, LLP",50 Rockefeller Plaza,New York,NEW YORK,10017,Certified Public Accountant,12-31-2024,0000714223-25-000001,xml
319,0000714352,WESTMINSTER RESEARCH ASSOCIATES LLC,00828900,22 VANDERBILT AVENUE,20FLOOR,NEW YORK,NY,10017,Ernst  Young LLP,One Manhattan West,New York,NEW YORK,10001,Certified Public Accountant,12-31-2024,0000714352-25-000005,xml
320,0000714551,"MORRIS GROUP, INC.",00828916,8445 KEYSTONE XING,SUITE 240,INDIANAPOLIS,IN,46240,Thomas Faust,174 Coldbrook Ct,Lafayette,INDIANA,47909,Certified Public Accountant,03-31-2025,0000714551-25-000001,xml
321,0000715948,"MERIDIAN INVESTMENTS, INC.",00829124,8065 LEESBURG PIKE,504,VIENNA,VA,22182,,,,,,,,,paper
322,0000716851,MONEY CONCEPTS CAPITAL CORP,00829671,11440 NORTH JOG ROAD,,PALM BEACH GARDENS,FL,33418-3764,Berkowitz Pollack Brant Advisors  CPAs LLP,200 S. Biscayne Blvd.,Miami,FLORIDA,33131,Certified Public Accountant,12-31-2024,0000716851-25-000004,xml
323,0000717551,HEITMAN SECURITIES LLC,00829393,110 N. WACKER DRIVE,SUITE 4000,CHICAGO,IL,60606,,,,,,,,,paper
324,0000717799,"BERTHEL, FISHER & COMPANY FINANCIAL SERVICES, INC.",00829426,P. O. BOX 11340,,CEDAR RAPIDS,IA,52410-1340,Marcum LLP,Nine Parkway North Suite 200,Deerfield,ILLINOIS,60015,Certified Public Accountant,12-31-2024,0000088436-25-000002,xml
325,0000718065,NETWORK 1 FINANCIAL SECURITIES INC.,00829471,"THE GALLERIA, SUITE 241",2 BRIDGE AVENUE,RED BANK,NJ,07701,,,,,,,,,paper
326,0000718845,"FIRST FINANCIAL SECURITIES OF AMERICA, INC.",00829565,PO BOX 670329,,HOUSTON,TX,77267-0329,,,,,,,,,paper
327,0000718854,"WRIGHT INVESTORS' SERVICE DISTRIBUTORS, INC.",00829579,2 CORPORATE DRIVE,SUITE 770,SHELTON,CT,06484,Cropper Accountancy Corporation,"2700 Ygnacio Valley Road, Suite 270",Walnut Creek,CALIFORNIA,94598,Certified Public Accountant,12-31-2024,0000718854-25-000001,xml
328,0000718856,"CETERA WEALTH SERVICES, LLC",00829577,PO BOX 983,STE 1300,SAINT CLOUD,MN,56302,Deloitte  Touche LLP,"555 W. 5th Street, Floor 27",Los Angeles,CALIFORNIA,90013,Certified Public Accountant,12-31-2024,0000718856-25-000005,xml
329,0000719068,"AVANTAX INVESTMENT SERVICES, INC.",00829533,3200 OLYMPUS BLVD,SUITE 100,DALLAS,TX,75019,Deloitte  Touche LLP,"555 W. 5th Street, Floor 27",Los Angeles,CALIFORNIA,90013-1010,Certified Public Accountant,12-31-2024,0000909841-25-000001,xml
330,0000719188,MINT BROKERS,00829616,55 WATER STREET,10TH FLOOR,NEW YORK,NY,10041,Ernst  Young LLP,One Manhattan West,New York,NEW YORK,10001,Certified Public Accountant,12-31-2024,0001492598-25-000005,xml
331,0000719993,"DELAWARE DISTRIBUTORS, L.P.",00829755,100 INDEPENDENCE,610 MARKET STREET,PHILADELPHIA,PA,19106-2354,PriceWaterhouseCoopers,2001 Market Street,Philadelphia,PENNSYLVANIA,19103,Certified Public Accountant,03-31-2025,0000929638-25-002302,xml
332,0000719997,"MIDAS SECURITIES GROUP, INC.",00829751,2255 BUFFALO ROAD,,ROCHESTER,NY,14624,,,,,,,,,paper
333,0000721194,WORTH FINANCIAL GROUP INC.,00829827,16660 DALLAS PARKWAY,SUITE 2200,DALLAS,TX,75248,"Phillip V. George, PLLC",5179 CR 1026,Celeste,TEXAS,75423,Certified Public Accountant,06-30-2025,0000721194-25-000007,xml
334,0000721231,"BARRINGTON RESEARCH ASSOCIATES, INC.",00829831,"161 N. CLARK ST., SUITE 2950",,CHICAGO,IL,60601-3221,,,,,,,,,paper
335,0000721728,SEQUOIA EQUITIES SECURITIES CORPORATION,00829868,1655 NORTH MAIN STREET SUITE 270,SUITE 300,WALNUT CREEK,CA,94596,,,,,,,,,paper
336,0000722078,MUTUAL FUNDS ASSOCIATES INC.,00813026,1701 CHILI AVE,,ROCHESTER,NY,14624,,,,,,,,,paper
337,0000722132,WALL STREET CAPITAL CORPORATION,00829897,1600 PENNSYLVANIA AVENUE,SUITE LL1,MCDONOUGH,GA,30253,,,,,,,,,paper
338,0000723220,"CUNA BROKERAGE SERVICES, INC.",00830027,2000 HERITAGE WAY,,WAVERLY,IA,50677,Deloitte,111 S Wacker Dr,Chicago,ILLINOIS,60606,Certified Public Accountant,12-31-2023,0000723220-24-000003,xml
339,0000724391,KEYBANC CAPITAL MARKETS INC.,00830177,127 PUBLIC SQUARE,800 SUPERIOR AVENUE,CLEVELAND,OH,44114,,,,,,,,,paper
340,0000724482,GILDER GAGNON HOWE & CO. LLC,00830196,475 TENTH AVENUE,,NEW YORK,NY,10018,Pricewaterhouse Coopers LLP,300 Madison Ave.,New York,NEW YORK,10017,Certified Public Accountant,12-31-2017,0000724482-18-000003,xml
341,0000724683,PIPER SANDLER & CO.,00815204,350 N 5TH STREET,SUITE 1000,MINNEAPOLIS,MN,55401,Ernst  Young,700 Nicollet Mall,Minneapolis,MINNESOTA,55402,Certified Public Accountant,12-31-2024,0000724683-25-000012,xml
342,0000724743,"RAYMOND JAMES & ASSOCIATES, INC.",00810999,880 CARILLON PARKWAY,,ST. PETERSBURG,FL,33716,KPMG,100 North Tampa Street,Tampa,FLORIDA,33602,Certified Public Accountant,09-30-2024,0000724743-24-000042,xml
343,0000725764,SYCAMORE FINANCIAL GROUP,00830302,2713 ROCKFORD LANE,,KOKOMO,IN,46902,"Thomas Faust, CPA",174 Coldbrook Ct,Lafayette,INDIANA,47909,Certified Public Accountant,12-31-2024,0000725764-25-000001,xml
344,0000726555,"CAPITOL SECURITIES MANAGEMENT, INC.",00830353,4050 INNSLAKE DRIVE,SUITE 250,GLEN ALLEN,VA,23060,"Ohab and Company, PA",100 E Sybelia Ave,Maitland,FLORIDA,32751,Certified Public Accountant,12-31-2024,0000726555-25-000001,xml
345,0000726620,BETTINGER & LEECH FINANCIAL CORP.,00830375,600 PALISADE AVENUE,,ENGLEWOOD CLIFFS,NJ,07632,"Davies, Jerome",3605 Sandy Plains Road,Marietta,GEORGIA,30066,Certified Public Accountant,12-31-2024,0000726620-25-000002,xml
346,0000727015,"INTERNATIONAL MONEY MANAGEMENT GROUP, INC.",00830417,110 CHANNEL MARKER WAY SUITE #101,SUITE 201,GRASONVILLE,MD,21638,UHY LLP,955 Mt Hermon Rd,Salisbury,MARYLAND,21804,Certified Public Accountant,06-30-2025,0000727015-25-000003,xml
347,0000727293,"FBN SECURITIES, INC.",00830461,112 WEST 34TH STREET,18TH FLOOR,NEW YORK,NY,10120,Ferrara CPA,100 Horizon Center Blvd,Hamilton,NEW JERSEY,08691,Certified Public Accountant,03-31-2025,0000727293-25-000004,xml
348,0000727732,SIGMA FINANCIAL CORPORATION,00830466,300 PARKLAND PLAZA,,ANN ARBOR,MI,48103-9508,RSM US LLP,"30 South Wacker Dr., Ste 3300",Chicago,ILLINOIS,60606,Certified Public Accountant,12-31-2024,0000727732-25-000007,xml
349,0000728509,REVERE SECURITIES LLC,00830511,560 LEXINGTON AVENUE,16TH FLOOR,NEW YORK,NY,10022,,,,,,,,,paper
350,0000729162,"R.M. DUNCAN SECURITIES, INC.",00830534,10201 W MARKHAM ST,SUITE 219,LITTLE ROCK,AR,72205,"NTT  Company, PLLC",3488 South U.S. Highway 77,Giddings,TEXAS,78942,Certified Public Accountant,06-30-2025,0000729162-25-000004,xml
351,0000729563,"GILL CAPITAL PARTNERS, LLC",00830563,4582 S ULSTER STREET,SUITE 1400,DENVER,CO,80237,"Michael Coglianese CPA, P.C.","125 E. Lake Street, Suite 303",Bloomingdale,ILLINOIS,60108,Certified Public Accountant,12-31-2024,0000729563-25-000003,xml
352,0000729596,"NELSON SECURITIES,INC.",00830576,9718 N MORTON CT,,SPOKANE,WA,99218,Goldman  Company CPA s,9718 N Morton Ct.,SPOKANE,GEORGIA,30062,Certified Public Accountant,06-30-2025,0000729596-25-000003,xml
353,0000730677,"FIRST LIBERTIES SECURITIES, INC.",00830673,2915 N. BOULEVARD,SUITE A,TAMPA,FL,33602,Nawrocki Smith LLP,100 Motor Parkway,Hauppauge,NEW YORK,11788,Certified Public Accountant,06-30-2025,0000730677-25-000005,xml
354,0000731171,INVESTMENT PLACEMENT GROUP,00830700,501 WEST BROADWAY,SUITE 1350,SAN DIEGO,CA,92101,MARCUM LLP,NINE PARKWAY NORTH SUITE 200,DEERFIELD,ILLINOIS,60015,Certified Public Accountant,12-31-2024,0000731171-25-000002,xml
355,0000731201,"U.S. BANCORP ADVISORS, LLC",00830706,"800 N BRAND BLVD., 16TH FLOOR",2ND FLOOR,GLENDALE,CA,91203,Ernst  Young LLP,1828 Walnut Street,Kansas City,MISSOURI,64108,Certified Public Accountant,12-31-2024,0000731201-25-000003,xml
356,0000732687,POTOMAC INVESTMENT COMPANY,00830830,1221 JEBBER LOOP,,THE VILLAGES,FL,32162,,,,,,,,,paper
357,0000732760,"ALLIANCEBERNSTEIN INVESTMENTS, INC.",00830851,501 COMMERCE STREET,,NASHVILLE,TN,37203,PricewaterhouseCoopers LLP,300 Madison Ave,New York,NEW YORK,10017,Certified Public Accountant,12-31-2024,0001126269-25-000008,xml
358,0000735534,"FIRST SECURITIES NORTHWEST, INC.",00830977,18824 SE MILDRED ST,,MILWAUKIE,OR,97267,,,,,,,,,paper
359,0000735573,"BEACONSFIELD FINANCIAL SERVICES, INC.",00830993,SOUTHPOINT INDUSTRIAL PARK,"160 TECHNOLOGY DR., SUITE 101",CANONSBURG,PA,15317,,,,,,,,,paper
360,0000735581,"CROSSMARK DISTRIBUTORS, INC.",00830994,15375 MEMORIAL DRIVE,SUITE 200,HOUSTON,TX,77079,,,,,,,,,paper
361,0000736895,"HOME FINANCIAL SERVICES, INC.",00831049,507 MARKET STREET,,KNOXVILLE,TN,37902,,,,,,,,,paper
362,0000737259,TCW FUNDS DISTRIBUTORS LLC,00831114,515 SOUTH FLOWER STREET,SUITE 1800,LOS ANGELES,CA,90071,Deloitte  Touche,555 West 5th Street,Los Angeles,CALIFORNIA,90013,Certified Public Accountant,12-31-2024,0000737259-25-000002,xml
363,0000737767,"GROVE POINT INVESTMENTS, LLC",00831165,2440 RESEARCH BOULEVARD,SUITE 500,ROCKVILLE,MD,20850,,,,,,,,,paper
364,0000737844,"COORDINATED CAPITAL SECURITIES, INC.",00831173,229 S MAIN STREET,,FORT ATKINSON,WI,53538,Assurance Dimensions,4920 W Cypress St,Tampa,FLORIDA,33607,Certified Public Accountant,03-31-2025,0000737844-25-000002,xml
365,0000738602,"LUMENT SECURITIES, LLC",00831175,10 WEST BROAD STREET,8TH FLOOR,COLUMBUS,OH,43215,KPMG LLP,2323 Ross Avenue,Dallas,TEXAS,75201,Certified Public Accountant,03-31-2025,0000738602-25-000002,xml
366,0000739337,"B. RILEY WEALTH MANAGEMENT, INC.",00831206,40 SOUTH MAIN,SUITE 1600,MEMPHIS,TN,38103,Ryan  Juraska LLP,141 W. Jackson Blvd.,Chicago,ILLINOIS,60604,Certified Public Accountant,12-31-2024,0000739337-25-000003,xml
367,0000739502,CUMBERLAND SECURITIES LLC,00831215,540 W. MADISON ST.,,CHICAGO,IL,60540,RSM US LLP,30 S Wacker Dr,Chicago,ILLINOIS,60606,Certified Public Accountant,12-31-2024,0000739502-25-000002,xml
368,0000739535,"CAPITAL INVESTMENT GROUP, INC.",00831225,P.O. BOX 32249,,RALEIGH,NC,27622,"Batchelor Tillery  Roberts, LLP",3605 Glenwood Avenue,Raleigh,NORTH CAROLINA,27612,Certified Public Accountant,12-31-2024,0000739535-25-000002,xml
369,0000739893,THORNBURG SECURITIES LLC,00831249,2300 NORTH RIDGETOP ROAD,,SANTA FE,NM,87506,Deliotte  Touche LLP,1601 Wewatta Street,Denver,COLORADO,80203,Certified Public Accountant,12-31-2024,0001839882-25-012217,xml
370,0000740629,"AMERITAS INVESTMENT COMPANY, LLC",00831296,PO BOX 5507,,LINCOLN,NE,68505-0507,Deloitte  Touche LLP,30 Rockefeller Plaza,New York,NEW YORK,10112,Certified Public Accountant,12-31-2024,0000740629-25-000002,xml
371,0000741591,ALPINE SECURITIES CORPORATION,00831464,39 EXCHANGE PLACE,,SALT LAKE CITY,UT,84111,,,,,,,,,paper
372,0000741594,DRIVEWEALTH INSTITUTIONAL LLC,00831461,28 LIBERTY STREET,50TH FLOOR,NEW YORK,NY,10005,Grant Thornton LLP,757 Third Ave,New York,NEW YORK,10017,Certified Public Accountant,12-31-2024,0000741594-25-000004,xml
373,0000741648,"R. SEELAUS & CO., LLC",00831475,26 MAIN STREET,SUITE 300,CHATHAM,NJ,07928,Kevin Modrich,20646 Abbey Woods Ct N,Frankfort,ILLINOIS,60423,Certified Public Accountant,12-31-2024,0000741648-25-000001,xml
374,0000742118,"LIBERTY ASSOCIATES, INC.",00831505,"501 FIFTH AVEUE, 15TH FLOOR",SUITE 1100,NEW YORK,NY,10017,Brian W. Anson,18455 Burbank Blvd.,Tarzana,CALIFORNIA,91356,Certified Public Accountant,01-31-2025,0000742118-25-000002,xml
375,0000742327,RANCE KING SECURITIES CORP.,00831539,3737 E. BROADWAY,,LONG BEACH,CA,90803-6104,,,,,,,,,paper
376,0000743231,"FIRST BANKERS' BANC SECURITIES, INC",00831584,"1714 DEER TRACKS TRAIL, SUITE 110",,ST. LOUIS,MO,63131,Holt  Patterson,260 Chesterfield Industrial Blvd.,Chesterfield,MISSOURI,63131,Certified Public Accountant,12-31-2024,0000743231-25-000002,xml
377,0000743418,AEGIS CAPITAL CORP.,00831616,1345 AVENUE OF THE AMERICAS,27TH FLOOR,NEW YORK,NY,10105,Nawrocki Smith LLP,100 Motor Parkway Suite 500,Hauppauge,NEW YORK,11788,Certified Public Accountant,11-30-2024,0002053684-25-000002,xml
378,0000743895,GENERAL SECURITIES CORP,00831654,2007 FAYETTE,,NORTH KANSAS CITY,MO,64116,"Faust,Thomas",174 Coldbrook ct,Lafayette,INDIANA,47909,Certified Public Accountant,07-31-2025,0000743895-25-000007,xml
379,0000744147,"CONFIDENTIAL MANAGEMENT FINANCIAL SERVICES, INC.",00831691,1700 WEST BIG BEAVER,SUITE 320,TROY,MI,48084,EDWARD OPPERMAN,1901 KOSSUTH STREET,LAFAYETTE,INDIANA,47905,Certified Public Accountant,06-30-2017,0000744147-17-000001,xml
380,0000745401,CETERA INVESTMENT SERVICES LLC,00831826,P.O. BOX 283,,ST. CLOUD,MN,56302-0283,Deloitte  Touche LLP,"555 W. 5th Street, Floor 27",Los Angeles,CALIFORNIA,90013,Certified Public Accountant,12-31-2024,0000745401-25-000005,xml
381,0000746670,"SECURIAN FINANCIAL SERVICES, INC.",00831955,400 ROBERT STREET NORTH,,ST. PAUL,MN,55101-2098,"Crowe, LLP",485 Lexington Avenue,New York,NEW YORK,10017-2619,Certified Public Accountant,12-31-2024,0000746670-25-000001,xml
382,0000747594,"PROFINANCIAL, INC.",00832026,120 WALL STREET,25TH FLR,NEW YORK,NY,10005,"Fulvio  Associates, LLP",5 West 37th Street,New York,NEW YORK,10018,Certified Public Accountant,04-30-2025,0000747594-25-000012,xml
383,0000748089,BLAKESLEE AND BLAKESLEE INC.,00832071,1101 MARSH STREET,,SAN LUIS OBISPO,CA,93401,,,,,,,,,paper
384,0000748090,CHRISTIAN FINANCIAL SERVICES LLC,00832070,P.O. BOX 781,,CEDAREDGE,CO,81413,,,,,,,,,paper
385,0000748467,"CITICORP SECURITIES SERVICES, INC.",00832117,REGISTRATION DEPARTMENT,540 CROSSPOINT PARKWAY,GETZVILLE,NY,14068,,,,,,,,,paper
386,0000748532,"ROTH CAPITAL PARTNERS, LLC",00832129,888 SAN CLEMENTE,SUITE 400,NEWPORT BEACH,CA,92660,RSM US LLP,30 South Wacker Drive,Chicago,CALIFORNIA,60606,Certified Public Accountant,06-30-2025,0000748532-25-000007,xml
387,0000748699,"SATURN CAPITAL, INC.",00832136,1101 4TH STREET S.,BOX 302,ST. PETERSBURG,FL,33701,,,,,,,,,paper
388,0000748849,"FAIRPORT CAPITAL, INC.",00832162,9141 E. HIDDEN SPUR TRAIL,SUITE B-14,SCOTTSDALE,AZ,85255,"NTT  COMPANY, PLLC",3488 South U.S. Highway 77,Giddings,TEXAS,78942,Certified Public Accountant,03-31-2025,0000748849-25-000006,xml
389,0000749830,"DMG SECURITIES,INC.",00832235,746 WALKER ROAD,SUITE 10,GREAT FALLS,VA,22066-2643,,,,,,,,,paper
390,0000750108,"CION SECURITIES, LLC",00832283,100 PARK AVENUE,25TH FLOOR,NEW YORK,NY,10017,RSM US LLP,4 Times Square,New York,NEW YORK,10036,Certified Public Accountant,12-31-2024,0000750108-25-000001,xml
391,0000750953,"BROWN AND BROWN SECURITIES, INC.",00832385,6440 NORTH CENTRAL EXPRESSWAY #107,,DALLAS,TX,75206-4026,,,,,,,,,paper
392,0000751929,"FORESIDE DISTRIBUTION SERVICES, L.P.",00832480,190 MIDDLE STREET,SUITE 301,PORTLAND,ME,04101,,,,,,,,,paper
393,0000752077,PNC CAPITAL MARKETS LLC,00832493,1600 MARKET STREET,F2-F070-21-4,PHILADELPHIA,PA,19103,PricewaterhouseCoopers LLP,301 Grant Street,Pittsburgh,PENNSYLVANIA,15219,Certified Public Accountant,12-31-2024,0000752077-25-000004,xml
394,0000752227,"CAPACUITY SECURITIES, INC.",00832508,"300 INTERNATIONAL PKWY, #350",,LAKE MARY,FL,32746,"DeMarco Sciaccotta Wilkens  Dunleavy, LLP","20646 Abbey Woods CT N, Suite 201",Frankfort,ILLINOIS,60423,Certified Public Accountant,12-31-2024,0000752227-25-000002,xml
395,0000752691,MAN INVESTMENTS INC.,00832575,1345 AVENUE OF THE AMERICAS,21ST FLOOR,NEW YORK,NY,10105,Deloitte  Touche LLP,30 Rockefeller Plaza,New York,NEW YORK,10112,Certified Public Accountant,12-31-2024,0000752691-25-000001,xml
396,0000753835,BNP PARIBAS SECURITIES CORP.,00832682,525 WASHINGTON BOULEVARD,,JERSEY CITY,NJ,07310,Deloitte  Touche,30 Rockefeller Plaza,New York,NEW YORK,10112,Certified Public Accountant,12-31-2024,0000753835-25-000008,xml
397,0000753853,"BROOKLIGHT PLACE SECURITIES, INC.",00832673,16930 E. PALISADES BLVD,SUITE 125,FOUNTAIN HILLS,AZ,85268,"FGMK, LLC","333 W. Wacker Drive, 6th Floor",Chicago,ILLINOIS,60515,Certified Public Accountant,12-31-2024,0000753853-25-000002,xml
398,0000754114,"NOBLE CAPITAL MARKETS, INC.",00832706,150 EAST PALMETTO PARK ROAD,SUITE 110,BOCA RATON,FL,33432,,,,,,,,,paper
399,0000754651,INLAND SECURITIES CORPORATION,00832775,2901 BUTTERFIELD ROAD,,OAK BROOK,IL,60523,,,,,,,,,paper
400,0000755068,"BERNARDI SECURITIES, INC.",00832815,423 CENTRAL AVENUE,SUITE 2700,NORTHFIELD,IL,60093,,,,,,,,,paper
401,0000756103,"PARNASSUS FUNDS DISTRIBUTOR, LLC",00832878,190 MIDDLE STREET,SUITE 301,PORTLAND,ME,04101,,,,,,,,,paper
402,0000756849,"MOODY CAPITAL SOLUTIONS, INC.",00832928,2458 DUNKERRIN LANE,SUITE 89,ATLANTA,GA,30360,"Rubio CPA, PC",900 Circle Pkwy,Atlanta,GEORGIA,30339,Certified Public Accountant,12-31-2020,0000756849-21-000002,xml
403,0000756950,"SIGNAL SECURITIES, INC.",00832948,700 THROCKMORTON STREET,,FORT WORTH,TX,76102-5036,"Rhodes Osiek Patyk  Company, L.L.P.",2170 Interstate 20,Arlington,TEXAS,76017,Certified Public Accountant,12-31-2024,0000756950-25-000001,xml
404,0000757054,PALICO LLC,00832983,112 EAST 83RD STREET,APT 10A,NEW YORK,NY,10028,,,,,,,,,paper
405,0000759220,"AEGIS INVESTMENTS, INC.",00833137,4915 WEST 35TH STREET,SUITE 100,ST LOUIS PARK,MN,55416,RICK ELLINGSON,5101 VERNON AV S,EDINA,MINNESOTA,55436,Certified Public Accountant,12-31-2024,0000759220-25-000002,xml
406,0000759516,"ARCHIPELAGO TRADING SERVICES, INC.",00833180,353 NORTH CLARK STREET,SUITE 3200,CHICAGO,IL,60654,Ernst  Young LLP,One Manhattan West,New York,NEW YORK,10001,Certified Public Accountant,12-31-2024,0000759516-25-000005,xml
407,0000760290,"SAUER, DAZEY INVESTMENT COMPANY",00833262,7800 FORSYTH BLVD,SUITE 820,ST. LOUIS,MO,63105,,,,,,,,,paper
408,0000760298,BOLTON GLOBAL CAPITAL,00833222,579 MAIN STREET,,BOLTON,MA,01740,"DeMarco Sciaccotta Wilkens  Dunleavy, LLP",20646 Abbey Woods Ct. N.,Frankfort,ILLINOIS,60423,Certified Public Accountant,12-31-2024,0000760298-25-000001,xml
409,0000761908,"TRANSAMERICA FINANCIAL ADVISORS, LLC",00833429,6400 C ST SW,,CEDAR RAPIDS,IA,52499-0001,Ernst  Young LLP,801 Grand Avenue,Des Moines,IOWA,50309,Certified Public Accountant,12-31-2024,0000761908-25-000010,xml
410,0000762163,COMPASS SECURITIES CORPORATION,00833438,50 BRAINTREE HILL PARK,SUITE 105,BRAINTREE,MA,02184-8734,,,,,,,,,paper
411,0000762164,CARNES CAPITAL CORPORATION,00833443,"8889 PELICAN BAY BOULEVARD, SUITE 500",,NAPLES,FL,34108-7512,,,,,,,,,paper
412,0000763052,MARC J. LANE & COMPANY,00833465,70 W. MADISON,SUITE 2050,CHICAGO,IL,60602-4256,,,,,,,,,paper
413,0000763134,LIFEMARK SECURITIES CORP.,00833478,400 WEST METRO PARK,40 OFFICE PARK WAY,ROCHESTER,NY,14623,,,,,,,,,paper
414,0000763920,EMPIRE INVESTMENT INC.,00833594,136-20 38TH AVE.,SUITE 9E,FLUSHING,NY,11354,,,,,,,,,paper
415,0000764009,"D. B. MCKENNA & CO., INC.",00833612,207 WEST MAIN STREET,,BENNINGTON,VT,05201-2108,,,,,,,,,paper
416,0000764603,FIRST DOMINION CAPITAL CORP,00833719,8730 STONY POINT PARKWAY,SUITE 205,RICHMOND,VA,23235,,,,,,,,,paper
417,0000764650,STERN BROTHERS & CO.,00833724,8000 MARYLAND AVE.,SUITE 800,ST. LOUIS,MO,63105-3911,Crowe LLP,"485 Lexington Ave., Floor 11",New York,NEW YORK,10017,Certified Public Accountant,09-30-2024,0000764650-24-000001,xml
418,0000764805,E. BARNES & COMPANY,00833746,21 SOVEREIGN WAY,SUITE G,HUTCHINSON ISLAND,FL,34949,,,,,,,,,paper
419,0000764900,"NEEDHAM & COMPANY, LLC",00833772,250 PARK AVENUE,10TH FLOOR,NEW YORK,NY,10177,RSM US LLP,"151 W 42 Street, 19th Floor",New York,NEW YORK,10036,Certified Public Accountant,12-31-2024,0000764900-25-000003,xml
420,0000765528,"CARTER, TERRY & COMPANY, INC.",00833797,3060 PEACHTREE ROAD SUITE 1200,,ATLANTA,GA,30305,Ohab  Company PA,100 E Sybelia Ave Suite 130,Maitland,FLORIDA,32751,Certified Public Accountant,12-31-2024,0000765528-25-000004,xml
421,0000765936,"EMPOWER FINANCIAL SERVICES, INC.",00833854,"8525 EAST ORCHARD ROAD, 2T3",,GREENWOOD VILLAGE,CO,80111-5002,,,,,,,,,paper
422,0000766050,CANACCORD GENUITY LLC,00803271,1 POST OFFICE SQUARE,SUITE 1200,BOSTON,MA,02109,Ernst  Young LLP,One Manhattan West 395 9th Ave,New York,NEW YORK,10001,Certified Public Accountant,03-31-2025,0000766050-25-000006,xml
423,0000766087,SNC CAPITAL MANAGEMENT CORP.,00833866,318 W ADAMS ST,FLOOR 10,CHICAGO,IL,60606,Ryan and Juraska LLP,141 W Jackson Blvd,Chicago,ILLINOIS,60604,Certified Public Accountant,12-31-2024,0000766087-25-000002,xml
424,0000766634,"GORDON, HASKETT CAPITAL CORPORATION",00833944,441 LEXINGTON AVENUE 10TH FL.,3,NEW YORK,NY,10017,Sanville  Company LLC,2617 Huntingdon Pike,Huntingdon Valley,PENNSYLVANIA,19006,Certified Public Accountant,03-31-2025,0000766634-25-000001,xml
425,0000766913,"CHAUNER SECURITIES, INC.",00833980,"666 DUNDEE ROAD, SUITE 903",,NORTHBROOK,IL,60062-2735,,,,,,,,,paper
426,0000768760,WILSON PARKER CONNALLY STEPHENSON INC,00834061,"100 LEXINGTON STREET, SUITE 150",,FORT WORTH,TX,76102-2744,PHILLIP V GEORGE PLLC,5179 CR 1026,CELESTE,TEXAS,75423,Certified Public Accountant,09-30-2024,0000768760-25-000001,xml
427,0000768773,"SF INVESTMENTS, INC.",00834069,799 CENTRAL AVE,,HIGHLAND PARK,IL,60035,,,,,,,,,paper
428,0000769073,"PATRICK CAPITAL MARKETS, LLC",00834099,11152 SOUTH TOWNE SQUARE,SUITE 88,ST. LOUIS,MO,63123,"DeMarco Sciaccotta Wilkens  Dunleavy, LLP",20646 Abbey Woods Ct. N,Frankfort,ILLINOIS,60423,Certified Public Accountant,06-30-2025,0000769073-25-000004,xml
429,0000769815,"ALLIED MILLENNIAL PARTNERS, LLC",00834176,THREE WORLD FINANCIAL CENTER,200 VESEY STREET 24TH FL,NEW YORK,NY,10281,Sanville  Company,"325 N. St. Paul Street, Suite 3100",Dallas,TEXAS,75201,Certified Public Accountant,12-31-2024,0000769815-25-000004,xml
430,0000770349,"CBIZ FINANCIAL SOLUTIONS, INC.",00834205,5959 ROCKSIDE WOODS BLVD N,SUITE 600,CLEVELAND,OH,44131,,,,,,,,,paper
431,0000770355,"SCHLITT INVESTOR SERVICES, INC.",00834202,1717 INDIAN RIVER BLVD-STE 300,,VERO BEACH,FL,32960-0867,"Ohab and Company, PA","100 E Sybelia Ave, Suite 130",Maitland,FLORIDA,32751,Certified Public Accountant,12-31-2024,0000770355-25-000002,xml
432,0000770447,"PACIFIC GATE ADVISORS, LLC",00834213,9005 OVERLOOK BLVD,"55 S. MAIN STREET, STE 325",BRENTWOOD,TN,37027,Thomas Faust CPA,174 Coldbrook Ct.,Lafayette,INDIANA,47909,Certified Public Accountant,12-31-2022,0000770447-23-000002,xml
433,0000771491,"R.W. SMITH & ASSOCIATES, LLC",00834240,111 TOWN SQUARE PLACE,STE 1500,JERSEY CITY,NJ,07310,,,,,,,,,paper
434,0000771572,"ASHTON THOMAS SECURITIES, LLC",00834261,200 CANAL VIEW BLVD.,STE. 204,ROCHESTER,NY,14623,"RDG Partners CPAs, PLLC",10 Winthrop Street,Rochester,NEW YORK,14607,Certified Public Accountant,12-31-2024,0000771572-25-000004,xml
435,0000772023,"THE CARNEY GROUP, INCORPORATED",00834349,"135 S.E. 5TH AVENUE, SUITE 202",,DELRAY BEACH,FL,33483,,,,,,,,,paper
436,0000772028,BMO CAPITAL MARKETS CORP.,00834344,151 WEST 42ND STREET,,NEW YORK,NY,10036,KPMG LLP,345 PARK AVE.,NEW YORK,NEW YORK,10154,Certified Public Accountant,12-31-2019,0000772028-20-000003,xml
437,0000772040,ABN AMRO CLEARING USA LLC,00834354,175 WEST JACKSON BLVD,STE 2050,CHICAGO,IL,60604,Ernst  Young LLP,155 N Wacker Drive,Chicago,ILLINOIS,60606,Certified Public Accountant,12-31-2024,0000772040-25-000002,xml
438,0000773309,SRT SECURITIES LLC,00834415,416 HAWTHORNE STREET,SUITE 1512,BIRMINGHAM,MI,48009,Aprio LLP,350 Fifth Ave,New York,NEW YORK,10118,Certified Public Accountant,12-31-2023,0000773309-24-000005,xml
439,0000773373,"VALLEY NATIONAL INVESTMENTS, INC.",00834427,1655 VALLEY CENTER PARKWAY,SUITE 100,BETHLEHEM,PA,18017,Berkower LLC,"517 Route One South, Suite 4103",Iselin,NEW JERSEY,08830,Certified Public Accountant,12-31-2024,0000773373-25-000001,xml
440,0000773662,MCCLURG CAPITAL CORPORATION,00834473,"950 NORTHGATE DRIVE, SUITE 301",,SAN RAFAEL,CA,94903,,,,,,,,,paper
441,0000775156,"ALPS DISTRIBUTORS, INC.",00834626,1290 BROADWAY,SUITE 1000,DENVER,CO,80203,,,,,,,,,paper
442,0000775394,"HCC SECURITIES GROUP, INC",00834645,261 OLD YORK RD #823 A,,JENKINTOWN (MONTGOMERY),PA,19046,,,,,,,,,paper
443,0000775397,FIRSTRADE SECURITIES INC.,00834642,"30-50 WHITESTONE EXPRESSWAY, SUITE A301",,FLUSHING,NY,11354,,,,,,,,,paper
444,0000776021,"SYNOVUS SECURITIES, INC.",00834709,P.O. BOX 2628,,COLUMBUS,GA,31902-2628,Crowe LLP,485 Lexington Avenue,New York,NEW YORK,10017,Certified Public Accountant,12-31-2024,0000776021-25-000001,xml
445,0000776024,"TEXAKOMA FINANCIAL, INC.",00834706,5601 GRANITE PARKWAY,SUITE 800,PLANO,TX,75024,"Dance, Bigelow  Co., PC",3492 Long Prairie Road,Flower Mound,TEXAS,75022,Certified Public Accountant,12-31-2024,0000776024-25-000003,xml
446,0000779015,HUNTINGTON INVESTMENT Co,00834867,7 EASTON OVAL,5TH FLOOR EA5C003,COLUMBUS,OH,43219,,,,,,,,,paper
447,0000779074,"FINANCIAL NORTHEASTERN SECURITIES, INC.",00834883,100 PASSAIC AVENUE,100,FAIRFIELD,NJ,07004,,,,,,,,,paper
448,0000779156,MAINE SECURITIES CORPORATION,00834889,15 MONUMENT SQUARE,,PORTLAND,ME,04101,,,,,,,,,paper
449,0000779484,THE STURGES COMPANY,00834910,8787 BAY COLONY DRIVE #1002,,NAPLES,FL,34108,,,,,,,,,paper
450,0000779574,STONEWALL INVESTMENTS TENNESSEE INC.,00834927,"6410 POPLAR AVE., SUITE 320",SUITE 320,MEMPHIS,TN,38119,,,,,,,,,paper
451,0000779622,LAM SECURITIES INVESTMENTS,00834937,2099 LAKE STREET,,SAN FRANCISCO,CA,94121,,,,,,,,,paper
452,0000780789,"UMB FINANCIAL SERVICES, INC.",00834999,928 GRAND AVENUE,,KANSAS CITY,MO,64106,,,,,,,,,paper
453,0000781875,"COMERICA SECURITIES,INC.",00835001,36455 CORPORATE DRIVE,MAIL CODE 3291,FARMINGTON HILLS,MI,48331,Ernst  Young LLP,"2323 Victory Avenue, Suite 2000",Dallas,TEXAS,75219,Certified Public Accountant,12-31-2024,0000781875-25-000003,xml
454,0000782124,J.P. MORGAN SECURITIES LLC,00835008,1111 POLARIS PKWY,FLOOR 3F,COLUMBUS,OH,43240,PricewaterhouseCoopers LLP,300 Madison Avenue,New York,NEW YORK,10017,Certified Public Accountant,12-31-2024,0000782124-25-000005,xml
455,0000783189,"FIRST HORIZON ADVISORS, INC.",00835061,165 MADISON AVENUE,14TH FLOOR,MEMPHIS,TN,38103,KPMG LLP,6070 Poplar Ave.,Memphis,TENNESSEE,38119,Certified Public Accountant,12-31-2024,0000783189-25-000002,xml
456,0000783343,FIDELITY DISTRIBUTORS COMPANY LLC,00835097,TWO DESTINY WAY,MAIL ZONE WG3D,WESTLAKE,TX,76262,PricewaterhouseCoopers LLP,300 Madison Avenue,New York,NEW YORK,10017-6204,Certified Public Accountant,12-31-2024,0000783343-25-000003,xml
457,0000783344,"COMMERCE BROKERAGE SERVICES, INC.",00835096,8000 FORSYTH BLVD,SUITE 1200,CLAYTON,MO,63105-1707,KPMG LLP,1000 Walnut,Kansas City,MISSOURI,64106,Certified Public Accountant,12-31-2024,0000783344-25-000004,xml
458,0000783427,INTEGRATED FINANCIAL PLANNING SERVICES,00835120,KARLSTRASSE 20,,HEIDELBERG 69117,I8,69117,,,,,,,,,paper
459,0000783480,"AVM, L.P.",00835136,777 YAMATO ROAD,SUITE 300,BOCA RATON,FL,33431,,,,,,,,,paper
460,0000784017,"SMG SECURITIES, INC.",00835184,333 EAST 66TH STREET,SUITE 2-O,NEW YORK,NY,10065,,,,,,,,,paper
461,0000784021,"MARTINSON & COMPANY, LTD.",00835180,140 BARRY AVENUE NORTH,,WAYZATA,MN,55391,Cropper Accountancy Corporation,"2700 Ygnacio Valley Rd., Suite 270",Walnut Creek,CALIFORNIA,94598,Certified Public Accountant,06-30-2025,0000784021-25-000003,xml
462,0000784028,"ACADEMY SECURITIES, INC.",00835173,622 3RD AVENUE,12TH FLOOR,NEW YORK,NY,10017,Marcum LLP,340 Mt Kemble Avenue,Morristown,NEW JERSEY,07960,Certified Public Accountant,12-31-2024,0000784028-25-000002,xml
463,0000784041,"M&T SECURITIES, INC.",00835185,1 LIGHT STREET,SUITE 2000,BALTIMORE,MD,21202,PricewaterhouseCoopers LLP,726 Exchange Street,Buffalo,NEW YORK,14210,Certified Public Accountant,12-31-2024,0000784041-25-000005,xml
464,0000784089,"BESSEMER INVESTOR SERVICES, INC.",00835199,1271 AVENUE OF THE AMERICAS,46 FLOOR,NEW YORK,NY,10020,,,,,,,,,paper
465,0000785069,"BNY MELLON CAPITAL MARKETS, LLC",00835255,240 GREENWICH STREET,3RD FLOOR,NEW YORK,NY,10286,KPMG LLP,345 Park Avenue,New York,NEW YORK,10154,Certified Public Accountant,12-31-2023,0000785069-24-000007,xml
466,0000785701,"FROST BROKERAGE SERVICES, INC.",00835285,P.O. BOX 2538,,SAN ANTONIO,TX,78299,ERNST  YOUNG LLP,111 WEST HOUSTON STREET STE 1901,SAN ANTONIO,TEXAS,78205,Certified Public Accountant,12-31-2024,0000785701-25-000001,xml
467,0000785897,G. A. REPPLE & COMPANY,00835315,101 NORMANDY RD,,CASSELBERRY,FL,32707,"Ohab and Company, PA","100 E Sybelia Avenue, Suite 130",Maitland,FLORIDA,32751,Certified Public Accountant,12-31-2024,0000785897-25-000002,xml
468,0000786389,NW CAPITAL MARKETS INC.,00835363,522 BROAD STREET,,BLOOMFIELD,NJ,07003,Adeptus Partners LLC,390 N Broadway,Jericho,NEW YORK,11753,Certified Public Accountant,12-31-2024,0001620861-25-000002,xml
469,0000786393,"U.S. BANCORP INVESTMENTS, INC.",00835359,60 LIVINGSTON AVENUE,EP-MN-N2WC,SAINT PAUL,MN,55107,Ernst  Young LLP,1828 Walnut Street,Kansas City,MISSOURI,64108,Certified Public Accountant,12-31-2024,0000786393-25-000008,xml
470,0000786397,"TRUIST INVESTMENT SERVICES, INC.",00835355,303 PEACHTREE STREET,2ND FLOOR,ATLANTA,GA,30303,PRICEWATERHOUSECOOPERS LLP,214 N. Tryon Street,CHARLOTTE,NORTH CAROLINA,28202,Certified Public Accountant,12-31-2024,0000786397-25-000003,xml
471,0000786671,"BOK FINANCIAL SECURITIES, INC.",00835381,P.O. BOX 2300,,TULSA,OK,74192,Ernst  Young LLP,One Williams Center Suite 1700,Tulsa,OKLAHOMA,74172,Certified Public Accountant,12-31-2024,0000786671-25-000004,xml
472,0000788704,MOMENTUM INDEPENDENT NETWORK INC.,00835475,717 HARWOOD STREET,SUITE 3400,DALLAS,TX,75201,"PricewaterhouseCoopers, LLP",2121 N. Pearl Street,Dallas,TEXAS,75201,Certified Public Accountant,12-31-2024,0001193125-25-031734,xml
473,0000789054,"MACK INVESTMENT SECURITIES, INC.",00835536,"211 WAUKEGAN RD., SUITE 300",,NORTHFIELD,IL,60093,Ohab and Company,100 East Sybelia Avenue,Maitland,FLORIDA,32751,Certified Public Accountant,12-31-2024,0000789054-25-000001,xml
474,0000789481,"RKCA, INC.",00835572,1077 CELESTIAL STREET,SUITE #480,CINCINNATI,OH,45202,"Flynn  Company, Inc.",7800 East Kemper Road,Cincinnati,OHIO,45249,Certified Public Accountant,12-31-2022,0000789481-23-000002,xml
475,0000789488,RAPHAEL ARYEH,00835565,141-51 72ND CRESCENT,,FLUSHING,NY,11367,Jennifer Wray,"800 Bonaventure Way, #168",Sugar Land,TEXAS,77479,Certified Public Accountant,12-31-2022,0000789488-23-000002,xml
476,0000789675,"WEITZ SECURITIES, INC.",00835603,BLACKSTONE PLAZA,"3555 FARNAM STREET, SUITE 800",OMAHA,NE,68131,,,,,,,,,paper
477,0000789994,"HOULIHAN LOKEY CAPITAL, INC.",00835643,10250 CONSTELLATION BOULEVARD,5TH FLOOR,LOS ANGELES,CA,90067,KPMG LLP,550 South Hope Street,Los Angeles,CALIFORNIA,90071-2629,Certified Public Accountant,03-31-2025,0000789994-25-000012,xml
478,0000789995,"INVESTMENT PLANNERS, INC.",00835642,P.O. BOX 170,,DECATUR,IL,62525-0170,Ryan  Juraska LLP,141 West Jackson Blvd,Chicago,ILLINOIS,60604,Certified Public Accountant,12-31-2024,0000789995-25-000001,xml
479,0000790080,DOWLING & PARTNERS SECURITIES LLC,00835658,190 FARMINGTON AVENUE,,FARMINGTON,CT,06032,"EisnerAmper, LLP",733 Third Ave,NY,NEW YORK,10017,Certified Public Accountant,12-31-2024,0000790080-25-000002,xml
480,0000790482,"ZIONS DIRECT, INC.",00835721,ONE SOUTH MAIN STREET,17TH FLOOR,SALT LAKE CITY,UT,84133,Ernst  Young LLP,395 9th Ave,New York,NEW YORK,10001,Certified Public Accountant,12-31-2024,0000790482-25-000002,xml
481,0000791540,"NBC SECURITIES, INC.",00835870,1927 1ST AVENUE NORTH,,BIRMINGHAM,AL,35203-0686,,,,,,,,,paper
482,0000792092,"SOGOTRADE, INC.",00835930,1 MCBRIDE AND SON CENTER DRIVE,SUITE 288,CHESTERFIELD,MO,63005,"Weisberg, Mole', Krantz  Goldfarb, LLP",185 Crossways Park Drive,Woodbury,NEW YORK,11797,Certified Public Accountant,12-31-2024,0000792092-25-000002,xml
483,0000792326,BLACKSTONE SECURITIES PARTNERS L.P.,00835941,601 LEXINGTON AVENUE,28TH FLOOR,NEW YORK,NY,10022,Deloitte  Touche LLP,30 Rockefeller Plaza,New York,NEW YORK,10112-0015,Certified Public Accountant,12-31-2024,0000792326-25-000003,xml
484,0000792945,"ACS EXECUTION SERVICES, LLC",00836005,12 BROAD STREET,2ND FLOOR,RED BANK,NJ,07701,Ryan  Juraska,141 W Jackson Boulevard,Chicago,ILLINOIS,60604,Certified Public Accountant,12-31-2024,0000792945-25-000001,xml
485,0000793941,RFS PARTNERS,00836128,1125 17TH STREET,SUITE 2550,DENVER,CO,80202-1805,Crowe LLP,485 Lexington Avenue,New York,NEW YORK,10017,Certified Public Accountant,06-30-2025,0001999371-25-014224,xml
486,0000794092,"OAK TREE SECURITIES, INC.",00836138,4049 FIRST STREET,SUITE 129,LIVERMORE,CA,94551-4949,,,,,,,,,paper
487,0000795051,"ZEUS FINANCIAL, LLC",00836214,4800 T-REX AVENUE,SUITE 100,BOCA RATON,FL,33431,Assurance Dimensions,"3111 N. University Dr., Suite 621",Coral Springs,FLORIDA,33065,Certified Public Accountant,12-31-2024,0000795051-25-000001,xml
488,0000795770,"GREENBRIER DIVERSIFIED, INC.",00836266,8530 WILSHIRE BOULEVARD,SUITE 200,BEVERLY HILLS,CA,90211-3113,"Breard  Associates, Inc",9221 Corbin Avenue,Northridge,CALIFORNIA,91324,Certified Public Accountant,12-31-2016,0000795770-17-000001,xml
489,0000796257,"LEMLEY, YARLING & CO.",00836305,3051 ALDERBROOK DR,,INDEPENDENCE,KY,41051,,,,,,,,,paper
490,0000797152,"ALLSTATE FINANCIAL SERVICES, LLC",00836365,PO BOX 83271,,LINCOLN,NE,68501-3271,Deloitte and Touche LLP,111 South Wacker Drive,Chicago,ILLINOIS,60606,Certified Public Accountant,12-31-2024,0000797152-25-000003,xml
491,0000798144,"TRUSTMONT FINANCIAL GROUP, INC.",00836439,SCENIC DRIVE PROFESSIONAL CENTER,"200 BRUSH RUN ROAD, SUITE A",GREENSBURG,PA,15601,,,,,,,,,paper
492,0000798377,SAMI BROKERAGE LLC,00836472,2 HIGH RIDGE PARK,2ND FLOOR,STAMFORD,CT,06905,Ernst  Young,801 Grand Ave,Des Moines,IOWA,50309,Certified Public Accountant,12-31-2024,0000798377-25-000001,xml
493,0000798993,THRIVENT INVESTMENT MANAGEMENT INC.,00836525,600 PORTLAND AVENUE SOUTH,,MINNEAPOLIS,MN,55415,PricewaterhouseCoopers LLC,45 South Seventh St. Suite 3400,Minneapolis,MINNESOTA,55402,Certified Public Accountant,12-31-2024,0000798993-25-000004,xml
494,0000799091,PRUDENTIAL INVESTMENT MANAGEMENT SERVICES LLC,00836540,655 BROAD STREET,19TH FLOOR,NEWARK,NJ,07102,"PricewaterhouseCoopers, LLP",300 Madison Avenue,New York,NEW YORK,10017,Certified Public Accountant,12-31-2024,0000799091-25-000008,xml
495,0000799187,"SATURNA BROKERAGE SERVICES, INC",00836558,1300 N. STATE STREET,,BELLINGHAM,WA,98225-4730,"Baker Tilly US, LLP","205 N Michigan Avenue, 28th floor",Chicago,ILLINOIS,60601,Certified Public Accountant,06-30-2025,0000799187-25-000002,xml
496,0000799356,LARIMER CAPITAL CORPORATION,00836594,1720 SOUTH BELLAIRE STREET,SUITE 1110,DENVER,CO,80222,,,,,,,,,paper
497,0000800183,STONEX SECURITIES INC.,00836638,2 PERIMETER PARK SOUTH,SUITE 500 WEST,BIRMINGHAM,AL,35243,,,,,,,,,paper
498,0000801626,VASILIOU & COMPANY INC.,00836698,800 SOUTH POINTE DRIVE,SUITE 2001,MIAMI BEACH,FL,33139,"Salberg  Company, PA","2295 NW Corporate Blvd, Suite 2",Boca Raton,FLORIDA,33431,Certified Public Accountant,12-31-2020,0000801626-21-000001,xml
499,0000801628,"GELBER SECURITIES, LLC",00836696,350 NORTH ORLEANS ST S10000,,CHICAGO,IL,60654,RSM US LLP,30 S Wacker Drive,Chicago,ILLINOIS,60606,Certified Public Accountant,12-31-2024,0000801628-25-000005,xml
500,0000803012,TD SECURITIES (USA) LLC,00836747,ONE VANDERBILT AVENUE,,NEW YORK,NY,10017,Ernst  Young LLP,One Manhattan West,New York,NEW YORK,10001,Certified Public Accountant,10-31-2024,0000803012-24-000023,xml
501,0000803039,"TRADEUP SECURITIES, INC.",00836754,437 MADISON AVE,27TH FLOOR,NEW YORK,NY,10022,"Forvis Mazars, LLP",60 Crossways Park Drive West,Woodbury,NEW YORK,11797,Certified Public Accountant,12-31-2024,0000803039-25-000001,xml
502,0000803056,"CNR SECURITIES, LLC",00836759,400 PARK AVENUE,3RD FLOOR,NEW YORK,NY,10022,,,,,,,,,paper
503,0000803104,WELLFLEET INVESTMENTS LLC,00836769,PO BOX 222142,,GREAT NECK,NY,11022-2142,,,,,,,,,paper
504,0000803887,AVANTI SECURITIES CORPORATION,00836814,"2 ST. CLAIR AVENUE WEST, SUITE 2102",,"TORONTO, ON",A6,M4V 1L5,CliftonLarsonAllen LLP,801 Felix Street,St. Joseph,MISSOURI,64501,Certified Public Accountant,12-31-2018,0000803887-19-000003,xml
505,0000806710,"CONSOLIDATED FINANCIAL INVESTMENTS, INC.",00837004,222 NORTH MERAMEC AVENUE,SUITE 201,CLAYTON,MO,63105-3702,Cropper Accountancy Corporation,2700 Yganacio Valley Rd.,Walnut Creek,CALIFORNIA,94598,Certified Public Accountant,12-31-2024,0002013816-25-000025,xml
506,0000807721,"SIGNATURE ESTATE SECURITIES, LLC",00837065,2121 AVENUE OF STARS,SUITE 1600,LOS ANGELES,CA,90067,,,,,,,,,paper
507,0000808098,DOMINARI SECURITIES LLC,00837105,"725 FIFTH AVENUE, 23RD FL.",23RD FLOOR,NEW YORK,NY,10022,Marcum LLP,730 Third Avenue,New York,NEW YORK,10017,Certified Public Accountant,12-31-2023,0000808098-24-000005,xml
508,0000808379,NATWEST MARKETS SECURITIES INC.,00837135,600 WASHINGTON BOULEVARD,,STAMFORD,CT,06901,Ernst  Young,One Manhattan West,New York,NEW YORK,10001,Certified Public Accountant,12-31-2024,0000808379-25-000001,xml
509,0000809008,"WELLS FARGO CLEARING SERVICES, LLC",00837180,ONE NORTH JEFFERSON AVENUE,MAIL CODE: H0004-05E,ST. LOUIS,MO,63103,KPMG LLP,10 SOUTH BROADWAY,SAINT LOUIS,MISSOURI,63102,Certified Public Accountant,12-31-2024,0000711553-25-000007,xml
510,0000809450,HARRISON SECURITIES INC /BD,00837229,1607 FOREST TRAIL,,AUSTIN,TX,78703,,,,,,,,,paper
511,0000809979,CAMDEN FINANCIAL SERVICES,00837303,4913 BATEMAN ROAD,SUITE 1200,KELLER,TX,76244,Dylan Floyd Accounting and Consulting,20909 Judah Lane,Newhall,CALIFORNIA,91321,Certified Public Accountant,12-31-2024,0000809979-25-000002,xml
512,0000810121,"HARBOUR INVESTMENTS, INC.",00837373,575 D'ONOFRIO DRIVE,SUITE 300,MADISON,WI,53719,,,,,,,,,paper
513,0000810167,"NASDAQ EXECUTION SERVICES, LLC",00837329,2929 WALNUT STREET,"FMC TOWER, LEVEL 8",PHILADELPHIA,PA,19104,ERNST  YOUNG,One Manhattan West,New York,NEW YORK,10036,Certified Public Accountant,12-31-2024,0000810167-25-000002,xml
514,0000810882,INTESA SANPAOLO IMI SECURITIES CORP.,00837444,1 WILLIAM STREET,35TH FLOOR,NEW YORK,NY,10004,PFK O'CONNOR DAVIES LLP,245 PARK AVE,NEW YORK,NEW YORK,10167,Certified Public Accountant,12-31-2024,0000810882-25-000003,xml
515,0000811063,"ROBERTS & RYAN, INC.",00837469,39 BROADWAY,STE 610,NEW YORK,NY,10006-3003,"Meisel, Tuteur  Lewis, P.C.",105 Eisenhower Parkway,Roseland,NEW JERSEY,07068,Certified Public Accountant,12-31-2024,0000811063-25-000003,xml
516,0000811093,BRADESCO INVESTMENTS INC.,00837483,"3011 PONCE DE LEON BLVD, PH1",,CORAL GABLES,FL,33134,KPMG LLP,345 PARK AVENUE,NEW YORK,NEW YORK,10154-0102,Certified Public Accountant,12-31-2024,0000811093-25-000006,xml
517,0000811095,THORNTON FARISH INC.,00837486,"3500 EASTERN BLVD, SUITE 210",,MONTGOMERY,AL,36116-1781,,,,,,,,,paper
518,0000811229,SUSQUEHANNA INVESTMENT GROUP,00837520,401 CITY AVE. STE 220,,BALA CYNWYD,PA,19004-1122,PricewaterhouseCoopers,300 Madison Ave,New York,NEW YORK,10017,Certified Public Accountant,12-31-2024,0000811229-25-000006,xml
519,0000811230,"INTERCAROLINA FINANCIAL SERVICES, INC.",00837519,3300 BATTLEGROUND AVENUE SUITE 202,,GREENSBORO,NC,27410-2447,Bathelor Tilley and Robert LLC,3605 Glenwood Ave,Raleigh,NORTH CAROLINA,27612,Certified Public Accountant,12-31-2022,0000811230-23-000002,xml
520,0000811504,"STANCORP EQUITIES, INC.",00837563,"900 SW 5TH AVENUE, C22",,PORTLAND,OR,97204-1093,Moss Adams LLP,"805 Southwest Broadway, Suite 1400",Portland,OREGON,97205,Certified Public Accountant,12-31-2024,0000811504-25-000002,xml
521,0000811506,OMNI FINANCIAL GROUP INC                                /BD,00837568,,,,,,,,,,,,,,paper
522,0000811507,JOHNSON RICE & COMPANY L.L.C.,00837567,639 LOYOLA AVENUE-STE 2775,,NEW ORLEANS,LA,70113,Laporte,5100 Village Walk Suite 300,Covngton,LOUISIANA,70433,Certified Public Accountant,12-31-2024,0000811507-25-000002,xml
523,0000811665,"PROFUNDS DISTRIBUTORS, INC.",00837601,7272 WISCONSIN AVE.,21ST FLOOR,BETHESDA,MD,20814-6527,,,,,,,,,paper
524,0000811733,"FIRST WESTERN SECURITIES, INC.",00837613,669 AIRPORT FREEWAY #409,SUITE 115,HURST,TX,76053,Phillip V. George PLLC,5179 CR 1026,Celeste,TEXAS,75423,Certified Public Accountant,06-30-2025,0000811733-25-000002,xml
525,0000812226,"RHODES SECURITIES, INC.",00837689,306 WEST 7TH STREET,SUITE 1000,FORT WORTH,TX,76102,McBee  Co. P.C.,718 Paulus Ave,Dallas,TEXAS,75214,Certified Public Accountant,04-30-2025,0000812226-25-000001,xml
526,0000812291,MIZUHO SECURITIES USA LLC,00837710,1271 AVENUE OF THE AMERICAS,"FLOORS - 2,3,4,18,19",NEW YORK,NY,10020,Ernst  Young LLP,One Manhattan West,New York,NEW YORK,10001,Certified Public Accountant,03-31-2025,0000812291-25-000009,xml
527,0000813047,"GOLDEN EAGLE SECURITIES, INC.",00837788,845 UNITED NATIONS PLAZA,SUITE 19F,NEW YORK,NY,10017,,,,,,,,,paper
528,0000813642,CALAMOS FINANCIAL SERVICES LLC,00837854,2020 CALAMOS COURT,,NAPERVILLE,IL,60563-2787,Deloitte  Touche LLP,111 S Wacker Drive,Chicago,ILLINOIS,60606,Certified Public Accountant,12-31-2024,0000813642-25-000003,xml
529,0000814108,M.M. DILLON & CO. LLC,00837893,ONE SOUND SHORE DRIVE,SUITE 100,GREENWICH,CT,06830,Sanville  Company LLC,2617 Huntington Pike,Huntington Valley,PENNSYLVANIA,19006,Certified Public Accountant,12-31-2024,0000814108-25-000001,xml
530,0000814405,"SECU BROKERAGE SERVICES, INC.",00837927,P.O. BOX 26807,,RALEIGH,NC,27611-6807,Baker Tilly,14555 Dallas Parkway,Dallas,TEXAS,75254,Certified Public Accountant,06-30-2025,0000814405-25-000001,xml
531,0000814558,"INTERNATIONAL RESEARCH SECURITIES, INC.",00837954,2550 PACIFIC AVE.,FLOOR 800,DALLAS,TX,75226,McBee  Co. P.C.,718 Paulus Ave,Dallas,TEXAS,75214,Certified Public Accountant,12-31-2024,0000814558-25-000001,xml
532,0000816991,"MOMENTIX CAPITAL, INC.",00838086,1 BETHANY ROAD,SUITE 36,HAZLET,NJ,07730,,,,,,,,,paper
533,0000817456,"ARLINGTON SECURITIES, INCORPORATED",00838098,140 MARINE LANE,,ST. LOUIS,MO,63146-2236,,,,,,,,,paper
534,0000817462,DEALERWEB LLC,00838103,185 HUDSON STREET,"HARBORSIDE 5, SUITE 2200",JERSEY CITY,NJ,07311,Deloitte  Touche LLP,30 Rockefeller Plaza,New York,NEW YORK,10112,Certified Public Accountant,12-31-2024,0000817462-25-000003,xml
535,0000818043,INSTITUTIONAL SECURITIES CORPORATION,00838158,3500 OAK LAWN AVE,SUITE 400,DALLAS,TX,75219,Sanville  Company,325 N Saint Paul St #3100,Dallas,TEXAS,75201,Certified Public Accountant,12-31-2024,0000818043-25-000001,xml
536,0000818286,"FUND INVESTORS, INC.",00838186,510 EAST HIGH STREET,,EBENSBURG,PA,15931,,,,,,,,,paper
537,0000818652,"R.M.N. SECURITIES, INC.",00838211,108 NORTH FRONT STREET,P.O. BOX 3576,KINGSTON,NY,12402,RBSM LLP,"805 Third Ave, 14th Floor",New York,NEW YORK,10022,Certified Public Accountant,12-31-2024,0000818652-25-000006,xml
538,0000818830,"BRYANT PARK CAPITAL SECURITIES, INC.",00838238,"161 WASHINGTON ST., SUITE 310",16TH FLOOR,CONSHOHOCKEN,PA,19428,"Alvarez  Associates, Inc.",9221 Corbin Avenue,Northridge,CALIFORNIA,91324,Certified Public Accountant,12-31-2019,0000818830-20-000001,xml
539,0000819592,SANDERS MORRIS LLC,00838325,600 TRAVIS,SUITE 5900,HOUSTON,TX,77002-3003,"McBee  Co., PC",718 Paulus Avenue,Dallas,TEXAS,75214,Certified Public Accountant,12-31-2024,0000819592-25-000003,xml
540,0000819594,HUNNICUTT & CO. LLC,00838327,110 E. 59TH STREET,22ND FLOOR,NEW YORK,NY,10022,,,,,,,,,paper
541,0000820010,"WORLD INVESTMENTS, INC.",00838377,437 NEWMAN SPRINGS ROAD,,LINCROFT,NJ,07738,,,,,,,,,paper
542,0000820015,"CORNERSTONE FINANCIAL SERVICES, INC.",00838383,119 N BROADWAY STREET,SUITE 102,GREENFIELD,IN,46140,,,,,,,,,paper
543,0000820022,SCULLY CAPITAL SECURITIES CORP.,00838388,1050 CONNECTICUT AVENUE NW,SUITE 500,WASHINGTON,DC,20036,Cropper Accountancy Corporation,2700 Ygnacio Valley Road,Walnut Creek,CALIFORNIA,94598,Certified Public Accountant,06-30-2025,0000820022-25-000004,xml
544,0000820356,"WESTMINSTER FINANCIAL SECURITIES, INC.",00838426,50 CHESTNUT STREET,SUITE A-200,BEAVERCREEK,OH,45440,Sanville  Company,2617 Huntingdon Pike,Huntingdon Valley,PENNSYLVANIA,19006,Certified Public Accountant,12-31-2024,0000820356-25-000002,xml
545,0000820486,WESTCO INVESTMENT CORP.,00838452,77 HEMPSTEAD AVE,,LYNBROOK,NY,11563,"RW Group, LLC",114 Cambridge Road,Landenberg,PENNSYLVANIA,19350,Certified Public Accountant,09-30-2024,0000820486-24-000002,xml
546,0000820694,UNITED PLANNERS' FINANCIAL SERVICES OF AMERICA A LIMITED PARTNER,00838485,P.O. BOX 5750,,SCOTTSDALE,AZ,85261-5750,,,,,,,,,paper
547,0000820809,FIRST COMMONWEALTH SECURITIES CORPORATION,00838520,75 14TH STREET NE,SUITE 3240,ATLANTA,GA,30309,,,,,,,,,paper
548,0000820826,PELUCHIWSKI WILLIAM GEORGE,00838497,"C/O HOULIHAN LOKEY, INC.","10250 CONSTELLATION BLVD., 5TH FLOOR",LOS ANGELES,CA,90067,,,,,,,,,paper
549,0000822489,THINKEQUITY LLC,00838622,"17 STATE STREET, 41ST FLOOR",SUITE 643,NEW YORK,NY,10004,Grassi Advisors  Accountants,"360 Madison Ave, 7th Floor",New York,NEW YORK,10017,Certified Public Accountant,12-31-2024,0000822489-25-000006,xml
550,0000822648,"CALTON & ASSOCIATES, INC.",00838635,2701 N ROCKY POINT DRIVE,SUITE 1000,TAMPA,FL,33607,"Prida, Guida  Perez, P.A.",2504 West Kathleen Street,Tampa,FLORIDA,33607,Certified Public Accountant,09-30-2024,0000822648-24-000003,xml
551,0000822653,"OAKWOOD CAPITAL SECURITIES, INC.",00838631,600 HIGHWAY 169 SOUTH,SUITE 1410,ST. LOUIS PARK,MN,55426,Ohab and Company,100 E Sybelia Avenue,Maitland,FLORIDA,32751,Certified Public Accountant,03-31-2025,0000822653-25-000005,xml
552,0000822756,GUZMAN & COMPANY,00838646,101 ARAGON AVENUE,14TH FLOOR,CORAL GABLES,FL,33134-5426,"BDO USA, P.C",100 SE 2ND ST. SUITE 1700,MIAMI,FLORIDA,33131,Certified Public Accountant,12-31-2024,0000822756-25-000004,xml
553,0000824662,"ARBOR RESEARCH & TRADING, LLC",00838818,22333 CLASSIC COURT,SUITE 260,LAKE BARRINGTON,IL,60010,DeMarco Sciaccotta Wilkens  Dunleavy LLP,"20646 Abbey Woods Ct N, Suite 201",Frankfort,ILLINOIS,60423,Certified Public Accountant,12-31-2024,0000824662-25-000001,xml
554,0000825602,VONTOBEL SECURITIES LTD.,00838977,66 HUDSON BOULEVARD,34TH FLOOR,NEW YORK,NY,10001,,,,,,,,,paper
555,0000825904,"BGC FINANCIAL, L.P.",00839012,"55 WATER STREET, 10TH FLOOR",84TH FLOOR,NEW YORK,NY,10041,Ernst  Young LLP,One Manhattan West,New York,NEW YORK,10001,Certified Public Accountant,12-31-2024,0001492598-25-000006,xml
556,0000826048,MIDDLEGATE SECURITIES INC.,00839031,8 WEST 40TH STREET,4TH FLOOR,NEW YORK,NY,10018-3805,Weaver and Tidwell LLP,One Pennsylvania Plaza,New York,NEW YORK,10119,Certified Public Accountant,12-31-2024,0000826048-25-000002,xml
557,0000826433,"PRUDENTIAL ANNUITIES DISTRIBUTORS, INC",00839058,ONE CORPORATE DRIVE,,SHELTON,CT,06484,"PricewaterhouseCoopers, LLP",300 Madison Avenue,New York,NEW YORK,10017,Certified Public Accountant,12-31-2024,0000826433-25-000006,xml
558,0000826438,"THRASHER & CHAMBERS, INC.",00839049,1110 SE 28TH STREET SUITE 10,SUITE 4,BENTONVILLE,AR,72712-6706,"Tuttle  Bond, PLLC",3488 South US HWY 77,Giddings,TEXAS,78942,Certified Public Accountant,12-31-2024,0000826438-25-000002,xml
559,0000826550,"RICE SECURITIES, LLC",00839085,"3 COLUMBUS CIRCLE, 15TH FL",6TH FLOOR,NEW YORK,NY,10019,Crowe LLP,485 Lexington Avenue,New York,NEW YORK,10017,Certified Public Accountant,12-31-2024,0000826550-25-000001,xml
560,0000826606,DIRECTED SERVICES LLC,00839104,SUITE 1350,699 WALNUT STREET,DES MOINES,IA,50309,N/A-The Registrant qualifies for the single issuer exemption under Paragraph (e)(1)(i)(A) of Rule l7a-5 of the Securities Exchange Act of 1934,N/A,N/A,PENNSYLVANIA,19380,Certified Public Accountant,12-31-2024,0000826606-25-000003,xml
561,0000828400,"WATERFORD CAPITAL, INC.",00839210,14275 MIDWAY ROAD,SUITE 138,ADDISON,TX,75001,,,,,,,,,paper
562,0000828653,"RUSSELL INVESTMENTS FINANCIAL SERVICES, LLC",00839227,"401 UNION ST, 18TH FLOOR",,SEATTLE,WA,98101,"RSM US, LLP","30 South Wacker Drive, Ste 3300",Chicago,ILLINOIS,60606,Certified Public Accountant,12-31-2024,0000828653-25-000003,xml
563,0000828688,"CATHAY SECURITIES, INC.",00839247,40 WALL STREET,SUITE 3600,NEW YORK,NY,10005,"Wei Wei  Co., LLP",139-10 39th Avenue,Flushing,NEW YORK,11354,Certified Public Accountant,12-31-2022,0000828688-23-000008,xml
564,0000828793,"DAVIS DISTRIBUTORS, LLC",00839258,2949 EAST ELVIRA ROAD,SUITE 101,TUCSON,AZ,85756,,,,,,,,,paper
565,0000830005,TRIVE NEW YORK LLC,00839420,85 BROAD STREET,SUITE 17-105,NEW YORK,NY,10004-2434,Nawrocki Smith LLP,100 Motor Parkway,Hauppauge,NEW YORK,11788,Certified Public Accountant,06-30-2025,0002013816-25-000106,xml
566,0000830284,"CAPITAL MANAGEMENT PARTNERS, INC.",00839446,1100 NORTH 4TH STREET,SUITE 141,FAIRFIELD,IA,52556,,,,,,,,,paper
567,0000831157,"MULTI-BANK SECURITIES, INC.",00839547,1000 TOWN CENTER #2300,SUITE 1350,SOUTHFIELD,MI,48075,"Carnaghi  Schwark, PLLC",30435 Groesbeck Highway,Roseville,MICHIGAN,48066,Certified Public Accountant,12-31-2019,0000831157-20-000003,xml
568,0000831430,ENCLAVE CAPITAL LLC,00839592,301 YAMATO ROAD,SUITE 2198,BOCA RATON,FL,33431,,,,,,,,,paper
569,0000831726,"CITIZENS JMP SECURITIES, LLC",00839613,101 CALIFORNIA STREET,STE 1700,SAN FRANCISCO,CA,94111,Deloitte  Touche LLP,115 Federal Street,Boston,MASSACHUSETTS,02110,Certified Public Accountant,12-31-2024,0000831726-25-000004,xml
570,0000832341,"REALIZED FINANCIAL, INC.",00839659,500 W. 13TH STREET,SUITE 700,AUSTIN,TX,78701,Phillip V.  George,5179 CR 1026,Celeste,TEXAS,75423,Certified Public Accountant,03-31-2025,0000832341-25-000001,xml
571,0000832719,"BANYAN SECURITIES, LLC",00839716,17 E SIR FRANCIS DRAKE BLVD,SUITE 201,LARKSPUR,CA,94939,,,,,,,,,paper
572,0000832749,"ACCESS SECURITIES, LLC",00839729,140 ELM STREET SUITE 7,,NEW CANAAN,CT,06840,,,,,,,,,paper
573,0000834168,"PTR, INC.",00839854,601 HADDON AVENUE,SUITE 108,COLLINGSWOOD,NJ,08108,Nawrocki Smith LLP,100 Motor Parkway Suite 580,Hauppauge,NEW YORK,11788,Certified Public Accountant,06-30-2025,0000834168-25-000004,xml
574,0000835122,"FLI INVESTORS, LLC",00839904,1 JERICHO PLAZA - SUITE 201,,JERICHO,NY,11753-1673,,,,,,,,,paper
575,0000835587,NATIONAL BANK OF CANADA FINANCIAL INC.,00839947,65 EAST 55TH STREET,8TH FLOOR,NEW YORK,NY,10022,Crowe LLP,"485 Lexington Ave, Floor 11",New York,NEW YORK,10017,Certified Public Accountant,10-31-2024,0000835587-24-000010,xml
576,0000836584,SECURITIES CAPITAL CORPORATION,00840044,P.O. BOX 2772,,BIRMINGHAM,AL,35202,,,,,,,,,paper
577,0000836902,"THE BENCHMARK COMPANY, LLC",00840081,150 E 58TH STREET,17TH FLOOR,NEW YORK,NY,10155,,,,,,,,,paper
578,0000837078,"PENROD FINANCIAL SERVICES, INC.",00840088,P.O. BOX 220,,BRANSON,MO,65615,"Michael T. Patterson, CPA Holt  Patterson, LLC",260 Chesterfield Industrial Blvd,Chesterfield,MISSOURI,63005,Certified Public Accountant,12-31-2021,0001096906-22-000833,xml
579,0000837933,"OSAIC WEALTH, INC.",00840218,18700 N. HAYDEN ROAD,SUITE 255,SCOTTSDALE,AZ,85255,Deloitte  Touche LLP,100 South Mill Avenue,Tempe,ARIZONA,85281,Certified Public Accountant,12-31-2024,0000837933-25-000002,xml
580,0000839023,"ICMA-RC SERVICES, LLC",00840268,"777 NORTH CAPITOL STREET, NE",SUITE 600,WASHINGTON,DC,20002-4240,,,,,,,,,paper
581,0000839330,"GERWIN GROUP, INC.",00840282,1575 E. HILLCREST DRIVE,# 105,THOUSAND OAKS,CA,91362,"OHAB AND COMPANY, PA","100 E SYBELIA AVE., SUITE 130",MAITLAND,FLORIDA,32751,Certified Public Accountant,12-31-2021,0000839330-22-000002,xml
582,0000841111,"BUCKMAN, BUCKMAN & REID, INC.",00840413,44 CHURCH ST.,,LITTLE SILVER,NJ,07739,,,,,,,,,paper
583,0000841193,"THE CHAMPION GROUP, INC.",00840417,4416 LOCKHILL SELMA RD,,SHAVANO PARK,TX,78249,,,,,,,,,paper
584,0000841271,"MADISON AVENUE SECURITIES, LLC",00840426,13500 EVENING CREEK DR N,#555,SAN DIEGO,CA,92128,,,,,,,,,paper
585,0000842008,"ALANTRA, LLC",00840465,160 FEDERAL STREET,SUITE 1302,BOSTON,MA,02110,"Wolf  Company, P.C.",255 State Street,BOSTON,MASSACHUSETTS,02109,Certified Public Accountant,12-31-2024,0000842008-25-000002,xml
586,0000842373,"CLAYTON, WILLIAMS & SHERWOOD INVESTMENTS",00840494,"14 CORPORATE PLAZA, SUITE 210",,NEWPORT BEACH,CA,92660,,,,,,,,,paper
587,0000842659,CARTER CAPITAL CORPORATION,00840524,99 HARBOR ROAD,THE TIDE MILL BUILDING,SOUTHPORT,CT,06890,PKF OConnor Davies,4 co,Shelton,CONNECTICUT,06484,Certified Public Accountant,12-31-2021,0000842659-22-000003,xml
588,0000842730,"SS&C MARKET SERVICES, LLC",00840530,ONE POST OFFICE SQUARE,9TH FLOOR,BOSTON,MA,02109,"PricewaterhouseCoopers, LLP",One North Wacker,Chicago,ILLINOIS,60606,Certified Public Accountant,12-31-2019,0000842730-20-000007,xml
589,0000843844,"SEB SECURITIES, INC.",00840644,"66 HUDSON BOULEVARD, 28RD FLOOR",,NEW YORK,NY,10001,CohnReznick LLP,1301 Avenue of the Americas,New York,NEW YORK,10001,Certified Public Accountant,12-31-2024,0000843844-25-000003,xml
590,0000844771,"MIDLAND SECURITIES, LTD",00840685,1605 LBJ FREEWAY,SUITE 710,DALLAS,TX,75234,"Phillip V. George, PLLC",5179 CR 1026,Celeste,TEXAS,75423,Certified Public Accountant,12-31-2024,0000844771-25-000001,xml
591,0000844934,"PACIFIC FINANCIAL ASSOCIATES NV, INC.",00840712,10170 SWEET BAY CT,SUITE 119,PARKLAND,FL,33076,ohab and company pa,100 e sybelia ave,maitland,FLORIDA,32751,Certified Public Accountant,06-30-2025,0000844934-25-000002,xml
592,0000845194,"BREAN CAPITAL, LLC",00840742,505 FIFTH AVENUE,5TH FLOOR,NEW YORK,NY,10017,"kamler, lewis and noreman, LLP",1300 Walt Whitman Road First Floor,Melville,NEW YORK,11747,Certified Public Accountant,12-31-2024,0000845194-25-000002,xml
593,0000845368,"D.E. SHAW SECURITIES, L.L.C.",00840745,TWO MANHATTAN WEST,"375 NINTH AVENUE, 52ND FLOOR",NEW YORK,NY,10001,,,,,,,,,paper
594,0000845538,"OFG FINANCIAL SERVICES, INC.",00840770,"TOWNSITE PLAZA #2, SUITE # 105",120 SE 6TH AVENUE,TOPEKA,KS,66603-3515,,,,,,,,,paper
595,0000845894,"REALTA EQUITIES, INC.",00840822,1201 N. ORANGE STREET,SUITE 729,WILMINGTON,DE,19801,"Adeptus Partners,LLC",733 Route 35 North,Ocean,NEW JERSEY,07712,Certified Public Accountant,12-31-2024,0000845894-25-000004,xml
596,0000846227,"GORDIAN GROUP, LLC",00840861,950 THIRD AVENUE,17TH FLOOR,NEW YORK,NY,10022,,,,,,,,,paper
597,0000846350,"CP INVESTMENTS, LLC",00840862,2000 AVENUE OF THE STARS,11TH FLOOR,LOS ANGELES,CA,90067-4700,,,,,,,,,paper
598,0000846408,ICBA SECURITIES,00840867,775 RIDGE LAKE BLVD.,SUITE 190,MEMPHIS,TN,38120,"WithumSmithBrown, PC",1411 Broadway,New York,NEW YORK,10018,Certified Public Accountant,12-31-2024,0000846408-25-000003,xml
599,0000846416,L.O. THOMAS & CO. INC.,00840875,LINWOOD COMMMONS-SUITE A-6,2106 NEW ROAD PO BOX 293,LINWOOD,NJ,08221,Joseph Ferrara,100 Horizon Center #112,Hamilton,NEW JERSEY,08691,Certified Public Accountant,12-31-2024,0000846416-25-000002,xml
600,0000846554,SMH CAPITAL INVESTMENTS LLC,00840904,4200 S. HULEN,SUITE 534,FT. WORTH,TX,76109,"Tuttle  Bond, PLLC",2954 Goehmann Lane,Fredericksburg,TEXAS,78624,Certified Public Accountant,12-31-2024,0000846554-25-000001,xml
601,0000846653,"BENEDETTO, GARTLAND & COMPANY, INC.",00840919,444 MADISON AVENUE,4TH FLOOR,NEW YORK,NY,10022,,,,,,,,,paper
602,0000846986,SCHRODER FUND ADVISORS LLC,00840973,7 BRYANT PARK,,NEW YORK,NY,10018-3706,Ernst  Young LLP,One Manhattan West,New York,NEW YORK,10001,Certified Public Accountant,12-31-2024,0000846986-25-000001,xml
603,0000849302,"RICHFIELD ORION INTERNATIONAL, INC.",00841166,757 MALETA LANE,SUITE 202,CASTLE ROCK,CO,80108,,,,,,,,,paper
604,0000849351,MARCH CAPITAL CORP.,00841173,200 E RANDOLPH ST  SUITE 5100,,CHICAGO,IL,60601-6528,Michael Coglianese CPA P.C.,125 E Lane Street,Bloomingdale,ILLINOIS,60108,Certified Public Accountant,12-31-2024,0000849351-25-000001,xml
605,0000849832,STURDIVANT & CO. INC.,00841204,603 SHEPPARD ROAD,SUITE 520,VOORHEES,NJ,08043,RW Group LLC,114 Cambridge Road,Landenberg,PENNSYLVANIA,19350,Certified Public Accountant,12-31-2024,0000849832-25-000003,xml
606,0000849834,THE TAVENNER COMPANY,00841206,4910 OLD MECHANICSBURG RD.,,SPRINGFIELD,OH,45502,"Davies, Jerome",3605 Sandy Plains Road,Marietta,GEORGIA,30066,Certified Public Accountant,12-31-2024,0000849834-25-000001,xml
607,0000849875,"BEACONS STRATEGIC CAPITAL, INC.",00841221,14 WALL STREET,20TH FLOOR,NEW YORK,NY,10005,NAWROCKI SMITH LLP,100 MOTOR PARKWAY SUITE 580,HAUPPAUGE,NEW YORK,11788,Certified Public Accountant,10-31-2024,0000849875-25-000001,xml
608,0000850117,"FIRST DALLAS SECURITIES, INC.",00841231,2905 MAPLE AVENUE,,DALLAS,TX,75201,Baker Tilly US LLP,"14555 Dallas Parkway, Suite 300, Dallas,",Dallas,TEXAS,75254,Certified Public Accountant,07-31-2025,0000850117-25-000002,xml
609,0000850150,USAA INVESTMENT SERVICES COMPANY,00841241,9800 FREDERICKSBURG ROAD,,SAN ANTONIO,TX,78288-0227,Ernst  Young LLP,One Manhattan West,New York,NEW YORK,10001,Certified Public Accountant,12-31-2023,0000850150-24-000003,xml
610,0000851246,"INDEPENDENCE CAPITAL CO., INC.",00841331,"5579 PEARL ROAD, SUITE 100",,PARMA,OH,44129,,,,,,,,,paper
611,0000851376,BARCLAYS CAPITAL INC.,00841342,745 7TH AVENUE,,NEW YORK,NY,10019,KPMG LLP,345 Park Avenue,New York,NEW YORK,10154,Certified Public Accountant,12-31-2024,0001104659-25-016567,xml
612,0000851866,"BULLISH BOB BAGLEY SECURITIES, INC.",00841372,429 COUNTRY VIEW LANE,,GARLAND,TX,75043,,,,,,,,,paper
613,0000852091,JOSEPH GUNNAR & CO. LLC,00841386,1000 RXR PLAZA,,UNIONDALE,NY,11556,"Alperin, Nebbia  Associates, CPA, PA",375 Passaic Avenue,Fairfield,NEW JERSEY,07004,Certified Public Accountant,12-31-2024,0000795051-25-000002,xml
614,0000852094,"BEECH HILL SECURITIES, INC.",00841389,880 3RD AVENUE 16TH FLOOR,,NEW YORK,NY,10022-4730,Citrin Cooperman  Company LLP,88 Froehlich Farm Blvd.,Woodbury,NEW YORK,11797,Certified Public Accountant,12-31-2024,0000852094-25-000002,xml
615,0000852412,"B. RILEY SECURITIES, INC.",00841426,11100 SANTA MONICA BLVD,SUITE 800,LOS ANGELES,CA,90025,Spicer Jeffries LLP,4601 OTC Blvd,Denver,COLORADO,80237,Certified Public Accountant,12-31-2024,0001213900-25-024486,xml
616,0000852998,"GRF CAPITAL INVESTORS, INC.",00841494,1776 SOUTH UTICA AVE.,SUITE 160,TULSA,OK,74104,"Ohab  Company, P.A.","100 East Sybelia Ave., Suite130",Maitland,FLORIDA,32751,Certified Public Accountant,12-31-2024,0000852998-25-000001,xml
617,0000853168,"MELVIN SECURITIES,  L.L.C.",00841505,2107 N. MAGNOLIA AVE.,UNIT 3C,CHICAGO,IL,60614,,,,,,,,,paper
618,0000853624,"BRENDAN E. CRYAN AND COMPANY, L.L.C.",00841526,14 WALL STREET,SUITE 2028,NEW YORK,NY,10005,Raines and Fischer LLP,555 Fifth Avenue,New York,NEW YORK,10017,Certified Public Accountant,12-31-2021,0000853624-22-000001,xml
619,0000853720,"DOO FINANCIAL US, INC.",00841551,5049 EDWARDS RANCH ROAD,STE 400,FORT WORTH,TX,76109,"Citrin Cooperman  Company, LLP",709 Westchester Avenue,White Plains,NEW YORK,10604,Certified Public Accountant,12-31-2024,0002013816-25-000039,xml
620,0000853784,HSBC SECURITIES (USA) INC.,00841562,227 WEST MONROE,SUITE 1810,CHICAGO,IL,60606,PricewaterhouseCoopers LLP,300 Madison Avenue,New York,NEW YORK,10017,Certified Public Accountant,12-31-2024,0000853784-25-000005,xml
621,0000854142,"HOVDE GROUP, LLC",00841597,1629 COLONIAL PARKWAY,,INVERNESS,IL,60067,"FGMK, LLC",1629 Colonial Parkway,Inverness,ILLINOIS,60067,Certified Public Accountant,12-31-2024,0000854142-25-000003,xml
622,0000854143,STARK FINANCIAL INDUSTRIES LLC,00841598,"515 MARIN STREET, SUITE 416",,THOUSAND OAKS,CA,91360,"ANSON, BRIAN W.","18455 BURBANK BLVD., SUITE 404",TARZANA,CALIFORNIA,91356,Certified Public Accountant,12-31-2024,0000854143-25-000001,xml
623,0000854408,KEYSTONE TRADING PARTNERS,00841621,PO BOX 270,,CLIFTON HEIGHTS,PA,19018,,,,,,,,,not_submitted
624,0000854822,"EXECUTIVE SERVICES SECURITIES, LLC",00841649,3445 PEACHTREE ROAD NE,SUITE 200,ATLANTA,GA,30326-1156,,,,,,,,,paper
625,0000855482,LEC INVESTMENT CORP.,00841695,505 20TH STREET NORTH,SUITE 1150,BIRMINGHAM,AL,35203,,,,,,,,,paper
626,0000855597,"CFD INVESTMENTS, INC.",00841727,P.O. BOX 2244,,KOKOMO,IN,46904-2244,,,,,,,,,paper
627,0000856770,GB CAPITAL MARKETS LLC,00841854,1011 NORTH CAROLINA AVE SE,SUITE 12-129,WASHINGTON,DC,20003,Goldman  Company CPAs,3535 Roswell Rd # 32,Marietta,GEORGIA,30062,Certified Public Accountant,12-31-2024,0000856770-25-000004,xml
628,0000856781,"PEACHCAP SECURITIES, INC.",00841855,"550 PHARR RD,",SUITE 700,ATLANTA,GA,30305,,,,,,,,,paper
629,0000857026,"GLP INVESTMENT SERVICES, LLC",00841868,33335 GRAND RIVER,SUITE 101,FARMINGTON,MI,48336,"Ashland Partners  Company, LLP","3512 Excel Drive, Ste 103",Medford,OREGON,97504,Certified Public Accountant,12-31-2024,0000857026-25-000002,xml
630,0000857090,BENTLEY SECURITIES CORPORATION,00841879,437 MADISON AVENUE,24TH FLOOR,NEW YORK,NY,10022,,,,,,,,,paper
631,0000857504,"FARINA & ASSOCIATES, INC.",00841953,"C/O BAYAT CONSULTING, INC.","14 WALL STREET, 20TH FLOOR",NEW YORK,NY,10005,Nawrocki Smith LLP,100 Motor Parkway Suite 580,Hauppauge,NEW YORK,11788,Certified Public Accountant,03-31-2025,0000857504-25-000001,xml
632,0000857602,"LEVEL FOUR FINANCIAL, LLC",00841965,12400 COIT ROAD,SUITE 700,DALLAS,TX,75251,Goldman and Company,3535 Roswell Road,Marietta,GEORGIA,30062,Certified Public Accountant,12-31-2022,0000857602-23-000002,xml
633,0000857672,"HENNION & WALSH, INC.",00841988,2001 ROUTE 46,WATERVIEW PLAZA,PARSIPPANY,NJ,07054-1018,WithumSmithBrown,200 Jefferson Park,Whippany,NEW JERSEY,07981,Certified Public Accountant,12-31-2024,0000857672-25-000004,xml
634,0000858337,LIBERTY CAPITAL INVESTMENT CORPORATION,00842051,1618 SW FIRST AVE.,SUITE 425,PORTLAND,OR,97201,Cropper Accountancy,2700 Ygnacio Valley Road,Walnut Creek,CALIFORNIA,94598,Certified Public Accountant,12-31-2024,0000858337-25-000001,xml
635,0000858523,RAYMOND JAMES (USA) LTD.,00842071,925 WEST GEORGIA STREET - 2100,,"VANCOUVER, B.C.",A6,V6C 3L2,,,,,,,,,paper
636,0000858783,"DISTRIBUTION SERVICES, LLC",00842106,190 MIDDLE STREET,SUITE 301,PORTLAND,ME,04101,,,,,,,,,paper
637,0000858869,"CRESAP, INC.",00842117,259 N. RADNOR-CHESTER RD. STE. 140,,RADNOR,PA,19087,,,,,,,,,paper
638,0000858873,SISUNG SECURITIES CORPORATION,00842121,3850 N. CAUSEWAY BLVD.,STE. 1930,METAIRIE,LA,70002,,,,,,,,,paper
639,0000858875,"EQUITABLE DISTRIBUTORS, LLC",00842123,1345 AVENUE OF THE AMERICAS,14TH FLOOR,NEW YORK,NY,10105,PricewaterhouseCoopers LLP,300 Madison Avenue,New York,NORTH CAROLINA,10017,Certified Public Accountant,12-31-2024,0000858875-25-000004,xml
640,0000859155,"HANS, CHRISTIAN, ANDERSON, INC.",00842130,3650 WEST LIBERTY,,ANN ARBOR,MI,48103,"MRPR Group,  Inc.",28411 Northwestern Highway,Southfield,MICHIGAN,48034,Certified Public Accountant,12-31-2023,0000859155-24-000003,xml
641,0000859270,NATIONWIDE FUND DISTRIBUTORS LLC,00842135,ONE NATIONWIDE PLAZA,1-18-102,COLUMBUS,OH,43215,,,,,,,,,paper
642,0000859899,TOCQUEVILLE SECURITIES L.P.,00842223,"40 WEST 57TH STREET, 19TH FLOOR",,NEW YORK,NY,10019,Citrin Cooperman  Company LLP,1133 Westchester Avenue,White Plains,NEW YORK,10604,Certified Public Accountant,12-31-2024,0000859899-25-000002,xml
643,0000860034,"HAMILTON CLARK SUSTAINABLE CAPITAL, INC.",00842236,1701 PENNSYLVANIA AVENUE NW,SUITE 200,WASHINGTON,DC,20006,McBee  Co.,718 Paulus Avenue,Dallas,TEXAS,75214,Certified Public Accountant,12-31-2024,0001172571-25-000003,xml
644,0000860540,ALAMO CAPITAL,00842293,201 N CIVIC DR,SUITE 180,WALNUT CREEK,CA,94596,CROPPER ACCOUNTANCY,27 Ygnacio Valley Rd,Walnut Creek,CALIFORNIA,94598,Certified Public Accountant,06-30-2025,0000860540-25-000004,xml
645,0000860681,"BROOKWOOD ASSOCIATES, L.L.C.",00842303,15 PIEDMONT CENTER SUITE 820,,ATLANTA,GA,30305,"Greer Walker, LLP",Wells Fargo Center,Greenville,SOUTH CAROLINA,29601,Certified Public Accountant,12-31-2024,0000860681-25-000002,xml
646,0000861088,STARSHAK WINZENBURG & CO,00842370,55 W. MONROE ST.,SUITE 2530,CHICAGO,IL,60603-5008,,,,,,,,,paper
647,0000861354,"THE ROCKWELL FINANCIAL GROUP, INC.",00842399,240 W. OLD COUNTRY ROAD . SUITE 3,,HICKSVILLE,NY,11801,"WWC, P.C.",2010 PIONEER COURT,SAN MATEO,CALIFORNIA,94403,Certified Public Accountant,12-31-2024,0000861354-25-000002,xml
648,0000861941,PENTEGRA DISTRIBUTORS INC.,00842445,701 WESTCHESTER AVENUE,SUITE 320E,WHITE PLAINS,NY,10604,"Berry, Dunn, McNeil  Parker LLC",2211 Congress Street,Portland,MAINE,04102,Certified Public Accountant,12-31-2024,0000861941-25-000001,xml
649,0000862060,"MANNING & NAPIER INVESTOR SERVICES, INC.",00842468,290 WOODCLIFF DRIVE,,FAIRPORT,NY,14450,PricewaterhouseCoopers LLP,300 Willowbrook Office Park Suite 300,Fairport,NEW YORK,14450,Certified Public Accountant,12-31-2024,0000862060-25-000001,xml
650,0000862451,R.W.PRESSPRICH & CO.,00842547,445 PARK AVENUE,SUITE 16D,NEW YORK,NY,10022,Eisner Eamper LLP,733 Third Avenue,New York,NEW YORK,10017,Certified Public Accountant,12-31-2024,0000862451-25-000001,xml
651,0000862498,"INTEGRITY FUNDS DISTRIBUTOR, LLC",00842561,PO BOX 500,,MINOT,ND,58702-0500,,,,,,,,,paper
652,0000862988,AMERICAN ENTERPRISE INVESTMENT SERVICES INC.,00842582,5221 AMERIPRISE FINANCIAL CENTER,,MINNEAPOLIS,MN,55474,PricewaterhouseCoopers LLP,One North Wacker Dr.,Chicago,ILLINOIS,60606,Certified Public Accountant,12-31-2024,0000862988-25-000001,xml
653,0000863317,"ENERECAP PARTNERS, LLC",00842622,"1718 PEACHTREE STREET, NW",SUITE 900,ATLANTA,GA,30309,"Ohab and Company, PA","100 E. Sybelia Ave., Suite 300",Maitland,FLORIDA,32751,Certified Public Accountant,12-31-2024,0000863317-25-000002,xml
654,0000863374,DABBAH SECURITIES CORP.,00842634,167 EAST 63RD STREET,27TH FLOOR,NEW YORK,NY,10065,"Weisberg, Mole', Krantz  Goldfarb, LLP",185 Crossways Park Drive,Woodbury,NEW YORK,11797,Certified Public Accountant,12-31-2024,0000766087-25-000003,xml
655,0000863378,"AXIOM CAPITAL MANAGEMENT, INC.",00842638,350 FIFTH AVENUE,SUITE 6740,NEW YORK,NY,10118,,,,,,,,,paper
656,0000863386,QUINT CAPITAL CORPORATION,00842649,230 PARK AVE,3RD FLOOR WEST,NEW YORK,NY,10169,Nawrocki Smith LLP,100 Motor Parkway,Hauppauge,NEW YORK,11788,Certified Public Accountant,06-30-2025,0000863386-25-000005,xml
657,0000863502,THE ENTERPRISE SECURITIES COMPANY,00842662,30301 NORTHWESTERN HIGHWAY,SUITE 200,FARMINGTON HILLS,MI,48334,,,,,,,,,paper
658,0000863597,HOMESTEAD FINANCIAL SERVICES CORP.,00842682,4301 WILSON BOULEVARD,,ARLINGTON,VA,22203,CliftonLarsonAllen LLP,10700 West Research Drive,Milwaukee,WISCONSIN,53226,Certified Public Accountant,12-31-2018,0000863597-19-000002,xml
659,0000864049,"BLEY INVESTMENT GROUP, INC.",00842701,6300 RIDGLEA PLACE,SUITE 508,FORT WORTH,TX,76116,TUTTLE  BOND PLLC,3488 South US Hwy 77,Giddings,TEXAS,78942,Certified Public Accountant,12-31-2024,0000864049-25-000001,xml
660,0000864081,"J.W. KORTH & COMPANY, LIMITED PARTNERSHIP",00842712,6500 CENTURION DRIVE,SUITE 250,LANSING,MI,48917,,,,,,,,,paper
661,0000865341,"EURO-AMERICAN EQUITIES, INC.",00842793,10995 TITUS RD,,LEAVENWORTH,WA,98826,Ohab and Company,100 East Sybelia Avenue,Maitland,FLORIDA,32751,Certified Public Accountant,03-31-2025,0000865341-25-000001,xml
662,0000865594,"A. P. SECURITIES, INC.",00842833,P. O. BOX 434,,CENTERPORT,NY,11721,Ohab and Company,100E Sybelia Ave Suite 130,Maitland,FLORIDA,32751,Certified Public Accountant,12-31-2024,0000865594-25-000001,xml
663,0000865644,"BCP SECURITIES, INC.",00842836,289 GREENWICH AVENUE - 4TH FL,,GREENWICH,CT,06830,Crowe LLP,"485 Lexington Avenue, Floor 11",New York,NEW YORK,10017,Certified Public Accountant,12-31-2024,0000865644-25-000003,xml
664,0000865838,BBVA SECURITIES INC.,00842857,"375 9TH AVENUE, 9TH FLOOR",44TH FLOOR,NEW YORK,NY,10001,Ernst  Young LLP,One Manhattan West,New York,NEW YORK,10001,Certified Public Accountant,12-31-2024,0000865838-25-000003,xml
665,0000866071,"BUTTONWOOD PARTNERS, INC.",00842883,701 DEMING WAY,SUITE 100,MADISON,WI,53717,,,,,,,,,paper
666,0000867626,MUFG SECURITIES AMERICAS INC.,00843026,1221 AVENUE OF THE AMERICAS,6TH FLOOR,NEW YORK,NY,10020-1001,Deloitte  Touche LLP,30 Rockefeller Plaza,New York,NEW YORK,10112,Certified Public Accountant,12-31-2024,0000867626-25-000006,xml
667,0000867810,FIRST BROKERS SECURITIES LLC,00843035,HARBORSIDE 5,"185 HUDSON STREET, SUITE 1500",JERSEY CITY,NJ,07311,"Citrin Cooperman  Company, LLP",50 Rockefeller Plaza,New York,NEW YORK,10020,Certified Public Accountant,12-31-2024,0000867810-25-000001,xml
668,0000867971,"AMG Distributors, Inc.",00843057,680 WASHINGTON BLVD,SUITE 500,STAMFORD,CT,06901,PricewaterhouseCoopers LLP,"101 Seaport Blvd., Suite 500",Boston,MASSACHUSETTS,02210,Certified Public Accountant,12-31-2024,0000867971-25-000002,xml
669,0000868039,"ENTERPRISE EQUITIES, INC.",00843068,70 CORPORATE CENTER,"11000 BROKEN LAND PARKWAY , SUITE 700",COLUMBIA,MD,21044,,,,,,,,,paper
670,0000868283,"WEITZEL FINANCIAL SERVICES, INC.",00843093,2200 JOHN F. KENNEDY RD.,SUITE 103,DUBUQUE,IA,52002-2840,Ryan  Juraska LLP,141 West Jackson Blvd,Chicago,ILLINOIS,60604,Certified Public Accountant,12-31-2024,0000868283-25-000001,xml
671,0000868451,"H.C.WAINWRIGHT & CO., LLC",00843115,430 PARK AVENUE,4TH FLOOR,NEW YORK,NY,10022,,,,,,,,,paper
672,0000869101,"SAL EQUITY TRADING, GP",00843174,401 CITY AVENUE,SUITE 220,BALA CYNWYD,PA,19004-1122,PricewaterhouseCoopers,300 Madison Ave,New York,NEW YORK,10017,Certified Public Accountant,12-31-2024,0000869101-25-000001,xml
673,0000869817,MUTUAL OF AMERICA SECURITIES LLC,00843278,320 PARK AVENUE,,NEW YORK,NY,10022-3869,KPMG LLP,345 Park Avenue,New York,NEW YORK,10022,Certified Public Accountant,12-31-2024,0000869817-25-000003,xml
674,0000870260,L.M. KOHN & COMPANY,00843303,10151 CARVER RD.,SUITE 100,CINCINNATI,OH,45242,,,,,,,,,paper
675,0000870584,LOMBARD SECURITIES INCORPORATED,00843340,1820 LANCASTER STREET,,BALTIMORE,MD,21231,RW Group LLC,114 cambridge rd,Landenberg,PENNSYLVANIA,19350,Certified Public Accountant,12-31-2024,0000870584-25-000002,xml
676,0000870702,NOLAN SECURITIES CORP.,00843354,535 MAIN ROAD,,MONTEREY,MA,01245,Fulvio Co. LLP,5 West 37th Street,New York,NEW YORK,10018,Certified Public Accountant,12-31-2024,0000870702-25-000001,xml
677,0000870865,"BERENSON & COMPANY, LLC",00843368,667 MADISON AVENUE,18TH FLOOR,NEW YORK,NY,10065,"Weisberg, Mole', Krantz  Goldfarb, LLP","185 Crossways Park Drive,",Woodbury,NEW YORK,11797,Certified Public Accountant,12-31-2024,0000870865-25-000001,xml
678,0000870866,"SOLOMON PARTNERS SECURITIES, LLC",00843369,1251 AVENUE OF AMERICAS,32ND FLOOR,NEW YORK,NY,10020,PriicewaterhouseCoopers LLP,300 Madison Avenue,New York,NEW YORK,10017,Certified Public Accountant,12-31-2024,0000870866-25-000001,xml
679,0000871185,JAMES T. BORELLO & CO.,00843398,151 DUNDEE AVE.,,EAST DUNDEE,IL,60118,"LMHS, P.C. Certified Public Accountants and Advisors","80 Washington Street, Bldg S",Norwell,MAINE,02061,Certified Public Accountant,09-30-2024,0000871185-24-000001,xml
680,0000871375,"WYSER-PRATTE & CO., INC.",00843418,"100 S. BEDFORD ROAD, SUITE 312",SUITE 510,MT. KISCO,NY,10549,EisnerAmper LLP,733 Thid Avenue,New York,NEW YORK,10017,Certified Public Accountant,12-31-2024,0000871375-25-000001,xml
681,0000872049,"POWELL CAPITAL MARKETS, INC.",00843472,3 BECKER FARM ROAD,,ROSELAND,NJ,07068-1745,Citrin Cooperman  Company,529 5th Avenue,New York,NEW YORK,10017,Certified Public Accountant,09-30-2019,0000872049-19-000006,xml
682,0000872098,"CHAPIN DAVIS, INC.",00843485,1411 CLARKVIEW ROAD,,BALTIMORE,MD,21209,Kuczak  Associates P.A.,139 N Main Street,Bel Air,MARYLAND,21014,Certified Public Accountant,12-31-2022,0000872098-23-000003,xml
683,0000872120,JDL SECURITIES CORPORATION,00843494,"1001 DOVE STREET, SUITE 160",SUITE 160,NEWPORT BEACH,CA,92660-2816,,,,,,,,,paper
684,0000872275,"STIFEL INDEPENDENT ADVISORS, LLC",00843514,ONE FINANCIAL PLAZA 501 NORTH BROADWAY,,ST. LOUIS,MO,63102,Ernst  Young LLP,1828 Walnut Street,Kansas City,MISSOURI,64108,Certified Public Accountant,12-31-2024,0001193125-25-048339,xml
685,0000872651,GFI SECURITIES LLC,00843548,55 WATER STREET,10TH FLOOR,NEW YORK,NY,10041,Ernst  Young LLP,One Manhattan West,New York,NEW YORK,10001,Certified Public Accountant,12-31-2024,0001492598-25-000004,xml
686,0000872796,TRADITION SECURITIES AND DERIVATIVES LLC,00843559,32 OLD SLIP,28TH FLOOR,NEW YORK,NY,10005,KPMG LLP,345 Park Avenue,New York,NEW YORK,10154,Certified Public Accountant,12-31-2024,0000872796-25-000003,xml
687,0000872873,JOHN HANCOCK INVESTMENT MANAGEMENT DISTRIBUTORS LLC,00843582,200 BERKELEY STREET,,BOSTON,MA,02116,Ernst  Young LLP,200 Clarendon Street,Boston,MASSACHUSETTS,02116,Certified Public Accountant,12-31-2024,0000061916-25-000005,xml
688,0000873579,"LANDOLT SECURITIES, INC.",00843645,900 NORTH SHORE DRIVE SUITE 279,,LAKE BLUFF,IL,60044,"DeMarco Sciaccotta Wilkens  Dunleavy, LLP",20646 Abbey Woods Ct N,Frankfort,ILLINOIS,60423,Certified Public Accountant,03-31-2025,0000873579-25-000001,xml
689,0000875115,JANUS HENDERSON DISTRIBUTORS US LLC,00843810,151 DETROIT STREET,,DENVER,CO,80206-4923,,,,,,,,,
690,0000875307,"EARLYBIRDCAPITAL, INC.",00843828,1 HUNTINGTON QUADRANGLE,1C15,MELVILLE,NY,11747,Marcum LLP,730 Third Ave 11th Floor,New York,NEW YORK,10017,Certified Public Accountant,01-31-2025,0000875307-25-000001,xml
691,0000875626,FIRST TRUST PORTFOLIOS L.P.,00843843,120 E. LIBERTY DRIVE,SUITE 400,WHEATON,IL,60187,Deloitte  Touche LLP,111 S. Wacker Drive,Chicago,ILLINOIS,60606,Certified Public Accountant,12-31-2024,0001445546-25-001548,xml
692,0000875885,"BROOKS, HOUGHTON SECURITIES, INC.",00843850,ONE STAMFORD PLAZA - 263 TRESSER BLVD,9TH FLOOR,STAMFORD,CT,06901,,,,,,,,,paper
693,0000875890,"SMBC NIKKO SECURITIES AMERICA, INC.",00843852,277 PARK AVENUE FIFTH FLOOR,,NEW YORK,NY,10172,KPMG LLP,345 Park Avenue,New York,NEW YORK,10154,Certified Public Accountant,12-31-2024,0000875890-25-000004,xml
694,0000876453,"GBM INTERNATIONAL, INC.",00843882,"2700 POST OAK BLVD., SUITE 1110",,HOUSTON,TX,77056,"EEPB, P.C.","2950 North Loop West Freeway, Suite 1200",Houston,TEXAS,77092,Certified Public Accountant,12-31-2024,0000876453-25-000001,xml
695,0000876594,"GREENTREE INVESTMENT SERVICES, INC.",00843895,P.O. BOX 88,,BRIDGEVILLE,PA,15017-0088,,,,,,,,,paper
696,0000877538,L.J. HART & Co,00843976,8000 FORSYTH BLVD,CLHART,ST. LOUIS,MO,63105,,,,,,,,,paper
697,0000877559,ING FINANCIAL MARKETS LLC,00843978,1133 AVENUE OF THE AMERICAS,,NEW YORK,NY,10036,KPMG LLP,345 Park Avenue,New York,NEW YORK,10154,Certified Public Accountant,12-31-2024,0000877559-25-000002,xml
698,0000877671,"PRIME EXECUTIONS, INC.",00843985,40 WALL STREET - 58TH FLOOR,77 WATER STREET - 16TH FLOOR,NEW YORK,NY,10005,"DeMarco Sciaccotta Wilkens  Dunleavy, LLP",20646 Abbey Woods Ct N,Frankfort,ILLINOIS,60423,Certified Public Accountant,03-31-2025,0002013816-25-000083,xml
699,0000877810,"GULFSTAR GROUP I, LTD.",00843999,700 LOUISIANA ST STE 3800,,HOUSTON,TX,77002,EEPB,2950 North Loop West,Houston,TEXAS,77092,Certified Public Accountant,12-31-2024,0000877810-25-000001,xml
700,0000878156,"OMNI FINANCIAL SECURITIES, INC.",00844034,"1900 POLARIS PARKWAY, SUITE 450",,COLUMBUS,OH,43240,"HHH CPA Group, LLC",1250 Old Henderson Road,Columbus,OHIO,43220,Certified Public Accountant,12-31-2024,0000878156-25-000002,xml
701,0000878561,"AMERICAN FINANCIAL ASSOCIATES, INC.",00844065,"1700 NORTHAMPTON STREET, SUITE A",,EASTON,PA,18042-1659,,,,,,,,,paper
702,0000878651,ACQUEST SECURITIES LLC,00844071,3039 ELLA LEE LANE,SUITE 3250,HOUSTON,TX,77019,"Phillip V. George, PLLC",5179 CR 1026,Celeste,TEXAS,75423,Certified Public Accountant,12-31-2024,0000878651-25-000001,xml
703,0000878767,"MIRUS SECURITIES, INC.",00844085,200 SUMMIT DRIVE,SUITE 460,BURLINGTON,MA,01803,,,,,,,,,paper
704,0000878770,"WORLD EQUITY GROUP, INC.",00844088,425 N MARTINGALE ROAD,SUITE 1200,SCHAUMBURG,IL,60173,"FGMK, LLC",333 WACKER DR,CHICAGO,ILLINOIS,60606,Certified Public Accountant,12-31-2023,0000878770-24-000004,xml
705,0000879064,"TAGLICH BROTHERS, INC.",00844118,37 MAIN STREET,SUITE 209,COLD SPRING HARBOR,NY,11724,,,,,,,,,paper
706,0000879100,"COHEN & STEERS SECURITIES, LLC",00844123,1166 AVENUE OF THE AMERICAS,30TH FLOOR,NEW YORK,NY,10036,Deloitte  Touche LLP,30 Rockefeller Plaza,New York,NEW YORK,10112,Certified Public Accountant,12-31-2024,0000879100-25-000003,xml
707,0000879183,"COKER & PALMER, INC.",00844129,1667 LELIA DRIVE,,JACKSON,MS,39216,,,,,,,,,paper
708,0000879222,"GRODSKY ASSOCIATES, INC.",00844131,29 LONGVIEW ST,2,WEST ORANGE,NJ,07052,michael t remus CPA,100 Horizon center blvd,hamilton square,NEW JERSEY,08690,Certified Public Accountant,12-31-2023,0000879222-24-000002,xml
709,0000879289,"VBC SECURITIES, LLC",00844141,348 CLIFTON AVENUE,,CLIFTON,NJ,07011-2619,"Weisberg, Mole', Krantz  Goldfarb, LLP",185 Crossways Park Drive,Woodbury,NEW YORK,11797,Certified Public Accountant,12-31-2024,0000879289-25-000004,xml
710,0000879442,"SYNDICATED CAPITAL, INC.",00844162,P. O. BOX 274,,BREA,CA,92822,,,,,,,,,paper
711,0000879446,"INSIGNEO SECURITIES, LLC",00844166,1221 BRICKELL AVE,27TH FLOOR,MIAMI,FL,33131,,,,,,,,,
712,0000879589,"INVESTMENTS FOR YOU, INC.",00844179,1040 N. MAPLE STREET,,MARYSVILLE,OH,43040,,,,,,,,,paper
713,0000879857,"BANKOH INVESTMENT SERVICES, INC.",00844201,"130 MERCHANT STREET, CC#475",,HONOLULU,HI,96813-4405,Ernst  Young LLP,1003 Bishop Street #2600,Honolulu,HAWAII,96813,Certified Public Accountant,12-31-2024,0000879857-25-000001,xml
714,0000880018,"BELLE HAVEN INVESTMENTS, L.P.",00844222,800 WESTCHESTER AVENUE,SUITE N607,RYE BROOK,NY,10573,"Forvis Mazars, LLP",60 Crossways Park Drive West,Woodbury,NEW YORK,11797,Certified Public Accountant,12-31-2024,0000880018-25-000001,xml
715,0000880081,"CAPITAL PORTFOLIO MANAGEMENT, INC.",00844225,9515 DEERECO ROAD,SUITE 1010,TIMONIUM,MD,21093,RW Group,114 Cambridge Road,Landenberg,PENNSYLVANIA,19350,Certified Public Accountant,03-31-2025,0000880081-25-000002,xml
716,0000880564,"FMG DISTRIBUTORS, INC.",00844258,557 OENOKE RIDGE ROAD,PENTHOUSE,NEW CANAAN,CT,06840,,,,,,,,,paper
717,0000880736,"N. B. ZOULLAS SECURITIES, INC.",00844285,ONE PENN PLAZA,"SUITE 2005, 20TH FLOOR",NEW YORK,NY,10119,,,,,,,,,paper
718,0000881182,"SUSQUEHANNA FINANCIAL GROUP, LLLP",00844325,401 CITY AVE,SUITE 220,BALA CYNWYD,PA,19004-1122,PricewaterhouseCoopers,300 Madison Ave,New York,NEW YORK,10017,Certified Public Accountant,12-31-2024,0000881182-25-000002,xml
719,0000881505,"ONYX PARTNERS, INCORPORATED",00844352,"3605 S TOWN CENTER DR, STE A",,LAS VEGAS,NV,89135,,,,,,,,,paper
720,0000881810,AKIN BAY COMPANY LLC,00844363,780 THIRD AVENUE,,NEW YORK,NY,10017,"OHAB and Company , PA",100 E Sybelia,Maintland,FLORIDA,32751,Certified Public Accountant,12-31-2024,0000881810-25-000001,xml
721,0000882057,"GREAT AMERICAN INVESTORS, INC.",00844380,6025 METCALF LANE,,OVERLAND PARK,KS,66202,,,,,,,,,paper
722,0000882223,GREAT PACIFIC SECURITIES,00844398,"151 KALMUS DRIVE, BUILDING H8",,COSTA MESA,CA,92626,,,,,,,,,paper
723,0000882308,PTI SECURITIES & FUTURES L.P.,00844412,411 S WELLS,SUITE 900,CHICAGO,IL,60607,Ryan  Juraska,175 w Jackson,Chicao,ILLINOIS,60604,Certified Public Accountant,12-31-2024,0000882308-25-000002,xml
724,0000882928,"TIAA-CREF INDIVIDUAL & INSTITUTIONAL SERVICES, LLC",00844454,8500 ANDREW CARNEGIE BOULEVARD,MAIL STOP SSC/C2/08,CHARLOTTE,NC,28262-8500,"PriceWaterhouseCoopers, LLP",76 Laura Street,Jacksonville,FLORIDA,32202,Certified Public Accountant,12-31-2024,0000882928-25-000002,xml
725,0000883126,"AMERICAN HERITAGE SECURITIES, INC.",00844466,50 S MAIN ST,SUITE 1210,AKRON,OH,44308-1831,Sanville  Company,2617 Huntingdon Pike,Huntingdon Valley,PENNSYLVANIA,19006,Certified Public Accountant,12-31-2024,0000883126-25-000001,xml
726,0000883463,"GLOBALINK SECURITIES, INC.",00844509,3452 EAST FOOTHILL BOULEVARD,SUITE 1040,PASADENA,CA,91107,Brian W. Anson,18455 Burbank Blvd.,Tarzana,CALIFORNIA,91356,Certified Public Accountant,12-31-2023,0000883463-24-000005,xml
727,0000883499,ORIENTAL FINANCIAL SERVICES LLC,00844516,P.O. BOX 195115,,SAN JUAN,PR,00919-5115,KPMG LLP,AMERICAN INTERNATIONAL PLAZA SUITE 1100,SAN JUAN,PUERTO RICO,00918-1819,Certified Public Accountant,12-31-2024,0000883499-25-000002,xml
728,0000883634,"CONTINENTAL INVESTORS SERVICES, INC.",00844523,P.O. BOX 888,,LONGVIEW,WA,98632-7552,Cropper Accountancy Corporation,2977 Ygnacio Valley Road #480,Walnut Creek,CALIFORNIA,94598,Certified Public Accountant,06-30-2022,0000883634-22-000004,xml
729,0000883923,"COUNTRY CLUB FINANCIAL SERVICES, LLC",00844574,P.O. BOX 410889,,KANSAS CITY,MO,64141,FORVIS MAZARS,1201 Walnut Street Suite 1700,Kansas City,MISSOURI,64106,Certified Public Accountant,12-31-2024,0000883923-25-000005,xml
730,0000884345,PAYDEN & RYGEL DISTRIBUTORS,00844622,333 SOUTH GRAND AVE,39TH FLOOR,LOS ANGELES,CA,90071-1536,,,,,,,,,paper
731,0000884846,ANDREW GARRETT INC.,00844659,52 VANDERBILT AVE,STE 403,NEW YORK,NY,10017,,,,,,,,,paper
732,0000884857,"SHIELDS & COMPANY, INC.",00844663,800 SOUTH STREET,SUITE 310,WALTHAM,MA,02453,,,,,,,,,paper
733,0000884982,CHIRON SECURITIES LLC,00844665,1301 MCKINNEY SUITE 2800,SUITE 1140,HOUSTON,TX,77010,"Sanville  Company, LLC","325 N. ST. PAUL STREET, SUITE 3100",Dallas,TEXAS,75201,Certified Public Accountant,12-31-2024,0000884982-25-000002,xml
734,0000885331,"TULLY & HOLLAND, INCORPORATED",00844691,535 BOYLSTON STREET,7TH FLOOR,BOSTON,MA,02116,,,,,,,,,paper
735,0000885360,"INVEX, LLC.",00844695,2 ALHAMBRA PLAZA,SUITE PH II,CORAL GABLES,FL,33134,,,,,,,,,paper
736,0000885488,"INTEGRIS SECURITIES, LLC",00844710,"7730 E. BELLEVIEW AVE, #A-105",SUITE 320,GREENWOOD VILLAGE,CO,80111,"Phillip V. George, PLLC",5179 CR 1026,Celeste,TEXAS,75423,Certified Public Accountant,12-31-2024,0000885488-25-000001,xml
737,0000885730,"GUGGENHEIM INVESTOR SERVICES, LLC",00844742,330 MADISON AVENUE,11TH FLOOR,NEW YORK,NY,10017,KPMG,345 Park Ave,New York,NEW YORK,10154,Certified Public Accountant,12-31-2024,0000885730-25-000003,xml
738,0000885750,"STATE STREET GLOBAL ADVISORS FUNDS DISTRIBUTORS, LLC",00844744,ONE CONGRESS STREET,"ONE LINCOLN STREET, 32ND FLOOR",BOSTON,MA,02114,Ernst  Young LLP,200 Clarendon Street,Boston,MASSACHUSETTS,02166,Certified Public Accountant,12-31-2016,0000885750-17-000003,xml
739,0000886076,DSIL INVESTMENT SERVICES LLC,00844763,180 MAIDEN LANE,SUITE 1302,NEW YORK,NY,10038-4925,Horne LLP,8 Cadillac Drive,Brentwood,TENNESSEE,37027,Certified Public Accountant,12-31-2024,0001193125-25-039323,xml
740,0000886116,"MORGAN STANLEY DISTRIBUTION, INC.",00844766,1300 THAMES STREET,C/O SHARED SERVICES COMPLIANCE - REGISTR,BALTIMORE,MD,21231,Deloitte  Touche LLP,30 Rockefeller Plaza,New York,NEW YORK,10112-0015,Certified Public Accountant,12-31-2024,0001193125-25-037164,xml
741,0000886118,ABG SUNDAL COLLIER INC.,00844768,140 BROADWAY,SUITE 4604,NEW YORK,NY,10005,FORVIS MAZARS LLP,135 WEST 50TH STREET,New York,NEW YORK,10020,Certified Public Accountant,12-31-2024,0000886118-25-000001,xml
742,0000886246,HUNTER ASSOCIATES INVESTMENT MANAGEMENT LLC,00844779,"436 SEVENTH AVENUE, 27TH FLOOR",,PITTSBURGH,PA,15219,"Lally  Co., LLC",5700 Corporate Drive,Pittsburgh,PENNSYLVANIA,15237,Certified Public Accountant,12-31-2024,0000886246-25-000001,xml
743,0000887084,"NANCY BARRON & ASSOCIATES, INC.",00844803,150 GRAND BOULEVARD,,LEXINGTON,KY,40507,,,,,,,,,paper
744,0000887133,"BROWN, GIBBONS, LANG & COMPANY SECURITIES, LLC",00844816,1375 E. 9TH STREET,SUITE 2500,CLEVELAND,OH,44114,,,,,,,,,paper
745,0000887602,"BARRETT & COMPANY, INC.",00844856,THE WILCOX BUILDING,42 WEYBOSSET STREET,PROVIDENCE,RI,02903,PKF O'Connor Davies,40 Westminster Street,Providence,RHODE ISLAND,02903,Certified Public Accountant,12-31-2024,0000887602-25-000002,xml
746,0000887739,GREIF & CO.,00844862,633 WEST FIFTH STREET,65TH FLOOR,LOS ANGELES,CA,90071-2005,,,,,,,,,paper
747,0000887740,"FIMCO SECURITIES GROUP, INC.",00844863,110 S. WISCONSIN ST.,UNIT 2G,PORT WASHINGTON,WI,53074,Davila Advisory LLC,10135 Manchester Rd,St. Louis,MISSOURI,63122,Certified Public Accountant,12-31-2024,0000887740-25-000002,xml
748,0000887748,"FSB PREMIER WEALTH MANAGEMENT, INC.",00844865,131 TOWER PARK DRIVE SUITE 115,SUITE 615,WATERLOO,IA,50701,"Davila Advisory, LLC","10135 Manchester Rd, Ste 206",St Louis,MISSOURI,63122,Certified Public Accountant,12-31-2024,0000887748-25-000003,xml
749,0000887898,"MONEX SECURITIES, INC.",00844874,"440 LOUISIANA STREET, SUITE 1240",,HOUSTON,TX,77002,EEPB Company,"2950 North Loop West, Suite 1200",Houston,TEXAS,77092,Certified Public Accountant,12-31-2024,0000887898-25-000001,xml
750,0000888530,"PMA SECURITIES, LLC",00844905,2135 CITYGATE LANE,7TH FLOOR,NAPERVILLE,IL,60563,,,,,,,,,paper
751,0000888551,"REGIONAL BROKERS, INC.",00844907,POST OFFICE BOX 855,SUITE 105,RICHBORO,PA,18954,,,,,,,,,paper
752,0000889493,"D & D SECURITIES, INC.",00844989,703 NORTH JEROME AVENUE,# 42 C,MARGATE CITY,NJ,08402,,,,,,,,,paper
753,0000889528,"BRIGHT TRADING, LLC",00844990,6061 TOPAZ STREET,,LAS VEGAS,NV,89120,,,,,,,,,paper
754,0000889756,"REGISTER FINANCIAL ASSOCIATES, INC.",00845012,3500 LENOX ROAD,SUITE 1700,ATLANTA,GA,30326,"Rubio CPA, PC","3500 Lenox Rd NE, Ste 1500",Atlanta,GEORGIA,30326,Certified Public Accountant,12-31-2024,0000889756-25-000001,xml
755,0000890203,MIRAE ASSET SECURITIES (USA) INC.,00845034,810 SEVENTH AVENUE,37TH FLOOR,NEW YORK,NY,10019,"BDO USA, LLP",100 Park Ave,New York,NEW YORK,10017,Certified Public Accountant,12-31-2019,0000890203-20-000005,xml
756,0000890383,BANORTE SECURITIES INTERNATIONAL LTD,00845056,5075 WESTHEIMER,SUITE 975W,HOUSTON,TX,77056,"Pannell Kerr Forster of Texas, P.C.","5847 San Felipe, Suite 2600",Houston,TEXAS,77079,Certified Public Accountant,12-31-2024,0000890383-25-000003,xml
757,0000890599,"NH INVESTMENT & SECURITIES AMERICA, INC.",00845081,120 WEST 45TH STREET,SUITE 2402,NEW YORK,NY,10036,SEJONG LLP,65 CHALLENGER RD. STE 250,RIDGEFIELD PARK,NEW JERSEY,07660,Certified Public Accountant,12-31-2024,0000890599-25-000001,xml
758,0000891055,HILLTOP SECURITIES INC.,00845123,717 HARWOOD STREET,SUITE 3400,DALLAS,TX,75201,"PricewaterhouseCoopers, LLP",2121 N. Pearl Street,Dallas,TEXAS,75201,Certified Public Accountant,12-31-2024,0001193125-25-031713,xml
759,0000891197,AUERBACH GRAYSON & COMPANY LLC,00845136,20W 55TH STREET,,NEW YORK,NY,10019,"WithumSmith  Brown, PC",1411 Broadway,New York,NEW YORK,10018,Certified Public Accountant,12-31-2024,0000891197-25-000001,xml
760,0000891529,SUTTER SECURITIES INCORPORATED,00845158,"6 VENTURE, SUITE 395",SUITE 395,IRVINE,CA,92618,Brian W Anson,18455 Burbank Blvd,Tarzana,CALIFORNIA,91356,Certified Public Accountant,06-30-2025,0000891529-25-000006,xml
761,0000891707,RIEDL FIRST SECURITIES COMPANY OF KANSAS,00845164,"1841 N. ROCK ROAD COURT, SUITE 400",,WICHITA,KS,67206-4213,,,,,,,,,paper
762,0000891873,"PLURIS CAPITAL GROUP, INC.",00845179,204 E. 3RD STREET,SUITE 1515,BROOKLYN,NY,11218,,,,,,,,,paper
763,0000891943,"CENTAURUS FINANCIAL, INC.",00845185,2300 E. KATELLA AVENUE,SUITE #200,ANAHEIM,CA,92806,,,,,,,,,paper
764,0000892705,"BLACK OAK SECURITIES, INC.",00845219,"707 CARROLL STREET, SUITE C",P.O. BOX 590,PAWNEE,IL,62558,Kerber Eck  Braeckel LLP,3200 Robbins Road Suite 200A,Springfield,ILLINOIS,62704,Certified Public Accountant,06-30-2025,0000892705-25-000003,xml
765,0000892711,"CLARKSONS SECURITIES, INC.",00845221,104 WEST 40TH STREET - 12TH FLOOR,#1603,NEW YORK,NY,10018,Mazars USA LLP,135 West 50th Street,New York,NEW YORK,10022,Certified Public Accountant,12-31-2021,0000892711-22-000002,xml
766,0000892897,"WORLD CHOICE SECURITIES, INC.",00845235,7650 RIVERS EDGE DRIVE,SUITE 260,COLUMBUS,OH,43235,,,,,,,,,paper
767,0000893248,"LIVERMORE TRADING GROUP, INC.",00845248,C/O ACCOUNTING & COMPLIANCE INTERNATIONA,"199 WATER STREET, 9TH FLOOR",NEW YORK,NY,10038,Nawrocki Smith LLP,100 Motor Parkway,Hauppauge,NEW YORK,11788,Certified Public Accountant,12-31-2024,0002013816-25-000027,xml
768,0000893951,"HEROLD & LANTERN INVESTMENTS, INC.",00845285,35 PINELAWN ROAD,SUITE 101E,MELVILLE,NY,11747,"Weisberg, Mole Krantz  Goldfarb",185 Crossways Park Drive,Woodbury,NEW YORK,11747,Certified Public Accountant,06-30-2025,0000893951-25-000004,xml
769,0000894060,"INTEGRITY INVESTMENTS, INC.",00845302,333 S TAMIAMI TRAIL SUITE 388,,VENICE,FL,34285,,,,,,,,,paper
770,0000894062,JHW FINANCIAL SERVICES INC.,00845304,4340 REDWOOD HIGHWAY,SUITE B-75,SAN RAFAEL,CA,94903,Cropper Accountancy Corporation,2700 Ygnacio Valley Rd.,Walnut Creek,CALIFORNIA,94596,Certified Public Accountant,12-31-2024,0000894062-25-000001,xml
771,0000894092,NATIONWIDE PLANNING ASSOCIATES INC.,00845310,"32-16 BROADWAY AVE, 2ND FLOOR",SUITE 360,FAIR LAWN,NJ,07410,,,,,,,,,paper
772,0000894136,"MFS FUND DISTRIBUTORS, INC.",00845321,111 HUNTINGTON AVENUE,,BOSTON,MA,02199,Deloitte and Touche LLP,30 Rockefeller Plaza,New York,NEW YORK,10112,Certified Public Accountant,12-31-2024,0000894136-25-000004,xml
773,0000895109,FINANCORP GROUP INTERNATIONAL CORPORATION,00845367,800 BRICKELL AVE,STE. 435,MIAMI,FL,33131,Hacker Johnson  Smith PA,500 West Cypress Creek Road,Ft Lauderdale,FLORIDA,33309,Certified Public Accountant,12-31-2024,0000895109-25-000001,xml
774,0000895172,"CCO CAPITAL, LLC",00845375,2398 EAST CAMELBACK RD,4TH FLOOR,PHOENIX,AZ,85016,,,,,,,,,paper
775,0000895218,"PORTFOLIO RESOURCES GROUP, INC.",00845380,4000 PONCE DE LEON BLVD,SUITE 670,CORAL GABLES,FL,33146,Mercurius  Associates LLP,94/8 Block A Wazirpur Industrial Area,New Delhi,INDIA,11 0052,Certified Public Accountant not resident in United States or any of its possessions,12-31-2024,0000895218-25-000003,xml
776,0000895339,"CARNEGIE, INC.",00845389,20 WEST 55TH STREET,,NEW YORK,NY,10019-5373,,,,,,,,,paper
777,0000895502,"RBC CAPITAL MARKETS, LLC",00845411,250 NICOLLET MALL,SUITE 1600,MINNEAPOLIS,MN,55401,PricewaterhouseCoopers LLP,300 Madison Ave,New York,NEW YORK,10017,Certified Public Accountant,10-31-2024,0000895502-24-000025,xml
778,0000896132,"VALMARK SECURITIES, INC.",00845463,130 SPRINGSIDE DRIVE,SUITE 300,AKRON,OH,44333-2431,"CROWE, LLP",485 LEXINGTON AVE.,NEW YORK,NEW YORK,10017,Certified Public Accountant,12-31-2024,0000896132-25-000001,xml
779,0000896339,FORESIDE FUNDS DISTRIBUTORS LLC,00845467,190 MIDDLE STREET,SUITE 301,PORTLAND,ME,04101,,,,,,,,,paper
780,0000898635,"DIVERSIFIED RESOURCES, LLC",00845497,70 JEFFERSON BLVD.,4TH FLOOR,WARWICK,RI,02888,Sandler  Company PC,"50 Cabot Street, Suite 204",Needham,MASSACHUSETTS,02494,Certified Public Accountant,12-31-2024,0000898635-25-000001,xml
781,0000898640,SNOWBALL CAPITAL LLC,00845502,801 BRICKELL AVE,8TH FLOOR,MIAMI,FL,33131,Spicer Jeffries LLP,"4601 DTC Blvd., Suite 700",Denver,COLORADO,80237,Certified Public Accountant,12-31-2022,0000898640-23-000008,xml
782,0000898928,"HALLIDAY FINANCIAL, LLC",00845529,725 GLEN COVE ANUENE,,GLEN HEAD,NY,11545,Berkower LLC,517 Route One South,Iselin,NEW JERSEY,11545,Certified Public Accountant,12-31-2024,0000898928-25-000002,xml
783,0000898982,"REEF SECURITIES, INC.",00845583,"1901 N CENTRAL EXPRESSWAY, SUITE 310",,RICHARDSON,TX,75080-3558,Sanville  Company,325 NORTH SAINT PAUL ST.,Dallas,TEXAS,75201,Certified Public Accountant,12-31-2023,0000898982-24-000004,xml
784,0000898992,"PARADIGM EQUITIES, INC.",00845593,1216 KENDALE BOULEVARD,PO BOX 2501,EAST LANSING,MI,48826,"MRPR Group, P.C.",28411 Northwestern Highway,Southfield,MICHIGAN,48034,Certified Public Accountant,12-31-2024,0000898992-25-000002,xml
785,0000900895,"KA ASSOCIATES, LLC",00845640,2121 AVENUE OF THE STARS,9TH FLOOR,LOS ANGELES,CA,90067,CBIZ CPAs P.C,9 Parkway North Suite 200,Deerfield,ILLINOIS,60015,Certified Public Accountant,06-30-2025,0000900895-25-000002,xml
786,0000900903,"SHINHAN SECURITIES AMERICA, INC.",00845648,750 7TH AVENUE,SUITE 2602,NEW YORK,NY,10019,Sejong LLP,65 Challenger Road,Ridgefield Park,NEW JERSEY,07660,Certified Public Accountant,12-31-2024,0000900903-25-000001,xml
787,0000900905,STOCK SECURITIES LLC,00845650,886 PATTERSON AVENUE,5TH FLOOR,NEW YORK,NY,10306,Sanville  Co,2617 Huntingdon Pike,Huntingdon Valley,PENNSYLVANIA,19006,Certified Public Accountant,12-31-2024,0000900905-25-000001,xml
788,0000902898,"BALLEW INVESTMENTS, INC.",00845660,100 VISION DRIVE,SUITE 325,JACKSON,MS,39211,,,,,,,,,paper
789,0000902909,"TRANSAMERICA INVESTORS SECURITIES, LLC",00845671,440 MAMARONECK AVENUE,,HARRISON,NY,10528,"Ernst  Young, LLP",801 Grand Avenue,Des Moines,IOWA,50309,Certified Public Accountant,12-31-2024,0000902909-25-000006,xml
790,0000902913,"FAR HILLS GROUP, LLC.",00845675,"747 3RD AVENUE, 30TH FLOOR",,NEW YORK,NY,10017,,,,,,,,,paper
791,0000902922,"CGA SECURITIES, LLC",00845684,2 VILLAGE SQUARE,SUITE 255,BALTIMORE,MD,21210,,,,,,,,,paper
792,0000905911,"VECTORGLOBAL WMG, INC.",00845715,1001 BRICKELL BAY DRIVE,SUITE 1900,MIAMI,FL,33131,"KAUFMAN, ROSSIN  CO P.A.",3310 MARY STREET,MIAMI,FLORIDA,33133,Certified Public Accountant,12-31-2024,0000905911-25-000002,xml
793,0000907944,"FIRST HEARTLAND CAPITAL, INC.",00846008,4101 LAKE ST. LOUIS BLVD,,LAKE ST. LOUIS,MO,63367,,,,,,,,,paper
794,0000907993,"FORTREND SECURITIES, INC.",00846057,"LEVEL 50, 525 COLLINS STREET",,"MELBOURNE, VIC",NV,3000,Ferrara CPA,100 Horizon Center Blvd,Hamilton,NEW JERSEY,08691,Certified Public Accountant,06-30-2025,0000907993-25-000002,xml
795,0000908001,"ACCESS FINANCIAL GROUP, INC.",00846065,118 NORTH CLINTON ST-SUITE 450,,CHICAGO,IL,60661,"DeMarco Sciaccotta Wilkens  Dunleavy, LLP",20646 Abbey Woods Ct. N Suite 201,Frankfort,ILLINOIS,60423,Certified Public Accountant,12-31-2023,0000908001-24-000002,xml
796,0000908124,"LONG ISLAND FINANCIAL GROUP, INC.",00846138,2 WOODCREST DR,,ROSLYN,NY,11576,,,,,,,,,paper
797,0000909872,HEXT CAPITAL PARTNERS LLC,00846198,"5001 SPRING VALLEY ROAD, SUITE 850W",,DALLAS,TX,75244,Jennifer Wray CPA PLLC,800 Bonaventure Way,Sugar Land,TEXAS,77479,Certified Public Accountant,12-31-2024,0000909872-25-000006,xml
798,0000909876,UPHOLD SECURITIES INC.,00846202,530 FIFTH AVENUE,STE 3A,NEW YORK,NY,10036,RSM US LLP,30 South Wacker Drive,Chicago,ILLINOIS,60606,Certified Public Accountant,12-31-2024,0002013816-25-000052,xml
799,0000910783,"HARVESTONS SECURITIES, INC.",00846293,8301 E. PRENTICE AVE.,SUITE 305,GREENWOOD VILLAGE,CO,80111,"Assurance Dimension, LLC","3111 N University Dr, Ste 621",Coral Springs,FLORIDA,33065,Certified Public Accountant,08-31-2025,0000910783-25-000002,xml
800,0000910789,"LIGHTPATH CAPITAL, INC",00846299,1560 E. SOUTHLAKE BLVD.,SUITE 100,SOUTHLAKE,TX,76092,Dylan Floyd Accounting and Consulting,20909 Judah Lane,Newhall,CALIFORNIA,91321,Certified Public Accountant,12-31-2024,0000910789-25-000002,xml
801,0000910815,"NATIXIS DISTRIBUTION, LLC",00846325,888 BOYLSTON STREET,SUITE 800,BOSTON,MA,02199-8197,,,,,,,,,paper
802,0000911028,THE STRATEGIC ALLIANCE CORPORATION,00846341,POST OFFICE BOX 1517,,ALBEMARLE,NC,28002,,,,,,,,,paper
803,0000911599,ABACUS INTERNATIONAL CAPITAL CORP.,00846418,"6 BOWERY, 4TH FLOOR",,NEW YORK,NY,10013,,,,,,,,,paper
804,0000911824,"GBS RETIREMENT SERVICES, INC.",00846433,2850 GOLF ROAD,8TH FLOOR,ROLLING MEADOWS,IL,60008,,,,,,,,,paper
805,0000912650,"VOYA FINANCIAL PARTNERS, LLC",00846451,ONE ORANGE WAY,,WINDSOR,CT,06095,,,,,,,,,paper
806,0000912678,"AMERIVET SECURITIES, INC.",00846478,"1155 AVENUE OF THE AMERICAS, 14TH FLOOR",PARTICK HENRY VILLAGE,NEW YORK,NY,10036,"Forvis Mazars, LLP",60 Crossways Park Drive West,Woodbury,NEW YORK,11797,Certified Public Accountant,12-31-2024,0000912678-25-000002,xml
807,0000913465,"ABACUS INVESTMENTS, INC.",00846571,S33 W35676 MEADOW TRAIL,WISCONSIN AVE,DOUSMAN,WI,53118,,,,,,,,,paper
808,0000913469,"DRESNER INVESTMENT SERVICES, INC.",00846575,10 S. LASALLE SUITE 2170,,CHICAGO,IL,60603,"Michael Coglianese, CPA P.C.",125 E Lake Street,Bloomingdale,ILLINOIS,60108,Certified Public Accountant,12-31-2024,0000913469-25-000003,xml
809,0000913473,TRANSACTIONDRIVERS LLC,00846579,1000 MANNING AVENUE,SUITE 1404,LOS ANGELES,CA,90024,,,,,,,,,paper
810,0000914405,"LOEWEN, ONDAATJE, MCCUTCHEON USA, LLC",00846604,2 FOREST AVENUE,SUITE 400,ORADELL,NJ,07649,Ferrara CPA,100 Horizon Center Blvd,Hamilton,NEW JERSEY,08691,Certified Public Accountant,03-31-2025,0000914405-25-000010,xml
811,0000914870,"BROOKWOOD SECURITIES PARTNERS, LLC",00846627,138 CONANT STREET,,BEVERLY,MA,01915,BDO USA,1 International Place,Boston,MASSACHUSETTS,01914,Certified Public Accountant,12-31-2024,0000914870-25-000001,xml
812,0000914873,"ENTORO SECURITIES, LLC",00846630,7941 KATY FREEWAY,SUITE 516,HOUSTON,TX,77024,,,,,,,,,paper
813,0000914898,NYLIFE DISTRIBUTORS LLC,00846655,30 HUDSON STREET,22ND FLOOR,JERSEY CITY,NJ,07302,PriceWaterhouse Coopers LLP,300 Madison Avenue,New York,NEW YORK,10017,Certified Public Accountant,12-31-2024,0000914898-25-000004,xml
814,0000914904,"OSAIC INSTITUTIONS, INC.",00846661,538 PRESTON AVENUE,,MERIDEN,CT,06450-4858,Deloitte  Touche LLP,100 South Mill Avenue,Tempe,ARIZONA,85281,Certified Public Accountant,12-31-2024,0000914904-25-000004,xml
815,0000914911,SIA SECURITIES CORP.,00846668,3300 IDS CENTER,80 S. 8TH STREET,MINNEAPOLIS,MN,55402,Deloitte  Touche LLP,50 South 6th Street,Minneapolis,MINNESOTA,55402,Certified Public Accountant,12-31-2024,0000914911-25-000001,xml
816,0000914912,"SECURITY CAPITAL BROKERAGE, INC.",00846669,"260 PEACHTREE STREET, NW",SUITE 2200,ATLANTA,GA,30303,,,,,,,,,paper
817,0000914920,"SCA DEVELOPMENT, LLC",00846677,569 BROOKWOOD VILLAGE,SUITE 901,BIRMINGHAM,AL,35209,KraftsCPAs PLLC,555 Great Circle Rd.,Nashville,TENNESSEE,37228,Certified Public Accountant,12-31-2024,0000914920-25-000001,xml
818,0000915224,"METRIC FINANCIAL, LLC",00846684,1180 WEST PEACHTREE ST.NW,SUITE 1910,ATLANTA,GA,30309,Goldman  Company CPAs,3535 Roswell Rd # 32,Marietta,GEORGIA,30062,Certified Public Accountant,12-31-2023,0000915224-24-000003,xml
819,0000916681,"THE WINNING EDGE FINANCIAL GROUP, INC.",00846743,23 CALSTAN PLACE,,CLIFTON,NJ,07013-3802,Ferrara CPA,100 Horizon Center Blvd,Hamilton,NEW JERSEY,08691,Certified Public Accountant,12-31-2024,0000916681-25-000001,xml
820,0000916923,"INVESTMENT DISTRIBUTORS, INC.",00846802,2801 HIGHWAY 280 SOUTH,,BIRMINGHAM,AL,35223,,,,,,,,,paper
821,0000917358,ICBC STANDARD SECURITIES INC.,00846816,1185 AVENUE OF THE AMERICAS,SUITE 1505,NEW YORK,NY,10036,,,,,,,,,paper
822,0000917363,MONTROSE SECURITIES INTERNATIONAL,00846821,"1 HARBOR DRIVE, SUITE 300",,SAUSALITO,CA,94965,,,,,,,,,paper
823,0000917378,"MAFG RIA SERVICES, INC.",00846836,102 GAITHER DRIVE,SUITE 5,MT. LAUREL,NJ,08054,,,,,,,,,paper
824,0000917379,DBS VICKERS SECURITIES (USA) INC.,00846837,777 THIRD AVENUE,SUITE 1701,NEW YORK,NY,10017,WITHUMSMITH BROWN PC,200 Jefferson Park,Whippany,NEW JERSEY,07981,Certified Public Accountant,12-31-2024,0000917379-25-000001,xml
825,0000917386,"PURSHE KAPLAN STERLING INVESTMENTS, INC.",00846844,80 STATE STREET,,ALBANY,NY,12207,"FGMK, LLC",333 W Wacker Drive 6th Floor,Chicago,ILLINOIS,60606,Certified Public Accountant,12-31-2024,0000917386-25-000002,xml
826,0000918185,"GLOBAL FINANCIAL SERVICES, L.L.C.",00846866,1330 POST OAK BLVD,STE 2100,HOUSTON,TX,77056-3019,"LaPorte, A Professional Accounting Corporation",8555 United Plaza Blvd. Ste 400,Baton Rouge,LOUISIANA,70809,Certified Public Accountant,12-31-2024,0000918185-25-000004,xml
827,0000918189,"FAIRVIEW SECURITIES, INC.",00846868,154 LONG LOTS ROAD,SUITE 12,WESTPORT,CT,06880,"Morey, Nee, Buck  Oswald, LLC",2571 Baglyos Circle,Bethlehem,PENNSYLVANIA,18020,Certified Public Accountant,12-31-2019,0000918189-20-000001,xml
828,0000919447,"CASCADE INVESTMENT GROUP, INC.",00846943,444 E. PIKES PEAK AVENUE,SUITE 200,COLORADO SPRINGS,CO,80903,,,,,,,,,paper
829,0000919478,"MGI FUNDS DISTRIBUTORS, LLC",00846960,190 MIDDLE STREET,SUITE 301,PORTLAND,ME,04101,,,,,,,,,paper
830,0000919480,STONINGTON CORPORATION,00846961,342 WEST 22ND STREET,SUITE 700,NEW YORK,NY,10011,,,,,,,,,paper
831,0000920062,HEALTHCARE COMMUNITY SECURITIES CORP.,00846981,ONE EMPIRE DRIVE,,RENSSELAER,NY,12144,,,,,,,,,paper
832,0000920063,"HAMILTON CAVANAUGH INVESTMENT BROKERS, INC.",00846982,661 NORTH BROADWAY,SUITE 114,NORTH WHITE PLAINS,NY,10607,"Goldman  Company, CPAs, PC",3535 Roswell Rod,Marietta,GEORGIA,30062,Certified Public Accountant,12-31-2024,0000920063-25-000001,xml
833,0000920073,GATEWAY FINANCIAL AGENCY CORPORATION,00846992,1576 NW PINE CREEK AVENUE,,ARCADIA,FL,34266,"Ohab and Company, PA",100 E. Sybelia Avenue  Suite 130,Maitland,FLORIDA,32751,Certified Public Accountant,12-31-2024,0000920073-25-000001,xml
834,0000920097,"UNIVEST SECURITIES, LLC",00847006,75 ROCKEFELLER PLAZA,3RD FLOOR,NEW YORK,NY,10019,,,,,,,,,paper
835,0000920300,PRIME DEALER SERVICES CORP.,00847025,1300 THAMES STREET,C/O SHARED SERVICES COMPLIANCE - REGISTR,BALTIMORE,MD,21231,Deloitte  Touche LLP,30 Rockefeller Plaza,New York,NEW YORK,10112-0015,Certified Public Accountant,12-31-2024,0001193125-25-036772,xml
836,0000920301,INTEGRAL WEALTH SECURITIES LLC,00847026,200 VESEY ST.,24TH FLOOR,NEW YORK,NY,10281,Sanville  Company,2617 Huntingdon Pike,Huntingdon Valley,PENNSYLVANIA,19006,Certified Public Accountant,06-30-2025,0002013816-25-000101,xml
837,0000920417,"SUSQUEHANNA SECURITIES, LLC",00847034,401 CITY AVE STE 220,,BALA CYNWYD,PA,19004-1122,PricewaterhouseCoopers,300 Madison Ave,New York,PENNSYLVANIA,10017,Certified Public Accountant,12-31-2024,0000920417-25-000005,xml
838,0000920788,"PERFORMANCE TRUST CAPITAL PARTNERS, LLC",00847035,500 W. MADISON,SUITE 450,CHICAGO,IL,60661,RSM US LLP,30 S Wacker Drive,Chicago,ILLINOIS,60606,Certified Public Accountant,12-31-2024,0000920788-25-000002,xml
839,0000920789,"JBS LIBERTY SECURITIES, INC.",00847036,708 MCLAIN ROAD,SUITE 112,KANNAPOLIS,NC,28083,,,,,,,,,paper
840,0000920792,SPROTT GLOBAL RESOURCE INVESTMENTS LTD,00847039,1910 PALOMAR POINT WAY,SUITE 200,CARLSBAD,CA,92008,KPMG LLP,"333 Bay Street, 4600",Toronto,"ONTARIO, CANADA",M5H2S5,Certified Public Accountant not resident in United States or any of its possessions,12-31-2024,0000920792-25-000002,xml
841,0000920807,"U.S. STERLING SECURITIES, INC.",00847052,1393 VETERANS MEMORIAL HIGHWAY UNIT 412N,,HAUPPAUGE,NY,11788,DePietto CPA PC,1981 Marcus Avenue C100,Lake Success,NEW YORK,11042,Certified Public Accountant,12-31-2024,0000920807-25-000002,xml
842,0000921047,"BENGUR BRYAN & CO., INC.",00847072,509 SOUTH EXETER STREET,SUITE 210,BALTIMORE,MD,21202,,,,,,,,,paper
843,0000921107,"CODA MARKETS, INC.",00847077,PO BOX 2326,2326,GLENVVIEW,IL,60025,Ryan  Juraska,141 W Jackson Boulevard,Chicago,ILLINOIS,60604,Certified Public Accountant,12-31-2024,0000792945-25-000002,xml
844,0000921153,"COVIEW CAPITAL, INC.",00847081,780 THIRD AVENUE,SUITE 1501,NEW YORK,NY,10017,,,,,,,,,paper
845,0000921271,"SLD AMERICA EQUITIES, INC.",00847089,1475 DUNWOODY DRIVE,ATTENTION:COMPLIANCE,WEST CHESTER,PA,19380,,,,,,,,,paper
846,0000921452,WNC CAPITAL CORPORATION,00847101,17782 SKYPARK CIRCLE,,IRVINE,CA,92614-6404,,,,,,,,,paper
847,0000922104,"MFR SECURITIES, INC.",00847186,"6922 AVALON CIRCLE, UNIT 206",SUITE 1203,NAPLES,FL,34112,"Reynolds  Rowella, LLP",51 Locust Avenue,New Canaan,CONNECTICUT,06840,Certified Public Accountant,12-31-2024,0000922104-25-000001,xml
848,0000922116,MACQUARIE CAPITAL (USA) INC.,00847198,660 5TH AVE,LEVEL 22,NEW YORK,NY,10103,PricewaterhouseCoopers LLP,300 Madison Avenue,New York,NEW YORK,10017,Certified Public Accountant,03-31-2025,0000922116-25-000006,xml
849,0000922122,"LENOX FINANCIAL SERVICES, INC.",00847204,322 ALANA DRIVE,,NEW LENOX,IL,60451,Davila Advisory LLC,"10135 Manchester Road, Ste 206",St. Louis,MISSOURI,63122,Certified Public Accountant,12-31-2024,0000922122-25-000001,xml
850,0000922631,BRITEHORN SECURITIES,00847217,1401 LAWRENCE ST,SUITE 1600,DENVER,CO,80202,,,,,,,,,paper
851,0000922783,"MONUMENT GROUP, INC.",00847248,500 BOYLSTON STREET,SUITE 1150,BOSTON,MA,02116,"Larry D. Liberfarb, P.C.",11 Vanderbilt Avenue,Norwood,MASSACHUSETTS,02062,Certified Public Accountant,09-30-2023,0000922783-23-000004,xml
852,0000922792,INTERACTIVE BROKERS LLC,00847257,ONE PICKWICK PLAZA,,GREENWICH,CT,06830,Deloitte  Touche LLP,30 Rockerfeller Plaza,New York,NEW YORK,10112-0015,Certified Public Accountant,12-31-2024,0000922792-25-000003,xml
853,0000923189,PICTET OVERSEAS INC.,00847285,1000 DE LA GAUCHETIERE WEST,SUITE 3100,"MONTREAL, QC",A8,H3B 4W5,,,,,,,,,paper
854,0000923309,CELADON FINANCIAL GROUP LLC,00847288,89 HEADQUARTERS PLAZA NORTH PMB 1483,SUITE 420,MORRISTOWN,NJ,07960,Berkower LLC,517 Route 1 South,Iselin,NEW JERSEY,08830,Certified Public Accountant,12-31-2024,0000923309-25-000003,xml
855,0000923458,"MUTUAL OF OMAHA INVESTOR SERVICES, INC.",00847290,3300 MUTUAL OF OMAHA PLAZA,,OMAHA,NE,68175-1020,,,,,,,,,paper
856,0000924700,"MM ASCEND LIFE INVESTOR SERVICES, LLC",00847309,P. O. BOX 5423,301 E. FOURTH STREET,CINCINNATI,OH,45201-5423,,,,,,,,,paper
857,0000924761,"ASCENSUS BROKER DEALER SERVICES, LLC",00847312,95 WELLS AVENUE,SUITE 160,NEWTON,MA,02459,,,,,,,,,paper
858,0000925606,"ALIGHT FINANCIAL SOLUTIONS, LLC",00847344,9335 HARRIS CORNERS PARKWAY,SUITE 150,CHARLOTTE,NC,28269,Ernst  Young LLP,155 North Wacker Drive,Chicago,ILLINOIS,60606,Certified Public Accountant,12-31-2024,0000925606-25-000004,xml
859,0000925633,"EBH SECURITIES, INC.",00847352,6525 E. 82ND ST SUITE 209,,INDIANAPOLIS,IN,46250,,,,,,,,,paper
860,0000926174,"MEEDER DISTRIBUTION SERVICES, INC.",00847374,P.O. BOX 7177,,DUBLIN,OH,43017-9767,,,,,,,,,paper
861,0000926388,"ANZ SECURITIES, INC.",00847390,277 PARK AVENUE,FLOOR 31,NEW YORK,NY,10172-0003,"PKF O'Connor Davies, LLP",245 Park Avenue,New York,NEW YORK,10167,Certified Public Accountant,09-30-2024,0000926388-24-000017,xml
862,0000926391,"DAI SECURITIES, LLC",00847393,2800 CENTURY PARKWAY NE,SUITE 650,ATLANTA,GA,30345,Crowe LLP,"485 Lexington Ave, Fl 11",New York,NEW YORK,10017,Certified Public Accountant,12-31-2024,0000926391-25-000002,xml
863,0000926540,"PRIVATE PORTFOLIO, INC.",00847421,7816 IVANHOE AVE STE 10,,LA JOLLA,CA,92037-4535,,,,,,,,,paper
864,0000926544,PERSHING ADVISOR SOLUTIONS LLC,00847425,ONE PERSHING PLAZA,10TH FLOOR,JERSEY CITY,NJ,07399,KPMG,345 Park Avenue,New York,NEW YORK,10154-0102,Certified Public Accountant,12-31-2024,0000926544-25-000004,xml
865,0000927337,"WOLVERINE TRADING, LLC",00847484,175 W JACKSON,SUITE 200,CHICAGO,IL,60604,RSM US LLP,"30 South Wacker Drive, Suite 3300",Chicago,ILLINOIS,60606,Certified Public Accountant,12-31-2024,0000927337-25-000011,xml
866,0000927671,"CARDINAL INVESTMENTS, INC.",00847493,3512 SWEET BRIAR LANE,,COLUMBIA,IL,62236,,,,,,,,,paper
867,0000927676,PLANNER SECURITIES LLC,00847498,1221 BRICKELL AVENUE,9TH FLOOR,MIAMI,FL,33131,YSL  Associates LLC,11 Broadway,New York,NEW YORK,10004,Certified Public Accountant,12-31-2024,0000927676-25-000004,xml
868,0000927677,"ATHENE SECURITIES, LLC",00847499,7700 MILLS CIVIC PARKWAY,,WEST DES MOINES,IA,50266,,,,,,,,,paper
869,0000928873,KROLL SECURITIES LLC,00847558,1 S. WACKER DRIVE,SUITE 700,CHICAGO,IL,60606,CohnReznick LLP,1301 Avenue of the Americas,New York,NEW YORK,10019,Certified Public Accountant,12-31-2024,0002013816-25-000044,xml
870,0000928928,"ST. BERNARD FINANCIAL SERVICES, INC.",00847566,1609 WEST MAIN ST.,,RUSSELLVILLE,AR,72801,,,,,,,,,paper
871,0000929029,"PACKERLAND BROKERAGE SERVICES, INC.",00847572,432 SECURITY BLVD.,SUITE 101,GREEN BAY,WI,54313,,,,,,,,,paper
872,0000929191,"VICTORY CAPITAL SERVICES, INC.",00847577,4900 TIEDEMAN ROAD,4TH FLOOR,BROOKLYN,OH,44144,,,,,,,,,paper
873,0000930012,BARINGS SECURITIES LLC,00847589,300 S. TRYON STREET,SUITE 2500,CHARLOTTE,NC,28202,,,,,,,,,paper
874,0000930669,"MAY CAPITAL GROUP, L.L.C.",00847616,1776 BROADWAY,SUITE 1900,NEW YORK,NY,10019,"Ohab and Company, PA","100 E Sybelia Avenue ,  Suite 1300",Maitland,FLORIDA,32751,Certified Public Accountant,12-31-2024,0000930669-25-000001,xml
875,0000930933,"THE LEADERS GROUP, INC.",00847639,475 SPRINGFIELD AVE,SUITE 1,SUMMIT,NJ,07901,Spicer Jeffries LLP,4601 DTC Blvd,Denver,COLORADO,80137,Certified Public Accountant,12-31-2024,0002013816-25-000065,xml
876,0000932517,"MERCER ALLIED COMPANY, L.P.",00847739,100 COLISEUM DRIVE,,COHOES,NY,12047,PricewaterhouseCoopers LLP,300 Madison Avenue,New York,NEW YORK,10017,Certified Public Accountant,12-31-2024,0000932517-25-000002,xml
877,0000932536,MID ATLANTIC CLEARING & SETTLEMENT CORPORATION,00847758,1251 WATERFRONT PL STE 510,SUITE 540,PITTSBURGH,PA,15222,,,,,,,,,paper
878,0000932540,GROUP ONE TRADING LLC,00847762,425 S FINANCIAL PLACE,SUITE 3400,CHICAGO,IL,60605,RSM US LLP,"30 South Wacker Drive, Ste. 3300",Chicago,ILLINOIS,60606,Certified Public Accountant,09-30-2025,0000932540-25-000041,xml
879,0000932541,"GLOBAL BROKERAGE SERVICES, INC.",00847763,11350 MCCORMICK RD.,EP III SUITE 1204,HUNT VALLEY,MD,21031,Romeo  Chiaverelli CPA's LLC,One Bala Ave Ste 234,Cynwyd,PENNSYLVANIA,19004,Certified Public Accountant,06-30-2025,0000932541-25-000003,xml
880,0000932690,"DWS DISTRIBUTORS, INC.",00847765,875 THIRD AVENUE,27TH FLOOR- MAIL STOP NYC03-2720,NEW YORK,NY,10022,KPMG LLP,345 Park Ave,New York,NEW YORK,10154,Certified Public Accountant,12-31-2024,0000932690-25-000007,xml
881,0000932819,E&J SECURITIES CORP.,00847773,C/O ACCOUNTING & COMPLIANCE INTERNATIONA,"199 WATER STREET, 9TH FL",NEW YORK,NY,10038,,,,,,,,,paper
882,0000933048,"CORECAP INVESTMENTS, LLC",00847783,27777 FRANKLIN ROAD,SUITE 700,SOUTHFIELD,MI,48034,"Spicer Jeffries, LLP",4601 DTC Boulevard,Denver,COLORADO,80237,Certified Public Accountant,12-31-2024,0000933048-25-000006,xml
883,0000933067,"COMSTOCK PARTNERS, L.L.C.",00847802,5003 RUBIO AVENUE,,LOS ANGELES,CA,91436-1122,,,,,,,,,paper
884,0000933075,"VALDES & MORENO, INC.",00847810,819 MAIN STREET,ROOM 304,PARKVILLE,MO,64152,"David Lundgren  Company, CPA's, Chtd.",505 North MurLen Road,Olathe,KANSAS,66062,Certified Public Accountant,12-31-2023,0000933075-24-000001,xml
885,0000933079,MGO SECURITIES CORP.,00847814,24400 CHAGRIN BLVD,SUITE 310,BEACHWOOD,OH,44122,,,,,,,,,paper
886,0000934682,"FREEDOM INVESTMENTS, INC.",00847883,375 RARITAN CENTER PARKWAY,SUITE 501,EDISON,NJ,08837,Deloitte  Touche LLP,30 Rockefeller Plaza,New York,NEW YORK,10112,Certified Public Accountant,12-31-2024,0000934682-25-000006,xml
887,0000934684,"ADP BROKER-DEALER, INC.",00847885,71 HANOVER ROAD,MS - 580,FLORHAM PARK,NJ,07932,Deloitte  Touche LLP,30 Rockefeller Plaza,New York,NEW YORK,10112,Certified Public Accountant,06-30-2025,0000934684-25-000004,xml
888,0000934690,"GRIFFIN CAPITAL SECURITIES, LLC",00847891,2010 MAIN STREET,SUITE 530,IRVINE,CA,92614,Deloitte  Touche LLP,30 Rockefeller Plaza,New York,NEW YORK,10112-0015,Certified Public Accountant,12-31-2024,0000934690-25-000003,xml
889,0000935143,"JOSLIN, JEFFREY ALEX",00847899,16152 BEACH BLVD.,SUITE 271,HUNTINGTON BEACH,CA,92647-3815,,,,,,,,,paper
890,0000935544,"EATON VANCE DISTRIBUTORS, INC.",00847939,1300 THAMES STREET,C/O SHARED SERVICES COMPLIANCE - REGISTR,BALTIMORE,MD,21231,Deloitte  Touche LLP,30 Rockefeller Plaza,New York,NEW YORK,10112-0015,Certified Public Accountant,12-31-2024,0001193125-25-037156,xml
891,0000935560,"CEROS FINANCIAL SERVICES, INC.",00847955,1445 RESEARCH BOULEVARD,SUITE 530,ROCKVILLE,MD,20850,,,,,,,,,paper
892,0000936475,"RENCAP SECURITIES, INC.",00848011,750 LEXINGTON AV.,7TH FLOOR - SUITE 131,NEW YORK,NY,10022,,,,,,,,,paper
893,0000936854,"VOYA INVESTMENTS DISTRIBUTOR, LLC",00848020,ONE ORANGE WAY,,WINDSOR,CT,06095,,,,,,,,,paper
894,0000937809,"KILEY PARTNERS, INC.",00848050,35 E HORIZON RIDGE PKWY,"STE 110, BOX 3039",HENDERSON,NV,89002,Rubio CPA PC,3500 Lenox Road NE,Atlanta,GEORGIA,30326,Certified Public Accountant,12-31-2024,0000937809-25-000001,xml
895,0000938397,"BAYSTATE CAPITAL SERVICES, INC.",00848054,"330 WHITNEY AVENUE, SUITE 500",,HOLYOKE,MA,01040,,,,,,,,,paper
896,0000938401,STERLING SMITH CORPORATION,00848058,4326A SCOTLAND,,HOUSTON,TX,77007,"EEPB,P.C.",2950 North Loop West Suite 1200,Houston,TEXAS,77092,Certified Public Accountant,12-31-2024,0000938401-25-000001,xml
897,0000938607,"MISCHLER FINANCIAL GROUP, INC.",00848067,19800 MACARTHUR BLVD.,SUITE 600,IRVINE,CA,92612,Cropper Accountancy Corporation,"2700 Ygnacio Valley Blvd, Suite 270",Walnut Creek,CALIFORNIA,94598,Certified Public Accountant,12-31-2024,0000938607-25-000004,xml
898,0000939650,FMN CAPITAL CORPORATION,00848082,26041 ACERO,,MISSION VIEJO,CA,92691,,,,,,,,,paper
899,0000940322,"SPP CAPITAL PARTNERS, LLC",00848093,550 FIFTH AVENUE,12TH FLOOR,NEW YORK,NY,10036,,,,,,,,,paper
900,0000940622,"TALCOTT RESOLUTION DISTRIBUTION COMPANY, INC.",00848097,ONE AMERICAN ROW,LAW DEPARTMENT MAILSTOP S3001,HARTFORD,CT,06103,Deloitte  Touche LLP,"185 Asylum St, 33rd Floor",Hartford,CONNECTICUT,06103,Certified Public Accountant,12-31-2024,0000940622-25-000004,xml
901,0000941064,"BRINKER CAPITAL SECURITIES, LLC",00848110,1055 WESTLAKES DRIVE,SUITE 250,BERWYN,PA,19312,Grant Thornton LLP,171 N. Clark Street,Chicago,ILLINOIS,60601,Certified Public Accountant,12-31-2020,0000941064-21-000006,xml
902,0000943701,"P.J. ROBB VARIABLE, LLC",00848197,6075 POPLAR AVE,SUITE 400,MEMPHIS,TN,38119,,,,,,,,,paper
903,0000943702,"ATLANTIC - PACIFIC CAPITAL, INC.",00848198,ONE DOCK STREET,SUITE 404,STAMFORD,CT,06902,Reynolds  Rowella LLP,51 Locust Ave,New Canaan,CONNECTICUT,06840,Certified Public Accountant,12-31-2024,0000943702-25-000004,xml
904,0000943705,FORTE SECURITIES LLC,00848201,"199 WATER STREET, 9TH FLOOR",17TH FLOOR--ROOM 113,NEW YORK,NY,10038,Nawrocki Smith LLP,100 Motor Parkway,Hauppauge,NEW YORK,11788,Certified Public Accountant,03-31-2025,0002013816-25-000072,xml
905,0000943903,"MML DISTRIBUTORS, LLC",00848203,1295 STATE STREET,,SPRINGFIELD,MA,01111,KPMG LLP,60 South Street,Boston,MASSACHUSETTS,02111,Certified Public Accountant,12-31-2024,0000943903-25-000002,xml
906,0000943905,"WESTPORT FINANCIAL SERVICES, L.L.C.",00848204,4651 SALISBURY ROAD,SUITE 410,JACKSONVILLE,FL,32256-6129,Withum Smith Brown PC,1411 Broadway,New York,NEW YORK,10018,Certified Public Accountant,12-31-2024,0000943905-25-000003,xml
907,0000944068,PETERS & CO. EQUITIES INC.,00848219,2300 JAMIESON PLACE,308 FOURTH AVENUE SW,"CALGARY, AB",A0,T2P 0H7,,,,,,,,,paper
908,0000944308,"CHESTNUT SECURITIES, INC.",00848226,ONE FINANCIAL CENTER,24TH FLOOR,BOSTON,MA,02111,,,,,,,,,paper
909,0000944360,"ARIEL DISTRIBUTORS, LLC",00848238,200 EAST RANDOLPH STREET,SUITE 2900,CHICAGO,IL,60601,Deloitte  Touche LLP,111 South Wacker Drive,Chicago,ILLINOIS,60606,Certified Public Accountant,12-31-2024,0000944360-25-000001,xml
910,0000944361,"CLIFTONLARSONALLEN WEALTH ADVISORS, LLC",00848239,220 S. SIXTH STREET,SUITE 300,MINNEAPOLIS,MN,55402-4505,Berkowitz Pollack Brant Advisors CPAs,200 S Biscayne Blvd,Miami,FLORIDA,33131-5310,Certified Public Accountant,12-31-2024,0000944361-25-000003,xml
911,0000944377,"MATRIX EXECUTIONS, LLC",00848255,141 W JACKSON BLVD,SUITE 2020A,CHICAGO,IL,60604,,,,,,,,,paper
912,0000945039,"HANDELSBANKEN MARKETS SECURITIES, INC.",00848279,900 THIRD AVENUE,17 TH FLOOR,NEW YORK,NY,10022-4678,"Regen, Benz  Mackenzie, C.P.A's P.C.","57 West 38th Street, 3rd Floor",New York,NEW YORK,10018,Certified Public Accountant,12-31-2024,0000945039-25-000001,xml
913,0000945170,"ROBERT BLUM MUNICIPALS, INC.",00848287,376 17TH AVENUE,900 NORTH POINT ST.-SUITE C445,SAN FRANCISCO,CA,94121,,,,,,,,,paper
914,0000945520,"SHEARSON FINANCIAL SERVICES, LLC",00848313,7000 W. PALMETTO PARK ROAD,SUITE 501,BOCA RATON,FL,33433,Assurance Dimensions,3111 N University Drive,Coral Springs,FLORIDA,33065,Certified Public Accountant,12-31-2024,0000945520-25-000001,xml
915,0000945936,"MOLONEY SECURITIES CO., INC.",00848326,13537 BARRETT PARKWAY DRIVE,#300,MANCHESTER,MO,63021,"Holt  Patterson, LLC",260 Chesterfield Industrial Blvd,Chesterfield,MISSOURI,63005,Certified Public Accountant,12-31-2024,0000945936-25-000001,xml
916,0000945965,"CORPORATE INVESTMENTS GROUP, INC.",00848355,238 W CERMAK ROAD,SUITE 3A,CHICAGO,IL,60616,,,,,,,,,paper
917,0000946629,"LEIGH BALDWIN & CO., LLC",00848385,112 ALBANY STREET,,CAZENOVIA,NY,13035-0660,"RW Group, LLC",114 Cambridge Road,Landenberg,PENNSYLVANIA,19348,Certified Public Accountant,12-31-2024,0000946629-25-000004,xml
918,0000946633,VAN LANSCHOT KEMPEN (USA) INC.,00848389,880 THIRD AVENUE,17TH FLOOR,NEW YORK,NY,10022,Marcum LLP,"340 Mount Kemble Ave, Suite 210N",Morristown,NEW JERSEY,07960,Certified Public Accountant,12-31-2024,0000946633-25-000002,xml
919,0000946801,D.M. KELLY & COMPANY,00848398,3900 INGERSOLL AVENUE,SUITE 300,DES MOINES,IA,50312,DSWD,20646 Abbey Woods Ct NW,Frankfort,ILLINOIS,60423,Certified Public Accountant,12-31-2024,0000946801-25-000001,xml
920,0000947538,AXCELUS FINANCIAL DISTRIBUTION COMPANY,00848416,1650 MARKET STREET,8TH FLOOR,PHILADELPHIA,PA,19103,,,,,,,,,paper
921,0000947617,"EDELMAN & CO., LTD.",00848431,333 WEST BROWN DEER ROAD,,MILWAUKEE,WI,53217,,,,,,,,,paper
922,0000948037,"BLACKROCK INVESTMENTS, LLC",00848436,1 UNIVERSITY SQUARE DRIVE,29TH FLOOR,PRINCETON,NJ,08540,DELOITTE  TOUCHE LLP,30 ROCKEFELLER PLAZA,NEW YORK,NEW YORK,10112,Certified Public Accountant,12-31-2024,0000948037-25-000001,xml
923,0000948390,"TRIBAL CAPITAL MARKETS, LLC",00848460,10243 MATTRAW PLACE,SUITE 9B,ORLANDO,FL,32836,Sanville @ Co,1514 Old York Road,Abington,PENNSYLVANIA,19001,Certified Public Accountant,12-31-2020,0000948390-21-000008,xml
924,0000948391,"CORINTHIAN PARTNERS, L.L.C.",00848461,275 MADISON AVENUE,8TH FLOOR,NEW YORK,NY,10016,"RGNCS, CPAs PLLC",97 Froehlich Farm Blvd,Woodbury,NEW YORK,11797,Certified Public Accountant,12-31-2022,0000948391-23-000002,xml
925,0000948395,GVC CAPITAL LLC,00848465,5350 SO. ROSLYN ST.,SUITE 300,GREENWOOD VILLAGE,CO,80111-2124,Spicer Jeffries LLP,4601 DTC Boulevard,Denver,COLORADO,80237,Certified Public Accountant,12-31-2022,0000948395-23-000001,xml
926,0000948396,"C2M SECURITIES, LLC",00848466,7315 THREE CHOPT ROAD,SUITE 301,RICHMOND,VA,23226,VICTOR MOKUOLU CPA PLLC,"8990 Kirby Drive, Suite 220",Houston,TEXAS,77054,Certified Public Accountant,12-31-2024,0000948396-25-000002,xml
927,0000948397,"ELE WEALTH SOLUTIONS, INC.",00848467,"18700 W. 10 MILE ROAD, STE 100",,SOUTHFIELD,MI,48075,Jennifer Wray CPA PLLC,800 Bonaventure Way #168,Sugar Land,TEXAS,77479,Certified Public Accountant,12-31-2024,0000948397-25-000001,xml
928,0000948682,BETA CAPITAL SECURITIES LLC,00848481,777 BRICKELL AVENUE,SUITE 1201,MIAMI,FL,33131,"Crowe, LLP","485 Lexington Avenue, Floor 11",New York,NEW YORK,10017,Certified Public Accountant,12-31-2024,0000948682-25-000001,xml
929,0000949002,"HEIM, YOUNG & ASSOCIATES, INC.",00848500,1256 E. KINGSLEY ST,,SPRINGFIELD,MO,65804-7211,"Davila Advisory, LLC",10135 Manchester Rd. Ste 206,St. Louis,MISSOURI,63122,Certified Public Accountant,06-30-2025,0000949002-25-000005,xml
930,0000949003,"TECKMEYER FINANCIAL SERVICES, L.L.C.",00848501,11104 JOHN GALT BLVD.,,OMAHA,NE,68137-2307,,,,,,,,,paper
931,0000949135,"DOUGLAS SCOTT SECURITIES, INC.",00848506,1700 ALMA DR,SUITE 110A,PLANO,TX,75075,,,,,,,,,paper
932,0000949247,CORRELL CO. INVESTMENT SERVICES CORP.,00848507,9655 SOUTH 78TH AVENUE,,HICKORY HILLS,IL,60457-2211,"Ryan  Juraska, LLP",141 W Jackson Blvd,Chicago,ILLINOIS,60604,Certified Public Accountant,12-31-2024,0000949247-25-000001,xml
933,0000949317,TRUSTFIRST INC.,00848509,5908 TOOLE DRIVE,SUITE A,KNOXVILLE,TN,37919,"Faust, Thomas",174 Coldbrook Ct.,Lafayette,INDIANA,47909,Certified Public Accountant,12-31-2024,0000949317-25-000001,xml
934,0000949896,LEERINK PARTNERS LLC,00848535,"53 STATE STREET, 40TH FLOOR",40TH FLOOR,BOSTON,MA,02109,BDO USA P.C.,One International Place,Boston,MASSACHUSETTS,02110,Certified Public Accountant,12-31-2024,0000949896-25-000003,xml
935,0000949905,"WINKLEVOSS INSURANCE AGENCY, LLC",00848544,PO BOX 4997,3RD FLOOR,GREENWICH,CT,06831,Lilling  Company LLP,"2 Seaview Boulevard, Suite 200",Port Washington,NEW YORK,11050,Certified Public Accountant,06-30-2025,0000949905-25-000002,xml
936,0000949908,"LRB PUBLIC FINANCE ADVISORS, INC.",00848547,"41 N. RIO GRANDE, SUITE 101",SUITE 100,SALT LAKE CITY,UT,84101,Haynie  Company,1785 West 2320 South,Salt Lake City,UTAH,84119,Certified Public Accountant,12-31-2022,0000949908-23-000001,xml
937,0000949918,"1ST DISCOUNT BROKERAGE, INC.",00848557,8927 HYPOLUXO ROAD,SUITE A5,LAKE WORTH,FL,33467,"Ohab and Company, PA","100 E Sybelia Ave, Suite 130",Maitland,FLORIDA,33467,Certified Public Accountant,12-31-2024,0000949918-25-000001,xml
938,0001000148,"LEGACY CAPITAL FUND, INC.",00848568,433 METAIRIE RD STE 405,,METAIRIE,LA,70005,"LaPorte, A Professional Accounting Corporation","5100 Village Walk, Suite 300",Covington,LOUISIANA,70433,Certified Public Accountant,12-31-2015,0001000148-16-000002,xml
939,0001000152,"WESTERN INTERNATIONAL SECURITIES, INC.",00848572,11740 KATY FREEWAY,SUITE 600,HOUSTON,TX,77079,"Citrin Cooperman, LLP",50 Rockfeller Plaza,New York,NEW YORK,10020,Certified Public Accountant,12-31-2024,0001000152-25-000002,xml
940,0001000316,FINANTIA USA INC.,00848578,"1221 BRICKELL AVENUE, 14TH FLOOR",SUITE 1460,MIAMI,FL,33131,YSL  Associates LLC,11 Broadway,New York,NEW YORK,10004,Certified Public Accountant,12-31-2024,0001000316-25-000001,xml
941,0001001017,STANFORD GROUP COMPANY,00848611,"1029 STATE HWY 6 NORTH, SUITE 650 #272",14TH FLOOR,HOUSTON,TX,77079,,,,,,,,,paper
942,0001001360,QUATTRO M SECURITIES INC.,00848629,735 RIDGEFIELD ROAD,,WILTON,CT,06897,,,,,,,,,paper
943,0001001361,"FINANCIAL SENSE SECURITIES, INC.",00848630,10920 VIA FRONTERA,SUITE 500,SAN DIEGO,CA,92127,"LMHS, P.C.","80 Washington Street, Building S",Norwell,MASSACHUSETTS,02061,Certified Public Accountant,06-30-2025,0001001361-25-000004,xml
944,0001001362,C&C TRADING L.L.C.,00848631,35 MASON STREET,4TH FLOOR,GREENWICH,CT,06830,"PKF O'Connor Davies, LLP",245 Park Avenue - 12th Floor,New York,NEW YORK,10167,Certified Public Accountant,12-31-2024,0001001362-25-000003,xml
945,0001001366,"U.S. DISCOUNT BROKERAGE, INC.",00848635,17 E KOSSUTH ST,SUITE 200,COLUMBUS,OH,43206,,,,,,,,,paper
946,0001001373,"BNA WEALTH, INC.",00848642,596 HERRONS FERRY ROAD,SUITE 300,ROCK HILL,SC,29730,,,,,,,,,paper
947,0001001382,KBFG SECURITIES AMERICA INC.,00848651,"1370 AVENUE OF THE AMERICAS, SUITE 2700",STE  7863,NEW YORK,NY,10019,Sejong LLP,65 Challenger Road,Ridgefield Park,NEW JERSEY,07660,Certified Public Accountant,12-31-2024,0001001382-25-000002,xml
948,0001001383,ADVANTAGE SECURITIES LLC,00848652,141 WEST JACKSON BOULEVARD,SUITE 3900,CHICAGO,IL,60604,,,,,,,,,paper
949,0001001723,"UNITED BROKERAGE SERVICES, INC",00848685,P. O. BOX 1508,,PARKERSBURG,WV,26102-1508,Ernst  Young LLP,500 Virginia Street,Charleston,WEST VIRGINIA,25301,Certified Public Accountant,12-31-2024,0001193125-25-067007,xml
950,0001002006,"TRADESTATION SECURITIES, INC.",00848711,8050 SW 10TH STREET,SUITE 2000,PLANTATION,FL,33324,KPMG LLP,78 SW 7 Street,Miami,FLORIDA,33130,Certified Public Accountant,03-31-2025,0001002006-25-000005,xml
951,0001002196,SORSBY FINANCIAL CORP.,00848718,1222 CHARLTON PARK DR,SUITE 3503,HOUSTON,TX,77077,Davila Advisory LLC,10135 Manchester Rd Ste 206,St Louis,MISSOURI,63122,Certified Public Accountant,09-30-2024,0001002196-25-000001,xml
952,0001002197,BLACKROCK EXECUTION SERVICES,00848719,1 UNIVERSITY SQUARE DRIVE,,PRINCETON,NJ,08540,DELOITTE  TOUCHE LLP,30 ROCKEFELLER PLAZA,NEW YORK,NEW YORK,10112,Certified Public Accountant,12-31-2024,0001002197-25-000001,xml
953,0001002201,"NATALLIANCE SECURITIES, LLC",00848723,3101 BEE CAVE RD,SUITE 270,AUSTIN,TX,78746,Cherry Baekart,"200 S 10th St, #900",Richmond,VIRGINIA,23219,Certified Public Accountant,12-31-2024,0001002201-25-000004,xml
954,0001002202,"CHURCHILL FINANCIAL, LLC",00848724,"312 WHITTINGTON PARKWAY, SUITE 201",,LOUISVILLE,KY,40222,Cherry Bekaert LLP,101 S. Fifth Street,Louisville,KENTUCKY,40202,Certified Public Accountant,12-31-2024,0001002202-25-000006,xml
955,0001002599,"CAMBRIDGE INVESTMENT RESEARCH, INC.",00848740,1776 PLEASANT PLAIN RD.,PO BOX 625,FAIRFIELD,IA,52556-8757,RSM US LLP,201 First St SE,Cedar Rapids,IOWA,52401,Certified Public Accountant,12-31-2024,0001002599-25-000006,xml
956,0001002603,"CITIZENS SECURITIES, INC.",00848744,200 STATION DRIVE,MWS414,WESTWOOD,MA,02090,,,,,,,,,paper
957,0001002604,"WESTWOOD CAPITAL, LLC",00848745,437,24TH FLOOR,NEW YORK,NY,10022,Withum Smith Brown,200 Jefferson Park,Whippany,NEW JERSEY,07981,Certified Public Accountant,12-31-2024,0001002604-25-000001,xml
958,0001002807,"STONECREST CAPITAL MARKETS, INC.",00848754,300 W. 6TH ST.,SUITE 1550,AUSTIN,TX,78701,Assurance Dimensions,3111 N. University Drive,Coral Springs,FLORIDA,33065,Certified Public Accountant,12-31-2024,0001002807-25-000009,xml
959,0001003104,"MCDUFFIE/MORRIS FINANCIAL GROUP, INC.",00848782,18328 ROSAPENNY RD,UNIT 1502,CHARLOTTE,NC,28278,OHAB AND CO,100 E SYBELIA AVE SUITE 100,MAITLAND,FLORIDA,32751,Certified Public Accountant,04-30-2024,0001003104-24-000005,xml
960,0001003108,"AUFHAUSER SECURITIES, INC.",00848786,112 WEST 56TH STREET,,NEW YORK,NY,10019-3841,Mercurius Associates LLP,A-94/8 Wazirpur Industrial Area,New Delhi,INDIA,110052,Certified Public Accountant not resident in United States or any of its possessions,12-31-2024,0001003108-25-000003,xml
961,0001003316,RESEARCH CAPITAL USA INC.,00848795,"199 BAY STREET, SUITE 4500",COMMERCE COURT WEST,TORONTO,A6,M5L 1G2,,,,,,,,,paper
962,0001003676,"THE TIDAL GROUP, INC.",00848809,"5501 MID CITIES PARKWAY, SUITE 100",,SCHERTZ,TX,78154-2413,Haynie and Company,1785 West 2320 South,Salt Lake City,UTAH,84119,Certified Public Accountant,12-31-2024,0001003676-25-000001,xml
963,0001003991,"GUGGENHEIM FUNDS DISTRIBUTORS, LLC",00848842,702 KING FARM BLVD,STE 200,ROCKVILLE,MD,20850,KPMG,345 Park Ave,New York,NEW YORK,10154,Certified Public Accountant,12-31-2024,0001003991-25-000003,xml
964,0001004323,"RICE, VOELKER, LLC",00848854,625 GIROD ST SUITE B,,MANDEVILLE,LA,70448,,,,,,,,,paper
965,0001004952,"WESTPARK CAPITAL, INC.",00848898,535 5TH AVE.,22ND FLOOR,NEW YORK,NY,10017,"LMHS, P.C.",80 Washington St. Blg S,Norwell,MASSACHUSETTS,02061,Certified Public Accountant,12-31-2024,0001004952-25-000003,xml
966,0001005135,SWISS RE CAPITAL MARKETS CORPORATION,00848914,1301 AVENUE OF THE AMERICAS,43RD FLOOR,NEW YORK,NY,10019,KPMG,345 Park Avenue,New York,NEW YORK,10154,Certified Public Accountant,12-31-2024,0001005135-25-000002,xml
967,0001005256,"HIGGINS CAPITAL MANAGEMENT, INC.",00848921,2223 AVENIDA DE LA PLAYA STE. 210,,LA JOLLA,CA,92037-3218,"Jospeh Yafeh, CPA",11300 W. Olympic Blvd.,Los Angeles,CALIFORNIA,90064,Certified Public Accountant,12-31-2015,0001005256-16-000003,xml
968,0001005261,"M&A SECURITIES GROUP, INC.",00848926,4151 N. MULBERRY DRIVE,SUITE 252,KANSAS CITY,MO,64116,,,,,,,,,paper
969,0001005393,"BAY CREST PARTNERS, LLC",00848931,40 WALL STREET,42ND FLOOR,NEW YORK,NY,10005,"WithumSmithBrown, PC",200 Jefferson Park,Whippany,NEW JERSEY,07981,Certified Public Accountant,12-31-2024,0002013816-25-000066,xml
970,0001005399,A.BRIDGE REALVEST SECURITIES CORPORATION,00848937,244 CAMBRIDGE OAKS,SECOND FLOOR,PARK RIDGE,NJ,07656,"Victor Mokuolu, CPA PLLC","8990 Kirby Drive, Suite 220",Houston,TEXAS,77054,Certified Public Accountant,12-31-2024,0001005399-25-000003,xml
971,0001005400,"J. ALDEN ASSOCIATES, INC.",00848938,37 WEST AVE,SUITE 300,WAYNE,PA,19087,"Romeo  Chiaverelli, LLC",One Bala Avenue,Bala Cynwyd,PENNSYLVANIA,19004,Certified Public Accountant,12-31-2024,0001005400-25-000003,xml
972,0001005519,PAYCHEX SECURITIES CORPORATION,00848942,220 KENNETH DRIVE,SUITE 100,ROCHESTER,NY,14623,PricewaterhouseCoopers LLP,One North Wacker Dr,Chicago,ILLINOIS,60606,Certified Public Accountant,05-31-2025,0001005519-25-000005,xml
973,0001005744,"ALEXANDER CAPITAL, L.P.",00848957,10 DRS JAMES PARKER BLVD,SUITE 201,RED BANK,NJ,07701,,,,,,,,,paper
974,0001005806,WAVELAND CAPITAL PARTNERS LLC,00848962,19800 MACARTHUR BLVD,SUITE 650,IRVINE,CA,92612,"OHAB AND COMPANY, PA","100 E Sybelia Avel, STE 130",Maitland,FLORIDA,32751,Certified Public Accountant,12-31-2024,0001005806-25-000001,xml
975,0001005813,EFG CAPITAL INTERNATIONAL CORP.,00848969,701 BRICKELL AVE,9TH FLOOR & SUITE 1310,MIAMI,FL,33131-2867,Pricewaterhouse Coopers,"545 NW 26th St, Ste 800",Miami,FLORIDA,33127,Certified Public Accountant,12-31-2024,0001005813-25-000004,xml
976,0001006323,JACKSON NATIONAL LIFE DISTRIBUTORS LLC,00848984,300 INNOVATION DR,6TH FLOOR,FRANKLIN,TN,37067,,,,,,,,,paper
977,0001006938,"NORTHLAND SECURITIES, INC.",00848994,150 SOUTH FIFTH STREET,SUITE 3300,MINNEAPOLIS,MN,55402,,,,,,,,,paper
978,0001006939,"LOGAN, KEVIN CHRISTOPHER",00848995,P.O. BOX 2059,,GRANITE BAY,CA,95746,,,,,,,,,paper
979,0001006944,"GREENHILL & CO., LLC",00849000,1271 AVENUE OF THE AMERICAS,,NEW YORK,NY,10020,Ernst  Young LLP,One Manhattan West,New York,NEW YORK,10001,Certified Public Accountant,03-31-2025,0001006944-25-000004,xml
980,0001007086,"SENTINEL BROKERS COMPANY, INC.",00849005,102 XANADU PLACE,,JUPITER,FL,33477,Assurance Dimensions,4920 W. Cypress St.,Tampa,FLORIDA,33607,Certified Public Accountant,12-31-2024,0001007086-25-000001,xml
981,0001007500,"PENTALPHA CAPITAL, LLC",00849021,P.O. BOX 4839,,GREENWICH,CT,06831,REID CPAs LLP,7600 Jericho Turnpike,Woodbury,NEW YORK,11797,Certified Public Accountant,12-31-2021,0001007500-22-000001,xml
982,0001008570,CAMBRIDGE INTERNATIONAL PARTNERS LLC,00849059,2187 ATLANTIC STREET,SUITE 703,STAMFORD,CT,06902,"Citron Cooperman  Company, LLP",50 Rockefeller Plaza,New York,NEW YORK,10020,Certified Public Accountant,12-31-2024,0001008570-25-000005,xml
983,0001009952,HANCOCK WHITNEY INVESTMENT SERVICES INC.,00849106,701 POYDRAS ST.,SUITE 3100,NEW ORLEANS,LA,70139,PricewaterhouseCoopers LLP,"909 Poydras Street, Suite 3100",New Orleans,LOUISIANA,70112,Certified Public Accountant,12-31-2024,0001009952-25-000001,xml
984,0001009953,"GUGGENHEIM SECURITIES, LLC",00849107,330 MADISON AVENUE,8TH FLOOR,NEW YORK,NY,10017,KPMG LLP,345 Park Avenue,New York,NEW YORK,10154,Certified Public Accountant,12-31-2024,0001009953-25-000001,xml
985,0001010383,"CAPITAL INVESTMENT BROKERAGE, INC.",00849118,P.O. BOX 32249,,RALEIGH,NC,27622,,,,,,,,,paper
986,0001010589,NORTHERN CAPITAL SECURITIES CORPORATION,00849130,50 HIGH STREET,4TH FLOOR,NORTH ANDOVER,MA,01845,,,,,,,,,paper
987,0001010808,YOUNG & PARTNERS LLC,00849155,"535 FIFTH AVENUE, 4TH FLOOR",,NEW YORK,NY,10017,,,,,,,,,paper
988,0001011355,S.L. REED & COMPANY,00849178,11111 SANTA MONICA BOULEVARD,SUITE 1200,LOS ANGELES,CA,90025-3346,"LMHS, PC","80 Washington St., Building S",Norwell,MASSACHUSETTS,02061,Certified Public Accountant,12-31-2024,0001011355-25-000003,xml
989,0001011766,CHATSWORTH SECURITIES LLC,00849199,95 EAST PUTNAM AVENUE,,GREENWICH,CT,06830,"Ohab  Company, P.A.",100 East Sybelia Avenue,Maitland,FLORIDA,32751,Certified Public Accountant,12-31-2024,0001011766-25-000001,xml
990,0001011932,"TRITON PACIFIC CAPITAL, LLC",00849205,1979 PORT LOCKSLEIGH PLACE,SUITE 1100,NEWPORT BEACH,CA,92660,,,,,,,,,paper
991,0001011935,"FORTUNE SECURITIES, INC.",00849208,388 E. VALLEY BLVD.,SUITE 208,ALHAMBRA,CA,91801,,,,,,,,,paper
992,0001012055,"CAPITAL RESEARCH BROKERAGE SERVICES, LLC",00849213,15 S. RAYMOND AVENUE,SUITE 200,PASADENA,CA,91105,"Breard  Associates, Inc",9221 Corbin Avenue,Northridge,CALIFORNIA,91324,Certified Public Accountant,12-31-2015,0001012055-16-000002,xml
993,0001012061,BLOOMBERG TRADEBOOK LLC,00849219,731 LEXINGTON AVE,,NEW YORK,NY,10022,PricewaterhouseCoopers LLC,300 Madison Avenue,New York,NEW YORK,10017,Certified Public Accountant,12-31-2024,0001012061-25-000002,xml
994,0001012872,"UNITED CAPITAL MARKETS, INC.",00849253,2665 S. BAYSHORE DR.,PHE 1,MIAMI,FL,33133,,,,,,,,,paper
995,0001013542,RA CAPITAL ASSOCIATES LLC,00849263,11988 EL CAMINO REAL,SUITE 350,SAN DIEGO,CA,92130,"PKF, LLP",2020 Camino del Rio North,San Diego,CALIFORNIA,92130,Certified Public Accountant,12-31-2019,0001013542-20-000001,xml
996,0001013850,"DMK ADVISOR GROUP, INC.",00849279,17961 HUNTING BOW CIRCLE,SUITE 102,LUTZ,FL,33558,,,,,,,,,paper
997,0001014778,"AUGUSTAR DISTRIBUTORS, INC.",00849296,P.O. BOX 237,,CINCINNATI,OH,45201-0371,,,,,,,,,paper
998,0001015017,"ALTERNA SECURITIES, INC.",00849311,2800 POST OAK BLVD,SUITE 6300,HOUSTON,TX,77056,"EEPB, P.C.","2950 North Loop West Freeway, Suite 1200",Houston,TEXAS,77092,Certified Public Accountant,12-31-2024,0001015017-25-000001,xml
999,0001015257,W.G. NIELSEN & CO.,00849316,3200 CHERRY CREEK DRIVE SOUTH,SUITE 470,DENVER,CO,80209,,,,,,,,,paper
1000,0001015558,"CPS FINANCIAL & INSURANCE SERVICES, INC.",00849337,"2860 MICHELLE DRIVE, SUITE 150",SUITE 150,IRVINE,CA,92606,,,,,,,,,paper
1001,0001015560,DASH PRIME LLC,00849339,200 SOUTH WACKER DRIVE,SUITE 2450,CHICAGO,IL,60606,,,,,,,,,paper
1002,0001015706,TRIDENT PARTNERS LTD.,00849342,181 CROSSWAYS PARK DRIVE,,WOODBURY,NY,11797,Rubio CPA PC,3500 Lenox Road NE,Atlanta,GEORGIA,30326,Certified Public Accountant,12-31-2024,0001015706-25-000001,xml
1003,0001016254,"KIPLING CAPITAL, INC.",00849349,100 SHORELINE HWY. 200-B,,MILL VALLEY,CA,94941,,,,,,,,,paper
1004,0001016257,"THE JEFFREY MATTHEWS FINANCIAL GROUP, L.L.C.",00849352,30B VREELAND ROAD,STE 210,FLORHAM PARK,NJ,07932,,,,,,,,,paper
1005,0001016460,SPENCER CLARKE LLC,00849362,1801 N.E. 123RD ST.,SUITE 314,NORTH MIAMI,FL,33181,"OHAB  COMPANY, PA",100 E SYBELIA AVE,MAITLAND,FLORIDA,32751,Certified Public Accountant,03-31-2025,0001016460-25-000003,xml
1006,0001017283,IBS HOLDING CORPORATION,00849385,1200 N FEDERAL HWY,SUITE 215,BOCA RATON,FL,33432,Armanino LLP,21650 Oxnard st,woodland hills,CALIFORNIA,91367,Certified Public Accountant,12-31-2020,0001017283-21-000002,xml
1007,0001017284,"THOMPSON DAVIS & CO., INC.",00849386,"9030 STONY POINT PKWY, STE 100",16TH FLOOR,RICHMOND,VA,23235,Keiter,4401 Dominion Blvd,Glen Allen,VIRGINIA,23060,Certified Public Accountant,12-31-2024,0001017284-25-000002,xml
1008,0001017760,"VESTECH SECURITIES, INC.",00849409,11477 OLDE CABIN RD.,SUITE 310,ST. LOUIS,MO,63141,"Thomas Faust, CPA",174 Coldbrook Ct,Lafayette,INDIANA,47909,Certified Public Accountant,06-30-2025,0001017760-25-000002,xml
1009,0001018444,PRICEWATERHOUSECOOOPERS CORPORATE FINANCE LLC,00849443,1 N. WACKER DRIVE,6TH FLOOR,CHICAGO,IL,60606,Crowe LLP,485 Lexington Avenue,New York,NEW YORK,10017,Certified Public Accountant,06-30-2025,0001018444-25-000007,xml
1010,0001019119,"PAS CAPITAL , LLC",00849463,1003 RT. 22,SUITE 100,FOX RIVER GROVE,IL,60021,,,,,,,,,paper
1011,0001019122,"FIRST CITIZENS CAPITAL SECURITIES, LLC",00849466,11 WEST 42ND STREET,11TH FLOOR,NEW YORK,NY,10036,Cherry Bekaert LLP,"3800 Glenwood Avenue, Suite 200",Raleign,NORTH CAROLINA,27612,Certified Public Accountant,12-31-2024,0001019122-25-000001,xml
1012,0001019314,"VERITY INVESTMENTS, INC.",00849474,280 S MANGUM ST,STE 550,DURHAM,NC,27701-3683,,,,,,,,,paper
1013,0001019315,"D.H. HILL SECURITIES, LLLP",00849475,"1543 GREEN OAK PLACE, SUITE 100",,KINGWOOD,TX,77339,Phillip V. George,5179 CR 1026,Celeste,TEXAS,75423,Certified Public Accountant,12-31-2024,0001019315-25-000001,xml
1014,0001019317,"B.B. GRAHAM & COMPANY, INC.",00849477,1700 W. KATELLA AVE.,,ORANGE,CA,92867,,,,,,,,,paper
1015,0001019951,MCM SECURITIES LLC,00849496,300 JORDAN ROAD,SUITE 1560,TROY,NY,12180,"Frost, PLLC",Brent Currey,Little Rock,ARIZONA,72201,Certified Public Accountant,12-31-2024,0001019951-25-000001,xml
1016,0001021215,"ACE DIVERSIFIED CAPITAL, INC.",00849555,"923 EAST VALLEY BLVD.,",SUITE 213,"SAN GABRIEL,",CA,91776,"Anson, Brian, W",18455 Burbank Blvd #406,Tarzana,CALIFORNIA,91356,Certified Public Accountant,07-31-2025,0001021215-25-000003,xml
1017,0001021475,"LOCORR DISTRIBUTORS, LLC",00849568,687 EXCELSIOR BLVD,4TH FLOOR,EXCELSIOR,MN,55331,,,,,,,,,paper
1018,0001021478,SANTANDER SECURITIES LLC,00849571,75 STATE STREET,MAIL CODE: MA-SST-INV3,BOSTON,MA,02109,Deloitte  Touche LLP,350 Chardon Ave. Suite 700,San Juan,PUERTO RICO,00918-2140,Certified Public Accountant,12-31-2015,0001021478-16-000010,xml
1019,0001021702,"LOOMIS SAYLES DISTRIBUTORS, L.P.",00849575,ONE FINANCIAL CENTER,,BOSTON,MA,02111-2620,,,,,,,,,paper
1020,0001022112,"TIMOTHY PARTNERS, LTD.",00849589,1055 MAITLAND CENTER COMMONS,,MAITLAND,FL,32751,,,,,,,,,paper
1021,0001022465,UBS FUND SERVICES (USA) LLC,00849596,"10 STATE HOUSE SQUARE, 12TH FLOOR",,HARTFORD,CT,06103-3604,Ernst  Young LLP,One Manhattan West,New York,NEW YORK,10001,Certified Public Accountant,12-31-2024,0000067037-25-000005,xml
1022,0001023414,"EQUITYBEE SECURITIES, LLC",00849621,955 ALMA STREET.,SUITE A,PALO ALTO,CA,94301,WithumSmith and Brown PC,One Tower Center Blvd 14th Floor,East Brunswick,NEW JERSEY,08816,Certified Public Accountant,12-31-2024,0001023414-25-000001,xml
1023,0001023417,SEABURY SECURITIES LLC,00849624,152 W 57TH STREET 53RD FLOOR,31ST FLOOR,NEW YORK,NY,10019,Rubio CPA PC,3500 Lenox Road NE,Atlanta,GEORGIA,30326,Certified Public Accountant,12-31-2024,0001023417-25-000001,xml
1024,0001023990,COMMERZ MARKETS LLC,00849647,225 LIBERTY STREET,,NEW YORK,NY,10281,RSM US LLP,151 West 42nd Street,New York,NEW YORK,10036,Certified Public Accountant,12-31-2024,0001023990-25-000003,xml
1025,0001024140,"CAROLINA FINANCIAL SECURITIES, LLC",00849653,PO BOX 1076,,BREVARD,NC,28712,Goldman and Company CPAs PC,3535 Roswell Rd.,Marietta,GEORGIA,30062,Certified Public Accountant,12-31-2024,0001024140-25-000002,xml
1026,0001024459,LINCOLN INTERNATIONAL LLC,00849671,110 NORTH WACKER DRIVE-51ST FLOOR,,CHICAGO,IL,60606,,,,,,,,,paper
1027,0001024460,"KESTRA INVESTMENT SERVICES, LLC",00849672,5707 SOUTHWEST PARKWAY,"BUILDING 2, SUITE 400",AUSTIN,TX,78735,"Ernst  Young, LLP","2323 Victory Avenue, Suite 2000",Dallas,TEXAS,75219,Certified Public Accountant,12-31-2024,0001024460-25-000001,xml
1028,0001024711,REDI GLOBAL TECHNOLOGIES LLC,00849673,"28 LIBERTY STREET, 58TH FLOOR",ATTN MMALONEY,NEW YORK,NY,10005,"Forvis-Mazars,LLP",60 Crossways Park Drive West,Woodbury,NEW YORK,11797,Certified Public Accountant,12-31-2024,0001325845-25-000007,xml
1029,0001025038,"ARVEST INVESTMENTS, INC.",00849677,PO BOX 1515,,LOWELL,AR,72745,PricewaterhouseCoopers LLP,"4100 Corporate Center Drive, Suite 400",Springdale,ARKANSAS,72762,Certified Public Accountant,12-31-2024,0001025038-25-000006,xml
1030,0001025040,"OBERWEIS SECURITIES, INC.",00849679,3333 WARRENVILLE ROAD,SUITE 500,LISLE,IL,60532,,,,,,,,,paper
1031,0001025827,HAYWOOD SECURITIES (USA) INC.,00849696,200 BURRARD ST,SUITE 700,"VANCOUVER, BC",A1,V6C 3L6,Doane Grant Thornton LLP,1600 - 300 Seymour Street,Vancouver,"BRITISH COLUMBIA, CANADA",V6B0A4,Certified Public Accountant not resident in United States or any of its possessions,09-30-2024,0001025827-24-000008,xml
1032,0001025942,"CUSO FINANCIAL SERVICES, L.P.",00849711,"10150 MEANLEY DRIVE, 1ST FLOOR",,SAN DIEGO,CA,92131,Citrin Cooperman,50 Rockefeller Plaza,New York,NEW YORK,10020,Certified Public Accountant,12-31-2024,0001025942-25-000001,xml
1033,0001026100,"GREAT PLAINS FINANCIAL SERVICES, LLP",00849718,"1929 N. WASHINGTON ST., SUITE H",,BISMARCK,ND,58501,,,,,,,,,paper
1034,0001026209,"FORTUNE FINANCIAL SERVICES, INC.",00849727,P.O. BOX 238,,MONACA,PA,15061,,,,,,,,,paper
1035,0001026580,"SECURE PLANNING, INC.",00849737,42 MIDDLE STREET,,PORTSMOUTH,NH,03801,"Larry Liberfarb, PC",11 Vanderbilt Avenue #220,Norwood,MASSACHUSETTS,02062,Certified Public Accountant,12-31-2024,0001026580-25-000001,xml
1036,0001026583,"G.W. SHERWOLD ASSOCIATES, INC",00849740,22994 EL TORO ROAD,,LAKE FOREST,CA,92630,,,,,,,,,paper
1037,0001026770,"SUNBELT SECURITIES, INC.",00849748,2700 POST OAK BLVD,STE 1700,HOUSTON,TX,77056,Sanville  Company LLC,325 North Saint Paul St,Dallas,TEXAS,75201,Certified Public Accountant,12-31-2024,0001026770-25-000001,xml
1038,0001026772,"ACCESS INVESTMENTS, INC.",00849750,"6440 AVONDAL DRIVE, SUITE 210",,OKLAHOMA CITY,OK,73116-2000,,,,,,,,,paper
1039,0001027272,"AETHLON CAPITAL, L.L.C",00849765,1786 JAMES AVENUE SOUTH,SUITE 1790,MINNEAPOLIS,MN,55403,"Maner, Costerisan  Ellis, P.C.",2425 E. Grand River Ave.,Lansing,MICHIGAN,48912,Certified Public Accountant,12-31-2022,0001027272-23-000001,xml
1040,0001028553,DOUGALL & ASSOCIATES INC.,00849806,8883 WINDING TRAIL,APT 2203,SAINT JOHN,IN,46373,"Jesser,Ravid,Jason,Basso, and Farber LLP",230 W. Monroe St.,Chicago,ILLINOIS,60606,Certified Public Accountant,12-31-2023,0001028553-24-000007,xml
1041,0001028562,"IBN FINANCIAL SERVICES, INC.",00849815,P.O. BOX 2365,,LIVERPOOL,NY,13089,"Evans and Bennett, LLP",373 Spencer Street,Syracuse,NEW YORK,13204,Certified Public Accountant,12-31-2024,0001028562-25-000002,xml
1042,0001028771,"SECOND STREET SECURITIES, INC.",00849829,600 TOWNSEND,SUITE 300,SAN FRANCISCO,CA,94103,,,,,,,,,paper
1043,0001028772,EVERCORE GROUP L.L.C.,00849830,55 EAST 52ND STREET,38TH FLOOR,NEW YORK,NY,10055,,,,,,,,,paper
1044,0001030411,"SIEBERT WILLIAMS SHANK & CO., LLC",00849877,100 WALL STREET,18TH FLOOR,NEW YORK,NY,10005,Grassi Advisors  Accountants,360 Madison Avenue,New York,NEW YORK,10017,Certified Public Accountant,12-31-2024,0001030411-25-000003,xml
1045,0001030414,"LIEBLONG & ASSOCIATES, INC.",00849880,P.O. BOX 24520,,LITTLE ROCK,AR,72221,"DeMarco Sciaccotta Wilkens  Dunleavy, LLP",20646 Abbey Woods Ct. N,Frankfort,ILLINOIS,60423,Certified Public Accountant,09-30-2024,0001030414-24-000001,xml
1046,0001030869,"NAVAID FINANCIAL SERVICES, INC.",00849897,21 E EUCLID AVE,FL. 12,HADDONFIELD,NJ,08033,"Siana Carr O'Connor and Lynam, LLP",1500 Lancaster Ave,Paoli,PENNSYLVANIA,19301,Certified Public Accountant,12-31-2024,0001030869-25-000003,xml
1047,0001032188,"PUBLIC VENTURES, LLC",00849951,"14135 MIDWAY ROAD, SUITE G-150",12TH FLOOR,ADDISON,TX,75001,RBSM LLP,805 Third Avenue,New York,NEW YORK,10022,Certified Public Accountant,12-31-2024,0001493152-25-010655,xml
1048,0001034262,TRADEWEB L.L.C,00849994,245 PARK AVENUE,2200 PLAZA FIVE,NEW YORK,NY,10167,Deloitte  Touche LLP,30 Rockefeller Plaza,New York,NEW YORK,10112-0015,Certified Public Accountant,12-31-2024,0001034262-25-000002,xml
1049,0001034263,"ROGAN & ASSOCIATES, INC.",00849995,200 9TH AVENUE. NORTH,SUITE 100,SAFETY HARBOR,FL,34695-3500,Assurance Dimensions,"3111 N University Drive, Suite 621",Coral Springs,FLORIDA,33065,Certified Public Accountant,12-31-2024,0001034263-25-000001,xml
1050,0001034635,"SOUTH ATLANTIC ENTERPRISES, INC.",00850006,4030 WAKE FOREST ROAD,SUITE 300,RALEIGH,NC,27609,,,,,,,,,paper
1051,0001034830,"TRIPLETREE, LLC",00850015,8200 NORMANDALE LAKE BLVD,7TH FLOOR,BLOOMINGTON,MN,55437,Keiter,4401 Dominion Blvd.,Glen Allen,VIRGINIA,23060,Certified Public Accountant,12-31-2024,0001034830-25-000001,xml
1052,0001034945,"VALIC FINANCIAL ADVISORS, INC.",00850018,2919 ALLEN PARKWAY,L3-20,HOUSTON,TX,77019-2158,"PricewaterhouseCoopers, LLP","909 Poydras Street, Suite 3100",New Orleans,LOUISIANA,70112,Certified Public Accountant,12-31-2024,0001034945-25-000002,xml
1053,0001035114,"AFFILIATED BANKERS CAPITAL, L.L.C.",00850032,9901 BRODIE LANE,SUITE 160 #340,AUSTIN,TX,78748,,,,,,,,,paper
1054,0001035342,"POLAR INVESTMENT COUNSEL, INC.",00850039,19547 210TH AVE NE,,THIEF RIVER FALLS,MN,56701,,,,,,,,,paper
1055,0001035344,"UHLMANN PRICE SECURITIES, LLC",00850041,5202 OLD ORCHARD ROAD,SUITE 250,SKOKIE,IL,60077,"Ohab and Company, P.A,",100 E Sybelia,Maitland,FLORIDA,32751,Certified Public Accountant,12-31-2024,0001035344-25-000002,xml
1056,0001035474,"VELERITY GROUP, INC.",00850043,10431 NEW ASCOT DRIVE,124701,GREAT FALLS,VA,22066,Ferrara CPA,100 Horizon Center Blvd,Hamilton,NEW JERSEY,08691,Certified Public Accountant,12-31-2024,0002013816-25-000022,xml
1057,0001036451,"DOMINION PARTNERS, L.C.",00850074,"4801COX ROAD, STE 104",,GLEN ALLEN,VA,23060,Keiter,4401 Dominion Blvd.,Glen Allen,VIRGINIA,23060,Certified Public Accountant,12-31-2024,0001036451-25-000001,xml
1058,0001036459,"THE OAK RIDGE FINANCIAL SERVICES GROUP, INC.",00850082,"701 XENIA AVE. SOUTH, SUITE 100",,GOLDEN VALLEY,MN,55416-1089,,,,,,,,,paper
1059,0001037029,"FINANCIAL SECURITY MANAGEMENT, INCORPORATED",00850094,477 VIKING DRIVE,SUITE 305,VIRGINIA BEACH,VA,23452,Keiter CPA,4401 Dominion Blvd.,Glen Allen,VIRGINIA,23060,Certified Public Accountant,06-30-2025,0001037029-25-000004,xml
1060,0001037719,"CAMPBELL FINANCIAL SERVICES, LLC",00850119,2850 QUARRY LAKE DRIVE,SUITE 770,BALTIMORE,MD,21209,"Sanville  Company, LLC",2617 Huntingdon Pike,Huntingdon Valley,PENNSYLVANIA,19006,Certified Public Accountant,12-31-2024,0001037719-25-000001,xml
1061,0001037727,"SOUTHEAST INVESTMENTS, N.C., INC.",00850127,820 TYVOLA ROAD-SUITE 104,,CHARLOTTE,NC,28217,,,,,,,,,paper
1062,0001037728,STATE FARM VP MANAGEMENT CORP.,00850128,ONE STATE FARM PLAZA,,BLOOMINGTON,IL,61710-0001,Pricewaterhouse Coopers LLP,One North Wacker Dr,Chicago,ILLINOIS,60606-2807,Certified Public Accountant,12-31-2024,0001037728-25-000002,xml
1063,0001038016,LOOP CAPITAL MARKETS LLC,00850140,425 S. FINANCIAL PLACE,STE 2700,CHICAGO,IL,60605,Grant Thornton LLP,171 N. Clark Street,Chicago,ILLINOIS,60601,Certified Public Accountant,12-31-2024,0001038016-25-000002,xml
1064,0001038158,FOUR POINTS CAPITAL PARTNERS LLC,00850162,55A E. RIDGEWOOD AVENUE,SUITE 12,RIDGEWOOD,NJ,07450,"Ohab  Company, P.A.",100 E. Sybelia Avenue,Maitland,FLORIDA,32751,Certified Public Accountant,12-31-2023,0001038158-24-000002,xml
1065,0001038485,"GRIFFIN SECURITIES, INC.",00850186,17 STATE STREET,,NEW YORK,NY,10004,,,,,,,,,paper
1066,0001038620,"PRINCIPAL FUNDS DISTRIBUTOR, INC.",00850200,711 HIGH STREET,SUITE 300,DES MOINES,IA,50392,Ernst  Young LLP,801 Grand Avenue,Des Moines,IOWA,50392,Certified Public Accountant,12-31-2024,0001038620-25-000001,xml
1067,0001038677,FLORIDA ATLANTIC SECURITIES CORP.,00850205,9130 SOUTH HIGHDADELAND BLVD,SUITE 160,MIAMI,FL,33156,,,,,,,,,paper
1068,0001038993,"M HOLDINGS SECURITIES, INC.",00850214,P.O. BOX 2207,,PORTLAND,OR,97208-2207,"Baker TillyUS, LLP","225 S Sixth St, Ste 3200",Minneapolis,MINNESOTA,55402,Certified Public Accountant,12-31-2024,0001038993-25-000002,xml
1069,0001039235,"WESBANCO SECURITIES, INC.",00850220,1 BANK PLAZA,,WHEELING,WV,26003,Ernst  Young,2100 One PPG Plaza,Pittsburgh,PENNSYLVANIA,15222,Certified Public Accountant,12-31-2024,0001039235-25-000002,xml
1070,0001039845,"PERICULUM ADVISORS, LLC.",00850240,4 CARTER GREEN,SUITE 200,CARMEL,IN,46032,"Thomas FAust, CPA",174 Coldbrook Ct,Lafayette,INDIANA,47909,Certified Public Accountant,12-31-2024,0001039845-25-000001,xml
1071,0001039846,"SALEM PARTNERS, LLC",00850241,11111 SANTA MONICA BOULEVARD,SUITE 2250,LOS ANGELES,CA,90025,FARBER HASS HURLEY LLP,9301 OAKDALE AVE,CHATSWORTH,CALIFORNIA,91311,Certified Public Accountant,12-31-2024,0001039846-25-000001,xml
1072,0001040682,"FERGHANA SECURITIES, INC.",00850270,420 LEXINGTON AVENUE - SUITE 1402,,NEW YORK,NY,10170,,,,,,,,,paper
1073,0001040684,"SAMSUNG SECURITIES (AMERICA), INC.",00850272,1330 AVENUE OF THE AMERICAS,SUITE 1020,NEW YORK,NY,10019,SEJONG LLP,65 Challenger Road,Ridgefield Park,NEW JERSEY,07660,Certified Public Accountant,12-31-2024,0001040684-25-000001,xml
1074,0001041664,FAS CORP.,00850307,"4747 W 135 STREET, SUITE 100",,LEAWOOD,KS,66224,,,,,,,,,paper
1075,0001041920,"FORVIS MAZARS CAPITAL ADVISORS, LLC",00850322,P.O. BOX 1190,,SPRINGFIELD,MO,65806-2523,EinserAmper,8550 United Plaza Blvd,BATON ROUGE,LOUISIANA,70809,Certified Public Accountant,05-31-2025,0001041920-25-000009,xml
1076,0001042567,"J.H. DARBIE & CO., INC.",00850335,"48 WALL ST., SUITE 1206.",C/O ROBERT RABINOWITZ,NEW YORK,NY,10005,"NTT  Company, PLLC",3488 South U.S. Highway 77,Giddings,TEXAS,78624,Certified Public Accountant,03-31-2025,0002013816-25-000076,xml
1077,0001042569,"COMMONFUND SECURITIES, INC.",00850337,15 OLD DANBURY ROAD,,WILTON,CT,06897,"PRICEWATERHOUSECOOPERS, LLC",300 MADISON AVENUE,NEW YORK,NEW YORK,10017,Certified Public Accountant,06-30-2025,0001042569-25-000004,xml
1078,0001043116,"RNR SECURITIES, L.L.C.",00850366,1802 HEMPSTEAD TPKE,,EAST MEADOW,NY,11554-1032,"Adeptus Partners, LLC","390 N. Broadway, Suite 120",Jericho,NEW YORK,11753,Certified Public Accountant,12-31-2024,0001043116-25-000001,xml
1079,0001043260,WILLIAMS TRADING LLC,00850372,450 POST ROAD EAST,SUITE 120,WESTPORT,CT,06880,"Citrin Cooperman  Company, LLP",709 Westchester Avenue,White Plains,NEW YORK,10604,Certified Public Accountant,12-31-2019,0001043260-20-000001,xml
1080,0001043266,"NEXTREND SECURITIES, INC.",00850378,PO BOX 12108,,AUSTIN,TX,78711,"DCPA, Inc.","2121 AVE OF THE STARS, Suite 800",CENTURY CITY,CALIFORNIA,90067,Certified Public Accountant,12-31-2024,0001043266-25-000001,xml
1081,0001043421,"LAMPOST CAPITAL, L.C.",00850382,1900 GLADES RD,SUITE 205,BOCA RATON,FL,33431,Mercurius  Associates LLP,A-94/8 Wazirpur Industrial Area,New Delhi,INDIA,110052,Certified Public Accountant not resident in United States or any of its possessions,12-31-2024,0001043421-25-000001,xml
1082,0001043826,"JAMES FOX SECURITIES, INC.",00850391,"2244 FARADAY AVENUE , # 94",,CARLSBAD,CA,92008,,,,,,,,,paper
1083,0001043830,DEMATTEO RESEARCH LLC,00850395,"70 EAST 55TH STREET, 10TH FLOOR",,NEW YORK,NY,10022,"Citrin Cooperman  Company, LLP","180 Park Avenue, Suite 200",Florham Park,NEW JERSEY,07932,Certified Public Accountant,12-31-2024,0001043830-25-000002,xml
1084,0001044199,"IMPERIAL CAPITAL, LLC",00850397,10100 SANTA MONICA BLVD.,SUITE 2400,LOS ANGELES,CA,90067,"BDO US, LLP",515 S. Flower St.,Los Angeles,CALIFORNIA,90071,Certified Public Accountant,12-31-2024,0001104659-25-060292,xml
1085,0001044202,CU INVESTMENT SOLUTIONS LLC,00850400,8500 W. 110TH STREET,SUITE 650,OVERLAND PARK,KS,66210,"Forvis Mazars, LLP",1201 Walnut Street,Kansas City,MISSOURI,64106,Certified Public Accountant,09-30-2024,0001044202-24-000005,xml
1086,0001044627,PEAK6 CAPITAL MANAGEMENT LLC,00850422,"141 W. JACKSON BLVD.,",SUITE 500,CHICAGO,IL,60604,RSM US LLP,30 S Wacker Dr,Chicago,ILLINOIS,60606,Certified Public Accountant,12-31-2024,0001044627-25-000002,xml
1087,0001044631,"KURT SALMON CAPITAL ADVISORS, LLC",00850426,3340 PEACHTREE ROAD NE,SUITE 1800,ATLANTA,GA,30326,,,,,,,,,paper
1088,0001044634,"USI SECURITIES, INC.",00850429,95 GLASTONBURY BLVD.,SUITE 102,GLASTONBURY,CT,06033,,,,,,,,,paper
1089,0001044638,"APW CAPITAL, INC.",00850433,"100 ENTERPRISE DRIVE, SUITE 504",,ROCKAWAY,NJ,07866,,,,,,,,,paper
1090,0001044640,"J.M LUMMIS SECURITIES, INC.",00850435,50 LOCUST AVE,,NEW CANAAN,CT,06840,,,,,,,,,paper
1091,0001044989,"TRG ADVISORS, INC.",00850449,8470 ENTERPRISE CIRCLE,SUITE 110,LAKEWOOD RANCH,FL,34202,,,,,,,,,paper
1092,0001044990,"WESTROCK CAPITAL MANAGEMENT, INC.",00850450,754 CHESTNUT RIDGE RD.,SUITE 401,CHESTNUT RIDGE,NY,10977,,,,,,,,,paper
1093,0001044991,BONDS.COM LLC,00850451,32 OLD SLIP,34TH FLOOR,NEW YORK,NY,10005,Forvis Mazars LLP,60 Crossways Park Drive West STE 301,Woodbury,NEW YORK,11797,Certified Public Accountant,12-31-2024,0001044991-25-000001,xml
1094,0001045352,"BROWNSTONE INVESTMENT GROUP, LLC",00850460,505 FIFTH AVENUE,10TH FLOOR,NEW YORK,NY,10017,"fFARKOUH, FURMAN  FACCIO LLP","460 Park Avenue, 12th floor",New York,NEW YORK,10022,Certified Public Accountant,12-31-2024,0001045352-25-000001,xml
1095,0001045967,"JANSSEN PARTNERS, INC.",00850485,1010 NORTH B STREET,"SUITE 210, ROOM 101",FAIRFIELD,IA,52556,,,,,,,,,paper
1096,0001046414,"PORT SECURITIES, INC.",00850492,2717 W. COAST HWY,SUITE 300,NEWPORT BEACH,CA,92663,,,,,,,,,paper
1097,0001046944,AUSTIN ATLANTIC CAPITAL INC.,00850509,1 ALHAMBRA PLAZA,SUITE 100,MIAMI,FL,33134,,,,,,,,,paper
1098,0001047070,"HERITAGE CAPITAL GROUP, INC.",00850519,5210 BELFORT RD.,# 300,JACKSONVILLE,FL,32256,,,,,,,,,paper
1099,0001047366,"BENEFIT FUNDING SERVICES, LLC",00850527,100 SPECTRUM CENTER DRIVE,SUITE 400,IRVINE,CA,92618,,,,,,,,,paper
1100,0001047797,BMO NESBITT BURNS SECURITIES LTD.,00850538,320 SOUTH CANAL STREET,FLOOR 7,CHICAGO,IL,60606,,,,,,,,,paper
1101,0001047972,"CASTLE HILL CAPITAL PARTNERS, INC.",00850550,"216 EAST 45TH STREET, SUITE 1301",SUITE 201,NEW YORK,NY,10017,Michael Coglianese CPA PC,125 East Lake Street,Bloomingdale,INDIANA,60108,Certified Public Accountant,12-31-2024,0001047972-25-000001,xml
1102,0001048281,"CAPITAL ONE SECURITIES, INC.",00850561,201 ST. CHARLES AVENUE,SUITE 1830,NEW ORLEANS,LA,70170,Keiter,4401 Dominion Blvd.,Glen Allen,VIRGINIA,23060,Certified Public Accountant,12-31-2024,0001048281-25-000001,xml
1103,0001049764,"NATIONS FINANCIAL GROUP, INC.",00850588,3925 FOUNTAINS BLVD NE,SUITE 200,CEDAR RAPIDS,IA,52411,Demarco Sciaccotta Wilkens  Dunleavy LLP,"20646 Abbey Woods Ct N, Ste 201",Frankfort,ILLINOIS,60423,Certified Public Accountant,12-31-2024,0001049764-25-000001,xml
1104,0001049767,MMA SECURITIES LLC,00850591,1166 AVENUE OF THE AMERICAS,,NEW YORK,NY,10036,Deloitte  Touche LLP,30 Rockefeller Plaza,New York,NEW YORK,10112,Certified Public Accountant,12-31-2024,0001049767-25-000003,xml
1105,0001049854,"HAP TRADING, LLC",00850599,"395 HUDSON STREET, 10TH FLOOR",10TH FLOOR,NEW YORK,NY,10014,RYAN  JURASKA LLP,141 West Jackson Boulevard,Chicago,ILLINOIS,60604,Certified Public Accountant,12-31-2024,0001049854-25-000002,xml
1106,0001050510,"HUDSON HERITAGE CAPITAL MANAGEMENT, INC.",00850648,20 BALTIC PLACE SUITE 2,,CROTON-ON-HUDSON,NY,10520,,,,,,,,,paper
1107,0001051487,"FIRST CITIZENS INVESTOR SERVICES, INC.",00850696,P.O. BOX 27131,,RALEIGH,NC,27611-7131,Cherry Bekaert,3800 Glenwood Ave.,Raleigh,NORTH CAROLINA,27612,Certified Public Accountant,12-31-2024,0001051487-25-000001,xml
1108,0001051836,"VARIABLE INVESTMENT ADVISORS, INC.",00850699,750 E. 1ST STREET,,TEA,SD,57064,,,,,,,,,paper
1109,0001052075,CASGRAIN & COMPANY (USA) LIMITED,00850713,1200 MCGILL COLLEGE AVENUE,21ST FLOOR,"MONTREAL, QUEBEC",H2,H3B 4G7,"Raymond, Chabot, Grant, Thornton, LLP",600 DE LA GAUCHETIERE STREET WEST,MONTREAL,"QUEBEC, CANADA",H3B4L8,Certified Public Accountant not resident in United States or any of its possessions,09-30-2025,0001052075-25-000003,xml
1110,0001052455,"STUART PORTFOLIO CONSULTANTS, L.P.",00850721,575 FIFTH AVENUE,14TH FLOOR,NEW YORK,NY,10017,"Fulvio  Associates, LLP","5 West 37th Street, 4th Floor",New York,NEW YORK,10018,Certified Public Accountant,12-31-2024,0001052455-25-000001,xml
1111,0001052461,MARKETAXESS Corp,00850727,55 HUDSON YARDS,15TH FLOOR,NEW YORK,NY,10001,PricewaterhouseCoopers LLP,300 Madison Avenue,New York,NEW YORK,10017,Certified Public Accountant,12-31-2024,0001052461-25-000005,xml
1112,0001053725,"CTC, LLC",00850758,425 S. FINANCIAL PLACE,4TH FLOOR,CHICAGO,IL,60605,RSM US LLP,30 South Wacker Dr Suite 3300,Chicago,ILLINOIS,60606,Certified Public Accountant,12-31-2024,0001053725-25-000003,xml
1113,0001053731,"ARCADIA SECURITIES, LLC",00850764,1370 AVENUE OF THE AMERICAS,29TH FL,NEW YORK,NY,10019,"Weisberg, Mole', Krantz  Goldfarb, LLP","185 Crossways Park Drive,",Woodbury,NEW YORK,11797,Certified Public Accountant,12-31-2024,0001053731-25-000001,xml
1114,0001054877,PARETO SECURITIES INC.,00850796,150 EAST 52ND STREET,29TH FLOOR,NEW YORK,NY,10022,"Fulvio  Associates, LLP",5 West 37th Street,New York,NEW YORK,10018,Certified Public Accountant,12-31-2024,0001054877-25-000002,xml
1115,0001055151,"BFP SECURITIES, LLC",00850798,14605 N 73RD ST,SUITE 400,SCOTTSDALE,AZ,85260,,,,,,,,,paper
1116,0001056202,"MORGAN WILSHIRE SECURITIES, INC.",00850831,59 HILTON AVE,SUITE 101,GARDEN CITY,NY,11530,,,,,,,,,paper
1117,0001056451,KOVACK SECURITIES INC.,00850847,6451 N. FEDERAL HWY.,SUITE 1201,FT. LAUDERDALE,FL,33308,DeJoy  Co. Advisors  CPAs,280 East Broad Street,Rochester,NEW YORK,14604,Certified Public Accountant,12-31-2024,0001056451-25-000001,xml
1118,0001056688,"CJS SECURITIES, INC.",00850853,50 MAIN STREET,SUITE 325,WHITE PLAINS,NY,10606,"Berkower, LLC",517 Route One,Iselin,NEW JERSEY,08830,Certified Public Accountant,12-31-2024,0001056688-25-000001,xml
1119,0001056689,"ARETE WEALTH MANAGEMENT, LLC",00850854,1115 W FULTON MARKET,3RD FLOOR,CHICAGO,IL,60607,CBIZ,Nine Parkway North,Deerfield,ILLINOIS,60015,Certified Public Accountant,12-31-2024,0001056689-25-000004,xml
1120,0001057702,"LEGEND SECURITIES, INC.",00850886,"45 BROADWAY, 32ND FLOOR",,NEW YORK,NY,10006,,,,,,,,,paper
1121,0001057933,"MFD DISTRIBUTOR, LLC",00850894,550 SCIENCE DRIVE,,MADISON,WI,53711,,,,,,,,,paper
1122,0001058484,MANORHAVEN CAPITAL LLC,00850911,120 WALL STREET,25TH FLOOR,NEW YORK,NY,10005,"Ohab  Co, P.A.",100 E Sybelia,Maitland,FLORIDA,32751,Certified Public Accountant,12-31-2024,0001058484-25-000001,xml
1123,0001058485,"HERNDON PLANT OAKLEY, LTD.",00850912,800 NORTH SHORELINE BLVD.,SUITE 2200 SOUTH,CORPUS CHRISTI,TX,78401,Phillip V. George,5179 CR 1026,Celeste,TEXAS,75423,Certified Public Accountant,12-31-2024,0001058485-25-000001,xml
1124,0001058600,"WOLF A. POPPER, INC.",00850915,21 MAYHEW DRIVE,30TH FLOOR,LIVINGSTON,NJ,07039,,,,,,,,,paper
1125,0001060235,"TERRANOVA CAPITAL EQUITIES, INC.",00850973,420 LEXINGTON AVENUE,SUITE 1402,NEW YORK,NY,10170,"Ohab  Company, PA",100 E Sybellia Avenue,Maitland,FLORIDA,32751,Certified Public Accountant,12-31-2024,0001060235-25-000001,xml
1126,0001060237,ODDO BHF NEW YORK CORPORATION,00850975,150 EAST 52ND STREET,5TH FLOOR,NEW YORK,NY,10022,Assurance Dimensions LLC,"3111 N University Drive, Suite 621",Coarl Springs,FLORIDA,33065,Certified Public Accountant,12-31-2024,0001060237-25-000001,xml
1127,0001060345,"BENEFIT FINANCE SECURITIES, LLC",00850982,14605 N 73RD ST,SUITE 300,SCOTTSDALE,AZ,85260,,,,,,,,,paper
1128,0001060494,"THOMAS CAPITAL GROUP, INC.",00850986,1915 49TH ST CT NW,SUITE 203B,GIG HARBOR,WA,98335,"DCPA, Inc.",1999 Avenue of the Stars,Century City,CALIFORNIA,90067,Certified Public Accountant,03-31-2025,0002013816-25-000067,xml
1129,0001060913,GEMINI CAPITAL L.L.C.,00850996,111 W JACKSON BLVD #2220,,CHICAGO,IL,60604,"Michael Coglianese CPA, P.C.",125 E. Lake St.,Bloomingdale,ILLINOIS,60108,Certified Public Accountant,03-31-2025,0001060913-25-000001,xml
1130,0001061066,"HAND SECURITIES, INC",00851001,820 GESSNER,STE 1250,HOUSTON,TX,77024,,,,,,,,,paper
1131,0001061782,GLADOWSKY CAPITAL MANAGEMENT CORP.,00851017,18 MANOR ROAD,,SMITHTOWN,NY,11787,CHRISTOPHER ANGOTTA,100 MOTOR PARKWAY,HAPPAUGE,NEW YORK,11788,Certified Public Accountant,12-31-2024,0001061782-25-000002,xml
1132,0001062180,"PCE INVESTMENT BANKERS, INC.",00851030,"200 E. NEW ENGLAND AVENUE, SUITE 400",SUITE 600,WINTER PARK,FL,32789,,,,,,,,,paper
1133,0001062243,"ASTORIA CAPITAL MARKETS, INC.",00851033,344A WILLIS AVE,,MINEOLA,NY,11501,Phillip V. George,5179 CR 1026,"Celeste, TX",TEXAS,75423,Certified Public Accountant,01-31-2024,0001062243-25-000001,xml
1134,0001062521,ARTISAN PARTNERS DISTRIBUTORS LLC,00851043,875 E. WISCONSIN AVENUE,SUITE 800,MILWAUKEE,WI,53202,,,,,,,,,paper
1135,0001063034,SUPREME ALLIANCE LLC,00851046,2187 IVY CREST DRIVE,,BELLBROOK,OH,45305,Ohab  Co,"100 E Sybelia Ave, Suite 130",Maitland,FLORIDA,32751,Certified Public Accountant,12-31-2024,0001063034-25-000003,xml
1136,0001063517,"TRITAURIAN CAPITAL, INCORPORATED",00851062,430 PARK AVENUE,19TH FLOOR,NEW YORK,NY,10022,,,,,,,,,paper
1137,0001065260,"GROWTH PARTNERS, INC.",00851124,31 FLINTLOCK LANE,,BELL CANYON,CA,91307,,,,,,,,,paper
1138,0001065360,"PERKINS FUND MARKETING, L.L.C.",00851126,1001 N US HIGHWAY 1,SUITE 204,JUPITER,FL,33477,Davila Advisory LLC,10135 Manchester Rd,St. Louis,MISSOURI,63122,Certified Public Accountant,12-31-2024,0001065360-25-000001,xml
1139,0001066306,"CAPITAL ONE INVESTING, LLC",00851160,PO BOX 8958,SUITE 700,WILMINGTON,DE,19899-8944,,,,,,,,,paper
1140,0001067122,KIPPSDESANTO & COMPANY,00851183,1675 CAPITAL ONE DR.,SUITE 1200,MCLEAN,VA,22102,Keiter,4401 Dominion Blvd.,Glen Allen,VIRGINIA,23060,Certified Public Accountant,12-31-2024,0001067122-25-000001,xml
1141,0001068065,"WESTCHESTER CAPITAL PLANNING, INC.",00851213,21 MILLBROOK LANE,,KERHONKSON,NY,12446,"Ohab and Company, PA",100 E Sybelia Ave,Maitland,FLORIDA,32751,Certified Public Accountant,12-31-2024,0001068065-25-000001,xml
1142,0001068597,"PULLMAN SECURITIES, LLC",00851234,"8721 SANTA MONICA BLVD., SUITE 747",,LOS ANGELES,CA,90069,Thayer ONeal Certified Public Accountants,101 Parklane Blvd,Sugar Land,TEXAS,77478,Certified Public Accountant,12-31-2019,0001068597-20-000001,xml
1143,0001068940,"DRW SECURITIES, L.L.C.",00851241,540 WEST MADISON STREET,SUITE 2500,CHICAGO,IL,60661,RSM US LLP,30 S Wacker Dr,Chicago,ILLINOIS,60606,Certified Public Accountant,12-31-2024,0001481986-25-000035,xml
1144,0001068941,"NORTHERN FUNDS DISTRIBUTORS, LLC",00851242,190 MIDDLE STREET,SUITE 301,PORTLAND,ME,04101,,,,,,,,,paper
1145,0001069356,GRANT WILLIAMS L.P.,00851249,1650 MARKET STREET,53RD FLOOR,PHILADELPHIA,PA,19103,,,,,,,,,paper
1146,0001069461,"ARROW INVESTMENTS, INC.",00851250,111 SOUTH RIDGE STREET,SUITE 201,RYE BROOK,NY,10573,"Ohab  Company, PA","100 E. Sybelia Ave, Ste 130",Maitland,FLORIDA,32751,Certified Public Accountant,12-31-2024,0001069461-25-000001,xml
1147,0001069954,AMA SECURITIES LLC,00851263,484 PACIFIC STREET,3RD FLOOR,STAMFORD,CT,06902,Ferrara CPA,100 Horizon Center Blvd,ham,NEW JERSEY,08691,Certified Public Accountant,12-31-2024,0001069954-25-000002,xml
1148,0001070092,STONEX FINANCIAL INC.,00851269,329 PARK AVENUE NORTH,SUITE 350,WINTER PARK,FL,32789,KPMG LLP,1000 Walnut Street,Kansas City,MISSOURI,64106,Certified Public Accountant,09-30-2024,0001070092-25-000015,xml
1149,0001070880,"HOLISTIC BROKERAGE, LLC",00851285,800 BRICKELL AVE,SUITE 502,MIAMI,FL,33131,"Kaufman, Rossin  Co., PA",3310 Mary Street,Miami,FLORIDA,33133,Certified Public Accountant,12-31-2024,0001070880-25-000001,xml
1150,0001071060,"HARTFORD FUNDS DISTRIBUTORS, LLC",00851290,690 LEE ROAD,5 RADNOR CORP CENTER- SUITE 300,WAYNE,PA,19087,,,,,,,,,paper
1151,0001071061,"HANTZ FINANCIAL SERVICES, INC.",00851291,26200 AMERICAN DRIVE,FIFTH FLOOR,SOUTHFIELD,MI,48034,"Plante  Moran, PLLC",2601 Cambridge Ct.,Auburn Hills,MICHIGAN,48326,Certified Public Accountant,12-31-2024,0001071061-25-000005,xml
1152,0001071204,"FORESIDE FUND SERVICES, LLC",00851293,190 MIDDLE STREET,SUITE 301,PORTLAND,ME,04101,,,,,,,,,paper
1153,0001071550,"CBC SECURITIES, INC.",00851315,250 HAMMOND POND PARKWAY,UNIT 1412N,NEWTON,MA,02467,Ohab and Company,100 E Sybelia Avenue,Maitland,FLORIDA,32751,Certified Public Accountant,12-31-2024,0002015357-25-000003,xml
1154,0001071638,AURORA SECURITIES INC,00851322,2565 WEST MAPLE,SUITE 114,TROY,MI,48084,Sanville  Company,325 N. St Paul Street,Dallas,TEXAS,75201,Certified Public Accountant,12-31-2024,0001071638-25-000001,xml
1155,0001071640,PARK AVENUE SECURITIES LLC,00851324,10 HUDSON YARDS,,NEW YORK,NY,10001,"PriceWaterhouseCoopers, LLP",300 Madison Avenue,New York,NEW YORK,10017,Certified Public Accountant,12-31-2024,0001071640-25-000005,xml
1156,0001071696,"WESTMINSTER INVESTMENT GROUP, INC.",00851326,23 EAST NORTH STREET,,NEW CASTLE,PA,16101,,,,,,,,,paper
1157,0001071798,"CFS SECURITIES, INC.",00851330,1000 BRIDGEPORT AVENUE,SUITE 308,SHELTON,CT,06484,,,,,,,,,paper
1158,0001071909,"KR SECURITIES, LLC",00851337,P.O. BOX 7787,,PRINCETON,NJ,08543-7787,"Adeptus Partners, LLC","6 East 45th Street, 9th Floor",New York,NEW YORK,10017,Certified Public Accountant,12-31-2024,0001071909-25-000001,xml
1159,0001072480,"NEXT FINANCIAL GROUP, INC.",00851356,11740 KATY FREEWAY,SUITE 600,HOUSTON,TX,77079,"Citrin Cooperman, LLP",50 Rockfeller Plaza,New York,NEW YORK,10020,Certified Public Accountant,12-31-2024,0001072480-25-000004,xml
1160,0001072618,WASHINGTON SECURITIES CORPORATION,00851359,6935 WISCONSIN AVE NO. 510,,CHEVY CHASE,MD,20815-6113,,,,,,,,,paper
1161,0001072624,"WINDRIVER CAPITAL, LLC",00851365,PO BOX 982437,SUITE 340,PARK CITY,UT,84098,,,,,,,,,paper
1162,0001072769,"TJM INVESTMENTS, LLC",00851370,318 W. ADAMS STREET 9TH FLOOR,,CHICAGO,IL,60606,"Michael Coglianese CPA, P.C.",125 E Lake Street,Bloomingdale,ILLINOIS,60108,Certified Public Accountant,12-31-2024,0001072769-25-000002,xml
1163,0001073194,TRADE-PMR INC.,00851390,P.O. BOX 358230,,GAINESVILLE,FL,32635-8230,"Ohab and Company, PA",100 E Sybelia Avenue Suite 130,Maitland,FLORIDA,32751,Certified Public Accountant,12-31-2024,0001073194-25-000003,xml
1164,0001073299,FHN FINANCIAL SECURITIES CORP.,00851393,1000 RIDGEWAY LOOP ROAD,SUITE 200,MEMPHIS,TN,38120,KPMG LLP,"6070 Poplar Ave, Ste 450",Memphis,TENNESSEE,38119,Certified Public Accountant,12-31-2024,0001073299-25-000005,xml
1165,0001074468,"THE KLEIN GROUP, LLC",00851430,640 5TH AVENUE,12TH FLOOR,NEW YORK,NY,10019,,,,,,,,,paper
1166,0001074469,PRESIDIO MERCHANT PARTNERS LLC,00851431,"255 CLAYTON STREET, SUITE 200",SUITE 3260,DENVER,CO,80206,EISNERAMPER,ONE MARKET LANDMARK,SAN FRANCISCO,CALIFORNIA,94105,Certified Public Accountant,12-31-2015,0001074469-16-000005,xml
1167,0001075680,ESSEX SECURITIES LLC,00851472,PO BOX 3602,SUITE 2013,JERSEY CITY,NJ,07303-3602,Ferrara CPA,100 Horizon Center Blvd.,Hamilton,NEW JERSEY,08691,Certified Public Accountant,12-31-2024,0001075680-25-000001,xml
1168,0001075916,MARCO POLO SECURITIES INC.,00851480,1230 AVENUE AM,16TH FLOOR,NEW YORK,NY,10020,Assurance Dimensions,"3111 N University Drive, Suite 621",Coral Springs,FLORIDA,33065,Certified Public Accountant,12-31-2024,0001075916-25-000005,xml
1169,0001075919,"FEF DISTRIBUTORS, LLC",00851483,1345 AVENUE OF THE AMERICAS,,NEW YORK,NY,10105-4800,Ernst  Young LLP,One Manhattan West,New York,NEW YORK,10001,Certified Public Accountant,12-31-2024,0001075919-25-000005,xml
1170,0001076557,"ADVISORS ASSET MANAGEMENT, INC.",00851509,18925 BASE CAMP ROAD,SUITE 203,MONUMENT,CO,80132,Deloitte  Touche LLP,1601 Wewatta Street,Denver,COLORADO,80202-6479,Certified Public Accountant,12-31-2024,0001076557-25-000004,xml
1171,0001076676,"FREDERICKS MICHAEL SECURITIES, INC.",00851512,430 PARK AVENUE,8TH FLOOR,NEW YORK,NY,10022,,,,,,,,,paper
1172,0001076677,"SUPPORT SERVICES FINANCIAL ADVISORS, INC.",00851513,"1700 LINCOLN STREET, SUITE 3030",,DENVER,CO,80203,JDS,10303 E. Dry Creek Road,Englewood,COLORADO,80112,Certified Public Accountant,12-31-2023,0001076677-24-000005,xml
1173,0001076775,"CROFT & BENDER, LP",00851520,"4401 NORTHSIDE PARKWAY, SUITE 395",,ATLANTA,GA,30327,,,,,,,,,paper
1174,0001077614,GEORGESON SECURITIES CORPORATION,00851538,118 FERNWOOD AVENUE,MEZZANINE,EDISON,NJ,08837,"Price Waterhouse Coopers, LLP",101 Seaport Blvd.,Boston,MASSACHUSETTS,02210,Certified Public Accountant,06-30-2025,0001077614-25-000006,xml
1175,0001077686,"COLDSTREAM SECURITIES, INC.",00851549,ONE 100TH AVENUE NE SUITE 102,,BELLEVUE,WA,98004,Moss Adams LLP,999 Third Avenue,Seattle,WASHINGTON,98104-4019,Certified Public Accountant,12-31-2024,0001077686-25-000004,xml
1176,0001077687,"AVONDALE PARTNERS, LLC",00851550,4322 HARDING PIKE,SUITE 414,NASHVILLE,TN,37205,Sanville  Company LLC,"325 N. St. Paul Street, Suite 3100",Dallas,TEXAS,75201,Certified Public Accountant,06-30-2025,0001077687-25-000004,xml
1177,0001079306,"DAVINCI CAPITAL MANAGEMENT, INC.",00851580,801 CAMBRIDGE ST.,SUITE 206,CAMBRIDGE,MA,02141,"Ohab  Company, P.A.","105 E Sybelia Avenue, Suite 130",Maitland,FLORIDA,32751,Certified Public Accountant,12-31-2024,0001079306-25-000002,xml
1178,0001079773,"REGIONAL INVESTMENT SERVICES, INC.",00851588,9100 CONROY WINDERMERE ROAD,"SUITE 200, OFFICE 223",WINDERMERE,FL,34786,"SHEDJAMA, CPA",1901 KOSSUTH STREET,LAFAYETTE,INDIANA,47905,Certified Public Accountant,12-31-2017,0001079773-18-000003,xml
1179,0001080576,"SILVER OAK SECURITIES, INCORPORATED",00851601,403 N. PARKWAY,STE 101,JACKSON,TN,38305,"Rodefer Moss  Co., PLLC",608 Mabry Hood Road,Knoxville,TENNESSEE,37932,Certified Public Accountant,12-31-2024,0001080576-25-000003,xml
1180,0001080580,"VIEWTRADE SECURITIES, INC.",00851605,7280 W. PALMETTO PARK RD.,SUITE 310,BOCA RATON,FL,33433,,,,,,,,,paper
1181,0001081662,"SCH ENTERPRISES, INC.",00851622,P.O. BOX 607,,BROWNSBURG,IN,46112,,,,,,,,,paper
1182,0001082414,"CIC MARKET SOLUTIONS, INC.",00851649,520 MADISON AVE,,NEW YORK,NY,10022,WithumSmith Brown,200 Jefferson Park Suite 400,Whippany,NEW JERSEY,07981,Certified Public Accountant,12-31-2024,0001082414-25-000004,xml
1183,0001082960,"MILESTONE INVESTMENTS, INC.",00851664,10700 SIKES PLACE,SUITE 315,CHARLOTTE,NC,28277-0729,"Ohab and Company, PA",100 E. Sybelia Avenue,Maitland,FLORIDA,32751,Certified Public Accountant,12-31-2019,0001082960-20-000001,xml
1184,0001083050,INTE SECURITIES LLC,00851667,7000 W PALMETTO PARK ROAD,SUITE 503,BOCA RATON,FL,33433,YSL  Associates LLC,11 Broadway,New York,NEW YORK,10004,Certified Public Accountant,06-30-2025,0001083050-25-000002,xml
1185,0001083193,"CSCA CAPITAL ADVISORS, LLC",00851671,300 PARK AVENUE,STUDIO SUITE 203,NEW YORK,NY,10022,"PKF O'Connor Davies, LLP",245 Park Avenue,New York,NEW YORK,10167,Certified Public Accountant,12-31-2024,0001083193-25-000001,xml
1186,0001083675,DZ FINANCIAL MARKETS LLC,00851687,ONE VANDERBILT,49TH FLOOR,NEW YORK,NY,10017,RSM US LLP,30 S Wacker Drive,Chicago,ILLINOIS,60606,Certified Public Accountant,12-31-2024,0001083675-25-000002,xml
1187,0001084323,SECURITIES EQUITY GROUP,00851706,120 VANTIS DRIVE,SUITE 440,ALISO VIEJO,CA,92656,,,,,,,,,paper
1188,0001084767,REID & RUDIGER LLC,00851721,40 WALL STREET,STE 706,NEW YORK,NY,10005,,,,,,,,,paper
1189,0001085136,"KOTAK MAHINDRA, INC.",00851740,"PENN1, 1 PENNSYLVANIA PLAZA",SUITE 1720,NEW YORK,NY,10119,KNAV CPA LLP,1177 6th Avenue,New York,NEW YORK,10036,Certified Public Accountant,12-31-2024,0001085136-25-000004,xml
1190,0001085407,"GOLDMAN SACHS FINANCIAL MARKETS, L.P.",00851753,111 SOUTH MAIN STREET,27TH FLOOR,SALT LAKE CITY,UT,84111,PricewaterhouseCoopers LLP,300 Madison Avenue,New York,NEW YORK,10017,Certified Public Accountant,12-31-2024,0001085407-25-000002,xml
1191,0001085538,"SCF SECURITIES, INC.",00851760,"10150 MEANLEY DRIVE, FIRST FLOOR",SUITE #102,SAN DIEGO,CA,92131,"Citrin Cooperman, LLP",50 Rockfeller Plaza,New York,NEW YORK,10020,Certified Public Accountant,12-31-2024,0001085538-25-000003,xml
1192,0001085541,"ANCHOR BAY SECURITIES, LLC",00851763,5780 FLEET STREET,SUITE 308,CARLSBAD,CA,92008,,,,,,,,,paper
1193,0001085910,"NABSECURITIES, LLC",00851785,"277 PARK AVENUE, 19TH FLOOR",,NEW YORK,NY,10172,Ernst  Young LLP,One Manhattan West,New York,NEW YORK,10001,Certified Public Accountant,09-30-2024,0001085910-24-000011,xml
1194,0001086853,BROKERTEC AMERICAS LLC,00851803,300 VESEY STREET,7TH FLOOR,NEW YORK,NY,10282,Ernst  Young LLP,155 North Wacker Drive,Chicago,ILLINOIS,60606,Certified Public Accountant,12-31-2024,0001086853-25-000003,xml
1195,0001086919,"OPTSECURITIES, LLC",00851811,"200 S. COLLEGE ST., 16TH FLOOR",,CHARLOTTE,NC,28202,GreerWalker LLP,15 South Main Street,Greenville,SOUTH CAROLINA,29601,Certified Public Accountant,12-31-2024,0001086919-25-000001,xml
1196,0001087464,S.G. LONG & COMPANY,00851816,283 WEST FRONT SUITE 302,,MISSOULA,MT,59802-4328,Baker Tilly LLP,601 West Riverside,Spokane,WASHINGTON,99201,Certified Public Accountant,06-30-2025,0001087464-25-000003,xml
1197,0001087855,"LANDAAS & COMPANY, LLC",00851826,411 E. WISCONSIN AVE,,MILWAUKEE,WI,53202,"FGMK, LLC",333 W WACKER DRIVE 6TH FLOOR,CHICAGO,ILLINOIS,60606,Certified Public Accountant,12-31-2024,0001087855-25-000001,xml
1198,0001087946,INVESTMENT SECURITY CORPORATION,00851832,"24009 VENTURA BLVD., SUITE 101",SUITE 207-C,CALABASAS,CA,91302,,,,,,,,,paper
1199,0001088406,"NYPPEX, LLC",00851849,120 N. WASHINGTON,SUITE 200,LANSING,MI,48933,"Halpern  Associates, LLC",281 Danbury Road,Wilton,CONNECTICUT,06897,Certified Public Accountant,12-31-2016,0001088406-17-000002,xml
1200,0001088408,"STONEBRIDGE SECURITIES, LLC.",00851851,7345 164TH AVE NE STE 145-290,,REDMOND,WA,98052,"Ohab and Company,PA",100 E Sybelia Ave. Suite 130,Maitland,FLORIDA,32751,Certified Public Accountant,12-31-2024,0001088408-25-000003,xml
1201,0001088813,ANSLEY SECURITIES LLC,00851865,899 LONE PINE ROAD,SUITE 202,BLOOMFIELD HILLS,MI,48302,"Breard  Associates, Inc.",9221 Corbin Avenue,Northridge,CALIFORNIA,91324,Certified Public Accountant,12-31-2015,0001088813-16-000003,xml
1202,0001089475,USP SECURITIES CORPORATION,00851883,14201 DALLAS PARKWAY,INTERNATIONAL PLAZA,DALLAS,TX,75254,Deloitte  Touche LLP,2200 Ross Avenue,Dallas,TEXAS,75254,Certified Public Accountant,12-31-2024,0001089475-25-000005,xml
1203,0001089759,"FERRETTI GROUP, INC.",00851895,C/O ACCOUNTING & COMPLIANCE INTERNATIONA,"199 WATER ST, 9TH FL",NEW YORK,NY,10038,Nawrocki Smith LLP,100 Motor Parkway,Hauppauge,NEW YORK,11788,Certified Public Accountant,03-31-2025,0002013816-25-000074,xml
1204,0001089763,ACA/PRUDENT INVESTORS PLANNING CORPORATION,00851899,290 ROUTE 22 WEST,SUITE 201,GREEN BROOK,NJ,08812,,,,,,,,,paper
1205,0001089847,"MTG, LLC",00851906,450 WEST 33RD STREET,11TH FLOOR,NEW YORK,NY,10001,,,,,,,,,paper
1206,0001090020,"MONARCH CAPITAL GROUP, LLC",00851911,"370 LEXINGTON AVENUE, SUITE 308",,NEW YORK,NY,10017,"Fulvio  Associates, LLP","5 West 37th Street, 4th Floor",New York,NEW YORK,10018,Certified Public Accountant,12-31-2024,0001090020-25-000001,xml
1207,0001090102,"CHELSEA MORGAN SECURITIES, INC.",00851916,242 MAIN STREET,,STATEN ISLAND,NY,10307,,,,,,,,,paper
1208,0001090474,SAFRA SECURITIES LLC,00851935,546 FIFTH AVE,,NEW YORK,NY,10036,KPMG LLP,345 Park Avenue 4th Floor,New York,NEW YORK,10154,Certified Public Accountant,12-31-2024,0001090474-25-000003,xml
1209,0001090865,VIRTU ALTERNET SECURITIES LLC,00851939,ONE LIBERTY PLAZA,"165 BROADWAY, 4TH FL.",NEW YORK,NY,10006,,,,,,,,,paper
1210,0001091369,"J.A.K. SECURITIES, INC.",00851943,136 MEADOWVIEW LANE,,AVALOM,NJ,08202,"Siana Carr O'Connor  Lynam, LLP",1500 E Lancaster Ave,Paoli,PENNSYLVANIA,19301,Certified Public Accountant,12-31-2023,0001091369-24-000001,xml
1211,0001091370,"THOROUGHBRED FINANCIAL SERVICES, LLC",00851944,5110 MARYLAND WAY,SUITE 300,BRENTWOOD,TN,37027,,,,,,,,,paper
1212,0001091484,"THE ULTIMA GLOBAL MARKETS (USA), INC.",00851950,230 PARK AVENUE,3/4TH FL WEST,NEW YORK,NY,10169,Michael Coglianese CPA,125 E. Lake Street,Bloomingdale,ILLINOIS,60108,Certified Public Accountant,12-31-2024,0001337052-25-000002,xml
1213,0001091625,"MARTIN WOLF SECURITIES, LLC",00851965,7000 E SHEA BLVD,SUITE E130,SCOTTSDALE,AZ,85254,,,,,,,,,paper
1214,0001091626,"VISION BROKERAGE SERVICES, LLC",00851966,1010 WASHINGTON BLVD,SUITE 300,STAMFORD,CT,06901,"PKF O'CONNOR DAVIES, LLP",245 PARK AVENUE,NEW YORK,NEW YORK,10167,Certified Public Accountant,06-30-2025,0001091626-25-000006,xml
1215,0001091947,"COMHAR CAPITAL MARKETS, LLC",00851969,PO BOX 2326,SUITE 2280A,GLENVIEW,IL,60025,Ryan  Juraska,141 W Jackson Boulevard,Chicago,ILLINOIS,60604,Certified Public Accountant,12-31-2024,0001091947-25-000001,xml
1216,0001092086,"SYNERGY CAPITAL I, LLC",00851971,40 FULTON STREET,23RD FLOOR,NEW YORK,NY,10038,"Alperin,Nebbia  Associates",375 Passaic Avenue,Fairfield,NEW JERSEY,07004,Certified Public Accountant,12-31-2024,0001092086-25-000001,xml
1217,0001092438,IDAYTRADE INC.,00851996,364 WEST 117TH STREET,SUITE 5A,NEW YORK,NY,10026,Phillip V George PLLC,5179 CR 1026,Celeste,TEXAS,75423,Certified Public Accountant,12-31-2024,0001092438-25-000001,xml
1218,0001092818,"PREFERRED CLIENT GROUP, INC.",00852005,3707 DARTMOUTH,,DALLAS,TX,75205,"Phillip V. George, PLLC",5179 CR 1026,Celeste,TEXAS,75423,Certified Public Accountant,09-30-2024,0001092818-24-000001,xml
1219,0001092956,"FOLIO INVESTMENTS, INC.",00852009,8180 GREENSBORO DR,8TH FLOOR,MCLEAN,VA,22102,PricewaterhouseCoopers LLC,300 Madison Ave,New York,NEW YORK,10017,Certified Public Accountant,12-31-2024,0001092956-25-000002,xml
1220,0001094429,"SIG BROKERAGE, LP",00852028,401 CITY LANE AVE,,BALA CYNWYD,PA,19004,PricewaterhouseCoopers,300 Madison Ave,New York,NEW YORK,10017,Certified Public Accountant,12-31-2024,0001094429-25-000009,xml
1221,0001094466,"EVERLAKE DISTRIBUTORS, LLC",00852029,"3100 SANDERS ROAD, SUITE 303",,NORTHBROOK,IL,60062,Deloitte  Touche,111 South Wacker Drive,Chicago,ILLINOIS,60606,Certified Public Accountant,12-31-2024,0001094466-25-000004,xml
1222,0001094640,COMMERCE ONE FINANCIAL INC.,00852032,6800 JERICHO TURNPIKE,SUITE 104W,SYOSSET,NY,11791,,,,,,,,,paper
1223,0001095224,CORMARK SECURITIES (USA) LIMITED,00852049,"ROYAL BANK PLAZA, NORTH TOWER","200 BAY STREET, SUITE 1800","TORONTO, ONTARIO",,M5J 2J2,Ernst  Young LLP,100 Adelaide Street West,Toronto,"ONTARIO, CANADA",M5H0B3,Certified Public Accountant not resident in United States or any of its possessions,12-31-2024,0001095224-25-000002,xml
1224,0001095333,"OUTCOME CAPITAL, LLC",00852060,20 CUSTOM HOUSE,12TH FLOOR,BOSTON,MA,02110,Assurance Dimensions LLC,3111 N. University Drive,Coral Springs,FLORIDA,33065,Certified Public Accountant,12-31-2024,0001095333-25-000003,xml
1225,0001095416,"CASCADIA CAPITAL, LLC",00852064,920 5TH AVENUE,SUITE 1500,SEATTLE,WA,98104,,,,,,,,,paper
1226,0001095561,FALLBROOK CAPITAL SECURITIES CORP.,00852068,26610 AGOURA ROAD,SUITE 120,CALABASAS,CA,91302,"Goldman  Company, CPA's, P.C.",3535 Roswell Road,Marietta,GEORGIA,30062,Certified Public Accountant,12-31-2024,0001095561-25-000002,xml
1227,0001095797,"MIDWESTERN SECURITIES TRADING COMPANY, LLC",00852074,235 EVERETT ST,P.O. BOX 2528,EAST PEORIA,IL,61611,,,,,,,,,paper
1228,0001095944,INSPEREX LLC,00852081,233 SOUTH WACKER DRIVE,SUITE 4400,CHICAGO,IL,60606,PricewaterhouseCoopers LLP,1 North Wacker Drive,Chicago,ILLINOIS,60606,Certified Public Accountant,12-31-2021,0001095944-22-000002,xml
1229,0001096316,"MICHIGAN SECURITIES, INC.",00852094,80 STATE STREET,,ALBANY,NY,12207,"FGMK, LLC",333 W Wacker Drive,Chicago,ILLINOIS,60606,Certified Public Accountant,12-31-2024,0001096316-25-000001,xml
1230,0001096944,"ENERGYNET.COM, LLC.",00852109,"1902 WASHINGTON AVENUE, SUITE A",,HOUSTON,TX,77007,Johnson  Sheldon,"500 s. Taylor Street, suite 200",AMARILLO,TEXAS,79105,Certified Public Accountant,12-31-2024,0001096944-25-000005,xml
1231,0001097494,"BURCH & COMPANY, INC",00852121,4151 N. MULBERRY DRIVE,SUITE 235,KANSAS CITY,MO,64116,,,,,,,,,paper
1232,0001098137,"YORK STOCKBROKERS, INC.",00852139,477 MADISON AVENUE,SUITE 643,NEW YORK,NY,10022,Ferrara CPA,100 Horizon Center Blvd,Hamilton,NEW JERSEY,08691,Certified Public Accountant,06-30-2025,0001098137-25-000002,xml
1233,0001098157,ARCHIPELAGO SECURITIES L.L.C.,00852140,353 NORTH CLARK STREET,SUITE #3200,CHICAGO,IL,60654,Ernst  Young LLP,One Manhattan West,New York,NEW YORK,10001,Certified Public Accountant,12-31-2024,0001098157-25-000005,xml
1234,0001098167,"SIDOTI & COMPANY, LLC",00852141,P.O. BOX 5337,15TH FLOOR,NEW YORK,NY,10185,,,,,,,,,paper
1235,0001098879,TEMPLUM MARKETS LLC,00852169,2340 COLLINS AVE,5TH FL,MIAMI BEACH,FL,33139,"RUBIO CPA, PC","2727 PACES FERRY RD SE, STE 2-1680",ATLANTA,GEORGIA,30339,Certified Public Accountant,12-31-2019,0001098879-20-000003,xml
1236,0001099485,J.P. MORGAN INSTITUTIONAL INVESTMENTS INC.,00852182,"480 WASHINGTON BLVD, FLOOR 11",NY1-F019,JERSEY CITY,NJ,07310-1616,,,,,,,,,paper
1237,0001099673,"KOEHLER FINANCIAL, LLC",00852190,5764 JAMES DRIVE,,STEVENSVILLE,MI,49127,,,,,,,,,paper
1238,0001100365,"JOSEPH GRACE HOLDINGS, INC.",00852203,"48 WALL STREET, 11TH FL.",,NEW YORK,NY,10005,,,,,,,,,paper
1239,0001100950,"J.K. FINANCIAL SERVICES, INC.",00852214,149 CROSS RAIL LANE,STE 102,NORCO,CA,92860,Mercurius  Associates LLP,94/8 Wazirrpur Industrial Area,New Delhi,INDIA,XXXXX,Certified Public Accountant not resident in United States or any of its possessions,12-31-2024,0001100950-25-000002,xml
1240,0001100967,"GAGNON SECURITIES, LLC",00852218,1370 AVENUE OF THE AMERICAS,26TH FLOOR,NEW YORK,NY,10019,,,,,,,,,paper
1241,0001100974,"MAPLEWOOD INVESTMENTS, INC.",00852221,12222 MERIT DR,SUITE 1390,DALLAS,TX,75251,,,,,,,,,paper
1242,0001101189,LAMPERT CAPITAL MARKETS INC.,00852234,900 THIRD AVE,SUITE 1403,NY,NY,10022,,,,,,,,,paper
1243,0001102483,"HANSON MCCLAIN RETIREMENT NETWORK, LLC",00852250,340 PALLADIO PKWY,SUITE 501,FOLSOM,CA,95630,Ernst  Young LLP,560 Misson Street,San Francisco,CALIFORNIA,94105,Certified Public Accountant,12-31-2024,0001102483-25-000003,xml
1244,0001102673,"MARATHON CAPITAL MARKETS, LLC",00852256,200 W. MADISON STREET,SUITE 3700,CHICAGO,IL,60606,RMS US LLP,30 S. Wacker Drive,Chicago,ILLINOIS,60606,Certified Public Accountant,12-31-2024,0001102673-25-000002,xml
1245,0001102674,"GLAUCON CAPITAL PARTNERS, L.L.C.",00852257,107 12TH AVENUE EAST,,PALMETTO,FL,34221,Wagner  Zwerman LLP,201 Old Country Road,Melville,NEW YORK,11747,Certified Public Accountant,12-31-2019,0001102674-20-000001,xml
1246,0001102926,"CITY NATIONAL SECURITIES, INC.",00852265,555 SOUTH FLOWER STREET,11TH FLOOR,LOS ANGELES,CA,90071,,,,,,,,,paper
1247,0001103008,"KINGFISHER SECURITIES, LLC",00852271,80 S. EIGHTH STREET,SUITE 900,MINNEAPOLIS,MN,55402,,,,,,,,,paper
1248,0001103083,"JANE STREET CAPITAL, LLC",00852275,250 VESEY STREET,3RD FLOOR,NEW YORK,NY,10281,Ernst  Young LLP,One Manhattan West,New York,NEW YORK,10001,Certified Public Accountant,12-31-2024,0001103083-25-000002,xml
1249,0001103218,TRADEWEB DIRECT LLC,00852278,245 PARK AVENUE,FLOOR 32,NEW YORK,NY,10167,Deloitte  Touche LLP,30 Rockefeller Plaza,New York,NEW YORK,10112-0015,Certified Public Accountant,12-31-2024,0001103218-25-000002,xml
1250,0001103223,D. BORAL CAPITAL LLC,00852280,590 MADISON AVE,39TH FLOOR,NEW YORK,NY,10022,Nawrocki Smith LLP,100 Motor Parkway,Hauppauge,NEW YORK,11788,Certified Public Accountant,12-31-2022,0001103223-23-000001,xml
1251,0001103226,"TRADEPRO SECURITIES, LLC.",00852282,"340 CONGRESS PARKWAY,",,LAWRENCEVILLE,GA,30044,"Michael Coglianese CPA, PC","125 E. Lake St.,",Bloomingdale,ILLINOIS,60108,Certified Public Accountant,12-31-2024,0001103226-25-000001,xml
1252,0001103299,USCA SECURITIES LLC,00852285,4444 WESTHEIMER,SUITE G500,HOUSTON,TX,77027,"Pannell Kerr Forster of Texas, P.C.","5847 San Felipe Street, Suite 260",Houston,TEXAS,77057,Certified Public Accountant,12-31-2024,0001103299-25-000002,xml
1253,0001103980,"BV SECURITIES, LLC",00852293,"8390 LBJ FREEWAY, SUITE 570",SUITE 204,DALLAS,TX,75243,Sanville and Company,325 N Saint Paul St,Dalals,TEXAS,75201,Certified Public Accountant,03-31-2023,0001103980-23-000014,xml
1254,0001104074,"WYNSTON HILL CAPITAL, LLC",00852299,324 S. SPLITROK BLVD,UNIT 2,BRANDON,SD,57005,"Lerner  Sipkin, CPAs LLP",132 Nassau Street,New York,NEW YORK,10038,Certified Public Accountant,12-31-2015,0001104074-16-000004,xml
1255,0001104979,"QUASAR DISTRIBUTORS, LLC",00852323,190 MIDDLE STREET,SUITE 301,PORTLAND,ME,04101,,,,,,,,,paper
1256,0001105608,USA FINANCIAL SECURITIES LLC,00852342,6020 EAST FULTON,,ADA,MI,49301,"Echelbarger, Himebaugh, Tamm  Co., P.C.",2301 East Paris Avenue SE,Grand Rapids,MICHIGAN,49301,Certified Public Accountant,12-31-2023,0001105608-24-000001,xml
1257,0001105689,HUDSON HOUSING SECURITIES LLC,00852348,"630 FIFTH AVENUE, 28TH FLOOR",,NEW YORK,NY,10111,"Weisberg, Mole', Krantz  Goldfarb, LLP",185 Crossways Park Drive,Woodbury,NEW YORK,11797,Certified Public Accountant,12-31-2024,0001105689-25-000001,xml
1258,0001105818,MMC SECURITIES LLC,00852349,1166 AVENUE OF THE AMERICAS,,NEW YORK,NY,10036,Deloitte  Touche LLP,30 Rockerfeller Plaza,New York,NEW YORK,10112,Certified Public Accountant,12-31-2024,0001105818-25-000002,xml
1259,0001106728,"FARMERS FINANCIAL SOLUTIONS, LLC",00852361,31051 AGOURA RD.,,WESTLAKE VILLAGE,CA,91361,"Moss Adams, LLP",999 Third Ave,Seattle,WASHINGTON,98104,Certified Public Accountant,12-31-2024,0001106728-25-000001,xml
1260,0001106763,"MCMG CAPITAL ADVISORS, INC.",00852364,"800 EAST CANAL STREET, SUITE 850",SUITE 850,RICHMOND,VA,23219,,,,,,,,,paper
1261,0001108328,"STERLING CAPITAL DISTRIBUTORS, LLC",00852396,190 MIDDLE STREET,SUITE 301,PORTLAND,ME,04101,,,,,,,,,paper
1262,0001109155,"STARLIGHT FUNDING INVESTMENTS, LLC",00852424,1307 BONITA AVE,SUITE 400,BERKELEY,CA,94709,Mercurius  Associates LLP,A-94/8 Wazirpur Industrial Area,New Delhi,INDIA,110052,Certified Public Accountant not resident in United States or any of its possessions,12-31-2024,0001109155-25-000001,xml
1263,0001109557,CAPLIGHT MARKETS LLC,00852440,531 HOWARD STREET,4TH FLOOR,SAN FRANCISCO,CA,94105,Ferrara CPA,100 Horizon Center Blvd,Hamilton,NEW JERSEY,08691,Certified Public Accountant,12-31-2024,0001109557-25-000001,xml
1264,0001110644,"LIQUIDNET, INC.",00852461,200 VESEY STREET,5TH FLOOR,NEW YORK,NY,10281,Deloitte  Touche LLP,30 Rockefeller Plaza,New York,NEW YORK,10012,Certified Public Accountant,12-31-2021,0001110644-22-000010,xml
1265,0001110657,KPMG CORPORATE FINANCE LLC,00852462,200 E. RANDOLPH STREET,SUITE 5500,CHICAGO,IL,60601-6436,Crowe LLP,"600 Superior Ave, Suite 902",Cleveland,OHIO,44114,Certified Public Accountant,09-30-2024,0001110657-24-000002,xml
1266,0001111120,"BOURNEHILL INVESTMENT SERVICES, INC.",00852474,626 RXR PLAZA,2ND FLOOR,UNIONDALE,NY,11556,Jennifer Wray CPA PLLC,"800 Bonaventure Way, Suite 168",Sugar Land,NEW YORK,77479,Certified Public Accountant,12-31-2022,0001111120-23-000001,xml
1267,0001111585,"BROAD STREET CAPITAL MARKETS, LLC",00852487,101 CRAWFORDS CORNER RD,SUITE 4116,HOLMDEL,NJ,07733,"Jennifer Wray, CPA PLLC",800 Bonaventure Way,Sugar Land,TEXAS,77479,Certified Public Accountant,06-30-2025,0001111585-25-000002,xml
1268,0001111735,"BULLTICK, LLC",00852493,333 SE 2ND AVE.,STE 3950,MIAMI,FL,33131,"HLB Gravier, LLP",4000 Ponce de Leon Blvd.,Coral Gables,FLORIDA,33146,Certified Public Accountant,12-31-2024,0001111735-25-000005,xml
1269,0001112068,DASH FINANCIAL TECHNOLOGIES LLC,00852503,200 S.WACKER DRIVE,SUITE 2450,CHICAGO,IL,60606,Grant Thornton LLP,171 N. Clark Street,Chicago,ILLINOIS,60601,Certified Public Accountant,12-31-2019,0001112068-20-000009,xml
1270,0001112097,"LETSGOTRADE, INC.",00852511,151 SAN FRANCISCO STREET,SUITE 200,SAN JUAN,PR,00901,,,,,,,,,paper
1271,0001112446,"MTS SECURITIES, LLC",00852515,623 FIFTH AVENUE,14TH FLOOR,NEW YORK,NY,10022,Marcum LLP,730 Third Avenue,NEW YORK,NEW YORK,10017,Certified Public Accountant,12-31-2024,0001112446-25-000001,xml
1272,0001113151,NEWOAK CAPITAL MARKETS LLC,00852532,"3 COLUMBUS CIRCLE, 15TH FL.",,NEW YORK,NY,10019,"NTT  Company, PLLC",3488 South U.S. Highway 77,Gidings,TEXAS,78624,Certified Public Accountant,06-30-2025,0001113151-25-000003,xml
1273,0001113241,NEWBRIDGE SECURITIES CORPORATION,00852538,1200 NORTH FEDERAL HIGHWAY,SUITE 400,BOCA RATON,FL,33432,,,,,,,,,paper
1274,0001113951,M. S. HOWELLS & CO.,00852558,23350 N. PIMA RD.,SUITE #100,SCOTTSDALE,AZ,85255,Spicer Jeffries LLP,4601 DTC Blvd,Denver,COLORADO,80237,Certified Public Accountant,12-31-2024,0001113951-25-000001,xml
1275,0001114364,"MCLEAN SECURITIES, LLC",00852565,8260 GREENSBORO DRIVE,SUITE 350,MCLEAN,VA,22102,,,,,,,,,paper
1276,0001114626,"WHITE MOUNTAIN CAPITAL, LLC",00852572,9521 EAST BAY HARBOR DR,UNIT 805,BAY HARBOR ISLANDS,FL,33154,,,,,,,,,paper
1277,0001114839,ANDERSON LENEAVE & CO.,00852584,"6805 CARNEGIE BLVD., SUITE 210",,CHARLOTTE,NC,28211,"Cherry Bekaert, LLC",1111 Metropolitan Avenue,Charlotte,NORTH CAROLINA,28211,Certified Public Accountant,12-31-2024,0001114839-25-000001,xml
1278,0001114932,"KBD SECURITIES, LLC",00852591,470 PARK AVENUE SOUTH,8TH FLOOR SOUTH,NEW YORK,NY,10016,,,,,,,,,paper
1279,0001115193,"IMC-CHICAGO, LLC",00852600,233 SOUTH WACKER DRIVE,#4300,CHICAGO,IL,60606,"PricewaterhouseCoopers, LLC",One North Wacker Drive,Chicago,ILLINOIS,60606,Certified Public Accountant,12-31-2024,0001115193-25-000001,xml
1280,0001115893,FIS BROKERAGE & SECURITIES SERVICES LLC,00852614,270 REMINGTON BLVD.,SUITE A,BOLINGBROOK,IL,60440,KPMG LLP,200 E Randolph Street,Chicago,ILLINOIS,60601,Certified Public Accountant,12-31-2024,0001115893-25-000001,xml
1281,0001115900,"KOREA INVESTMENT & SECURITIES AMERICA, INC.",00852615,1350 AVENUE OF THE AMERICAS,SUITE 1602,NEW YORK,NY,10019,Sejong LLP,65 Challenger Road,Ridgefield Park,NEW JERSEY,07660,Certified Public Accountant,12-31-2024,0001115900-25-000001,xml
1282,0001115903,"KALORAMA CAPITAL, LLC",00852617,1718 22ND ST NW,5TH FLOOR,WASHINGTON,DC,20008,Kaiser Scherer  Schlegel,1410 Spring Hill Road,McLean,VIRGINIA,22102,Certified Public Accountant,12-31-2019,0001115903-20-000001,xml
1283,0001115904,"SUPERIOR FINANCIAL SERVICES, INC.",00852618,PO BOX 139,,JACKSON,WI,53037,Jendrach accounting and professional services LLC,4811 South 76th Street  Suite 415,Greenfield,WISCONSIN,53220,Certified Public Accountant,12-31-2024,0001115904-25-000002,xml
1284,0001116014,"HALEY SECURITIES, INC.",00852622,8712 WEST DODGE ROAD STE. 402,,OMAHA,NE,68114,,,,,,,,,paper
1285,0001116136,"ULTIMUS FUND DISTRIBUTORS, LLC",00852643,225 PICTORIA DRIVE,SUITE 450,CINCINNATI,OH,45246,,,,,,,,,paper
1286,0001116570,"IVP CAPITAL, LLC",00852663,337 NOYAC PATH,,WATER MILL,NY,11976,"Lerner  Sipkin, CPAs LLP","132 Nassau Street, Suite 1023",New York,NEW YORK,10038,Certified Public Accountant,12-31-2015,0001116570-16-000005,xml
1287,0001116769,"JACQUES FINANCIAL, LLC",00852675,1700 E. GUDE DRIVE,,ROCKVILLE,MD,20850,,,,,,,,,paper
1288,0001117233,FLAGSTAR ADVISORS INC,00852697,"1400 BROADWAY, 16TH FLOOR",,NEW YORK,NY,10018,,,,,,,,,paper
1289,0001117248,"JPMORGAN DISTRIBUTION SERVICES, INC.",00852700,1111 POLARIS PARKWAY,MAIL CODE: OH1-0004,COLUMBUS,OH,43240,,,,,,,,,paper
1290,0001119175,"CF GLOBAL TRADING, LLC",00852725,601 LEXINGTON AVENUE,29TH FLOOR,NEW YORK,NY,10022,WithumSmith Brown PC,1411 Broadway 23rd Floor,New York,NEW YORK,10018,Certified Public Accountant,12-31-2024,0001119175-25-000002,xml
1291,0001120007,ICICI SECURITIES INC.,00852746,1120 AVENUE OF THE AMERICAS,4TH FLOOR,NEW YORK,NY,10036,KNAV CPA LLP,1177 6th Avenue,New York,NEW YORK,10036,Certified Public Accountant,03-31-2025,0001120007-25-000002,xml
1292,0001120009,"HYDE PARK CAPITAL ADVISORS, LLC",00852747,701 N. FRANKLIN STREET,,TAMPA,FL,33602,,,,,,,,,paper
1293,0001120037,NASDAQ CAPITAL MARKETS ADVISORY LLC,00852750,151 WEST 42ND STREET,ONE LIBERTY PLAZA,NEW YORK,NY,10036,ERNST  YOUNG,One Manhattan West,New York,NEW YORK,10001,Certified Public Accountant,12-31-2024,0001120037-25-000003,xml
1294,0001121597,"TRINITY WEALTH SECURITIES, L.L.C.",00852801,6550 W HILLSBOROUGH AVENUE,SUITE 130,TAMPA,FL,33634,,,,,,,,,paper
1295,0001121643,"BRADESCO SECURITIES, INC.",00852806,450 PARK AVENUE,32ND FLOOR,NEW YORK,NY,10022,KPMG LLP,345 Park Ave,New York,NEW YORK,10154,Certified Public Accountant,12-31-2024,0001121643-25-000001,xml
1296,0001121826,"THE VERTICAL TRADING GROUP, LLC",00852814,99 WALL STREET,SUITE 2280,NEW YORK,NY,10005,FERRARA CPA,100 HORIZON CENTER BLVD,HAMILTON,NEW JERSEY,08691,Certified Public Accountant,12-31-2024,0001121826-25-000001,xml
1297,0001121881,COLORADO FINANCIAL SERVICE CORPORATION,00852817,188 INVERNESS DRIVE WEST,SUITE 100,CENTENNIAL,CO,80112,,,,,,,,,paper
1298,0001121904,SONENSHINE & COMPANY LLC,00852819,505 PARK AVENUE,THIRD FLOOR,NEW YORK,NY,10022,,,,,,,,,paper
1299,0001122461,"SAGE PARTNERS SECURITIES, LLC",00852836,"11111 SANTA MONICA BOULEVARD, SUITE 2200",SUITE 1910,LOS ANGELES,CA,90025,Farber Hess Hurley LLP,9301 Oakdale Ave.,Chatsworth,CALIFORNIA,91311,Certified Public Accountant,12-31-2023,0001122461-24-000001,xml
1300,0001122462,CAROLINAS INVESTMENT CONSULTING LLC,00852837,5605 CARNEGIE BOULEVARD - SUITE 400,,CHARLOTTE,NC,28209,,,,,,,,,paper
1301,0001122463,"SCOTT JAMES GROUP, INC.",00852838,6700 ARLINGTON BOULEVARD,,FALLS CHURCH,VA,22042,,,,,,,,,paper
1302,0001122636,LIGHTSPEED FINANCIAL SERVICES GROUP LLC,00852843,20 HEADQUARTERS PLAZA,"NORTH TOWER, 7TH FLOOR",MORRISTOWN,NJ,07960,Ernst  Young LLP,300 First Stamford Place,Stamford,CONNECTICUT,06902,Certified Public Accountant,06-30-2025,0001122636-25-000005,xml
1303,0001122936,PGM GLOBAL INC.,00852850,"1010 DE LA GAUCHETIERE W, SUITE 2010",,MONTREAL QUEBEC,A8,H3B 2N2,,,,,,,,,paper
1304,0001123004,"FENIMORE SECURITIES, INC.",00852854,384 NORTH GRAND STREET - BOX 399,,COBLESKILL,NY,12043,Cohen  Company,1835 Market St. Suite 310,Philadelphia,PENNSYLVANIA,19013,Certified Public Accountant,09-30-2025,0001123004-25-000004,xml
1305,0001123132,MARV CAPITAL INC.,00852855,1 WEST END AVENUE,SUITE 11D,NEW YORK,NY,10023,"Brian W Anson, CPA",18455 Burbank Blvd.,Tarzana,CALIFORNIA,91356,Certified Public Accountant,12-31-2024,0001123132-25-000001,xml
1306,0001123374,TRAILMARK INC.,00852864,P.O. BOX 190549,,ATLANTA,GA,31119,AGL CPA Group LLC,1870 Buford Hwy STE 100,Duluth,GEORGIA,30097,Certified Public Accountant,12-31-2024,0001123374-25-000001,xml
1307,0001123571,"WILLIAM J. MAYER SECURITIES, LLC",00852878,2 GREENWICH OFFICE PARK,SUITE 160,GREENWICH,CT,06831,,,,,,,,,paper
1308,0001123651,PARADIGM CAPITAL U.S. INC.,00852885,95 WELLINGTON STREET WEST-SUITE 2101,,TORONTO ONTARIO,A6,M5J 2N7,KPMG LLP,333 Bay St Suite 4600,Toronto,"ONTARIO, CANADA",M5H 2S5,Certified Public Accountant,07-31-2025,0001123651-25-000003,xml
1309,0001124834,"GENEVA STOCK, L.L.C.",00852903,4973 BOULDERS DRIVE,SUITE 300,GURNEE,IL,60031,,,,,,,,,paper
1310,0001125059,"SANDERLIN SECURITIES, LLC",00852906,5050 POPLAR AVE STE 618,,MEMPHIS,TN,38157,"OHAB AND CO, P.A.",100 E SYBELIA AVE,MAITLAND,FLORIDA,32751,Certified Public Accountant,12-31-2024,0001125059-25-000002,xml
1311,0001125062,"DINOSAUR FINANCIAL GROUP, L.L.C",00852908,33 WHITEHALL ST,1102,NEW YORK,NY,10004,Citrin Cooperman,50 Rockerfeller Plaza,New York,NEW YORK,10020,Certified Public Accountant,12-31-2024,0001125062-25-000004,xml
1312,0001125063,DONNELLY PENMAN & PARTNERS INC.,00852909,20902 MACK AVENUE,SUITE 200,GROSSE POINTE WOODS,MI,48236,"DeMarco Sciacotta Wilkens  Dunleavy, LLP","20646 Abbey Woods Ct N, Ste 201",Frankfort,ILLINOIS,60423,Certified Public Accountant,03-31-2025,0001125063-25-000002,xml
1313,0001125553,"CCM SECURITIES, LLC",00852911,440 S. LASALLE STREET,SUITE 900,CHICAGO,IL,60605,,,,,,,,,paper
1314,0001126269,"SANFORD C. BERNSTEIN & CO., LLC",00852942,501 COMMERCE STREET,33RD FLOOR,NASHVILLE,TN,37203,PricewaterhouseCoopers LLP,300 Madison Ave,New York,NEW YORK,10017,Certified Public Accountant,12-31-2024,0001126269-25-000009,xml
1315,0001126620,STATETRUST INVESTMENTS INC.,00852954,1750 CLINT MOORE ROAD,,BOCA RATON,FL,33487,Assurance Dimensions,3111 N. University Drive Suite 621,Coral Springs,FLORIDA,33065,Certified Public Accountant,12-31-2024,0001126620-25-000002,xml
1316,0001126667,KCOE CAPITAL LLC,00852955,2725 NW 24TH AVE.,SUITE 150,CAMAS,WA,98607,,,,,,,,,paper
1317,0001126914,"P.A.N. SECURITIES, LP",00852964,45 GLOVER AVENUE,7TH FLOOR,NORWALK,CT,06850,EisnerAmper LLP,733 Third Avenue,New York,NEW YORK,10017,Certified Public Accountant,12-31-2024,0001126914-25-000002,xml
1318,0001127272,"TRADIER BROKERAGE, INC.",00852972,3420 TORINGDON WAY SUITE 300,SUITE 350,CHARLOTTE,NC,28277,"PKF O'Connor Davies, LLP",665 Fifth Avenue,New York,NEW YORK,10022,Certified Public Accountant,12-31-2019,0001127272-20-000001,xml
1319,0001127577,"ALLEGIANCE CAPITAL, L.L.C.",00852978,50 DONALD B. DEAN DRIVE,SUITE ONE,SOUTH PORTLAND,ME,04106,"Runyon, Kersteen, and Ouellette",20 Long Creek Drive,South Portland,MAINE,04106,Certified Public Accountant,12-31-2016,0001127577-17-000005,xml
1320,0001127630,"MONERE INVESTMENTS, INC.",00852982,20 N. MARTINGALE ROAD,SUITE 450,SCHAUMBURG,IL,60173,,,,,,,,,paper
1321,0001127860,REVA CAPITAL MARKETS LLC,00852985,3 COLUMBUS CIRCLE,16TH FLOOR,NEW YORK,NY,10019,Mercurius  Associates LLP,A94/8,New-Delhi,INDIA,110052,Certified Public Accountant,12-31-2024,0001213900-25-038911,xml
1322,0001127998,"JUMP TRADING, LLC",00852989,"600 WEST CHICAGO AVENUE, SUITE 600",,CHICAGO,IL,60654,,,,,,,,,paper
1323,0001128122,"VALLEY FINANCIAL MANAGEMENT, INC.",00852993,350 MADISON AVE.,"4TH FLOOR, COMPLIANCE DEPARTMENT",NEW YORK,NY,10017,CohnReznick LLP,1301 Avenue of the Americas,New York,NEW YORK,10019,Certified Public Accountant,12-31-2024,0001128122-25-000002,xml
1324,0001128236,IDB CAPITAL CORP.,00853000,1114 AVENUE OF THE AMERICAS,4TH FLOOR,NEW YORK,NY,10036,,,,,,,,,paper
1325,0001128293,RHONE GROUP ADVISORS LLC,00853003,630 FIFTH AVENUE,SUITE 3110,NEW YORK,NY,10111,Deloitte  Touche LLP,30 Rockefeller Plaza,New York,NEW YORK,10112,Certified Public Accountant,12-31-2024,0001128293-25-000001,xml
1326,0001129512,"SPEEDTRADER, INC",00853035,2875 RT 35,STE 5C-2,KATONAH,NY,10536,"Wagner, Ferber, Fine  Ackerman PLLC",66 South Tyson Ave,Floral Park,NEW YORK,11001,Certified Public Accountant,12-31-2024,0001129512-25-000001,xml
1327,0001129526,"MUNICIPAL CAPITAL MARKETS GROUP, INC.",00853038,"5220 SPRING VALLEY RD., STE. 522",,DALLAS,TX,75254,Moss Adams LLP,14555 Dallas Parkway Ste 300,Dallas,TEXAS,75254,Certified Public Accountant,12-31-2024,0001129526-25-000002,xml
1328,0001129893,HBK SORCE BROKERAGE LLC,00853051,6603 SUMMIT DRIVE,#202,CANFIELD,OH,44406,"Goldman  Company, CPA's, P.C.",3535 Roswell Road,Marietta,GEORGIA,30062,Certified Public Accountant,08-31-2024,0001129893-24-000005,xml
1329,0001130212,"WILLOW COVE INVESTMENT GROUP, INC.",00853062,5887 T BAR LANE,SUITE 378,WINNECONNE,WI,54986,"OHAB AND COMPANY, PA",100 E. SYBELIA AVE. #130,MAITLAND,FLORIDA,32751,Certified Public Accountant,12-31-2024,0001130212-25-000002,xml
1330,0001130412,METLIFE INVESTORS DISTRIBUTION COMPANY,00853064,200 PARK AVENUE 4TH FLOOR,,NEW YORK CITY,NY,10166,,,,,,,,,paper
1331,0001132561,"MALLORY CAPITAL GROUP, LLC",00853084,"62 DEEPWOOD ROAD, STE. 204",,DARIEN,CT,06820,,,,,,,,,paper
1332,0001132573,"FRANKLIN DISTRIBUTORS, LLC",00853089,1201 WILLS STREET,,BALTIMORE,MD,21231,PricewaterhouseCoopers LLP,300 Madison Avenue,New York,NEW YORK,10017-6204,Certified Public Accountant,03-31-2020,0001132573-20-000010,xml
1333,0001132864,"BDO CAPITAL ADVISORS, LLC",00853100,"ONE INTERNATIONAL PLACE, 4TH FLOOR",SUITE 900,BOSTON,MA,02110,,,,,,,,,paper
1334,0001133087,COVA CAPITAL PARTNERS LLC,00853105,6851 JERICHO TPKE,SUITE 205,SYOSSET,NY,11791,Adeptus,244 West 54 Streer,NEW YORK,NEW YORK,10019,Certified Public Accountant,12-31-2021,0001133087-22-000006,xml
1335,0001133485,"HARPETH SECURITIES, LLC",00853113,ONE AMERICAN CENTER,3100 WEST END AVENUE - SUITE 710,NASHVILLE,TN,37203,,,,,,,,,paper
1336,0001133841,UNION CAPITAL COMPANY,00853127,6083 E. GRANT ROAD,,TUCSON,AZ,85712,Sanville  Company,"325 N. St. Paul Street, Suite 3100",Dallas,TEXAS,75201,Certified Public Accountant,12-31-2024,0001133841-25-000003,xml
1337,0001134892,"SENTINEL SECURITIES, LLC.",00853142,100 QUANNAPOWITT PKWY,SUITE 300,WAKEFIELD,MA,01880,,,,,,,,,paper
1338,0001135057,"GOLD COAST SECURITIES, INC.",00853148,275 E. HILLCREST DRIVE-SUITE 225,,THOUSAND OAKS,CA,91360-8241,Navolio  Tallman LLP,2121 N. California Blvd.,Walnut Creek,CALIFORNIA,94596,Certified Public Accountant,12-31-2024,0001135057-25-000002,xml
1339,0001135105,"CAPITAL MANAGEMENT OF THE CAROLINAS, LLC",00853149,"1520 SOUTH BOULEVARD, SUITE 230",,CHARLOTTE,NC,28203,GreerWalker LLP,"227 West Trade Street, Suite 1100",Charlotte,NORTH CAROLINA,28202,Certified Public Accountant,12-31-2024,0001135105-25-000002,xml
1340,0001135450,"RETIREMENT PLAN ADVISORS SERVICES, LLC",00853159,2420 HYDE PARK ROAD,#C,JEFFERSON CITY,MO,65109,Topel Forman LLC,500 N Michigan Ave,Chicago,ILLINOIS,60611,Certified Public Accountant,12-31-2024,0001135450-25-000003,xml
1341,0001136305,"G1 EXECUTION SERVICES, LLC",00853174,"175 W. JACKSON BLVD., SUITE 1700",501 PLAZA 2,CHICAGO,IL,60604,PricewaterhouseCoopers,300 Madison Ave,New York,NEW YORK,10017,Certified Public Accountant,12-31-2024,0000920417-25-000003,xml
1342,0001136728,DELOITTE CORPORATE FINANCE LLC,00853196,111 S. WACKER DRIVE,,CHICAGO,IL,60606-4301,"Plante  Moran, PLLC",2601 Cambridge Court,Auburn Hills,MICHIGAN,48326,Certified Public Accountant,05-31-2025,0001136728-25-000005,xml
1343,0001137161,"CORONADO INVESTMENTS, LLC",00853215,PO BOX 5005 - PMB 147,SUITE 140,RANCHO SANTA FE,CA,92067,,,,,,,,,paper
1344,0001137879,"ASHTON STEWART & CO., INC.",00853239,1395 BRICKELL AVE,SUITE 800,MIAMI,FL,33131,"Goldman and Company, CPAs PC","3535 Roswell Rd, Ste 32",Marietta,GEORGIA,30062,Certified Public Accountant,12-31-2024,0001137879-25-000001,xml
1345,0001139077,MWA FINANCIAL SERVICES INC.,00853255,1701 1ST AVENUE,,ROCK ISLAND,IL,61201,CROWE LLP,485 Lexington Ave.,New York,NEW YORK,10017,Certified Public Accountant,12-31-2024,0001139077-25-000002,xml
1346,0001139084,DESJARDINS SECURITIES INTERNATIONAL INC.,00853256,1170 PEEL STREET,SUITE 300,"MONTREAL, QUEBEC",,H3B 0A9,RICHTER LLP,1981 MCGILL COLLEGE,MONTREAL,"QUEBEC, CANADA",H3A0G6,Certified Public Accountant,12-31-2024,0001139084-25-000001,xml
1347,0001139140,KATALYST SECURITIES LLC,00853260,15 MAIDEN LANE,SUITE 1002,NEW YORK,NY,10038,"Weisberg, Mole', Krantz  Goldfarb, LLP",185 Crossways Park Drive,Woodbury,NEW YORK,11797,Certified Public Accountant,12-31-2022,0001139140-23-000001,xml
1348,0001139915,"STINSON SECURITIES, LLC",00853276,70 MONTEZUMA STREET,,SAN FRANCISCO,CA,94110,,,,,,,,,paper
1349,0001140892,FLEXTRADE LLC,00853309,111 GREAT NECK ROAD,SUITE 314,GREAT NECK,NY,11021,,,,,,,,,
1350,0001142173,"HARBOR FUNDS DISTRIBUTORS, INC.",00853339,111 SOUTH WACKER DRIVE,34TH FLOOR,CHICAGO,IL,60606,,,,,,,,,paper
1351,0001142175,DANSKE MARKETS INC.,00853341,575 FIFTH AVENUE,33RD FLOOR,NEW YORK,NY,10017,"Citrin Cooperman  Company, LLP",180 Park Avenue,Florham Park,NEW JERSEY,07932,Certified Public Accountant,12-31-2024,0001142175-25-000003,xml
1352,0001143263,FORUM CAPITAL SECURITIES LLC,00853364,477 MADISON AVENUE,"6TH FLOOR, PMB #6819",NEW YORK,NY,10022,"Berkower, LLC","517 Route 1, Suite 4103",Iselin,NEW JERSEY,08830,Certified Public Accountant,12-31-2024,0001452463-25-000002,xml
1353,0001143277,"SKA SECURITIES, INC.",00853366,22725 FAIRVIEW CENTER DRIVE,SUITE 100,FAIRVIEW PARK,OH,44126,SANVILLE  COMPANY LLC,2617 HUNTINGDON PIKE,HUNTINGDON VALLEY,PENNSYLVANIA,19006,Certified Public Accountant,06-30-2025,0001143277-25-000002,xml
1354,0001143598,"H & L EQUITIES, LLC",00853371,"1175 PEACHTREE ST., NE",SUITE 2200,ATLANTA,GA,30361-6206,"Rubio CPA, PC",3500 Lenox Rd.,Atlanta,GEORGIA,30326,Certified Public Accountant,12-31-2024,0001143598-25-000001,xml
1355,0001144126,HARRIS WILLIAMS LLC,00853380,1001 HAXALL POINT,9TH FLOOR,RICHMOND,VA,23219,,,,,,,,,paper
1356,0001144208,"BLUEFIN CAPITAL MANAGEMENT, LLC",00853382,41 MADISON AVENUE,36TH FLOOR,NEW YORK,NY,10010,,,,,,,,,paper
1357,0001144249,"FELDSTEIN FINANCIAL GROUP, LLC",00853388,1 SHADOWBROOK LANE,,BASKING RIDGE,NJ,07920,JENNIFER WRAY CPA PLLC,800 BONAVENTURE WAY,SUGAR LAND,TEXAS,77479,Certified Public Accountant,12-31-2024,0001144249-25-000001,xml
1358,0001144259,"BURNHAM & FLOWER FINANCIAL, INC.",00853389,315 SOUTH KALAMAZOO MALL,,KALAMAZOO,MI,49007,,,,,,,,,paper
1359,0001144505,SABLE CAPITAL LLC,00853400,"6 CARDINAL WAY, SUITE 801",SUITE 2620,ST. LOUIS,MO,63102,"GOLDMAN AND COMPANY, CPAs, PC",3535 ROSWELL RD,MARIETTA,GEORGIA,30062,Certified Public Accountant,12-31-2024,0001144505-25-000001,xml
1360,0001144525,GREAT POINT CAPITAL LLC,00853402,200 WEST JACKSON BLVD.,SUITE 1000,CHICAGO,IL,60606,"Ryan  Juraska, LLP",141 West Jackson Boulevard,Chicago,ILLINOIS,60604,Certified Public Accountant,12-31-2024,0001144525-25-000003,xml
1361,0001144526,"ANKURA CAPITAL ADVISORS, LLC",00853403,485 LEXINGTON AVENUE,10TH FLOOR,NEW YORK,NY,10017,Plante  Moran PLLC,10 South Riverside Plaza,Chicago,ILLINOIS,60606,Certified Public Accountant,12-31-2024,0001144526-25-000002,xml
1362,0001144633,JAG TRADING L.L.C.,00853408,7125 ORCHARD LAKE RD.,# 300,WEST BLOOMFIELD,MI,48322,"Michael Coglianese CPA, P.C.",125 East Lake Street,Bloomingdale,ILLINOIS,60108,Certified Public Accountant,12-31-2023,0001144633-24-000003,xml
1363,0001144869,"BROADRIDGE BUSINESS PROCESS OUTSOURCING, LLC",00853412,300 EXECUTIVE DRIVE,SUITE 1,EDGEWOOD,NY,11717-8382,Deloitte  Touche LLP [NY Registration (License) # 77-35127],30 Rockefeller Plaza,New York,NEW YORK,10112-0015,Certified Public Accountant,06-30-2025,0001144869-25-000004,xml
1364,0001144943,"BUTLER CAPITAL INVESTMENTS, LLC",00853413,PO BOX 1358,"2ND FLOOR, SUITE 3",BAYVILLE,NY,11709,Keiter,4401 Dominion Boulevard,Glen Allen,VIRGINIA,23060,Certified Public Accountant,12-31-2024,0001144943-25-000001,xml
1365,0001145068,"RCX CAPITAL GROUP, LLC",00853416,2002 TIMBERLOCH PLACE,SUITE 200,THE WOODLANDS,TX,77380,"McBee  Co., P.C.",718 Paulus Avenue,Dallas,TEXAS,75214,Certified Public Accountant,12-31-2024,0001145068-25-000001,xml
1366,0001145266,TIME EQUITIES SECURITIES LLC,00853420,55 FIFTH AVENUE,15TH FLOOR,NEW YORK,NY,10003,"Meisel, Tuteur  Lewis, P.C.",105 Eisenhower Parkway,Roseland,NEW JERSEY,07068,Certified Public Accountant,12-31-2024,0001145266-25-000002,xml
1367,0001145476,BROADSPAN SECURITIES LLC,00853423,1441 BRICKELL AVENUE,SUITE 1550,MIAMI,FL,33131,,,,,,,,,paper
1368,0001145487,"VSI SECURITIES, INC.",00853425,1111 BRICKELL AVENUE,SUITE 1575,MIAMI,FL,33131,GRANT THORNTON CAYMAN ISLANDS,"2nd Floor, Century Yard, Cricket Square","George Town, Grand Cayman",CAYMAN ISLANDS,KY1-1102,Certified Public Accountant,12-31-2024,0001145487-25-000003,xml
1369,0001146038,"AQUILO PARTNERS, L.P.",00853441,"601 CALIFORNIA STREET, SUITE 500",,SAN FRANCISCO,CA,94108,,,,,,,,,paper
1370,0001146050,"THE COURTNEY GROUP, LLC",00853453,363  SAN MIGUEL DRIVE,SUITE 210,NEWPORT BEACH,CA,92660,Ernst Wintter  Associates,675 Ygnacio Valley Rd.,Walnut Creek,CALIFORNIA,94596,Certified Public Accountant,12-31-2024,0001146050-25-000001,xml
1371,0001146055,"CRESCENT SECURITIES GROUP, INC.",00853457,4975 PRESTON PARK BLVD. SUITE 820,,PLANO,TX,75093,,,,,,,,,paper
1372,0001146056,"WESTERN GROWERS FINANCIAL SERVICES, INC.",00853458,6501 IRVINE CENTER DRIVE SUITE 100,,IRVINE,CA,92618,,,,,,,,,paper
1373,0001146069,"CHERRY TREE & ASSOCIATES, LLC",00853469,301 CARLSON PARKWAY,SUITE 103,MINNETONKA,MN,55305,NawrockiSmith,"100 Motor Parkway, Suite 580",Hauppauge,NEW YORK,11788,Certified Public Accountant,12-31-2024,0001146069-25-000001,xml
1374,0001146080,"BAKER TILLY CAPITAL, LLC",00853480,PO BOX 7398,,MADISON,WI,53707-7398,"DeMarco Sciaccotta Wilkens  Dunleavy, LLP","20646 Abbey Woods Ct. N, STE 201",Frankfort,ILLINOIS,60423,Certified Public Accountant,05-31-2025,0001146080-25-000004,xml
1375,0001146082,"PARKLAND SECURITIES, LLC",00853482,300 PARKLAND PLAZA,,ANN ARBOR,MI,48103,RSM US LLP,"30 South Wacher Dr., Ste 3300",Chicago,ILLINOIS,60606,Certified Public Accountant,12-31-2024,0000727732-25-000008,xml
1376,0001146089,"LEO BROKERAGE, LLC",00853487,"860 AIRPORT FREEWAY, SUITE 402",,HURST,TX,76054,,,,,,,,,paper
1377,0001146091,"THIRD500, LLC",00853489,1150 WILMETTE AVENUE,SUITE C1,WILMETTE,IL,60091,,,,,,,,,paper
1378,0001146092,"SAXONY SECURITIES, INC.",00853490,11152 S TOWNE SQUARE,SUITE 86,ST. LOUIS,MO,63123,"DeMarco Sciaccotta Wilkens  Dunleavy, LLP",20646 Abbey Woods Ct. N,Frankfort,ILLINOIS,60423,Certified Public Accountant,03-31-2025,0001146092-25-000003,xml
1379,0001146096,CATAPULT ADVISORS LLC,00853494,201 SPEAR STREET,SUITE 1188,SAN FRANCISCO,CA,94105,Ernst Wintter  Assoicates,675 Ygnacio Valley Rd.,Walnut Creek,CALIFORNIA,94596,Certified Public Accountant,12-31-2024,0001146096-25-000001,xml
1380,0001146098,SILVERWOOD PARTNERS LLC,00853495,SILVERWOOD FARM PLACE,32 PLEASANT STREET,SHERBORN,MA,01770,"Assurance Dimensions, LLC","3111 N University Drive, Suite 621",Coral Springs,FLORIDA,33065,Certified Public Accountant,12-31-2024,0001146098-25-000001,xml
1381,0001146110,LAFISE SECURITIES LLC,00853506,2340 S DIXIE HIGHWAY,SUITE 908,MIAMI,FL,33133,"HLB Gravier, LLP",4000 Ponce de Leon Suite 610,Coral Gables,FLORIDA,33146,Certified Public Accountant,12-31-2024,0001146110-25-000002,xml
1382,0001146117,"PROBITAS FUNDS GROUP, LLC",00853512,425 CALIFORNIA STREET,SUITE 550,SAN FRANCISCO,CA,94104,"Weaver and Tidwell, L.L.P.",1230 Rosecrans Avenue,Manhattan Beach,CALIFORNIA,90266,Certified Public Accountant,12-31-2024,0001146117-25-000002,xml
1383,0001146132,"GT SECURITIES, INC.",00853527,12130 MILLENNIUM DR,SUITE 150,LOS ANGELES,CA,90094,,,,,,,,,paper
1384,0001146137,DENNING & COMPANY LLC,00853532,150 CALIFORNIA STREET,SUITE 650,SAN FRANCISCO,CA,94111,Ernst Wintter  Associates,675 Ygnacio Valley Rd.,Walnut Creek,CALIFORNIA,94596,Certified Public Accountant,12-31-2024,0001146137-25-000001,xml
1385,0001146140,SEAPORT GLOBAL SECURITIES LLC,00853535,360 MADISON AVE,22ND FLOOR,NEW YORK,NY,10017,"LaPorte, APAC","5100 Village Walk, Suite 300",Covington,LOUISIANA,70433,Certified Public Accountant,12-31-2024,0001146140-25-000002,xml
1386,0001146148,THE BANK STREET GROUP L.L.C.,00853542,"333 LUDLOW STREET, 3RD FLOOR, SOUTH TOWE",,STAMFORD,CT,06902,,,,,,,,,paper
1387,0001146152,"PERRYMAN SECURITIES, INC.",00853546,12221 MERIT DRIVE - SUITE 1660,,DALLAS,TX,75251,Sanville  Company,"325 N. Saint Paul. St., Ste 3100",Dallas,TEXAS,75201,Certified Public Accountant,09-30-2025,0001146152-25-000003,xml
1388,0001146166,"TRADEBOT SYSTEMS, INC.",00853557,1251 NW BRIARCLIFF PARKWAY,SUITE 700,KANSAS CITY,MO,64116,,,,,,,,,paper
1389,0001146169,"HIGHTOWER SECURITIES, LLC",00853560,200 WEST MADISON STREET,SUITE 2500,CHICAGO,IL,60606-3414,Deloitte  Touche LLP,111 S. Wacker Dr.,Chicago,ILLINOIS,60606,Certified Public Accountant,12-31-2024,0001146169-25-000005,xml
1390,0001146172,"GALLAGHER SECURITIES, INC",00853563,"300 MADISON AVENUE, 28TH FLOOR",5TH FLOOR,NEW YORK,NY,10017,Ernst  Young,"155 N. Wacker Drive,","Chicago,",ILLINOIS,60606,Certified Public Accountant,12-31-2024,0001146172-25-000006,xml
1391,0001146175,"WFS, LLC",00853565,ONE BOSTON PLACE,,BOSTON,MA,02108,,,,,,,,,paper
1392,0001146179,"EUREKA CAPITAL MARKETS, LLC",00853569,52 VANDERBILT AVENUE,SUITE 902,NEW YORK,NY,10017,,,,,,,,,paper
1393,0001146183,MARWOOD GROUP LLC,00853573,733 THIRD AVENUE,11TH FLOOR,NEW YORK,NY,10017,KWM CPAs LLP,100 Jericho Quadrangle,Jericho,NEW YORK,11753,Certified Public Accountant,12-31-2024,0001146183-25-000001,xml
1394,0001146184,CITADEL SECURITIES LLC,00853574,830 BRICKELL PLAZA,33RD FLOOR,MIAMI,FL,33131,PricewaterhouseCoopers LLP,1 North Wacker Drive,Chicago,ILLINOIS,60606,Certified Public Accountant,12-31-2024,0001146184-25-000003,xml
1395,0001146196,SAINTS ADVISORS LLC,00853586,1580 N LOGAN ST STE 660,PMB 29471,DENVER,CO,80203,"Breard  Associates, Inc.","9221 Corbin Avenue, Suite 170",Northridge,CALIFORNIA,91324,Certified Public Accountant,12-31-2015,0001146196-16-000002,xml
1396,0001146201,"PASSCO CAPITAL, INC.",00853591,2050 MAIIN STREET,SUITE 650,IRVINE,CA,92614,,,,,,,,,paper
1397,0001146202,"WOODMEN FINANCIAL SERVICES, INC.",00853592,1700 FARNAM ST.,,OMAHA,NE,68102,Deloitte  Touche LLP,30 Rockefeller Plaza,New York,NEW YORK,10112,Certified Public Accountant,12-31-2024,0001146202-25-000003,xml
1398,0001146205,AXOS CLEARING LLC,00853595,15950 WEST DODGE ROAD,SUITE 300,OMAHA,NE,68118,"BDO USA, P.C.","3570 Carmel Mountain Road, Suite 400",San Diego,CALIFORNIA,92130,Certified Public Accountant,06-30-2025,0001146205-25-000006,xml
1399,0001146214,"INTEGRITY BROKERAGE, LLC",00853604,453 S SPRING ST STE 400 PMB 285,,LOS ANGELES,CA,90013,"Anson, Brian",18401 Burbank Blvd.  Ste.120,Burbank,CALIFORNIA,91356,Certified Public Accountant,12-31-2019,0001146214-20-000002,xml
1400,0001146218,"UHY CAPITAL GROUP, LLC",00853608,27725 STANSBURY BLVD,SUITE 385,FARMINGTON HILLS,MI,48334,Goldman  Co. CPA's PC,"3535 Roswell Rd., Suite 32",Atlanta,GEORGIA,30062,Certified Public Accountant,12-31-2024,0001146218-25-000002,xml
1401,0001146220,CONSOLIDATED TRADING LLC,00853610,71S. WACKER,SUITE 2300,CHICAGO,IL,60606,,,,,,,,,not_submitted
1402,0001146222,"AMERANT INVESTMENTS, INC.",00853612,220 ALHAMBRA CIRCLE,2ND FLOOR,CORAL GABLES,FL,33134,RSM,30 South Wacker Drive #3300,Chicago,ILLINOIS,60606,Certified Public Accountant,12-31-2024,0001146222-25-000002,xml
1403,0001146225,INTERACTIVE BROKERS CORP.,00853615,TWO PICKWICK PLAZA,SUITE 600,GREENWICH,CT,06830,Deloitte  Touche LLP,30 Rockefeller Plaza,New York,NEW YORK,10112-0015,Certified Public Accountant,12-31-2024,0001146225-25-000003,xml
1404,0001146254,ICAPITAL MARKETS LLC,00853640,60 EAST 42ND STREET,26TH FLOOR,NEW YORK,NY,10165,Deloitte  Touche LLP,30 Rockefeller Plaza,New York,NEW YORK,10112,Certified Public Accountant,12-31-2024,0002013816-25-000030,xml
1405,0001146266,"CINCAP INVESTMENT GROUP, LLC",00853652,455 DELTA AVE.,SUITE 207,CINCINNATI,OH,45226,Flynn  Company,"7800 E Kemper Road, Suite 150",Cincinnati,OHIO,45249,Certified Public Accountant,12-31-2024,0001146266-25-000002,xml
1406,0001146274,"WBB SECURITIES, LLC",00853660,3111 CAMINO DEL RIO N #400,41,SAN DIEGO,CA,92108,,,,,,,,,paper
1407,0001146297,BRENTWOOD CAPITAL ADVISORS LLC,00853681,1600 WEST END AVENUE,SUITE 1550,NASHVILLE,TN,37203,,,,,,,,,paper
1408,0001146299,"XT CAPITAL PARTNERS, LLC",00853683,P.O. BOX 551,,WESTPORT,CT,06880,YSL  Associates LLC,11 Broadway,New York,NEW YORK,10004,Certified Public Accountant,12-31-2024,0001146299-25-000004,xml
1409,0001146300,"WESTERN STRATEGIC ASSETS, L.L.C.",00853684,3100 W. SEVENTH STREET SUITE 300,,FORT WORTH,TX,76107,,,,,,,,,paper
1410,0001146301,SCOTTSDALE CAPITAL ADVISORS CORP,00853685,7170 E. MCDONALD RD. SUITE 6,,SCOTTSDALE AZ,AZ,85253,Haynie  Company,1785 west 2320 south,salt lake city,UTAH,84119,Certified Public Accountant,06-30-2025,0001146301-25-000002,xml
1411,0001146313,ENDEAVOR CAPITAL HOLDINGS GROUP LLC,00853696,"30 BROAD STREET, SUITE 1419",SUITE 36 E,NEW YORK,NY,10004,,,,,,,,,paper
1412,0001146315,"CHICAGO ANALYTIC TRADING COMPANY, LLC",00853698,216 CAHABA OAKS TRAIL,SUITE 237,INDIAN SPRINGS,AL,35124,,,,,,,,,paper
1413,0001146316,"STONEHAVEN, LLC",00853699,600 FIFTH AVENUE,2ND FLOOR,NEW YORK,NY,10020,MOSS ADAMS LLP,14555 DALLAS PARKWAY,DALLAS,TEXAS,75254,Certified Public Accountant,12-31-2024,0001146316-25-000002,xml
1414,0001146321,"ITAU BBA USA SECURITIES, INC.",00853702,"599 LEXINGTON AVENUE, 34TH FLOOR",23RD FLR,NEW YORK,NY,10022,,,,,,,,,paper
1415,0001146330,"GRIFFIN FINANCIAL GROUP, LLC",00853711,607 WASHINGTON STREET,,READING,PA,19603,Tomasi  Company PC,1350 Broadcasting Road,Wyomissing,PENNSYLVANIA,199601,Certified Public Accountant,12-31-2024,0001146330-25-000002,xml
1416,0001146341,CHATHAM FINANCIAL SECURITIES LLC,00853722,515 WEST 33RD STREET,67TH FLOOR,NEW YORK,NY,10001,MARCUM LLP,9 PARKWAY NORTH,DEEFIELD,ILLINOIS,60015,Certified Public Accountant,12-31-2024,0001146341-25-000003,xml
1417,0001146350,LAIDLAW & COMPANY (UK) LTD.,00853731,521 5TH AVENUE,12TH FL,NEW YORK,NY,10175,"PKF O'Connor Davies, LLP",245 Park Avenue,New York,NEW YORK,10167,Certified Public Accountant,12-31-2024,0001146350-25-000005,xml
1418,0001146358,EQUILEND LLC,00853738,225 LIBERTY STREET,"43RD FLOOR, SUITE 4310",NEW YORK,NY,10281,,,,,,,,,paper
1419,0001146367,"EMPIRIC DISTRIBUTORS, INC.",00853747,500 N CAPITAL OF TEXAS HWY,"BUILDING 8, SUITE 150",AUSTIN,TX,78746,,,,,,,,,paper
1420,0001166317,"AMERICAN CAPITAL PARTNERS, LLC",00865165,205 OSER AVE.,,HAUPPAUGE,NY,11788,CHARTERED INTERNATIONAL LLP,9401 WILSHIRE BLVD,BEVERLY HILLS,CALIFORNIA,90212,Certified Public Accountant,12-31-2024,0001166317-25-000002,xml
1421,0001166453,FDX CAPITAL LLC,00865170,"515 MADISON AVENUE, 24TH FLOOR",C/O PROVIDENT GROUP,NEW YORK,NY,10022,Michael Coglianese CPA PC,125 E Lake Street,Bloomingdale,ILLINOIS,60108,Certified Public Accountant,12-31-2024,0001166453-25-000002,xml
1422,0001166547,"PROFESSIONAL TRADING SERVICES BROKERAGE, LLC",00865173,125 GAITHER DRIVE,SUITE C,MOUNT LAUREL,NJ,08054-1706,"Romeo  Chiaverelli, LLC CPA's",One Bala Ave,Bla Cynwyd,PENNSYLVANIA,19004,Certified Public Accountant,12-31-2024,0001166547-25-000001,xml
1423,0001167227,"ALTACCESS SECURITIES COMPANY, L.P.",00865183,325 N. ST. PAUL STREET,SUITE 4850,DALLAS,TX,75201,Sanville  Company,325 N St Paul St,Dallas,TEXAS,75201,Certified Public Accountant,03-31-2025,0001167227-25-000004,xml
1424,0001167938,"BLUEFIN RESEARCH PARTNERS, INC.",00865196,133 FEDERAL ST,SUITE 301,BOSTON,MA,02110,,,,,,,,,paper
1425,0001168034,"ARES WEALTH MANAGEMENT SOLUTIONS, LLC",00865199,1200 17TH STREET,SUITE #2900,DENVER,CO,80202,ERNST  YOUNG LLP,725 S FIGUEROA STREET,LOS ANGELES,CALIFORNIA,90017,Certified Public Accountant,12-31-2024,0001168034-25-000001,xml
1426,0001169342,OBEX SECURITIES LLC,00865242,290 OVERLOOK ROAD,,NEW ROCHELLE,NY,10804,"LMHS, P.C.",80 Washington Street Buid,Norwell,MASSACHUSETTS,02061,Certified Public Accountant,12-31-2024,0001169342-25-000001,xml
1427,0001169786,THEMIS TRADING LLC,00865260,"10 TOWN SQUARE, SUITE 100",,CHATHAM,NJ,07928,"Ohab and Company, P.A",100 East Sybelia Avenue,Maitland,FLORIDA,32751,Certified Public Accountant,12-31-2024,0001169786-25-000001,xml
1428,0001169789,"PINNACLE CAPITAL SECURITIES, LLC",00865263,4105 E BROADWAY,SUITE 102,LONG BEACH,CA,90803,"David Lundgren and Company, CPAs",505 N Mur-Len Rd,Olathe,KANSAS,66062,Certified Public Accountant,03-31-2025,0001169789-25-000002,xml
1429,0001170325,"LIGHT HORSE SECURITIES, INC",00865270,330 7TH AVE,SUITE 902,NEW YORK,NY,10001,,,,,,,,,paper
1430,0001170632,BOOMERANG CAPITAL LLC,00865273,PO BOX 47,,DARIEN,CT,06820,LMHS PC,80 Washington St,Norwell,MASSACHUSETTS,02061,Certified Public Accountant,12-31-2023,0001170632-24-000001,xml
1431,0001170704,"TEXAS SECURITIES, INC.",00865276,4024 NAZARENE,SUITE B,CARROLLTON,TX,75010,Phillip V George PLLC,5179 CR 1026,Celeste,TEXAS,75423,Certified Public Accountant,12-31-2024,0001170704-25-000001,xml
1432,0001170705,CHARDAN CAPITAL MARKETS LLC,00865277,1 PENNSYLVANIA PLAZA,SUITE 4800,NEW YORK,NY,10119,Crowe LLP,"485 Lexington Avenue, 11th Floor",New York,NEW YORK,10017,Certified Public Accountant,12-31-2024,0001170705-25-000001,xml
1433,0001170734,"NORTHWEST INVESTMENT ADVISORS, INC.",00865282,9 S WASHINGTON ST STE 210,,SPOKANE,WA,99201,Schoedel  Schoedel CPA's PLLC,422 W. Riverside Dr. Suite 1420,Spokane,WASHINGTON,99201,Certified Public Accountant,12-31-2024,0001170734-25-000001,xml
1434,0001170804,INTEGRAL FINANCIAL LLC,00865284,10054 PASADENA AVE.,,CUPERTINO,CA,95014,,,,,,,,,paper
1435,0001170989,"JOSEPH CAPITAL, LLC",00865293,"15 CALLE TAFT, APT. 502",SUITE D,SAN JUAN,PR,00911-1282,Ohab and Company PA,100 E Sybelia Ave #130,Maitland,FLORIDA,32751,Certified Public Accountant,12-31-2024,0001170989-25-000001,xml
1436,0001171134,"RIDGEBACK SECURITIES, LTD",00865298,1218 WEBSTER STREET,,HOUSTON,TX,77002-8841,MK CPAS PLLC,24955  Interstate Hwy 45,The Woodlands,TEXAS,77380,Certified Public Accountant,12-31-2024,0001171134-25-000003,xml
1437,0001172099,"ARDOUR CAPITAL INVESTMENTS, LLC",00865317,755 W PARK AVE,SUITE 1107,LONG BEACH,NY,11561,"Ferrara CPA, LLC",100 Horizon Center Blvd.,Hamilton,NEW JERSEY,08691,Certified Public Accountant,12-31-2024,0001172099-25-000001,xml
1438,0001172317,"US TIGER SECURITIES, INC.",00865324,437 MADISON AVE,27TH FLOOR,NEW YORK,NY,10022,"Forvis Mazars, LLP","60 Crossways Park Drive West, Suite 301",Woodbury,NEW YORK,11797,Certified Public Accountant,12-31-2024,0001172317-25-000001,xml
1439,0001172571,"RIVINGTON SECURITIES, LLC",00865329,800 TOWN & COUNTRY BLVD,SUITE 500,HOUSTON,TX,77024,"McBee  co., PC",718 Paulus Avenue,Dallas,TEXAS,75214,Certified Public Accountant,12-31-2024,0001172571-25-000002,xml
1440,0001172613,"WOLVERINE EXECUTION SERVICES, LLC",00865336,"175 W. JACKSON BLVD., SUITE 200",,CHICAGO,IL,60604,RSM US LLP,"30 South Wacker Drive, Suite 3300","Chicago, IL",ILLINOIS,60606,Certified Public Accountant,12-31-2024,0001172613-25-000002,xml
1441,0001172614,MAXIM GROUP LLC,00865337,300 PARK AVE,16TH FLOOR,NEW YORK,NY,10022,,,,,,,,,paper
1442,0001172682,"JONES LANG LASALLE SECURITIES, LLC",00865341,200 EAST RANDOLPH DRIVE,44TH FLOOR,CHICAGO,IL,60601,KPMG LLP,200 E Randolph St,Chicago,ILLINOIS,60601-6436,Certified Public Accountant,12-31-2024,0001172682-25-000004,xml
1443,0001173387,"CIM SECURITIES, LLC",00865351,3100 NJ STATE ROUTE 138,SUITE 3,WALL TOWNSHIP,NJ,07719,"Ohab and Company, PA","100 E, Sybelia Ave",Maitland,FLORIDA,32751,Certified Public Accountant,12-31-2022,0001173387-23-000001,xml
1444,0001173520,"GENEOS WEALTH MANAGEMENT, INC.",00865357,9635 MAROON CIRCLE,SUITE 100,ENGLEWOOD,CO,80112,BF Borgers CPA PC,5400 W Cedar Ave,Lakewood,COLORADO,80226,Certified Public Accountant,12-31-2023,0001173520-24-000002,xml
1445,0001174316,ERG SECURITIES (US) LLC,00865376,50 WASHINGTON STREET,SUITE 921,NORWALK,CT,06854,David Lundgren  Company,505 North Mur-Len Road,Olathe,KANSAS,66062,Certified Public Accountant,12-31-2024,0001174316-25-000002,xml
1446,0001174317,"GUIDANCE SECURITIES, LLC",00865377,11107 SUNSET HILLS ROAD,,RESTON,VA,20190,PricewaterhouseCoopers LLP,655 New York Ave NW,Washington,DISTRICT OF COLUMBIA,20001,Certified Public Accountant,12-31-2024,0001174317-25-000002,xml
1447,0001174751,HEDGEBAY SECURITIES LLC,00865385,62 POST ROAD WEST,,WESTPORT,CT,06880,,,,,,,,,paper
1448,0001174765,"MIT ASSOCIATES, LLC",00865386,PO BOX 774,SUITE 365,TIBURON,CA,94920,,,,,,,,,paper
1449,0001174837,MCNALLY FINANCIAL SERVICES CORPORATION,00865388,P.O. BOX 701928,,SAN ANTONIO,TX,78270-1928,,,,,,,,,paper
1450,0001174840,GROWTH ENERGY CAPITAL ADVISORS LLC,00865391,"2651 NORTH HARWOOD, SUITE 410",,DALLAS,TX,75201,McBee  Co.,718 Paulus Ave.,Dallas,TEXAS,75214,Certified Public Accountant,12-31-2024,0001174840-25-000001,xml
1451,0001175033,RBC CMA LTD,00865401,3 WORLD FINANCIAL CENTER,200 VESEY STREET - 14TH FLOOR,NEW YORK,NY,10281,PricewaterhouseCoopers LLP,300 Madison Avenue,New York,NEW YORK,10017,Certified Public Accountant,10-31-2024,0001175033-24-000007,xml
1452,0001175408,CRAIG-HALLUM CAPITAL GROUP LLC,00865407,323 N WASHINGTON AVE,SUITE 300,MINNEAPOLIS,MN,55401,"Baker Tilly US, LLP",790 N. Water St. STE 2000,Milwaukee,WISCONSIN,53202,Certified Public Accountant,12-31-2024,0001175408-25-000002,xml
1453,0001175643,"SMITH CAPITAL MARKETS, LLC.",00865408,"8333 DOUGLAS AVE., SUITE 1450",6TH FLOOR,DALLAS,TX,75225,"Sanville  Company, LLC",325 North Saint Paul St. Suite 3100,Dallas,TEXAS,75201,Certified Public Accountant,12-31-2024,0001175643-25-000001,xml
1454,0001175989,"AMD CAPITAL, LLC",00865422,2907 W. WILSON AVENUE,,CHICAGO,IL,60625,"Michael Coglianese CPA, F.C.",125 E. Lake Street,Bloomingdale,INDIANA,60108,Certified Public Accountant,12-31-2024,0001175989-25-000004,xml
1455,0001175990,"KLEON FINANCIAL, LLC",00865423,C/O ACCOUNTING & COMPLIANCE INTERNATIONA,"199 WATER ST., 9TH FL",NEW YORK,NY,10038,,,,,,,,,paper
1456,0001176977,"BG WORLDWIDE SECURITIES, INC.",00865440,"340 NORTH WESTLAKE BLVD.,",SUITE 160,WESTLAKE VILLAGE,CA,91362,"Anson, Brian, W",18455 Burbank Blvd #406,Tarzana,CALIFORNIA,91356,Certified Public Accountant,06-30-2025,0001176977-25-000003,xml
1457,0001177436,COMMONWEALTH PHARMA SECURITIES LLC,00865456,2016 OCEAN STREET,UNIT 23,MARSHFIELD,MA,02050,,,,,,,,,paper
1458,0001178449,COLCHESTER PARTNERS LLC,00865464,53 STATE STREET,SUITE 1304,BOSTON,MA,02109,"Rolleri  Sheppard CPAS, LLP",2150 Post Road 5L,Fairfield,CONNECTICUT,06824,Certified Public Accountant,12-31-2024,0001178449-25-000002,xml
1459,0001178721,BROCK SECURITIES LLC,00865467,505 PARK AVE,14TH FLOOR,NEW YORK,NY,10022,,,,,,,,,paper
1460,0001178722,FITZGIBBON TOIGO & CO. LLC,00865468,76 WORCESER DRIVE,,WAYNE,NJ,07470,Ferrara CPA,100 Horizon Center Blvd,Hamilton,NEW JERSEY,08691,Certified Public Accountant,12-31-2024,0001178722-25-000001,xml
1461,0001178937,"BTIG, LLC",00865473,350 BUSH STREET,9TH FLOOR,SAN FRANCISCO,CA,94104,Deloitte  Touche LLP,555 Mission Street,San Francisco,CALIFORNIA,94105,Certified Public Accountant,12-31-2024,0001178937-25-000008,xml
1462,0001179239,"FPCG, LLC",00865488,712 FIFTH AVENUE,"8TH FLOOR, SUITE 008A",NEW YORK,NY,10019,"Citrin Cooperman  Company, LLP","180 Park Avenue, Suite 200",Florham Park,NEW JERSEY,07932,Certified Public Accountant,12-31-2024,0001179239-25-000001,xml
1463,0001180051,"ETICO PARTNERS, LLC",00865500,"19 RAILROAD PL, STE 202",32ND FLOOR,SARATOGA SPRINGS,NY,12866,"Tuttle  Bond, PLLC",3488 South U.S. Hwy 77,Giddings,TEXAS,78942,Certified Public Accountant,12-31-2024,0001180051-25-000003,xml
1464,0001180488,TD ARRANGED SERVICES LLC,00865509,1 VANDERBILT AVENUE,11 FLOOR,NEW YORK,NY,10017,Ernst  Young LLP,One Manhattan West,New York,NEW YORK,10001,Certified Public Accountant,12-31-2024,0001180488-25-000004,xml
1465,0001181269,"EDGEMONT CAPITAL PARTNERS, L.P.",00865521,"787 7TH AVENUE, 49TH FLOOR",19TH FLOOR,NEW YORK,NY,10019,DCPA,2121 Avenue of the Stars,Century City,CALIFORNIA,90067,Certified Public Accountant,06-30-2025,0001181269-25-000008,xml
1466,0001182014,"RABO SECURITIES USA, INC.",00865525,151 WEST 42ND STREET,8TH FLOOR,NEW YORK,NY,10036,PricewaterhouseCoopers LLP,214 N. Tryon Street,Charlotte,NORTH CAROLINA,28202,Certified Public Accountant,12-31-2024,0001182014-25-000001,xml
1467,0001182719,"IMPACTU.INVESTMENTS, LLC",00865527,125 FROEHLICH FARM BLVD.,,WOODBURY,NY,11797,,,,,,,,,paper
1468,0001184088,"AGA SECURITIES, LLC",00865531,200 WINSLOW WAY WEST,SUITE 380,BAINBRIDGE ISLAND,WA,98110,,,,,,,,,paper
1469,0001188533,"LIBUCKI & CO., LLC",00865563,1101 HADDON AVE,SUITE 627A,COLLINGSWOOD,NJ,08108,,,,,,,,,paper
1470,0001189091,NICOL INVESTORS CORPORATION,00865566,1 EXECUTIVE PARK,P.O. BOX 907,GRANITE CITY,IL,62040-0907,,,,,,,,,paper
1471,0001190694,PERIGEE SECURITIES LP,00865574,1990 MAIN STREET,PH 11,SARASOTA,FL,34236,,,,,,,,,paper
1472,0001192912,"ACHELOUS PARTNERS, LLC",00865582,"ACHELOUS PARTNERS, LLC",800 THIRD AVENUE FLOOR 21,NEW YORK,NY,10022,"DCPA, Inc.",2121 Avenue of the Stars,Century City,CALIFORNIA,90067,Certified Public Accountant,06-30-2025,0002013816-25-000100,xml
1473,0001193821,"TZERO SECURITIES, LLC",00865585,525 WASHINGTON BLVD,SUITE 300,JERSEY CITY,NJ,07310,Haynie  Co,1785 West 2320 South,Salt Lake City,UTAH,84119,Certified Public Accountant,12-31-2024,0001193821-25-000002,xml
1474,0001194643,"FTI CAPITAL ADVISORS, LLC",00865587,"555 12TH STREET, NW",7TH FLOOR,WASHINGTON,DC,20004,,,,,,,,,paper
1475,0001196077,EMPIRICAL RESEARCH PARTNERS LLC,00865590,551 FIFTH AVENUE,SUITE 1800,NEW YORK,NY,10176,"Citrin Cooperman  Company, LLP",50 Rockfeller Plaza,New York,NEW YORK,10020,Certified Public Accountant,12-31-2024,0001196077-25-000001,xml
1476,0001196889,SUN'S BROTHERS SECURITIES INC.,00865595,6770 HAWAII KAI DRIVE #209,,HONOLULU,HI,96825,"OHAB AND COMPANY, P.A.",100 E. Sybelia Ave. Suite 130,MAITLAND,FLORIDA,32751,Certified Public Accountant,09-30-2023,0001196889-24-000002,xml
1477,0001198401,ICE BONDS SECURITIES CORPORATION,00865601,1345 AVENUE OF THE AMERICAS,7TH FLOOR,NEW YORK,NY,10105,Ernst  Young LLP,One Manhattan West,New York,NEW YORK,10001,Certified Public Accountant,12-31-2024,0001198401-25-000005,xml
1478,0001198404,"GLENDALE SECURITIES, INC.",00865604,"15233 VENTURA BLVD., SUITE 712",,SHERMAN OAKS,CA,91403,DCPA,"2121 AVE OF THE STARS, SUITE 800",CENTURY CITY,CALIFORNIA,90067,Certified Public Accountant,12-31-2024,0001198404-25-000002,xml
1479,0001204130,Berkshire Global Advisors LP,00865641,527 MADISON AVENUE,3RD FLOOR,NEW YORK,NY,10022-4212,"PKF O'Connor Davies, LLP",245 Park Avenue,New York,NEW YORK,10167,Certified Public Accountant,12-31-2024,0001204130-25-000002,xml
1480,0001206481,"SHASTA PARTNERS, LLC",00865665,100 CAMBRIDGE STREET,14TH FLOOR,BOSTON,MA,02114,,,,,,,,,paper
1481,0001207245,THE SPARTAN GROUP,00865674,"16 N. MARENGO, SUITE #307",,PASADENA,CA,91101,,,,,,,,,paper
1482,0001207515,BG STRATEGIC ADVISORS LLC,00865677,525 SOUTH FLAGLER DRIVE,SUITE 200,WEST PALM BEACH,FL,33401,Ohab and Company,100 East Sybelia Avenue,Maitland,FLORIDA,32751,Certified Public Accountant,12-31-2024,0001207515-25-000002,xml
1483,0001208115,"GLEN EAGLE WEALTH, LLC",00865678,4422C ROUTE 27,PO BOX 399,KINGSTON,NJ,08528,"WithumSmith  Brown, PC",200 Jefferson Park,Whippany,NEW JERSEY,07981-1070,Certified Public Accountant,12-31-2018,0001208115-19-000003,xml
1484,0001208116,"BACKSTROM MCCARLEY BERRY & CO., LLC",00865679,"130 BATTERY STREET, SUITE 560",,SAN FRANCISCO,CA,94111,"LMHS, P.C. Certified Public Accountants  Advisors","80 Washington Street, Building S",Norwell,MASSACHUSETTS,02061,Certified Public Accountant,12-31-2024,0001208116-25-000003,xml
1485,0001208120,"CW SECURITIES, LLC",00865683,8870 CEDAR SPRINGS LANE,SUITE 208,KNOXVILLE,TN,37923,,,,,,,,,paper
1486,0001209212,"J.W. COLE FINANCIAL, INC.",00865698,4301 ANCHOR PLAZA PARKWAY,4TH FLOOR,TAMPA,FL,33634,Dejoy  Co. CPA'S,280 East Broadway Street #300,Rochester,NEW YORK,14604,Certified Public Accountant,12-31-2024,0001209212-25-000003,xml
1487,0001209910,"SKYWAY CAPITAL MARKETS, LLC",00865702,100 NORTH TAMPA STREET,SUITE 3550,TAMPA,FL,33602,,,,,,,,,paper
1488,0001210625,KATAMA SECURITIES LLC,00865708,"6250 SHILOH ROAD, SUITE 30",BOX 11,ALPHARETTA,GA,30005,,,,,,,,,paper
1489,0001211015,"OLD GREENWICH PARTNERS, LLC",00865717,PO BOX 350046,,JACKSONVILLE,FL,32235,"Ferrara, Joseph, CPA",100 Horizon Center Blvd,Hamilton,NEW JERSEY,08691,Certified Public Accountant,12-31-2024,0001211015-25-000002,xml
1490,0001211326,GALLATIN CAPITAL LLC,00865718,444 MADISON AVENUE,29TH FLOOR,NEW YORK,NY,10022,"Withum Smith  Brown, P.C.",506 Carnegie Center,Princeton,NEW JERSEY,08540,Certified Public Accountant,06-30-2025,0001211326-25-000002,xml
1491,0001211535,SAPENO INC.,00865721,6 DERBY STREET,50 CURZON STREET,LONDON,NY,W1J 7AD,Mercurius  Associates LLP,A-94/8 Wazirpur,New Delhi,INDIA,110052,Certified Public Accountant not resident in United States or any of its possessions,11-30-2024,0001211535-25-000001,xml
1492,0001213981,OAKLINS DP LLC,00865749,90 PARK AVENUE,24TH FLOOR,NEW YORK,NY,10016,,,,,,,,,paper
1493,0001215680,SOUTH STREET SECURITIES LLC,00865770,1155 SIXTH AVE,14TH FLOOR,NEW YORK,NY,10036,PricewaterhouseCoopers llp,300 Madison Ave,New York,NEW YORK,10017,Certified Public Accountant,12-31-2024,0001215680-25-000001,xml
1494,0001215682,"DRAGONFLY CAPITAL PARTNERS, LLC",00865772,694 PAWLEY RD,SUITE 101,MT PLEASANT,SC,29464,,,,,,,,,paper
1495,0001215939,FG CAPITAL LC,00865777,7701 FORSYTH BLVD.,SUITE 750,ST. LOUIS,MO,63105-1820,,,,,,,,,paper
1496,0001215940,"SHAREHOLDERS SERVICE GROUP, LLC",00865778,9845 ERMA ROAD STE 312,,SAN DIEGO,CA,92131,BREARD  ASSOCIATES INC,"9221 Corbin Avenue, Suite 170",Northridge,CALIFORNIA,91324,Certified Public Accountant,12-31-2015,0001215940-16-000002,xml
1497,0001217257,"CASTLEOAK SECURITIES, LP",00865786,200 VESEY ST,FL 04,NEW YORK,NY,10281,"Citrin Cooperman  Company, LLP",50 Rockefeller Plaza,New York,NEW YORK,10020,Certified Public Accountant,12-31-2024,0001217257-25-000003,xml
1498,0001217637,"FIRST BALLANTYNE, LLC",00865792,13950 BALLANTYNE CORPORATE PLACE,SUITE 185,CHARLOTTE,NC,28277-2747,,,,,,,,,paper
1499,0001218188,"ARTEMIS SECURITIES CLEARING, LLC",00865803,225 W. WACKER DRIVE,SUITE 1575,CHICAGO,IL,60606,"FGMK, LLC",333 W. Wacker Drive,Chicago,ILLINOIS,60606,Certified Public Accountant,12-31-2016,0001218188-17-000002,xml
1500,0001218189,"COMPAK SECURITIES, INC.",00865804,1801 DOVE STREET,,NEWPORT BEACH,CA,92660,,,,,,,,,paper
1501,0001221240,GLOBAL OAK CAPITAL MARKETS LLC,00865829,25 1/2 LEGARE STREET,SUITE 104,CHARLESTON,SC,29401,"Ohab  Company, PA","100 E Sybelia Avenue, Suite 130",Maitland,FLORIDA,32751,Certified Public Accountant,12-31-2024,0001221240-25-000001,xml
1502,0001221962,"AVISEN WEALTH MANAGEMENT, INC.",00865833,3620 AMERICAN RIVER DRIVE,SUITE 145,SACRAMENTO,CA,95864-7256,,,,,,,,,paper
1503,0001221968,"AMERICA'S GROWTH CAPITAL, LLC",00865839,99 HIGH STREET,FLOOR 22,BOSTON,MA,02110,Wolf  Company,255 State Street,Boston,MASSACHUSETTS,02109,Certified Public Accountant,06-30-2025,0001221968-25-000001,xml
1504,0001222416,"CANDLEWOOD SECURITIES, LLC",00865845,"600 SUPERIOR AVE. E, SUITE 1800","48 WALL STREET, 29TH FL.",CLEVELAND,OH,44114,"Marcum, LLP","9 Parkway North, Suite 200",Deerfield,ILLINOIS,60015,Certified Public Accountant,12-31-2024,0001222416-25-000001,xml
1505,0001222417,"NEAR EARTH, LLC",00865846,945 WEST ROAD,,NEW CANAAN,CT,06840,Sanville  Company LLC,2617 Huntingdon Pike,Huntingdon Park,PENNSYLVANIA,190006,Certified Public Accountant,12-31-2024,0001222417-25-000001,xml
1506,0001223022,"STANLEY LAMAN GROUP SECURITIES, LLC",00865856,"1235 WESTLAKES DRIVE, SUITE 295",,BERWYN,PA,19312,,,,,,,,,paper
1507,0001223023,"NORTHERN LIGHTS DISTRIBUTORS, LLC",00865857,"4221 NORTH 203RD STREET, SUITE 100",,ELKHORN,NE,68022,,,,,,,,,paper
1508,0001223025,"TITLEIST CAPITAL, LLC",00865859,777 E. SONTERRA BOULEVARD SUITE 330,,SAN ANTONIO,TX,78258,Bauer  Company,"5910 Courtyard Drive, Suite 230",Austin,TEXAS,78755,Certified Public Accountant,12-31-2024,0001223025-25-000002,xml
1509,0001223205,"X-CHANGE FINANCIAL ACCESS, LLC",00865860,222 W ADAMS STREET SUITE 450,,CHICAGO,IL,60606,Ryan  Juraska,141 W. Jackson,Chicago,ILLINOIS,60604,Certified Public Accountant,12-31-2020,0001223205-21-000003,xml
1510,0001223207,CAYMUS SECURITIES LLC,00865862,2727 PACES FERRY RD SE,"BUILDING 1, SUITE 1650",ATLANTA,GA,30339,,,,,,,,,paper
1511,0001223208,WAVEEDGE PARTNERS LLC,00865863,5 RANCH ROAD,SUITE 200,WOODSIDE,CA,94062,Mercurius Advisory LLP,A-94/8 Wazirpur Industrial Area,New Delhi,INDIA,110052,Certified Public Accountant not resident in United States or any of its possessions,12-31-2024,0001223208-25-000001,xml
1512,0001223585,"COMPASS POINT RESEARCH & TRADING, LLC",00865866,"1055 THOMAS JEFFERSON STREET, NW",SUITE 303,WASHINGTON,DC,20007,,,,,,,,,paper
1513,0001224260,"CAPFINANCIAL SECURITIES, LLC.",00865870,"4208 SIX FORKS ROAD, SUITE 1700",,RALEIGH,NC,27609,"Batchelor Tillery  Roberts, LLP","3605 Glenwood Avenue, Suite 350",Raleigh,NORTH CAROLINA,27612,Certified Public Accountant,12-31-2024,0001062993-25-003825,xml
1514,0001224385,"WELLS FARGO SECURITIES, LLC",00865876,1 N JEFFERSON AVE,H0004-063,ST. LOUIS,MO,63103,KPMG LLP,345 Park Ave,New York,NEW YORK,10154,Certified Public Accountant,12-31-2024,0001224385-25-000004,xml
1515,0001224656,"GLOBAL EXECUTION BROKERS, LP",00865878,401 CITY AVENUE,,BALA CYNWYD,PA,19004,PricewaterhouseCoopers,300 Madison Ave,New York,NEW YORK,10017,Certified Public Accountant,12-31-2024,0001224656-25-000008,xml
1516,0001225151,"THE STRATEGIC FINANCIAL ALLIANCE, INC.",00865885,2200 CENTURY PARKWAY,SUITE 500,ATLANTA,GA,30345,Forvis Mazars LLP,500 Ridgefield Court,Asheville,NORTH CAROLINA,28806,Certified Public Accountant,12-31-2024,0001225151-25-000004,xml
1517,0001225152,UOB GLOBAL EQUITY SALES LLC,00865886,"592 FIFTH AVENUE, SUITE 602",,NEW YORK,NY,10036,Cohn Reznick LLP,1301 Avenue of the Americas,New York,NEW YORK,10019,Certified Public Accountant,12-31-2024,0001225152-25-000001,xml
1518,0001225460,"VELOCITY CLEARING, LLC",00865894,1301 ROUTE 36,SUITE 103,HAZLET,NJ,07730,"BDO USA, P.C.",200 Park Ave,New York,NEW YORK,10166,Certified Public Accountant,12-31-2024,0001225460-25-000001,xml
1519,0001226350,"SILVER LEAF PARTNERS, LLC",00865902,3 COLUMBUS CIRCLE,FLOOR 15,NEW YORK,NY,10019,DCPA,2121 Avenue of the Stars #800,Century City,CALIFORNIA,90067,Certified Public Accountant,12-31-2024,0001226350-25-000001,xml
1520,0001227914,LONGSHIP ALTERNATIVE ASSET MANAGEMENT,00865914,43 OYSTER BAY ROAD,,LOCUST VALLEY,NY,11560,,,,,,,,,paper
1521,0001228096,"PLACE TRADE FINANCIAL, INC.",00865915,6501 NEW MARKET WAY,,RALEIGH,NC,27615,"Ohab and Company, P.A.",100 E. Sybelia Avenue,Raleigh,NORTH CAROLINA,27615,Certified Public Accountant,06-30-2025,0001228096-25-000003,xml
1522,0001228823,"WEA INVESTMENT SERVICES, INC.",00865926,PO BOX 7893,,MADISON,WI,53707,"Ryan  Juraska LLP, CPAs",141 W. Jackson Boulevard,Chicago,ILLINOIS,60604,Certified Public Accountant,12-31-2024,0001228823-25-000003,xml
1523,0001228981,ERNST & YOUNG CORPORATE FINANCE (CANADA) INC.,00865929,"100 ADELAIDE STREET WEST, EY TOWER",PO BOX 1,"TORONTO, ONTARIO",,M5H 0B3,Zeifman's LLP,201 Bridgeland Avenue,Toronto,"ONTARIO, CANADA",M6a 1Y7,Certified Public Accountant not resident in United States or any of its possessions,06-27-2025,0001228981-25-000002,xml
1524,0001230108,BUCKRAM SECURITIES LTD,00865939,168 FOREST AVENUE,SUITE 202,LOCUST VALLEY,NY,11560,,,,,,,,,paper
1525,0001230521,"BLUE VISTA CAPITAL, LLC",00865941,353 N. CLARK ST.,SUITE 730,CHICAGO,IL,60654-3453,,,,,,,,,paper
1526,0001233018,"CEA ATLANTIC ADVISORS, LLC",00865962,101 EAST KENNEDY BOULEVARD; SUITE 3300,,TAMPA,FL,33602,,,,,,,,,paper
1527,0001234445,Q ADVISORS LLC,00865975,999 18TH STREET,SUITE 2015,DENVER,CO,80202,"Forvis Mazars, LLP","1801 California St., Suite 2900",Denver,COLORADO,80202,Certified Public Accountant,12-31-2024,0001234445-25-000001,xml
1528,0001235002,"PLANTE MORAN INSURANCE AGENCY SERVICES, LLC",00865976,PO BOX 307,,SOUTHFIELD,MI,48037-0307,"Cohen  Company, Ltd.","1835 Market St., Suite 310",Philadelphia,PENNSYLVANIA,19103,Certified Public Accountant,06-30-2025,0001235002-25-000005,xml
1529,0001235885,"STOUT CAPITAL, LLC",00865979,150 WEST SECOND STREET,SUITE 400,ROYAL OAK,MI,48067,"DeMarco Sciaccotta Wilkens  Dunleavy, LLP",9645 Lincolnway Lane,Frankfort,ILLINOIS,60423,Certified Public Accountant,09-30-2019,0001235885-19-000002,xml
1530,0001235887,UOB KAY HIAN (U.S.) INC.,00865981,3207 DOVETAIL MEWS,390 BAY STREET,"MISSISSAUGA, ONTARIO",NJ,L5L 5K4,Marcum LLP,"340 Mt. Kemble Ave, Suite 210N",Morristown,NEW JERSEY,07960,Certified Public Accountant,12-31-2024,0001235887-25-000001,xml
1531,0001237318,WHITEMARSH CAPITAL ADVISORS LLC,00865988,10 WHITEMARSH COURT,SUITE E,MARLTON,NJ,08053,Mercurius  Associates LLP,A-94/8 Wazipur Industrial Area,New Delhi,INDIA,110052,Certified Public Accountant,12-31-2024,0001237318-25-000001,xml
1532,0001238959,VENTUM FINANCIAL (US) CORP.,00865995,VANCOUVER CENTRE II,2500 - 733 SEYMOUR STREET,VANCOUVER,,V6B 0S6,"Ohab and Company, PA",100 E. Sybelia Ave. Suite 130,Maitland,FLORIDA,32751,Certified Public Accountant,03-31-2025,0001238959-25-000005,xml
1533,0001239393,"COVINGTON ASSOCIATES, LLC",00865997,99 SUMMER STREET,2ND FLOOR,BOSTON,MA,02110,,,,,,,,,paper
1534,0001239395,"DYNAMEX TRADING, LLC",00865999,11 BROADWAY,SUITE 360,NEW YORK,NY,10004,RSM US LLP,"30 S. Wacker Drive, Suite 330",Chicago,ILLINOIS,60606,Certified Public Accountant,09-30-2025,0001239395-25-000003,xml
1535,0001240287,"KCD FINANCIAL, INC.",00866005,3061 ALLIED STREET,SUITE B,GREEN BAY,WI,54304,FLYNN  COMPANY,7800 E. kemper Road Suite 150,Cincinnati,WISCONSIN,45249,Certified Public Accountant,12-31-2024,0001240287-25-000001,xml
1536,0001241066,WEALTH SPACE ASSET MANAGEMENT,00866008,1600 PENNSYLVANIA AVENUE,,MCDONOUGH,GA,30253,,,,,,,,,paper
1537,0001245233,"DNB MARKETS, INC.",00866024,"30 HUDSON YARDS, 81ST FLOOR",500 WEST 33RD STREET,NEW YORK,NY,10001,Citrin Cooperman  Company LLP,50 Rockefeller Plaza,New York,NEW YORK,10020,Certified Public Accountant,12-31-2024,0001245233-25-000002,xml
1538,0001246510,HAMILTON EXECUTIONS LLC,00866025,11 WALL STREET,SUITE 202,NEW YORK,NY,10005,Ryan  Juraska LLP,141 W Jackson Blvd.,Chicago,ILLINOIS,60604,Certified Public Accountant,12-31-2024,0001246510-25-000007,xml
1539,0001249567,"GRADIENT SECURITIES, LLC",00866032,4105 LEXINGTON AVENUE,SUITE 380,ARDEN HILLS,MN,55126,Marcum LLP,Nine Parkway N,Deerfield,ILLINOIS,60015,Certified Public Accountant,12-31-2024,0001249567-25-000003,xml
1540,0001251636,"INVESTMENT NETWORK, INC.",00866036,4639 WHIPPLE AVE NW,,CANTON,OH,44718,,,,,,,,,paper
1541,0001252392,INNER CIRCLE SPORTS LLC,00866043,3013 YAMATO ROAD SUITE B12-339,,BOCA RATON,FL,33434,"Ohab  Company, PA","100 E. Sybelia Ave, Ste 130",Maitland,FLORIDA,32751,Certified Public Accountant,12-31-2024,0001252392-25-000001,xml
1542,0001252927,"SORRENTO PACIFIC FINANCIAL, LLC",00866046,"10150 MEANLEY DRIVE, 1ST FLOOR",,SAN DIEGO,CA,92131,Citrin Cooperman,50 Rockefeller Plaza,New York,NEW YORK,10020,Certified Public Accountant,12-31-2024,0001252927-25-000001,xml
1543,0001253489,"OPEN TO THE PUBLIC INVESTING, INC.",00866049,228 PARK AVE. S,SUITE 97716,NEW YORK,NY,10003,PricewaterhouseCoopers LLP,300 Madison Ave,New York,NEW YORK,10017,Certified Public Accountant,12-31-2024,0001253489-25-000004,xml
1544,0001253492,"GLADSTONE SECURITIES, LLC",00866052,1521 WESTBRANCH DRIVE,SUITE 100,MCLEAN,VA,22102,PRICEWATERHOUSE COOPERS LLP,655 NEW YORK NW,WASHINGTON,DISTRICT OF COLUMBIA,20001,Certified Public Accountant,06-30-2025,0001253492-25-000002,xml
1545,0001254209,"ALVAREZ & MARSAL SECURITIES, LLC",00866055,"600 MADISON AVE, 8TH FLOOR",,NEW YORK,NY,10022,,,,,,,,,paper
1546,0001254211,"ROCKLAND SECURITIES, LLC",00866057,87 BEECHWOOD ROAD,,SUMMIT,NJ,07901,,,,,,,,,paper
1547,0001254218,"PARITER SECURITIES, LLC",00866064,P.O. BOX 11852,,SAN JUAN,PR,00922,HTL INTERNATIONAL,12 GREENWAY PLAZA #1100,HOUSTON,TEXAS,77046,Certified Public Accountant,12-31-2024,0001254218-25-000002,xml
1548,0001255331,VCS VENTURE SECURITIES,00866069,29 BROADWAY,SUITE 1502,NEW YORK,NY,10006-3221,,,,,,,,,paper
1549,0001257251,OPTIVER US LLC,00866083,130 E. RANDOLPH STREET,SUITE 800,CHICAGO,IL,60601,KPMG LLP,"200 E. Randolph St, Suite 5500",Chicago,ILLINOIS,60601,Certified Public Accountant,12-31-2018,0001257251-19-000005,xml
1550,0001257437,"RUCKER CAPITAL PARTNERS, LLC",00866084,6 MOUNT DRIVE,,PERRINEVILLE,NJ,08535,,,,,,,,,paper
1551,0001257671,CARY STREET PARTNERS LLC,00866085,901 EAST BYRD STREET,SUITE 1001,RICHMOND,VA,23219,Keiter,"4401 DOMINION BOULEVARD, 2nd Floor",GLEN ALLEN,VIRGINIA,23060,Certified Public Accountant,12-31-2024,0001257671-25-000001,xml
1552,0001258040,"AURUS ADVISORS, INC.",00866089,156 RETREAT PLACE,SUITE 105,PONTE VEDRA BEACH,FL,32082,Gaby Zavala,675 Ygnacio Valley Blvd,Walnut Creek,CALIFORNIA,94596,Certified Public Accountant,12-31-2024,0001258040-25-000001,xml
1553,0001258796,HINES PRIVATE WEALTH SOLUTIONS LLC,00866096,845 TEXAS AVENUE,SUITE 3300,HOUSTON,TX,77002,,,,,,,,,paper
1554,0001259169,"FIRST PUBLIC, LLC",00866105,12007 RESEARCH BLVD,,AUSTIN,TX,78759,Baker Tilly,14555 Dallas Parkway,Dallas,TEXAS,75254,Certified Public Accountant,08-31-2025,0001259169-25-000003,xml
1555,0001259170,"T CAPITAL FUNDING, LLC",00866106,600 NORTHLAKE BOULEVARD,SUITE 175,ALTAMONTE SPRINGS,FL,32701,EisnerAmper LLP,733 Third Avenue,New York,NEW YORK,10017,Certified Public Accountant,12-31-2024,0001259170-25-000001,xml
1556,0001259484,WATERWAY CAPITAL LLC,00866108,699 BOYLSTON STREET,EIGHTH FLOOR,BOSTON,MA,02116,Withum Smith and Brown PC,200 Jefferson Park,Whippany,NEW JERSEY,07981,Certified Public Accountant,12-31-2024,0001259484-25-000005,xml
1557,0001260218,"SYNERGY ADVISORS GROUP, LLC",00866114,880 APOLLO STREET,SUITE 230,EL SEGUNDO,CA,90245,DCPA,2121 Avenue of the Stars,Century City,CALIFORNIA,90067,Certified Public Accountant,12-31-2024,0001260218-25-000001,xml
1558,0001261267,"COADY DIEMAR PARTNERS, LLC",00866123,270 LAFAYETTE,SUITE 204,NEW YORK,NY,10012,RW Group LLC,114 Cambridge Road,Landenberg,PENNSYLVANIA,19350,Certified Public Accountant,12-31-2024,0001261267-25-000002,xml
1559,0001261467,"SG AMERICAS SECURITIES, LLC",00866125,245 PARK AVENUE,,NEW YORK,NY,10167,PricewaterhouseCoopers LLP,300 Madison Avenue,New York,NEW YORK,10017,Certified Public Accountant,12-31-2024,0001261467-25-000013,xml
1560,0001261468,"CADMAN SECURITIES, LLC",00866126,313 W WOLF POINT PLAZA,UNIT 3601,CHICAGO,IL,60654,Ferrara CPA,100 Horizon Center Blvd,Hamilton,NEW JERSEY,08691,Certified Public Accountant,12-31-2024,0001261468-25-000001,xml
1561,0001261665,"RIDGEVIEW CAPITAL, LLC",00866128,723 W PACIFIC AVENUE,SUITE 100,SALT LAKE CITY,UT,84104,,,,,,,,,paper
1562,0001262026,ANCHIN CAPITAL LLC,00866133,3 TIMES SQUARE,25TH FLOOR,NEW YORK CITY,NY,10036,"Evans and Bennett, LLP",373 Spencer Street,Syracuse,NEW YORK,13204,Certified Public Accountant,09-30-2025,0001262026-25-000003,xml
1563,0001263128,HRT EXECUTION SERVICES LLC,00866143,"3 WORLD TRADE CENTER, 175 GREENWICH ST",76TH FLOOR,NEW YORK,NY,10007,RSM US LLP,Thirty South Wacker Drive,Chicago,ILLINOIS,60606,Certified Public Accountant,12-31-2024,0001263128-25-000004,xml
1564,0001263321,ARETE RESEARCH LLC,00866145,1309 WALMSLEY AVE,SUITE2400,DALLAS,TX,75208,WithumSmith Browne PC,155 Seaport Blvd.,Boston,MASSACHUSETTS,02210,Certified Public Accountant,03-31-2025,0001263321-25-000002,xml
1565,0001264173,"AOS, INC.",00866163,"311 S. WACKER DR., STE 1775",,CHICAGO,IL,60606,,,,,,,,,paper
1566,0001264642,"CHICKASAW SECURITIES, LLC",00866173,"6075 POPLAR AVENUE, SUITE 720",,MEMPHIS,TN,38119,"LBMC, PC",201 Franklin Road,Brentwood,TENNESSEE,37027,Certified Public Accountant,12-31-2024,0001264642-25-000002,xml
1567,0001265072,"OCM INVESTMENTS, LLC",00866176,333 SOUTH GRAND AVENUE (28TH FLOOR),,LOS ANGELES,CA,90071,Ernst  Young LLP,725 South Figueroa Street,Los Angeles,CALIFORNIA,90017,Certified Public Accountant,12-31-2024,0001265072-25-000002,xml
1568,0001265074,"GENESIS CAPITAL, LLC",00866178,"3414 PEACHTREE ROAD, NE",SUITE 700,ATLANTA,GA,30326,Moore Colson,"600 Galleria Parkway SE, Suite 600",Atlanta,GEORGIA,30339,Certified Public Accountant,12-31-2024,0001265074-25-000001,xml
1569,0001265076,"PGP CAPITAL ADVISORS, LLC",00866180,865 S. FIGUEROA STREET,SUITE 1330,LOS ANGELES,CA,90017,Ohab and Company PA,"100 E. Sybelia Avenue, Suite 130",Maitland,FLORIDA,32751,Certified Public Accountant,12-31-2024,0001265076-25-000001,xml
1570,0001265761,"EDGEWATER CAPITAL, LLC",00866184,6 HUTTON CENTRE DRIVE,#860,SANTA ANA,CA,92707,,,,,,,,,paper
1571,0001265905,GWN SECURITIES INC.,00866185,11440 NORTH JOG ROAD,,PALM BEACH GARDENS,FL,33418-3764,Berkowitz Pollack Brant Advisors  CPAs LLP,200 S. Biscayne Blvd.,Miami,FLORIDA,33131,Certified Public Accountant,12-31-2024,0001265905-25-000004,xml
1572,0001266404,"SKYWORKS SECURITIES, LLC",00866190,283 GREENWICH AVENUE,4TH FLOOR,GREENWICH,CT,06830,"Citrin Cooperman  Company, LLP","180 Park Avenue, Suite 200",Florham Park,NEW JERSEY,07932,Certified Public Accountant,12-31-2024,0001266404-25-000001,xml
1573,0001266732,PNC INVESTMENTS LLC,00866195,1900 E. 9TH STREET,17TH FLOOR,CLEVELAND,OH,44114,PricewaterhouseCoopers LLC,301 Grant Street,Pittsburgh,PENNSYLVANIA,15219,Certified Public Accountant,12-31-2024,0001266732-25-000002,xml
1574,0001266875,ENVERRA CAPITAL LLC,00866198,200 MASSACHUSETTS AVE NW,SUITE 700,WASHINGTON,DC,20001,Keiter,4401 Dominion Boulevard,Glen Allen,VIRGINIA,23060,Certified Public Accountant,12-31-2024,0001266875-25-000001,xml
1575,0001266878,LAZARD ASSET MANAGEMENT SECURITIES LLC,00866201,"30 ROCKEFELLER PLAZA, 56TH FLOOR",,NEW YORK,NY,10112,Deloitte  Touche LLP,30 Rockefeller Plaza,New York,NEW YORK,10112,Certified Public Accountant,12-31-2024,0001266878-25-000006,xml
1576,0001267335,"ASCENDIANT SECURITIES, LLC",00866203,"4 PARK PLAZA, SUITE 1950",,IRVINE,CA,92614,,,,,,,,,paper
1577,0001267668,"FMI CAPITAL ADVISORS, INC.",00866206,44 COOK ST STE 900,,DENVER,CO,80206-5827,,,,,,,,,paper
1578,0001267806,"WALTER GREENBLATT & ASSOCIATES, LLC",00866211,325 ST. MARKS AVENUE,,BROOKLYN,NY,11238,Nawrocki Smith,290 Broadhollow Road,Melville,NEW YORK,11747,Certified Public Accountant,12-31-2021,0001267806-22-000002,xml
1579,0001267937,"LCG Capital Advisors, LLC",00866213,201 EAST KENNEDY BLVD,SUITE 1700,TAMPA,FL,33602,Assurance Dimensions,"3111 N University Drive, Suite 621",Coral Springs,FLORIDA,33065,Certified Public Accountant,12-31-2024,0001267937-25-000002,xml
1580,0001268210,"BARNETT & PARTNERS ADVISORS, LLC",00866217,767 THIRD AVENUE,11TH FLOOR,NEW YORK,NY,10017,Berkower LLC,517 Route One,Iselin,NEW JERSEY,08830,Certified Public Accountant,03-31-2025,0001268210-25-000001,xml
1581,0001268211,FTP SECURITIES LLC,00866218,100 CALIFORNIA STREET,7TH FLOOR,SAN FRANCISCO,CA,94111,Ernst Wintter and Associates LLP,675 Ygnacio Valley Road,Walnut Creeek,CALIFORNIA,94596,Certified Public Accountant,12-31-2024,0001268211-25-000003,xml
1582,0001268438,"PALLADIUM CAPITAL GROUP, LLC",00866223,P O BOX 5,SUITE 291,POOLESVILLE,MD,20837,"Ohab and Company, PA",100 E Sybelia Avenue,Maitland,FLORIDA,32751,Certified Public Accountant,12-31-2024,0001268438-25-000001,xml
1583,0001268841,"ALTERNATIVE ACCESS CAPITAL, LLC",00866226,1005 A STREET,SUITE 213,SAN RAFAEL,CA,94901,"Weisberg, Mole, Krantz  Goldfarb, LLP",185 Crossways Park Drive,Woodbury,NEW YORK,11797,Certified Public Accountant,12-31-2024,0001268841-25-000001,xml
1584,0001269475,"CHAMPLAIN ADVISORS, LLC",00866233,P.O. BOX 24290,SUITE 300,CHRISTIANSTED,VI,00824-0290,"Mercurius  Associates, LLP","A 9418 Wazirpar Industrial Area, Main Rd",Delhi,INDIA,110052,Certified Public Accountant not resident in United States or any of its possessions,12-31-2022,0001269475-23-000001,xml
1585,0001269990,"P & M CORPORATE FINANCE, LLC",00866239,10 SOUTH RIVERSIDE PLAZA,9TH FLOOR,CHICAGO,IL,60606,"Cohen  Company, Ltd.","1835 Market St., Suite 310",Philadelphia,PENNSYLVANIA,19103,Certified Public Accountant,12-31-2024,0001269990-25-000002,xml
1586,0001270961,"JORDAN, KNAUFF & COMPANY, LLC",00866246,100 S. WACKER DRIVE,SUITE 850,CHICAGO,IL,60606,"Adeptus Partners, LLC",933 Route 35 N,Ocean,NEW JERSEY,07712,Certified Public Accountant,12-31-2024,0001270961-25-000001,xml
1587,0001271545,IA GLOBAL CAPITAL LLC,00866255,244 MADISON AVENUE,#385,NEW YORK CITY,NY,10016,"Sanford Becker  Co, PC",1430 Broadway,New York,NEW YORK,10018,Certified Public Accountant,12-31-2024,0001271545-25-000001,xml
1588,0001271922,OPES BESPOKE SECURITIES LLC,00866262,45 ROCKEFELLER PLAZA,SUITE 2000,NEW YORK,NY,10111,"Stockman Kast Ryan  Co., LLP","102 N. Cascade, Ste. 400",Colorado Springs,COLORADO,80903,Certified Public Accountant,12-31-2017,0001271922-18-000001,xml
1589,0001271923,CG COMPASS (USA) LLC,00866263,590 MADISON AVE,33RD FLOOR,NEW YORK,NY,10022,"Meisel, Tuteur  Lewis, P.C.",105 Eisenhower Pkwy,Roseland,NEW JERSEY,07068,Certified Public Accountant,12-31-2024,0001271923-25-000002,xml
1590,0001272076,"ACKRELL CAPITAL, LLC",00866265,475 MARINA BLVD.,,SAN FRANCISCO,CA,94123,,,,,,,,,paper
1591,0001272189,"CIG SECURITIES, INC.",00866266,ONE TOWNE SQUARE,SUITE 1850,SOUTHFIELD,MI,48076,"Mellen, Smith  Pivoz, PLC",30800 Telegraph,Bingham Farms,MICHIGAN,48025,Certified Public Accountant,12-31-2018,0001272189-19-000002,xml
1592,0001272515,DAIWA CORPORATE ADVISORY LLC,00866273,605 THIRD AVENUE,11TH FLOOR,NEW YORK,NY,10158,KPMG,345 Park Ave,New York,NEW YORK,10154,Certified Public Accountant,03-31-2025,0001272515-25-000002,xml
1593,0001272516,"ENGLAND SECURITIES, LLC",00866274,1000 LOUISIANA STREET,SUITE 6550,HOUSTON,TX,77002,,,,,,,,,paper
1594,0001272749,"INVERNESS SECURITIES, LLC",00866278,6060 PARKLAND BLVD,STE 200,CLEVELAND,OH,44124,,,,,,,,,paper
1595,0001273403,WESTBURY GROUP LLC,00866284,39 RIVERSIDE AVENUE,,WESTPORT,CT,06880,"Ohab and Company, P.A.",100 E. Sybelia Avenue,Maitland,FLORIDA,32751,Certified Public Accountant,12-31-2024,0001273403-25-000002,xml
1596,0001273761,TRADEMAS INC.,00866292,ACCOUNTING & COMPLIANCE INTERNATIONAL,"77 WATER STREET, SUITE 1604",NEW YORK,NY,10005,"Nawrocki Smith, LLP",100 Motor Parkway,Hauppauge,NEW YORK,11788,Certified Public Accountant,03-31-2025,0002013816-25-000088,xml
1597,0001273905,EMERSON EQUITY LLC,00866296,"155 BOVET ROAD, SUITE 725",,SAN MATEO,CA,94402,,,,,,,,,paper
1598,0001275351,"WEALTH ENHANCEMENT BROKERAGE SERVICES, LLC",00866305,505 N HIGHWAY 169,SUITE 900,PLYMOUTH,MN,55441,"BDO USA, P.C.","800 NICOLLET MALL, SUITE 600",MINNEAPOLIS,MINNESOTA,55441,Certified Public Accountant,12-31-2024,0001275351-25-000001,xml
1599,0001276159,CYPRESS PARTNERS LLC,00866321,"52 VANDERBILT AVENUE, SUITE 501",,NEW YORK,NY,10017,,,,,,,,,paper
1600,0001277325,"LIBERTY PARTNERS FINANCIAL SERVICES, LLC",00866335,7780 BRIER CREEK PARKWAY,SUITE 325,RALEIGH,NC,27617,,,,,,,,,paper
1601,0001278205,GRB FINANCIAL LLC,00866345,1415 W. RANDOL MILL,,ARLINGTON,TX,76012,"Rhodes Osiek Patyk  Company, LLP",2170 Interstate 20,Arlington,TEXAS,76017,Certified Public Accountant,12-31-2024,0001278205-25-000001,xml
1602,0001278765,SP SECURITIES LLC,00866360,6363 WOODWAY DR,SUITE 1000,HOUSTON,TX,77057,,,,,,,,,paper
1603,0001279559,"DAWSON JAMES SECURITIES, INC.",00866367,101 NORTH FEDERAL HIGHWAY,SUITE 600,BOCA RATON,FL,33432,,,,,,,,,paper
1604,0001280139,"PICKWICK CAPITAL PARTNERS, LLC",00866373,445 HAMILTON AVENUE,SUITE 1102,WHITE PLAINS,NY,10601,"LMHS, P.C.","80 Washington Street, Building S",Norwell,MASSACHUSETTS,02061,Certified Public Accountant,12-31-2024,0001280139-25-000004,xml
1605,0001280342,"CAPLINK SECURITIES, INC",00866379,1230 ROSECRANS AVENUE,SUITE 300,MANHATTAN BEACH,CA,90266,"Coglianese, Michael","125 E. Lake Street, Suite 303",Bloomingdale,ILLINOIS,60108,Certified Public Accountant,12-31-2024,0001280342-25-000001,xml
1606,0001280875,"IMST DISTRIBUTORS, LLC",00866389,190 MIDDLE STREET,SUITE 301,PORTLAND,ME,04101,,,,,,,,,paper
1607,0001281451,"PH PARTNERS, LLC",00866396,515 CONGRESS AVENUE,SUITE 1515,AUSTIN,TX,78701,,,,,,,,,paper
1608,0001281941,STANDARD CHARTERED SECURITIES NORTH AMERICA LLC,00866397,1095 AVENUE OF THE AMERICAS,,NEW YORK,NY,10036,RSM US LLP,1185 Avenue of the Americas,New York,NEW YORK,10036,Certified Public Accountant,12-31-2016,0001281941-17-000002,xml
1609,0001282492,MODERN CAPITAL SECURITIES INC.,00866403,7780 BRIER CREEK PARKWAY,SUITE 325,RALEIGH,NC,27617,,,,,,,,,paper
1610,0001282624,"ARIA CAPITAL ADVISORS, LLC",00866407,"475 CENTRAL AVENUE, SUITE M1",,ST. PETERSBURG,FL,33701,"Thomas Faust, CPA",174 Coldbrook Ct,Lafayette,FLORIDA,47909,Certified Public Accountant,12-31-2024,0001282624-25-000001,xml
1611,0001284170,PALAFOX TRADING LLC,00866420,830 BRICKELL PLAZA,SUITE 3300,MIAMI,FL,33131,PricewaterhouseCoopers LLP,1 North Wacker Drive,Chicago,ILLINOIS,60606,Certified Public Accountant,12-31-2024,0001284170-25-000001,xml
1612,0001284171,"BOURNE PARTNERS SECURITIES, LLC",00866421,550 SOUTH CALDWELL STREET,SUITE 900,CHARLOTTE,NC,28202,,,,,,,,,paper
1613,0001284403,"TLG LENOX, LLC",00866424,"3384 PEACHTREE ROAD NE, SUITE 300",,ATLANTA,GA,30326,"Rubio CPA, PC",2727 Paces Ferry Road,Atlanta,GEORGIA,30339,Certified Public Accountant,12-31-2019,0001284403-20-000004,xml
1614,0001285202,STERN CAPITAL LLC,00866433,420 LEXINGTON AVENUE,SUITE 300,NEW YORK,NY,10170,BDG-CPAs,76 N Walnut St,Ridgewood,NEW JERSEY,07450,Certified Public Accountant,12-31-2024,0001285202-25-000001,xml
1615,0001285203,"STONECASTLE SECURITIES, LLC",00866434,152 WEST 57TH STREET,52ND FLOOR,NEW YORK,NY,10019,WithumSmith  Brown,200 Jefferson Park,Whippany,NEW JERSEY,07981,Certified Public Accountant,12-31-2019,0001285203-20-000007,xml
1616,0001285919,"COGNITIVE CAPITAL, LLC",00866442,141 W JACKSON,# 1620,CHICAGO,IL,60604,RSM US LLP,"30 South Wacker Dr.,",Chicago,ILLINOIS,60606,Certified Public Accountant,12-31-2024,0001285919-25-000001,xml
1617,0001285921,"CONNING INVESTMENT PRODUCTS, INC.",00866444,ONE FINANCIAL PLAZA,,HARTFORD,CT,06103-2627,KPMG LLP,One Financial Plaza,Hartford,CONNECTICUT,06103,Certified Public Accountant,12-31-2024,0001285921-25-000004,xml
1618,0001286439,DRAKE STAR SECURITIES LLC,00866448,950 THIRD AVENUE,20TH FLOOR,NEW YORK,NY,10022,WWC P.C.,2010 Pioneer Court,San Mateo,CALIFORNIA,94403,Certified Public Accountant,12-31-2024,0001286439-25-000001,xml
1619,0001286610,"PRINCIPLED ADVISORS, INC.",00866451,55 BROOKSIDE LOOP,SUITE 303,STATEN ISLAND,NY,10309,,,,,,,,,paper
1620,0001286611,"TRADELINK SECURITIES, LLC",00866452,NEW WORLD TOWER,100 N. BISCAYNE BLVD SUITE 1315,MIAMI,FL,33132,,,,,,,,,paper
1621,0001289005,HENLEY & COMPANY LLC,00866463,506 RXR PLAZA,EAB PLAZA WEST TOWER 12TH,UNIONDALE,NY,11556,"DeMarco Sciaccotta Wilkens  Dunleavy, LLP","20646 Abbey Woods Ct N, Suite 201",Frankfort,ILLINOIS,60423,Certified Public Accountant,12-31-2024,0001289005-25-000001,xml
1622,0001289006,HARRIS WILLIAMS PRIMARY FUND PLACEMENT LLC,00866464,"2820 SELWYN AVENUE, SUITE 550",,CHARLOTTE,NC,28209,,,,,,,,,paper
1623,0001289009,EQUUS FINANCIAL CONSULTING LLC,00866467,"78 PINE ST., SUITE 101",,NEW CANAAN,CT,06840,"Alperin, Nebbia  Associates, CPA, PA",375 Passaic Avenue,Fairfield,NEW JERSEY,07004,Certified Public Accountant,12-31-2024,0001289009-25-000001,xml
1624,0001289106,"BAYSHORE PARTNERS, LLC",00866480,550 S. ANDREWS AVENUE,SUITE 330,FORT LAUDERDALE,FL,33301,Baker Tilly US LLP,"790 N. Water St., Suite 200",Milwaukee,WISCONSIN,53202,Certified Public Accountant,12-31-2024,0001289106-25-000001,xml
1625,0001289107,UNIVERSAL FINANCIAL SERVICES INC.,00866481,PO BOX 2171,,SAN JUAN,PR,00922-2171,Kevane Grant Thornton LLP,33 Calle Bolivia Suite 400,San Juan,PUERTO RICO,00917,Certified Public Accountant,12-31-2024,0001289107-25-000002,xml
1626,0001289120,"PACIFIC CENTURY SECURITIES, LLC",00866487,747 3RD AVE,#2101,NEW YORK,NY,10017,,,,,,,,,paper
1627,0001290271,"PETRIE PARTNERS SECURITIES, LLC",00866503,"1144 15TH STREET, SUITE 3900",SUITE 101,DENVER,CO,80202,Plante  Moran PLLC,"8181 East Tufts Ave, Suite 600",Denver,COLORADO,80237,Certified Public Accountant,12-31-2023,0001290271-24-000001,xml
1628,0001290486,RELIANCE CAPITAL MANAGEMENT ADVISORS LLC,00866505,18 TERRACE AVE - MIRAMAR,,HALF MOON BAY,CA,94019,,,,,,,,,paper
1629,0001291269,"HODES WEILL SECURITIES, LLC",00866518,825 THIRD AVE,15TH FLOOR,NEW YORK,NY,10022,,,,,,,,,paper
1630,0001291460,"WALNUT CREEK CAPITAL ADVISORS, LLC",00866521,2100 RIVEREDGE PKWY,SUITE 1230,ATLANTA,GA,30328,Tuttle  Bond,2954 Goehmann Lane,Fredricksburg,TEXAS,78624,Certified Public Accountant,12-31-2024,0001291460-25-000008,xml
1631,0001291805,DAVY SECURITIES,00866522,DAVY HOUSE,49 DAWSON STREET,DUBLIN 2,,D2,FGMK LLC,"333 W. Wacker Drive, 6th Floor",Chicago,ILLINOIS,60606,Certified Public Accountant,12-31-2024,0001291805-25-000001,xml
1632,0001292134,"SKYSTONE SECURITIES, LLC",00866529,P. O. BOX 192167,SUITE 1000,DALLAS,TX,75219,"Phillip V. George, PLLC",5179 CR 1026,Celeste,TEXAS,75423,Certified Public Accountant,12-31-2024,0001292134-25-000001,xml
1633,0001292545,CREATIS CAPITAL LLC,00866533,23 SALT SPRAY LANE,SUITE 7F,CAPE ELIZABETH,ME,04107,Rubio CPA PC,2727 Paces Ferry Rd SE,Atlanta,GEORGIA,30339,Certified Public Accountant,12-31-2019,0001664779-20-000002,xml
1634,0001292864,BAADER HELVEA INC.,00866540,420 LEXINGTON AVENUE,SUITE 804,NEW YORK,NY,10170,,,,,,,,,paper
1635,0001293168,"OBJECTIVE EQUITY, LLC",00866541,380 BRETANO WAY,,GREENBRAE,CA,94904,"Rubio CPA, PC","3500 Lenox Rd. NE, Suite 1500",Atlanta,GEORGIA,30326,Certified Public Accountant,09-30-2024,0001293168-25-000001,xml
1636,0001293532,"COBRA TRADING, INC.",00866548,3008 E HEBRON PKWY,BLDG 400,CARROLLTON,TX,75010,Sanville  Company LLC,325 North Saint Paul Street,Dallas,TEXAS,75201,Certified Public Accountant,12-31-2023,0001293532-24-000004,xml
1637,0001293534,PPHB SECURITIES LP,00866550,1885 ST. JAMES PLACE,SUITE 900,HOUSTON,TX,77056,"Phillip V. George, PLLC",5179 CR 1026,Celeste,TEXAS,75423,Certified Public Accountant,12-31-2024,0001293534-25-000001,xml
1638,0001293537,"FNBB CAPITAL MARKETS, LLC",00866553,600 UNIVERSITY PARK PLACE,SUITE 380,BIRMINGHAM,AL,35209,EISNERAMPER LLP,"8550 UNITED PLAZA, SUITE 1001",BATON ROUGE,LOUISIANA,70809,Certified Public Accountant,12-31-2024,0001293537-25-000001,xml
1639,0001294254,"HWJ CAPITAL PARTNERS II, LLC",00866560,7400 NORTH FEDERAL HIGHWAY,SUITE A5,BOCA RATON,FL,33487,"Weisberg, Mole', Krantz  Goldfarb, LLP",185 Crossways Park Drive,Woodbury,NEW YORK,11797,Certified Public Accountant,12-31-2024,0001105689-25-000002,xml
1640,0001294813,"CHESSIECAP SECURITIES, INC.",00866565,7911 SHERWOOD AVENUE,SUITE 700,TOWSON,MD,21204,,,,,,,,,paper
1641,0001295232,HAITONG INTERNATIONAL SECURITIES (USA) INC.,00866566,130 WEST 42ND STREET,FL 18,NEW YORK,NY,10036,CBIZ CPAs P.C.,685 Third Avenue,New York,NEW YORK,10036,Certified Public Accountant,12-31-2024,0001295232-25-000004,xml
1642,0001295234,AGM SECURITIES LLC,00866568,42 BROADWAY,SUITE 12-129,NEW YORK,NY,10004,WithumSmith Brown PC,200 Jefferson Park,Whippany,NEW JERSEY,07891,Certified Public Accountant,12-31-2024,0001295234-25-000002,xml
1643,0001295237,"GRIFFINEST ASIA SECURITIES, LLC",00866571,301 NORTH LAKE AVENUE,SUITE 110,PASADENA,CA,91101,DCPA,"2121 AVE OF THE STARS, Suite 800",CENTURY CITY,CALIFORNIA,90067,Certified Public Accountant,03-31-2025,0001295237-25-000002,xml
1644,0001295238,CAPSTONE CAPITAL MARKETS LLC,00866572,10 POST OFFICE SQUARE,SUITE 800N,BOSTON,MA,02109,,,,,,,,,paper
1645,0001295894,EZE CASTLE TRANSACTION SERVICES LLC,00866577,"500 TOTTEN POND ROAD, 2ND FLOOR",,WALTHAM,MA,02451,,,,,,,,,paper
1646,0001296050,"CHARLES RIVER BROKERAGE, LLC",00866578,700 DISTRICT AVE,4TH FLOOR,BURLINGTON,MA,01803,,,,,,,,,paper
1647,0001296051,CIMAS LLC,00866579,"30 SOUTH PEARL STREET, 9TH FLOOR",,ALBANY,NY,12207,,,,,,,,,paper
1648,0001296382,KBS CAPITAL MARKETS GROUP LLC,00866581,800 NEWPORT CENTER DRIVE,SUITE 600,NEWPORT BEACH,CA,92660,"Baker Tilly, LLP","18500 Von Karman Avenue, 10th Floor",Irvine,CALIFORNIA,92612,Certified Public Accountant,12-31-2024,0001296382-25-000001,xml
1649,0001296879,MUFSON HOWE HUNTER & PARTNERS LLC,00866587,1717 ARCH STREET,39TH FLOOR,PHILADELPHIA,PA,19103,Berkower LLC,517 Route 1,Iselin,NEW JERSEY,08830,Certified Public Accountant,12-31-2024,0001296879-25-000004,xml
1650,0001297293,"WEILD CAPITAL, LLC",00866593,777 29TH STREET,SUITE 402,BOULDER,CO,80303,"Michael Coglianese, CPA PC",125 E. Lake Street,Bllomingdale,ILLINOIS,60108,Certified Public Accountant,12-31-2022,0001297293-23-000002,xml
1651,0001297573,HUDSON CAPITAL ADVISORS BD LLC,00866595,"100 WILSHIRE BOULEVARD, SUITE 700",C/O COLUMBUS NOVA,SANTA MONICA,CA,90401,"LMHS, P.C.",80 Washington Street Building S,Norwell,MASSACHUSETTS,02061,Certified Public Accountant,12-31-2024,0001297573-25-000004,xml
1652,0001298623,CUE CAPITAL LIMITED PARTNERSHIP,00866599,"2000 S. BAYSHORE DRIVE, SUITE 9",SUITE 220,MIAMI,FL,33133,"Rodefer Moss  Co, PLLC",608 Mabry Hood Road,Knoxville,TENNESSEE,37932,Certified Public Accountant,12-31-2024,0001298623-25-000002,xml
1653,0001299848,"GFG SECURITIES, LLC",00866606,701 BRICKELL AVENUE,SUITE 1400,MIAMI,FL,33131,"Salberg  Company, PA","2295 N Corporate Blvd, Ste 240",Boca Raton,FLORIDA,33431,Certified Public Accountant,12-31-2024,0001299848-25-000003,xml
1654,0001299849,"OBERON SECURITIES, LLC",00866607,"445 PARK AVENUE, SUITE 4B",,NEW YORK,NY,10022,"McBee  Co., PC",718 Paulus Avenue,Dallas,TEXAS,75214,Certified Public Accountant,12-31-2024,0001299849-25-000001,xml
1655,0001300257,BELVEDERE TRADING LLC,00866612,10 S. RIVERSIDE PLAZA,SUITE 2100,CHICAGO,IL,60606,RSM US LLP,30 S. Wacker Drive,Chicago,ILLINOIS,60606,Certified Public Accountant,12-31-2024,0001300257-25-000002,xml
1656,0001300496,"PCA CAPITAL SECURITIES, LLC",00866614,900 WALT WHITMAN RD.,SUITE 309,MELVILLE,NY,11747,,,,,,,,,paper
1657,0001300497,MARKS BAUGHAN SECURITIES LLC,00866615,"161 WASHINGTON ST., SUITE 1390","161 WASHINGTON ST., SUITE 1390",CONSHOHOCKEN,PA,19428,,,,,,,,,paper
1658,0001300502,"MORETON CAPITAL MARKETS, LLC",00866620,101 S 200 E. SUITE 300,,SALT LAKE CITY,UT,84111,Haynie  Company,50 West Broadway,Salt Lake City,UTAH,84101,Certified Public Accountant,12-31-2019,0001300502-20-000002,xml
1659,0001301207,BANCO DO BRASIL SECURITIES LLC,00866625,2 SOUTH BISCAYNE BLVD.,SUITE #3150,MIAMI,FL,33131,KPMG LLP,111 N Orange Ave ste 1600,Orlando,FLORIDA,32801,Certified Public Accountant,12-31-2017,0001487802-18-000002,xml
1660,0001301264,"PM SECURITIES, LLC",00866628,110 COMMONS COURT,,CHADDS FORD,PA,19317,YSL  Associates,11 Broadway,New York,NEW YORK,10004,Certified Public Accountant,12-31-2024,0001301264-25-000004,xml
1661,0001303335,"FIDUS SECURITIES, LLC",00866656,4201 CONGRESS STREET,SUITE 250,CHARLOTTE,NC,28209,"Plante  Moran, PLLC","10 South Riverside Plaza, 9th Floor",Chicago,ILLINOIS,60606,Certified Public Accountant,12-31-2024,0001303335-25-000001,xml
1662,0001303465,SEQUENCE FINANCIAL SPECIALISTS LLC,00866657,181 E. EVANS STREET,"STE C1, BTC-001",FLORENCE,SC,29506,"Phillip V. George, PLLC",5179 CR 1026,Celeste,TEXAS,75423,Certified Public Accountant,12-31-2024,0001303465-25-000002,xml
1663,0001304199,"RAINMAKER SECURITIES, LLC",00866667,382 NE 191ST ST. #86647,#86647,MIAMI,FL,33179-3899,,,,,,,,,paper
1664,0001304359,"HERITAGE FINANCIAL SYSTEMS, LLC",00866670,5 GREAT VALLEY PARKWAY,SUITE 334,MALVERN,PA,19355,Stephano Slack LLC,125 Strafford Avenue,Wayne,PENNSYLVANIA,19087,Certified Public Accountant,12-31-2024,0001304359-25-000002,xml
1665,0001304578,"MIDDLE MARKET TRANSACTIONS, INC.",00866675,3 SANDHILL DRIVE,,DECATUR,IL,62521,"Kerber, Eck  Braeckel LLP",3200 Robbins Road,Springfield,ILLINOIS,62704,Certified Public Accountant,12-31-2024,0001304578-25-000003,xml
1666,0001304706,"WELLS FARGO PRIME SERVICES, LLC",00866677,333 MARKET STREET,30TH FLOOR,SAN FRANCISCO,CA,94105,KPMG LLP,345 Park Ave,New York,NEW YORK,10154,Certified Public Accountant,12-31-2024,0001304706-25-000004,xml
1667,0001305437,"STILLPOINT CAPITAL, LLC",00866688,4830 WEST KENNEDY BLVD,SUITE 600,TAMPA,FL,33609,,,,,,,,,paper
1668,0001306765,NEXBANK SECURITIES INC,00866705,2515 MCKINNEY AVE,SUITE 1100,DALLAS,TX,75201,Forvis Mazars LLP,Two Leadership Square Tower,Oklahoma,OKLAHOMA,73102,Certified Public Accountant,12-31-2024,0001306765-25-000001,xml
1669,0001306928,"REDROCK TRADING PARTNERS, LLC",00866707,2605 WALTON WAY,,AUGUSTA,GA,30904,"Tuttle  Bond, PLLC",1928 jackson Lane,China Spring,TEXAS,76633,Certified Public Accountant,12-31-2024,0001306928-25-000001,xml
1670,0001307290,"NORTH POINT MERGERS AND ACQUISITIONS, INC.",00866709,"580 CALIFORNIA STREET, SUITE 2200",,SAN FRANCISCO,CA,94104,"Jones, Maresca  McElwayney, P.A.",10500 Little Patuxent Parkway,Columbia,MARYLAND,21044,Certified Public Accountant,12-31-2024,0001307290-25-000002,xml
1671,0001307977,"ALLSPRING FUNDS DISTRIBUTOR, LLC",00866716,417 E CHICAGO STREET,FLOOR 1,MILWAUKEE,WI,53052,Ernst  Young LLP,"100 North Tryon Street, Suite 3800",Charlotte,NORTH CAROLINA,28202,Certified Public Accountant,12-31-2024,0001307977-25-000001,xml
1672,0001307978,"VALIDATE CAPITAL MARKETS, LLC",00866717,"505 PARK AVENUE, 14TH FLOOR",,NEW YORK,NY,10022,Sanford Becker  Co. P.C.,"1430 Broadway, 6th Floor",New York,NEW YORK,10018,Certified Public Accountant,12-31-2024,0001307978-25-000001,xml
1673,0001308103,"ORCHARD SECURITIES, LLC",00866719,365 GARDEN GROVE LANE,SUITE 100,PLEASANT GROVE,UT,84062,Haynie  Company,1785 West 2300 South,Salt Lake City,UTAH,84119,Certified Public Accountant,06-30-2025,0001308103-25-000005,xml
1674,0001308104,CAMPBELL LUTYENS & CO. INC.,00866720,630 FIFTH AVE.,36TH FLOOR,NEW YORK,NY,10111,"Anchin, Block and Anchin LLP",3 Times Square,New York,NEW YORK,10036,Certified Public Accountant,04-30-2025,0001308104-25-000007,xml
1675,0001308338,CRONUS PARTNERS LLC,00866721,P.O. BOX 103,P.O. BOX 103,SOUTHPORT,CT,06890,,,,,,,,,paper
1676,0001309389,"INNOVATION CAPITAL, LLC",00866734,2255 GLADES ROAD SUITE 324A,,BOCA RATON,FL,33431,,,,,,,,,paper
1677,0001309813,"ANOVEST FINANCIAL SERVICES, INC.",00866742,"3225 SHALLOWFORD ROAD, SUITE 220",,MARIETTA,GA,30062,,,,,,,,,paper
1678,0001310236,"APA SECURITIES, LLC",00866745,"920 SYLVAN AVENUE, SUITE 240",,ENGLEWOOD CLIFFS,NJ,07632,"Berry, Dunn, McNeil  Parker, LLC",2211 Congress Street,Portland,MAINE,04102,Certified Public Accountant,12-31-2024,0001310236-25-000001,xml
1679,0001310594,"REEF RESOURCES, LLC",00866748,140 LAKESIDE AVENUE,SUITE 100,SEATTLE,WA,98122,Spicer Jeffries LLP,4601 DTC Boulevard,Denver,COLORADO,80237,Certified Public Accountant,12-31-2024,0001310594-25-000002,xml
1680,0001310596,"TORCH SECURITIES, LLC",00866750,4006 AUSTIN MEADOW DRIVE,SUITE 101,SUGAR LAND,TX,77479,,,,,,,,,paper
1681,0001310705,"WOODROCK SECURITIES, L.P.",00866753,"4265 SAN FELIPE STREET, SUITE 600",,HOUSTON,TX,77027,"EEPB, P.C.","2950 North Loop West Freeway, Suite 1200",Houston,TEXAS,77092,Certified Public Accountant,12-31-2024,0001310705-25-000001,xml
1682,0001310855,"TUOHY BROTHERS INVESTMENT RESEARCH, INC.",00866756,641 LEXINGTON AVE,15TH FLOOR,NEW YORK,NY,10022,"Nawrocki Smith, LLP",100 Motor Parkway,Hauppauge,NEW YORK,11788,Certified Public Accountant,12-31-2024,0002013816-25-000049,xml
1683,0001311274,"SWBC INVESTMENT SERVICES, LLC",00866764,"9311 SAN PEDRO, STE 600",,SAN ANTONIO,TX,78216,"BDO USA, P.C.","10999 IH-10W, Suite 255",San Antonio,TEXAS,78230,Certified Public Accountant,12-31-2024,0001311274-25-000002,xml
1684,0001311891,"OSAIC SERVICES, INC.",00866771,18700 HAYDEN ROAD,SUITE 255,SCOTTSDALE,AZ,85255,Deloitte  Touche LLP,100 South Mill Avenue,Tempe,ARIZONA,85281,Certified Public Accountant,12-31-2024,0001311891-25-000004,xml
1685,0001311892,"OCEANUS SECURITIES, LLC",00866772,521 FIFTH AVENUE,37TH FLOOR,NEW YORK,NY,10175,"Ohab  Company, P.A.",100 E. Sybelia Avenue,Maitland,FLORIDA,32751,Certified Public Accountant,03-31-2025,0001311892-25-000002,xml
1686,0001311894,CENTERVIEW PARTNERS LLC,00866774,31 WEST 52ND STREET,22ND FLOOR,NEW YORK,NY,10019,,,,,,,,,paper
1687,0001311897,SPARRING PARTNERS CAPITAL LLC,00866777,PO BOX 395,,SHORT HILLS,NJ,07078,"Michael Coglianese CPA, P.C.",125 E Lake Street #303,Bloomingdale,ILLINOIS,60108,Certified Public Accountant,12-31-2024,0001311897-25-000001,xml
1688,0001313283,"TRANSACT CAPITAL SECURITIES, LLC",00866778,"4991 LAKE BROOK DR., SUITE 150",SUITE 150,GLEN ALLEN,VA,23060,,,,,,,,,paper
1689,0001313368,"MERIDIAN EQUITY PARTNERS, INC.",00866784,C/O ACCOUNTING & COMPLIANCE INTERNATIONA,"199 WATER ST, 9TH FL",NEW YORK,NY,10038,Nawrocki Smith,100 Motor Parkway,Hauppauge,NEW YORK,11788,Certified Public Accountant,03-31-2025,0002013816-25-000078,xml
1690,0001313524,"SCHNEIDER DOWNS CORPORATE FINANCE, LP",00866791,"ONE PPG PLACE, SUITE 1700",,PITTSBURGH,PA,15222,,,,,,,,,paper
1691,0001314296,SEACAP SECURITIES LLC,00866804,152 W 57TH STREET 53RD FLOOR,31ST FLOOR,NEW YORK,NY,10019,Rubio CPA PC,3500 Lenox Road NE,Atlanta,GEORGIA,30326,Certified Public Accountant,12-31-2024,0001314296-25-000001,xml
1692,0001315510,N.A. INVESTCORP LLC,00866812,"280 PARK AVENUE, 39TH FLOOR",,NEW YORK,NY,10017,Ernst  Young,10th Floor East Tower Bahrain World,Manama,BAHRAIN,Kingdom of,Certified Public Accountant not resident in United States or any of its possessions,06-30-2025,0001315510-25-000006,xml
1693,0001315511,"JANE STREET OPTIONS, LLC",00866813,250 VESEY STREET,3RD FLOOR,NEW YORK,NY,10281,Ernst  Young LLP,One Manhattan West,New York,NEW YORK,10001,Certified Public Accountant,12-31-2024,0001315511-25-000003,xml
1694,0001316477,"RQD* CLEARING, LLC",00866826,ONE WORLD TRADE CENTER,SUITE 47M,NEW YORK,NY,10007,Moss Adams LLP,14555 Dallas Parkway,Dallas,TEXAS,75254,Certified Public Accountant,12-31-2024,0001316477-25-000001,xml
1695,0001318201,"GLOBAL LEISURE PARTNERS, LLC",00866837,124 CITY ROAD,BERKELEY SQUARE,LONDON,,EC1V 2NX,,,,,,,,,paper
1696,0001318478,NI ADVISORS,00866841,1138 CADILLAC COURT,,MILPITAS,CA,95035,"LMHS, P.C. - Certified Public Accountants and Advisors","80 Washington Street, Bldg S",Norwell,MASSACHUSETTS,02061,Certified Public Accountant,06-30-2025,0001318478-25-000007,xml
1697,0001319312,FORGE SECURITIES LLC,00866846,4 EMBARCADERO CENTER,SUITE 1500,SAN FRANCISCO,CA,94111,Ernst  Young LLP,"560 Mission St., Ste. 1600",San Francisco,CALIFORNIA,94105,Certified Public Accountant,12-31-2024,0001319312-25-000002,xml
1698,0001319498,"VELOCITYHEALTH SECURITIES, INC.",00866848,95 WHITE BRIDGE ROAD,SUITE 409,NASHVILLE,TN,37205,Ferrara CPA,100 Horizon Center Blvd,Hamilton,NEW JERSEY,08691,Certified Public Accountant,12-31-2024,0001319498-25-000001,xml
1699,0001319671,PAR5 CAPITAL & CO LLC,00866850,600 BRICKELL AVENUE,SUITE 2520,MIAMI,FL,33131,"Bauer  Company, LLC",5910 Courtyard Dr,Austin,TEXAS,78731,Certified Public Accountant,06-30-2025,0001319671-25-000006,xml
1700,0001320303,"SUTTER SECURITIES CLEARING, LLC",00866859,6 VENTURE,SUITE 395,IRVINE,CA,92618,"Breard  Associates, Inc.",9221 Corbin Avenue,Northridge,CALIFORNIA,91324,Certified Public Accountant,12-31-2015,0001320303-16-000006,xml
1701,0001321371,ICD SECURITIES INC.,00866870,7301 SW 57TH COURT,SUITE 400,MIAMI,FL,33143,,,,,,,,,paper
1702,0001321919,"MITCHELL ENERGY ADVISORS, LLC",00866878,9105 MOSS FARM LN,SUITE 905,DALLAS,TX,75243,"Phillip V. George, PLLC",5179 CR 1026,Celeste,TEXAS,75423,Certified Public Accountant,12-31-2024,0001321919-25-000002,xml
1703,0001322863,"MERGER & ACQUISITION CAPITAL SERVICES, LLC",00866892,320 EAST 53RD STREET,2ND FLOOR,NEW YORK,NY,10022,"Anders Minkler Huber  Helm, LLP",800 Market St,St Louis,MISSOURI,63101,Certified Public Accountant,12-31-2024,0001322863-25-000001,xml
1704,0001322865,"YELLOW CARDINAL CORPORATE FINANCE, LLC",00866894,9120 UNION CENTRE BLVD,SUITE 200,WEST CHESTER,OH,45069,,,,,,,,,paper
1705,0001323893,TOR BROKERAGE LLC,00866903,9019 OLD RIVER ROAD,2ND FLOOR,NORTH BERGEN,NJ,07047,"Davila Advisory, LLC","10135 Manchester Rd, Suite 206",St. Louis,MISSOURI,63122,Certified Public Accountant,12-31-2024,0001323893-25-000001,xml
1706,0001324107,"AMERICAN INDEPENDENT SECURITIES GROUP, LLC",00866905,PO BOX 579,SUITE 105,EAGLE,ID,83616,"LMHS, P.C","80 Washington Street, Building S",Norwell,MASSACHUSETTS,02061,Certified Public Accountant,12-31-2024,0001324107-25-000002,xml
1707,0001324190,"ULLICO INVESTMENT COMPANY, LLC",00866906,8403 COLESVILLE RD.,13 FLOOR,SILVER SPRING,MD,20910,Ernst  Young LLP,2005 Market Street,Philadelphia,PENNSYLVANIA,19103,Certified Public Accountant,12-31-2024,0001324190-25-000001,xml
1708,0001324192,TRANSNATIONAL CAPITAL CORP.,00866908,420 LEXINGTON AVENUE,SUITE 300,NEW YORK,NY,10170,"Ohab and Company, PA",100 E. Sybelia Avenue,Maitland,FLORIDA,32751,Certified Public Accountant,12-31-2024,0001324192-25-000002,xml
1709,0001324301,SGMA CAPITAL MARKETS LIMITED,00866911,757 THIRD AVENUE,21ST FLOOR,NEW YORK,NY,10017,"Phillip V. George, PLLC",5179 CR 1026,Celeste,TEXAS,75423,Certified Public Accountant,12-31-2024,0001324301-25-000001,xml
1710,0001325845,"TORA TRADING SERVICES, LLC",00866925,28 LIBERTY STREET,FLOOR 56,NEW YORK,NY,10005,"Forvis-Mazars,LLP",60 Crossways Park Drive West,Woodbury,NEW YORK,11797,Certified Public Accountant,12-31-2024,0001325845-25-000006,xml
1711,0001325847,"CONDUENT SECURITIES, LLC",00866927,2847 LONG BRANCH ROAD,"450 LEXINGTON AVE., WEWORK - 4TH FLOOR",SPENCER,TN,38585,,,,,,,,,paper
1712,0001326293,"COLUMBIA WEST CAPITAL, LLC",00866930,14624 N. SCOTTSDALE ROAD,SUITE 124,SCOTTSDALE,AZ,85254,Cropper Accountancy Corp,2700 Ygnacio Valley Rd.,Walnut Creek,CALIFORNIA,94596,Certified Public Accountant,12-31-2024,0001326293-25-000001,xml
1713,0001327121,TECCA HOLDINGS LLC,00866939,100 CRESCENT COURT,SUITE 700,DALLAS,TX,75201,Sanville  Company,"325 N. Saint Paul St., #3100",Dallas,TEXAS,75201,Certified Public Accountant,12-31-2023,0001327121-24-000003,xml
1714,0001327612,"JAYPEE INTERNATIONAL, INC.",00866945,110 NORTH WACKER DRIVE,SUITE 2500,CHICAGO,IL,60606,Ryan and Juraska,"141 W Jackson Blvd, St 2250",Chicago,ILLINOIS,60604,Certified Public Accountant,03-31-2025,0001327612-25-000003,xml
1715,0001328730,GOODBODY SECURITIES INC,00866955,9-12 DAWSON STREET,"BALLSBRIDGE, DUBLIN 4",DUBLIN,NY,DUBLIN 2,"DeMarco Sciaccotta Wilkens  Dunleavy, LLP","20646 Abbey Woods Ct N, Suite 201",Frankfort,ILLINOIS,60423,Certified Public Accountant,12-31-2024,0001328730-25-000003,xml
1716,0001329479,TOYOTA FINANCIAL SERVICES SECURITIES USA CORPORATION,00866961,6565 HEADQUARTERS DRIVE,W2-3A-3D,PLANO,TX,75024,,,,,,,,,paper
1717,0001329807,US ARMA PARTNERS LP,00866964,PO BOX 452,SUITE 2005,TUALATIN,OR,97062,EisnerAmper LLP,733 Third Avenue,New York,NEW YORK,10017,Certified Public Accountant,03-31-2025,0001329807-25-000003,xml
1718,0001330093,"N.E. PRIVATE CLIENT, LTD",00866968,89 N MAIN STREET,(SUITE 201),ATTLEBORO,MA,02904,,,,,,,,,paper
1719,0001330370,RENAISSANCE INSTITUTIONAL MANAGEMENT LLC,00866971,800 THIRD AVENUE,,NEW YORK,NY,10022,PricewaterhouseCoopers LLP,300 Madison Avenue,New York,NEW YORK,10017,Certified Public Accountant,12-31-2024,0001330370-25-000001,xml
1720,0001330371,"FRONTIER SOLUTIONS, LLC",00866972,3307 CHURCH ROAD,SUITE 220,RICHMOND,VA,23233,Keiter,4401 Dominion Boulevard,Glen Allen,VIRGINIA,23060,Certified Public Accountant,12-31-2024,0001330371-25-000001,xml
1721,0001330372,"STRAUS CAPITAL, LLC",00866973,50 PRINCETON-HIGHTSTOWN ROAD,(SUITE J),PRINCETON JUNCTION,NJ,08550,"Ferrara CPA, LLC",100 Horizon Center Blvd.,Hamilton,NEW JERSEY,08691,Certified Public Accountant,12-31-2024,0001330372-25-000001,xml
1722,0001330373,"PROFOR SECURITIES, LLC",00866974,800 WESTCHESTER AVE,SUITE 641N,RYE BROOK,NY,10573,,,,,,,,,paper
1723,0001330759,"PLAN B INVESTMENTS, INC.",00866978,PO BOX 669,SUITE 206,CARMEL VALLEY,CA,93924,Ohab and Company PA,100 Sybelia Avenue,Maitland,FLORIDA,32751,Certified Public Accountant,12-31-2024,0001330759-25-000013,xml
1724,0001330760,"COBALT CAPITAL, INC.",00866979,801 INTERNATIONAL PARKWAY,SUITE 500 PMB #5242,LAKE MARY,FL,32746,"RUBIO CPA, PC","3500 LENOX ROAD NE, STE 1500",ATLANTA,GEORGIA,30326,Certified Public Accountant,12-31-2024,0001330760-25-000001,xml
1725,0001330761,QUOIN CAPITAL LLC,00866980,175 STRAFFORD AVENUE,SUITE 1,WAYNE,PA,19087,Ohab  Company PA,100 E. Sybelia Avenue,Maitland,FLORIDA,32751,Certified Public Accountant,12-31-2024,0001330761-25-000002,xml
1726,0001330763,ALLY INVEST SECURITIES LLC,00866982,P.O. BOX 30248,THIRD FLOOR,CHARLOTTE,NC,28230,Deloitte  Touche LLP,"1001 Woodward, Suite 700",Detroit,MICHIGAN,48226,Certified Public Accountant,12-31-2024,0001330763-25-000002,xml
1727,0001331074,MCDONALD PARTNERS LLC,00866985,1301 EAST 9TH STREET,SUITE 3700,CLEVELAND,OH,44114,Maloney Novotny,1111 Superior Ave,Cleveland,OHIO,44114,Certified Public Accountant,12-31-2022,0001331074-23-000001,xml
1728,0001331223,WALLEYE TRADING LLC,00866988,401 LAKE STREET EAST,3RD FLOOR,WAYZATA,MN,55391,,,,,,,,,paper
1729,0001331413,CROSS POINT CAPITAL LLC,00866989,809 BROADWAY,FL 8,NEW YORK,NY,10003,"Goldman  Company, CPAs",535 Roswell Road,Marietta,GEORGIA,30062,Certified Public Accountant,12-31-2020,0001331413-21-000010,xml
1730,0001332030,"PARTNERCAP SECURITIES, LLC",00866997,25 THURMOND WAY,# 2406,BLUFFTON,SC,29910,,,,,,,,,paper
1731,0001332031,COMMONWEALTH AUSTRALIA SECURITIES LLC,00866998,599 LEXINGTON AVENUE,30TH FL,NEW YORK,NY,10022,PricewaterhouseCoopers LLP,300 Madison Ave.,New York,NEW YORK,10017,Certified Public Accountant,06-30-2025,0001332031-25-000003,xml
1732,0001332032,KEY INVESTMENT SERVICES LLC,00866999,4900 TIEDEMAN ROAD,OH-01-49-0215,BROOKLYN,OH,44144,,,,,,,,,paper
1733,0001332099,DALMORE GROUP LLC,00867002,525 GREEN PLACE,632A,WOODMERE,NY,11598,Ferrara CPA,100 Horizon Center Blvd,Hamiton,NEW JERSEY,08691,Certified Public Accountant,12-31-2024,0001332099-25-000001,xml
1734,0001332469,"JSVC, LLC",00867006,729 ELEPAIO STREET,,HONOLULU,HI,96816-4709,"DeMarco Sciaccona Wilkens  Dunleavy, LLP","20646 Abbey Woods Ct. N, Ste. 201",Frankfort,ILLINOIS,60423,Certified Public Accountant,09-30-2024,0001332469-24-000001,xml
1735,0001332774,"SCOTT T. TAYLOR, LTD.",00867009,14482 HILLSHIRE DR.,SUITE 215,WILLIS,TX,77318-4478,,,,,,,,,paper
1736,0001333055,PRAGMA LLC,00867016,55 HUDSON YARDS,FLOOR 15,NEW YORK,NY,10001,PricewaterhouseCoopers LLP,300 Madison Avenue,New York,NEW YORK,10017,Certified Public Accountant,12-31-2024,0001333055-25-000002,xml
1737,0001333276,"ALDERMAN & COMPANY CAPITAL, LLC",00867019,35 WARRINGTON ROUND,#APT. 516,DANBURY,CT,06810,"Knight Rolleri Sheppard CPAS, LLP","1499 Post Road, Suite 1040",Fairfield,CONNECTICUT,06824,Certified Public Accountant,12-31-2019,0001333276-20-000001,xml
1738,0001333702,"SAMCO CAPITAL MARKETS, INC.",00867023,6805 CAPITAL OF TEXAS HIGHWAY,SUITE 350,AUSTIN,TX,78731,Crowe LLP,485 Lexington Avenue,New York,NEW YORK,10017,Certified Public Accountant,12-31-2024,0001333702-25-000006,xml
1739,0001333703,"WOOD WARREN & CO. SECURITIES, LLC",00867024,"ONE SANSOME STREET, SUITE 3500",SUITE 200,SAN FRANCISCO,CA,94104,,,,,,,,,paper
1740,0001334340,"KINECTA FINANCIAL & INSURANCE SERVICES, LLC",00867028,21440 VICTORY BOULEVARD,SUITE 200,WOODLAND HILLS,CA,91367,,,,,,,,,paper
1741,0001334591,ALBRIGHT SECURITIES LLC,00867029,1101 WILSON BLVD.,6TH FLOOR,ARLINGTON,VA,22209,Ernst  Young Ltd.,62 Forum Lane,Camana Bay,CAYMAN ISLANDS,00000,Certified Public Accountant,12-31-2024,0001334591-25-000001,xml
1742,0001335352,EQUIFINANCIAL LLC,00867037,1717 NORTH BAYSHORE DRIVE,SUITE 208,MIAMI,FL,33132,Ohab and Company,"100 East Sybelia Ave., Ste#130",Maitland,FLORIDA,32751,Certified Public Accountant,12-31-2024,0001335352-25-000004,xml
1743,0001335709,"CBOE TRADING, INC.",00867043,6800 WEST 115TH STREET,SUITE 260,OVERLAND PARK,KS,66211,KPMG LLP,1000 Walnut,Kansas City,MISSOURI,64106,Certified Public Accountant,12-31-2024,0001335709-25-000001,xml
1744,0001336039,"LARGO TRADING, L.P.",00867047,361 NORTH HIGHLAND AVE,,MERION STATION,PA,19066,,,,,,,,,not_submitted
1745,0001336040,CREDICORP CAPITAL LLC,00867048,1111 BRICKELL AVENUE,SUITE 2825,MIAMI,FL,33131,Kaufman Rossin,"3310 Mary Street, Suite 501",Miami,FLORIDA,33133,Certified Public Accountant,12-31-2024,0001336040-25-000001,xml
1746,0001336736,"CSP SECURITIES, LP",00867051,13355 NOEL ROAD,SUITE 1600,DALLAS,TX,75240,"Phillip V. George, PLLC",5179 CR 1026,Celeste,TEXAS,75423,Certified Public Accountant,03-31-2025,0001336736-25-000001,xml
1747,0001337052,BLUEROCK CAPITAL MARKETS LLC,00867058,919 THIRD AVENUE,40TH FLOOR,NEW YORK,NY,10022,Forvis Mazars LLP,60 Crossways Park Drive West,Woodbury,NEW YORK,11797,Certified Public Accountant,12-31-2024,0001337052-25-000005,xml
1748,0001337053,"PTP SECURITIES, LLC",00867059,41 CROSSROADS PLAZA,PMB 263,WEST HARTFORD,CT,06117-2402,"Wolf  Co., PC",1500 Main STreet,Springfield,MASSACHUSETTS,01115,Certified Public Accountant,12-31-2024,0001337053-25-000002,xml
1749,0001337443,"PACER FINANCIAL, INC.",00867061,500 CHESTERFIELD PARKWAY,SUITE 201,MALVERN,PA,19355,Sanville  Company,1514 Old York Rd.,Abington,PENNSYLVANIA,19001,Certified Public Accountant,12-31-2024,0001337443-25-000001,xml
1750,0001338178,"LYNX CAPITAL, LLC",00867068,55 PARSON BROWN CT.,SUITE 905,MORAGA,CA,94556,,,,,,,,,paper
1751,0001338372,MCMORGAN & COMPANY CAPITAL ADVISORS LLC,00867074,33 NEW MONTGOMERY STREET,SUITE 2000,SAN FRANCISCO,CA,94105,"Moss Adams, LLP","14555 Dallas Parkway, Suite 300",Dallas,TEXAS,75204,Certified Public Accountant,12-31-2024,0001338372-25-000002,xml
1752,0001339172,COURTLANDT SECURITIES CORPORATION,00867081,P.O. BOX 11929,SUITE 320,NEWPORT BEACH,CA,92658,"LMHS, PC",80 Washington Street,Norwell,MASSACHUSETTS,02061,Certified Public Accountant,12-31-2024,0001339172-25-000001,xml
1753,0001339173,"OMNICAP, LLC",00867082,"42 BROADWAY, SUITE 12-129",23RD FLOOR,NEW YORK,NY,10004,YSL  Associates LLC,11 Broadway,New York,NEW YORK,10004,Certified Public Accountant,12-31-2024,0001339173-25-000002,xml
1754,0001339265,DELPHOS MMJ L.P.,00867083,1270 AVENUE OF THE AMERICAS,7TH FLOOR,NEW YORK,NY,10020,Goldman  Company CPAs P.C.,3535 Roswell Road,Marietta,GEORGIA,30062,Certified Public Accountant,12-31-2024,0001339265-25-000001,xml
1755,0001339570,"GROWTHPOINT TECHNOLOGY PARTNERS, LLC",00867086,2208 SEMINOLE COURT,SUITE 100,SANTA ROSA,CA,95405,,,,,,,,,paper
1756,0001339862,"LOCKTON INVESTMENT SECURITIES, LLC",00867090,444 W. 47TH STREET,SUITE 900,KANSAS CITY,MO,64112,"Baker Tilly US, LLP",205 N. Michigan Avenue,Chicago,ILLINOIS,60601,Certified Public Accountant,04-30-2025,0001339862-25-000002,xml
1757,0001340124,DWM FINANCE LLC,00867091,100 FIRST STAMFORD PLACE 4TH FLOOR SUITE,,STAMFORD,CT,06902,Jerome Davies,3605 Sandy Plains Rd #240-480,Marietta,GEORGIA,30066,Certified Public Accountant,12-31-2024,0001340124-25-000002,xml
1758,0001340442,"FRONTEGRA STRATEGIES, LLC",00867094,"999 OAKMONT PLAZA DRIVE, SUITE 600",SUITE 500,WESTMONT,IL,60559,"Plante  Moran, PLLC",10 SouthRiverside Plaza,Chicago,ILLINOIS,60606,Certified Public Accountant,06-30-2025,0001340442-25-000002,xml
1759,0001340697,"CABIN SECURITIES, INC.",00867097,6240 W 135TH STREET,SUITE 214,OVERLAND PARK,KS,66223,,,,,,,,,paper
1760,0001340915,SYNAPSE BROKERAGE LLC,00867105,10233 S PARKER RD,"STE 300, OFFICE 313",PARKER,CO,80134,"Liggett  Webb, P.A.",1901 South Congress Avenue,Boynton Beach,FLORIDA,33426,Certified Public Accountant,12-31-2021,0001340915-22-000002,xml
1761,0001341325,"EVOLUTION CAPITAL ADVISORS, LLC",00867110,1201 3RD AVE,STE 2200,SEATTLE,WA,98101,,,,,,,,,paper
1762,0001341326,VAQUERO CAPITAL LLC,00867111,1414 CASTRO STREET,SUITE D,SAN FRANCISCO,CA,94114-3775,"DeMarco Sciaccotta Wilkens  Dunleavy, LLP",20646 Abbey Woods Ct N,Frankfort,ILLINOIS,60423,Certified Public Accountant,12-31-2024,0001341326-25-000002,xml
1763,0001341962,RAINE SECURITIES LLC,00867121,65 EAST 55TH STREET,24TH FLOOR,NEW YORK,NY,10022,Deloitte  Touche LLP,30 Rockefeller Plaza,New York,NEW YORK,10112,Certified Public Accountant,12-31-2024,0001341962-25-000001,xml
1764,0001342039,SILVERMARK PARTNERS LLC,00867124,3100 WEST END AVE.,SUITE 200,NASHVILLE,TN,37203,,,,,,,,,paper
1765,0001342042,"WATSON MANAGEMENT ASSOCIATES, LLC",00867127,161 GRAND STREET,#2A,NEW YORK,NY,10013,"Weisberg, Mole', Krantz  Goldfarb, LLP",185 Crossways Park Drive,Woodbury,NEW YORK,11797,Certified Public Accountant,12-31-2024,0001342042-25-000001,xml
1766,0001342158,"P G BOOLE, LLC",00867132,30 PEDERZINI DRIVE,SUITE 10,MEDFIELD,MA,02052,,,,,,,,,paper
1767,0001342160,TOBIN & COMPANY SECURITIES LLC,00867134,P.O. BOX 30486,SUITE 1760,CHARLOTTE,NC,28230,"Philip V. George, PLLC",5179 CR 1026,Celeste,TEXAS,75423,Certified Public Accountant,06-30-2025,0001342160-25-000005,xml
1768,0001342396,FOUNDERS FINANCIAL SECURITIES LLC,00867137,1026 CROMWELL BRIDGE ROAD,SUITE 100,TOWSON,MD,21286,GOLDMAN  COMPANY CPAS PC,3535 ROSWELL RD,MARIETTA,GEORGIA,30062,Certified Public Accountant,12-31-2024,0001342396-25-000002,xml
1769,0001342721,"LEBENTHAL FINANCIAL SERVICES, INC.",00867140,500 N. BROADWAY,SUITE 238,JERICHO,NY,11753,"Weisberg, Mole', Krantz  Goldfarb, LLP",185 Crossways Park Drive,Woodbury,NEW YORK,11797,Certified Public Accountant,12-31-2024,0001342721-25-000002,xml
1770,0001343020,"GAR WOOD SECURITIES, LLC",00867143,1250 EAST DIEHL ROAD,SUITE 115,NAPERVILLE,IL,60563,,,,,,,,,paper
1771,0001343507,ZENITH SECURITIES LLC,00867146,100 FIRST STAMFORD PLACE,SUITE 330,STAMFORD,CT,06902,DCPA,2121 Avenue of the Stars,Century City,CALIFORNIA,90067,Certified Public Accountant,12-31-2024,0002013816-25-000004,xml
1772,0001343605,"WILMINGTON CAPITAL SECURITIES, LLC",00867149,666 OLD COUNTRY ROAD,SUITE 505,GARDEN CITY,NY,11530,,,,,,,,,paper
1773,0001344186,"PLEXUS ENERGY CAPITAL, LLC",00867155,8859 WEST CRESTLINE DR.,SUITE 600,LITTLETON,CO,80123,,,,,,,,,paper
1774,0001344690,GRV SECURITIES LLC,00867160,900 NORTH MICHIGAN AVENUE,SUITE 1100,CHICAGO,IL,60611-6541,,,,,,,,,paper
1775,0001344803,"NAVY FEDERAL INVESTMENT SERVICES, LLC",00867161,1007 ELECTRIC AVE,,VIENNA,VA,22180,"PricewaterhouseCoopers, LLP",300 Madison Avenue,New York,NEW YORK,10017,Certified Public Accountant,12-31-2024,0001344803-25-000001,xml
1776,0001344804,INVESTEC SECURITIES (US) LLC,00867162,10 EAST 53RD STREET,22ND FLOOR,NEW YORK,NY,10022,"Forvis Mazars, LLP",60 Crossways Park Drive West,Woodbury,NEW YORK,11797,Certified Public Accountant,03-31-2025,0001344804-25-000003,xml
1777,0001345290,PERELLA WEINBERG PARTNERS LP,00867167,767 FIFTH AVENUE,,NEW YORK,NY,10153,Ernst  Young LLP,One Manhattan West,New York,NEW YORK,10001,Certified Public Accountant,12-31-2024,0001345290-25-000001,xml
1778,0001345538,"SAGETRADER, LLC",00867169,282 GRAND AVENUE,SUITE #2,ENGLEWOOD,NJ,07631,Nawrocki Smith LLP,100 Motor Parkway,Hauppauge,NEW YORK,11788,Certified Public Accountant,09-30-2024,0002013816-24-000079,xml
1779,0001345997,DAVIS SECURITIES LLC,00867174,31 WEST 34TH STREET,"8TH FLOOR, SUITE 8067",NEW YORK,NY,10001,,,,,,,,,paper
1780,0001346706,"ATLAS STRATEGIC ADVISORS, LLC",00867183,126 WEST 22 STREET,SUITE 9S,NEW YORK,NY,10011,YSL  Associates LLC,"11 Broadway, Suite 700",New York,NEW YORK,10011,Certified Public Accountant,12-31-2024,0000922104-25-000002,xml
1781,0001347122,"ACP SECURITIES, LLC",00867185,1200 BRICKELL AVENUE,SUITE 1700,MIAMI,FL,33131,,,,,,,,,paper
1782,0001347209,"1964 GLOBAL, LLC",00867187,71 MURRAY STREET,NO. 8,NEW YORK,NY,10007,Rubio CPA PC,"3500 Lenox Rd., NE, Suite 1500",Atlanta,GEORGIA,30326,Certified Public Accountant,06-30-2025,0001347209-25-000002,xml
1783,0001347369,CORPORATE FUEL SECURITIES LLC,00867189,20 WEST 9TH STREET,#1,NEW YORK,NY,10011,YSL  Associates LLC,"11 Broadway, Suite 700,",New York,NEW YORK,10004,Certified Public Accountant,12-31-2024,0001347369-25-000001,xml
1784,0001347371,FIRST ASSET FINANCIAL INC.,00867191,110 E. IRON AVE.,,SALINA,KS,67401,"Ohab and Company, PA",100 E Sybelia Ave Ste 13,Maitland,FLORIDA,32751,Certified Public Accountant,12-31-2024,0001347371-25-000003,xml
1785,0001347692,"KEPLER CAPITAL MARKETS, INC.",00867194,12 EAST 49TH STREET,SUITE 3107,NEW YORK,NY,10017,UHY LLP,12 EAST 49TH STREET SUITE 3107,NEW YORK,NEW YORK,10017,Certified Public Accountant,12-31-2024,0001347692-25-000002,xml
1786,0001347881,"ESL INVESTMENT SERVICES, LLC",00867195,225 CHESTNUT STREET,,ROCHESTER,NY,14604,"Moss Adams, LLP","805 SW Broadway, Suite 1200",Portland,OREGON,97205,Certified Public Accountant,12-31-2024,0001347881-25-000001,xml
1787,0001347882,"RIVERSOURCE DISTRIBUTORS, INC.",00867196,5229 AMERIPRISE FINANCIAL CENTER,,MINNEAPOLIS,MN,55474,PricewaterhouseCoopers LLP,One North Wacker Dr.,Chicago,ILLINOIS,60606,Certified Public Accountant,12-31-2024,0000351106-25-000002,xml
1788,0001348807,"AGECROFT PARTNERS, LLC",00867198,103 CANTERBURY ROAD,,RICHMOND,VA,23221-3211,,,,,,,,,paper
1789,0001348811,"ANDES CAPITAL GROUP, LLC",00867202,205 WEST WACKER DRIVE,SUITE 610,CHICAGO,IL,60606,,,,,,,,,paper
1790,0001349275,"M FINANCIAL SECURITIES MARKETING, INC.",00867206,1125 NW COUCH STREET,SUITE 900,PORTLAND,OR,97209,"Baker TillyUS, LLP","225 S Sixth St, Ste 3200",Minneapolis,MINNESOTA,55402,Certified Public Accountant,12-31-2024,0001349275-25-000001,xml
1791,0001350513,MCAP LLC,00867217,100 PARK AVENUE,SUITE 2201,NEW YORK,NY,10017,"WithumSmith Brown, PC","200 Jefferson Park, Suite 400",Whippany,NEW JERSEY,07981,Certified Public Accountant,12-31-2024,0001350513-25-000004,xml
1792,0001350514,ALLEGRO SECURITIES LLC,00867218,231 SHARON DRIVE,FL 10,SAN ANTONIO,TX,78216,Ferrara LLC,100 Horizon Center Blvd,Hamilton,NEW JERSEY,08691,Certified Public Accountant,12-31-2024,0001350514-25-000002,xml
1793,0001350698,GCMI SECURITIES CORP.,00867225,19200 VON KARMAN AVENUE,SUITE 210,IRVINE,CA,92612,Brian W. Anson,"18455 Burbank Blvd., #404",Tarzana,CALIFORNIA,91356,Certified Public Accountant,12-31-2024,0001350698-25-000001,xml
1794,0001350902,"S. GOLDMAN ADVISORS, LLC",00867229,599 LEXINGTON AVENUE,35TH FLOOR,NEW YORK,NY,10022,"Michael Coglianese CPA, P.C.",125 E. Lake Street,Bloomingdale,ILLINOIS,60108,Certified Public Accountant,12-31-2024,0001350902-25-000001,xml
1795,0001351445,"CENTERPOINT M&A ADVISORS, INC.",00867231,"21550 OXNARD STREET, SUITE 960",,WOODLAND HILLS,CA,91367,,,,,,,,,paper
1796,0001352126,"BHK SECURITIES, LLC",00867236,"2200 LAKESHORE DRIVE, SUITE 250",,BIRMINGHAM,AL,35209,DAVID LUNDGREN  COMPANY CPAS,505 NORTH MURLEN ROAD,OLATHE,KANSAS,66062,Certified Public Accountant,12-31-2024,0001352126-25-000002,xml
1797,0001352259,"SAGE CANYON ADVISORS, LLC",00867238,433 CANYONSIDE DRIVE,,BOULDER,CO,80302,Ohab and Company P.A.,100 E. Sybelia Avenue,Maitland,FLORIDA,32751,Certified Public Accountant,12-31-2024,0001352259-25-000003,xml
1798,0001352260,"INTEGRITY ALLIANCE, LLC.",00867239,4135 NW URBANDALE DR,,URBANDALE,IA,50322,Marcum LLP,"Nine Parkway North, Suite 200",Deerfield,ILLINOIS,60015,Certified Public Accountant,12-31-2023,0001352260-24-000001,xml
1799,0001353057,"CARILLON FUND DISTRIBUTORS, INC.",00867244,880 CARILLON PARKWAY,,ST. PETERSBURG,FL,33716,KPMG,100 North Tampa Street,Tampa,FLORIDA,33602,Certified Public Accountant,09-30-2024,0001353057-24-000004,xml
1800,0001353227,BREN VENTURES LLC,00867245,445 PARK AVENUE 9TH,,NEW YORK,NY,10022,,,,,,,,,paper
1801,0001353228,"M.D. SASS SECURITIES, L.L.C.",00867246,55 WEST 46TH STREET,SUITE 2801,NEW YORK,NY,10036-2699,Citrin Cooperman  Company LLP,50 Rockefeller Plaza,New York,NEW YORK,10020,Certified Public Accountant,12-31-2024,0001353228-25-000001,xml
1802,0001354518,"TRITON PACIFIC SECURITIES, LLC",00867262,2301 ROSECRANS AVENUE SUITE 4170,SUITE B,EL SEGUNDO,CA,90245,,,,,,,,,paper
1803,0001354872,BEAR CREEK SECURITIES LLC,00867265,1200 17TH STREET SUITE 970,,DENVER,CO,80202,RSM US LLP,801 Nicollet Mall,Minneapolis,MINNESOTA,55402,Certified Public Accountant,12-31-2024,0001354872-25-000004,xml
1804,0001355263,PARK MADISON PARTNERS LLC,00867270,200 HARBOR RD.,,PORT WASHINGTON,NY,11050,"Nawrocki Smith, LLP",100 Motor Parkway,Hauppauge,NEW YORK,11788,Certified Public Accountant,12-31-2024,0002013816-25-000054,xml
1805,0001356107,"GALILEO GLOBAL SECURITIES, LLC",00867275,1230 AVENUE OF THE AMERICAS,16F,NEW YORK,NY,10020,"Ohab and Company, PA",100 E Sybelia Avenue,Maitland,FLORIDA,32751,Certified Public Accountant,12-31-2024,0001356107-25-000001,xml
1806,0001356558,WHITE OAK MERCHANT PARTNERS LLC,00867283,3 EMBARCADERO CENTER,SUITE 540,SAN FRANCISCO,CA,94111,Spicer Jeffries LLP,4601 DTC Blvd.,Denver,COLORADO,80237,Certified Public Accountant,06-30-2025,0002013816-25-000096,xml
1807,0001356559,"PRIVATE PLACEMENT INSURANCE PRODUCTS, LLC",00867284,2754 BRANDT DRIVE SOUTH,SUITE 200,FARGO,ND,58104,"Brian W. Anson, CPA","18425 Burbank Blvd., Suite 606",Tarzana,CALIFORNIA,91356,Certified Public Accountant,12-31-2021,0001356559-22-000001,xml
1808,0001357351,"BRIDGEWATER JAMES LIMITED, LLC",00867293,15 BAYVIEW AVE.,SUITE 3600,BELVEDERE,CA,94920,Cropper Accountancy,2700 Ygnacio Valley Rd.,Walnut Creek,CALIFORNIA,94596,Certified Public Accountant,12-31-2024,0001357351-25-000001,xml
1809,0001357352,"KADENWOOD CAPITAL, LLC",00867294,250 PARK AVENUE 7TH FLOOR,MAIL BOX 5,NEW YORK,NY,10177,"Morris  Morris, P.C.",32 Kearney Road,Needham Heights,MASSACHUSETTS,02494,Certified Public Accountant,12-31-2023,0001357352-24-000002,xml
1810,0001357789,"INLET SECURITIES, LLC",00867301,122 FAULKNER ST,,NEW SMYRNA BEACH,FL,32168,"Hacker, Johnson and Smith, P.A.","5401 S. Kirkman Rd, Suite 620",Orlando,FLORIDA,32819,Certified Public Accountant,09-30-2024,0001357789-24-000004,xml
1811,0001358127,"JCP SECURITIES, INC",00867303,100 SPECTRUM CENTER DRIVE,SUITE 460,IRVINE,CA,92618,,,,,,,,,paper
1812,0001358294,"LUCID CAPITAL MARKETS, LLC",00867305,C/O ACCOUNTING & COMPLIANCE INTERNATIONA,"199 WATER STREET, 9TH FLOOR",NEW YORK,NY,10038,"PFK O'CONNOR DAVIES, LLP",245 Park Avenue,New York,NEW YORK,10167,Certified Public Accountant,12-31-2024,0002013816-25-000037,xml
1813,0001358295,"ELEVATION, LLC",00867306,6836 CARNEGIE BOULEVARD,SUITE 240,CHARLOTTE,NC,28211,"Greer Walker, LLP","227 West Trade Street, Suite 1100",Charlotte,NORTH CAROLINA,28204,Certified Public Accountant,12-31-2024,0001358295-25-000001,xml
1814,0001358918,"ADVANCED ADVISOR GROUP, LLC",00867313,1995 EAST RUM RIVER DRIVE S.,SUITE 4,CAMBRIDGE,MN,55008,Rodefer Moss,608 Mabry Hood Rd,Knoxville,TENNESSEE,37932,Certified Public Accountant,12-31-2024,0001358918-25-000002,xml
1815,0001358919,"PARTNERSHIP CAPITAL GROWTH, LLC",00867314,PO BOX 7,SUITE 3810,LOS GATOS,CA,95031,,,,,,,,,paper
1816,0001360501,"CBRE CAPITAL ADVISORS, INC.",00867319,2121 N. PEARL STREET,SUITE 300,DALLAS,TX,75201,,,,,,,,,paper
1817,0001360502,REDBURN (USA) LLC,00867320,461 FIFTH AVENUE,15TH FLOOR,NEW YORK,NY,10017,"Forvis Mazars, LLP",60 Crossways Park Drive West Suite 301,Woodbury,NEW YORK,11797,Certified Public Accountant,12-31-2024,0001360502-25-000002,xml
1818,0001360503,"TANDEM SECURITIES, INC.",00867321,3706 W TOPEKA BOULEVARD,SUITE 420,TOPEKA,KS,66609,"Ohab and Company, P.A.","100 E Sybelia Avenue, Suite 130",Maitland,FLORIDA,32751,Certified Public Accountant,12-31-2024,0001360503-25-000002,xml
1819,0001362552,WJ LYNCH INVESTOR SERVICES LLC,00867335,535 BOYLSTON ST.,SUITE T2,BOSTON,MA,02116,,,,,,,,,paper
1820,0001363023,BOLT-X LLC,00867342,440 SOUTH LASALLE,SUITE 1525,CHICAGO,IL,60605,,,,,,,,,paper
1821,0001363594,TREASURY BROKERAGE,00867345,648 MENLO AVENUE,SUITE 2,MENLO PARK,CA,94025,"BRIAN W. ANSON, CPA","18455 BURBANK BLVD., SUITE 404",TARZANA,CALIFORNIA,91356,Certified Public Accountant,12-31-2024,0001363594-25-000001,xml
1822,0001363691,"W G SECURITIES, LLC",00867346,1764 LITCHFIELD TURNPIKE,SUITE 250,WOODBRIDGE,CT,06525,"Larry Liberfarb, PC",11 Vanderbilt Ave #220,Norwood,MASSACHUSETTS,02062,Certified Public Accountant,06-30-2025,0001363691-25-000005,xml
1823,0001363971,"CLEANBRIDGE SECURITIES, LLC",00867348,2601 S.. BAYSHORE DRIVE,SUITE 1130,MIAMI,FL,33133,"Kabat, Schertzer, De La Torre, Taraboulos  Co.","9300 S. Dadeland Blvd.,",Miami,FLORIDA,33156,Certified Public Accountant,12-31-2020,0001363971-21-000002,xml
1824,0001364891,"MD GLOBAL PARTNERS, LLC",00867356,329 E. 63RD ST.,APT 3J,NEW YORK,NY,10065,"WWC, PC",2010  Pioneer Court,San Mateo,CALIFORNIA,94403,Certified Public Accountant,12-31-2024,0001364891-25-000001,xml
1825,0001365596,"SHORELINEAMBROSE ADVISORS, LLC",00867357,6310 GREENWICH DRIVE,SUITE 120,SAN DIEGO,CA,92122,,,,,,,,,paper
1826,0001365846,"NC SECURITIES, LLC",00867360,101 MARLBORO AVENUE,SUITE 53,EASTON,MD,21601,,,,,,,,,paper
1827,0001367301,BIGELOW CAPITAL SECURITIES LLC,00867367,ONE HARBOUR PLACE,SUITE 215,PORTSMOUTH,NH,03801,,,,,,,,,paper
1828,0001368453,UNION SQUARE ADVISORS LLC,00867371,1 EMBARCADERO CENTER,SUITE 950,SAN FRANCISCO,CA,94111,Armanino LLP,12657 Alcosta Blvd.,San Ramon,CALIFORNIA,94583,Certified Public Accountant,12-31-2015,0001368453-16-000003,xml
1829,0001368630,"FT GLOBAL CAPITAL, INC.",00867375,1688 MERIDIAN AVENUE,SUITE 700,MIAMI BEACH,FL,33139,Rubio CPA PC,3500 Lenox Road NE,Atlanta,GEORGIA,30326,Certified Public Accountant,12-31-2024,0001368630-25-000001,xml
1830,0001368727,BIDS TRADING L.P.,00867376,"ONE LIBERTY PLAZA, 165 BROADWAY",23RD FLOOR,NEW YORK,NY,10006,KPMG LLP,1000 Walnut,Kansas City,MISSOURI,64106,Certified Public Accountant,12-31-2024,0001368727-25-000001,xml
1831,0001368928,PREVAIL CAPITAL LLC,00867378,89 SILVER OAKS CIRCLE,#5103,NAPLES,FL,34119,"Ohab and Company, P.A.","100 E. SybeliaAvenue,suite130",Maitland,FLORIDA,32751,Certified Public Accountant,12-31-2024,0001368928-25-000004,xml
1832,0001369330,DELPHX SERVICES CORPORATION,00867379,"265 DAVIDSON AVENUE, SUITE 210",SUITE 318,SOMERSET,NJ,08873,,,,,,,,,paper
1833,0001369813,"BOUSTEAD SECURITIES, LLC",00867384,6 VENTURE,SUITE 395,IRVINE,CA,92618,,,,,,,,,paper
1834,0001373032,SETTER CAPITAL INC.,00867403,2 BLOOR STREET WEST SUITE 1700,,"TORONTO, ONTARIO",,M4W 3E2,,,,,,,,,paper
1835,0001375107,"CGS INTERNATIONAL SECURITIES USA, INC.",00867414,104 WEST 40TH STREET,SUITE 1810,NEW YORK,NY,10018,"Citrin Cooperman  Company, LLP","180 Park Avenue, Suite 200",Florham Park,NEW JERSEY,07932,Certified Public Accountant,12-31-2024,0001375107-25-000001,xml
1836,0001376513,"MAGV SECURITIES, INC.",00867427,705 JERSEY AVENUE,9TH FLOOR,JERSEY CITY,NJ,07302,"Rubio CPA, PC","3500 Lenox Rd, NE",Atlanta,GEORGIA,30326,Certified Public Accountant,12-31-2024,0001376513-25-000001,xml
1837,0001377171,"CRUTCHFIELD SECURITIES, L.L.C.",00867433,5599 SAN FELIPE STREET,SUITE 555,HOUSTON,TX,77056,,,,,,,,,paper
1838,0001377278,JAVCAP SECURITIES LLC,00867435,420 LEXINGTON AVENUE,SUITE 1810,NEW YORK,NY,10170,"Ohab  Company, PA","100 E. Sybelia Ave, Ste 130",Maitland,FLORIDA,32751,Certified Public Accountant,12-31-2024,0001377278-25-000002,xml
1839,0001377503,"CABRILLO BROKER, L.L.C.",00867438,8895 TOWNE CENTRE DR.,SUITE 105-619,SAN DIEGO,CA,92122,"LMHS, PC",80 Washington Street,Norwell,MASSACHUSETTS,02061,Certified Public Accountant,12-31-2024,0001377503-25-000002,xml
1840,0001377905,"EUREKACAP PARTNERS, INC.",00867444,10 BRANTFORD CT,33RD FLOOR,MARLBORO,NJ,07746,,,,,,,,,paper
1841,0001378144,ACCESSALPHA WORLDWIDE LLC,00867446,444 WEST LAKE STREET,SUITE 1700,CHICAGO,IL,60606,,,,,,,,,paper
1842,0001378145,VISION FINANCIAL MARKETS LLC,00867447,1010 WASHINGTON BLVD,SUITE 300,STAMFORD,CT,06901,PKF O'CONNOR DAVIES,245 PARK AVENUE,NEW YORK,NEW YORK,10167,Certified Public Accountant,12-31-2024,0001378145-25-000005,xml
1843,0001378244,"WELCOME LIFE SECURITIES, LLC",00867450,4755 TECHNOLOGY WAY,SUITE 202,BOCA RATON,FL,33431,,,,,,,,,paper
1844,0001378608,"STATESMAN CORPORATE FINANCE, LLC",00867454,1900 WEST LOOP SOUTH,SUITE 850,HOUSTON,TX,77027,Moss Adams LLP,"14555 Dallas Partkway, Ste 300",Dallas,TEXAS,75245,Certified Public Accountant,12-31-2024,0001378608-25-000002,xml
1845,0001379039,"AVENTURA SECURITIES, LLC",00867458,5550 GLADES ROAD,SUITE 535,BOCA RATON,FL,33431,"Rubio CPA, PC","2727 Paces Ferry Rd SE, Suite 2-1680",Atlanta,GEORGIA,30339,Certified Public Accountant,12-31-2021,0001379039-22-000001,xml
1846,0001380213,"DEMPSEY LORD SMITH, LLC",00867469,901 N BROAD STREET,SUITE 400,ROME,GA,30161,"Rubio CPA, PC",3500 Lenox Road NE,Atlanta,GEORGIA,30326,Certified Public Accountant,12-31-2024,0001380213-25-000001,xml
1847,0001380363,"HEDGECO SECURITIES, LLC",00867470,105 NARCISSUS AVENUE,SUITE 701,WEST PALM BEACH,FL,33401-5322,Ohab  Company,100 E Sybelia Ave # 130,Maitland,FLORIDA,32751,Certified Public Accountant,12-31-2024,0001380363-25-000001,xml
1848,0001381572,"ALLEN, MOONEY & BARNES BROKERAGE SERVICES, LLC",00867477,POST OFFICE BOX 1116,,THOMASVILLE,GA,31799,,,,,,,,,paper
1849,0001382429,CLEVELAND RESEARCH COMPANY LLC,00867482,1375 E 9TH STREET,SUITE 2700,CLEVELAND,OH,44144,,,,,,,,,paper
1850,0001383160,TRIPLE A PARTNERS LLC,00867485,2916 1/2 GRAND CANAL,SUITE 1750,VENICE,CA,90291,,,,,,,,,paper
1851,0001383163,"MURRAY SECURITIES, INC.",00867488,"909 ESE LOOP 323, SUITE 200",,TYLER,TX,75701,"Sanville  Company, LLC",325 North Saint Paul Street,Dallas,TEXAS,75201,Certified Public Accountant,09-30-2024,0001383163-24-000005,xml
1852,0001383164,"VRA PARTNERS, LLC",00867489,3630 PEACHTREE ROAD,SUITE 1000,ATLANTA,GA,30326,Cherry Bekaert LLP,6116 Executive Blvd,Rockville,MARYLAND,20852,Certified Public Accountant,05-31-2025,0001383164-25-000002,xml
1853,0001383775,"HRC FUND ASSOCIATES, LLC",00867496,88 PINE STREET,"31ST FLOOR, SUITE 3101",NEW YORK,NY,10005,"WithumSmithBrown, PC",506 Carnegie Center-Suite 400,Princeton,NEW JERSEY,08540,Certified Public Accountant,12-31-2024,0000945039-25-000002,xml
1854,0001383883,"SHOPOFF SECURITIES, INC.",00867499,"18565 JAMBOREE ROAD, SUITE 200",,IRVINE,CA,92612,,,,,,,,,paper
1855,0001383996,"CLEARVIEW TRADING ADVISORS, INC.",00867501,10 GLENWOOD ROAD,SUITE 904,TENAFLY,NJ,07670,"Jennifer Wray CPA, PLLC",800 Bonaventure Way,Sugar Land,TEXAS,77479,Certified Public Accountant,06-30-2025,0001383996-25-000002,xml
1856,0001383997,"XMS CAPITAL PARTNERS, LLC",00867502,321 N CLARK STREET,SUITE 2440,CHICAGO,IL,60654,"DeMarco Sciaccotta Wilkens  Dunleavy, LLP",9645 W. Lincolnway Lane,Frankfort,ILLINOIS,60423,Certified Public Accountant,12-31-2019,0001383997-20-000001,xml
1857,0001385220,"BOWEN, INC.",00867510,34 MAIN STREET EXTENSION,SUITE 203,PLYMOUTH,MA,02360,,,,,,,,,paper
1858,0001385221,"MSC - BD, LLC",00867511,5 CENTERPOINTE DRIVE  SUITE 400,SUITE 10115,LAKE OSWEGO,OR,97035,Spicer Jeffries LLP,"4601 DTC Boulevard, Suite 700",Denver,COLORADO,80237,Certified Public Accountant,12-31-2024,0001385221-25-000003,xml
1859,0001385342,BLUE SAND SECURITIES LLC,00867514,4034 GLENRIDGE STREET,SUITE 500,KENSINGTON,MD,20895,Bauer  Company LLC,5910 Courtyard Dr,Austin,TEXAS,78731,Certified Public Accountant,03-31-2025,0001385342-25-000003,xml
1860,0001385551,"PINNACLE INVESTMENTS, LLC (SUCCESSOR)",00867515,5845 WIDEWATERS PKWY,STE 300,EAST SYRACUSE,NY,13057,"Bonadio  Co, LLP",432 N Franklin Street,Syracuse,NEW YORK,13204,Certified Public Accountant,12-31-2024,0001385551-25-000001,xml
1861,0001385971,"HASTINGS CAPITAL GROUP, LLC",00867517,527 MADISON AVENUE,4TH FLOOR,NEW YORK,NY,10022,Eisner Amper LLP,One California,San Francisco,CALIFORNIA,94111,Certified Public Accountant,12-31-2024,0001385971-25-000001,xml
1862,0001386252,EMPIRE ASSET MANAGEMENT Co,00867520,29 BROADWAY,12TH FLOOR,NEW YORK,NY,10006,"Ohab and Company, PA",100 E. Sybelia Avenue,Maitland,FLORIDA,32751,Certified Public Accountant,12-31-2023,0001386252-24-000001,xml
1863,0001387764,"FIRST CHICAGO ADVISORS, INC.",00867528,1355 MYERS ROAD,,BROOKSVILLE,FL,34602,Mercurius  Associates LLP,A-94/8 Wazipur Industrial Area,New Delhi,INDIA,110052,Certified Public Accountant not resident in United States or any of its possessions,12-31-2024,0001387764-25-000001,xml
1864,0001388082,"LOCKEBRIDGE PARTNERS, INC.",00867533,"100 TRADECENTER, SUITE G-700",100,WOBURN,MA,01801,"Tuttle  Bond, PLLC",3488 South U.S. Hwy 77,Giddings,TEXAS,78942,Certified Public Accountant,12-31-2024,0001388082-25-000002,xml
1865,0001388353,MEDIOBANCA SECURITIES USA LLC,00867538,1450 BROADWAY,37TH FLOOR,NEW YORK,NY,10018,,,,,,,,,paper
1866,0001388508,"SUNSTREET SECURITIES, LLC",00867541,10320 W. MCDOWELL RD,"BLDG F, SUITE 6018",AVONDALE,AZ,85392,"Tuttle  Bond, PLLC",3488 South U.S. Hwy 77,Giddings,TEXAS,78942,Certified Public Accountant,12-31-2024,0001388508-25-000001,xml
1867,0001388695,"CICC US SECURITIES, INC.",00867544,280 PARK AVENUE,32ND FLOOR,NEW YORK,NY,10017,CBIZ CPAs P.C.,685 Third Avenue,New York,NEW YORK,10017,Certified Public Accountant,12-31-2024,0001388695-25-000006,xml
1868,0001388822,"GRANDFUND INVESTMENT GROUP, LLC",00867545,12500 FIELDCREEK LANE,,RENO,NV,89511,,,,,,,,,paper
1869,0001388984,"INEO CAPITAL, LLC",00867546,3765 STEWART AVENUE,SUITE 309,MIAMI,FL,33133,,,,,,,,,paper
1870,0001389148,"CHURCHILL CAPITAL USA, INC.",00867547,10 EAST 53RD STREET,17TH FLOOR,NEW YORK,NY,10022,JANOVER LLC,1,GARDEN CITY,NEW YORK,11530,Certified Public Accountant,06-30-2019,0001389148-19-000003,xml
1871,0001389454,SOLEBURY CAPITAL LLC,00867548,"400 SOUTH RIVER ROAD,",SUITE 300,NEW HOPE,PA,18938,PricewaterhouseCoopers LLP,"301 Grant Street, Suite 4500",Pittsburgh,PENNSYLVANIA,15219,Certified Public Accountant,12-31-2024,0001389454-25-000001,xml
1872,0001389929,"ASCENDANT FINANCIAL PARTNERS, LLC",00867551,317 AUSTRALIAN DRIVE,SUITE 280,ROTONDA WEST,FL,33947,Ohab and Company,100 E. Sybelia Ave,Maitland,FLORIDA,32751,Certified Public Accountant,12-31-2024,0001389929-25-000001,xml
1873,0001390422,"EUROCONSULT CAPITAL, LLC",00867554,885 THIRD AVENUE,FLOOR 34,NEW YORK,NY,10022,"McBee  Co., P.C.",718 Paulus Avenue,Dallas,TEXAS,75214,Certified Public Accountant,12-31-2024,0001390422-25-000002,xml
1874,0001390423,"HATTERAS CAPITAL DISTRIBUTORS, LLC",00867555,8510 COLONNADE CENTER DRIVE,SUITE 150,RALEIGH,NC,27615,"GOLDMAN  COMPANY, CPA'S, P.C.",3535 ROSWELL RD,ATLANTA,GEORGIA,30062,Certified Public Accountant,12-31-2024,0001390423-25-000002,xml
1875,0001390802,"OCP CAPITAL, LLC",00867556,12156 LONGWOOD GREEN DR,2ND FLOOR,WELLINGTON,FL,33414,,,,,,,,,paper
1876,0001390982,"TWD SECURITIES, LLC",00867559,1903 CARDINAL WAY,SUITE B60,PETALUMA,CA,94954,,,,,,,,,paper
1877,0001391699,"CORPORATE FINANCE SECURITIES, INC.",00867566,120 VANTIS DRIVE,SUITE 300,ALISO VIEJO,CA,92656,,,,,,,,,paper
1878,0001392669,"BROADOAK PARTNERS, LLC",00867574,4800 MONTGOMERY LANE,SUITE 230,BETHESDA,MD,20814,Keiter,4401 Dominion Boulevard,Geln Alen,VIRGINIA,23060,Certified Public Accountant,12-31-2024,0001392669-25-000003,xml
1879,0001393115,"DREXEL HAMILTON, LLC",00867576,110 EAST 42ND STREET,SUITE 1502,NEW YORK,NY,10017,"Citrin Cooperman  Company, LLP","50 Rockefeller Plaza New York, NY 10020",New York,NEW YORK,10020,Certified Public Accountant,12-31-2024,0001393115-25-000001,xml
1880,0001393338,KKR CAPITAL MARKETS LLC,00867578,30 HUDSON YARDS,SUITE 4160,NEW YORK,NY,10001,DELOITTE  TOUCHE LLP,30 ROCKEFELLER PLAZZA,NEW YORK,NEW YORK,10112,Certified Public Accountant,12-31-2024,0001393338-25-000004,xml
1881,0001393340,"CITY CAPITAL ADVISORS, LLC",00867580,"444 NORTH MICHIGAN AVENUE, SUITE 3200",,CHICAGO,IL,60611,,,,,,,,,paper
1882,0001393848,"TWG SECURITIES, INC.",00867585,175 W JACKSON BLVD.,8TH FLOOR,CHICAGO,IL,60604,,,,,,,,,paper
1883,0001393850,"R.J. O'BRIEN SECURITIES, LLC",00867587,222 SOUTH RIVERSIDE PLAZA,SUITE 1200,CHICAGO,IL,60606,"Ryan  Juraska, LLP",141 West Jackson Blvd.,Chicago,ILLINOIS,60604,Certified Public Accountant,12-31-2024,0001393850-25-000002,xml
1884,0001394671,EDGEPOINT CAPITAL ADVISORS LLC,00867594,2000 AUBURN DRIVE,SUITE 330,BEACHWOOD,OH,44122,,,,,,,,,paper
1885,0001395319,KEMA PARTNERS LLC,00867600,309 LAVERNE AVE.,,MILL VALLEY,CA,94941,Cropper Accountancy Corporation,2700 Ygnacio Valley Road,Walnut Creek,CALIFORNIA,94598,Certified Public Accountant,12-31-2024,0001395319-25-000001,xml
1886,0001396145,"COMMERCE STREET CAPITAL, LLC",00867606,1445 ROSS AVE. SUITE 2700,SUITE 2020,DALLAS,TX,75202,Eisner Amper LLP,733 Third Ave.,New York,NEW YORK,10017,Certified Public Accountant,12-31-2024,0001396145-25-000001,xml
1887,0001396281,"PERPETUAL AMERICAS FUNDS DISTRIBUTORS, LLC",00867608,190 MIDDLE STREET,SUITE 301,PORTLAND,ME,04101,,,,,,,,,paper
1888,0001396431,"ARBOR COURT CAPITAL, LLC",00867609,8000 TOWN CENTRE DRIVE,SUITE 400,BROADVIEW HEIGHTS,OH,44147,Hobe  Lucas,4807 Rockside Rd. STE 510,Independence,OHIO,44131,Certified Public Accountant,12-31-2024,0001162044-25-000257,xml
1889,0001396609,TRANSPACIFIC GROUP LLC,00867611,150 SE 2ND AVENUE,SUITE 1401,MIAMI,FL,33131,Assurance Dimensions LLC,"3111 N University Dr., Suite 621",Coral Springs,FLORIDA,33065,Certified Public Accountant,12-31-2024,0001396609-25-000001,xml
1890,0001396746,"TPG CAPITAL BD, LLC",00867616,301 COMMERCE STREET,STE 3300,FORT WORTH,TX,76102,,,,,,,,,paper
1891,0001398656,CASH APP INVESTING LLC,00867630,400 SW 6TH AVENUE,11TH FLOOR,PORTLAND,OR,97204,Ernst and Young,725 S Figueroa #500,Los Angeles,CALIFORNIA,90017,Certified Public Accountant,12-31-2024,0001398656-25-000004,xml
1892,0001399108,"SPIRE SECURITIES, LLC",00867635,7901 JONES BRANCH DR.,SUITE 800,MCLEAN,VA,22102,,,,,,,,,paper
1893,0001399240,"EHCP CORPORATE FINANCE, LLC",00867638,3350 RIVERWOOD PARKWAY,SUITE 2150,ATLANTA,GA,30339,Rubio CPA PC,3500 Lenox Rd NE,Atlanta,GEORGIA,30326,Certified Public Accountant,12-31-2024,0001399240-25-000001,xml
1894,0001399458,"MAZZONE & ASSOCIATES, INC.",00867639,"75 FOURTEENTH ST., NE, SUITE 2800",OFFICE TOWER AT FOUR SEASONS,ATLANTA,GA,30309,,,,,,,,,paper
1895,0001399459,"DCM BROKERS, LLC",00867640,555 W. JACKSON,SUITE 600,CHICAGO,IL,60661,,,,,,,,,paper
1896,0001399754,LINK SECURITIES LLC,00867641,17767 N SCOTTSDALE ROAD,SUITE 300,SCOTTSDALE,AZ,85255,Spicer Jeffries,4601 DTC Blvd.,Denver,COLORADO,80237,Certified Public Accountant,12-31-2018,0001399754-19-000001,xml
1897,0001399878,CARL MARKS SECURITIES LLC,00867642,"900 THIRD AVENUE, 10TH FLOOR",SUITE 1003,NEW YORK,NY,10022,Eisner Amper LLP,"733 Third Ave. New York, NY 10017",New York,NEW YORK,10017,Certified Public Accountant,12-31-2024,0001399878-25-000001,xml
1898,0001399880,"SEVEN POINTS CAPITAL, LLC",00867644,150 EAST 52ND STREET,SUITE 3002,NEW YORK,NY,10022,"Lundgren, David",505 N. Murlen Road,Olathe,KANSAS,66062,Certified Public Accountant,12-31-2024,0001399880-25-000004,xml
1899,0001401623,"INFINITY SECURITIES, INC.",00867647,212 9TH STREET,SUITE 202,OAKLAND,CA,94607,"Phillip V. George, PLLC",5179 CR 1026,Celetse,TEXAS,75423,Certified Public Accountant,09-30-2024,0001401623-24-000002,xml
1900,0001402593,"PARSONEX SECURITIES, INC.",00867652,8310 S. VALLEY HIGHWAY,SUITE 110,ENGLEWOOD,CO,80112,"LMHS, P.C.",80 Washington Street Building S,Norwell,MASSACHUSETTS,02061,Certified Public Accountant,12-31-2024,0001701383-25-000004,xml
1901,0001402594,"PHX FINANCIAL, INC.",00867653,100 WALL STREET,FLOOR 10,NEW YORK,NY,10005,,,,,,,,,paper
1902,0001402972,XNERGY FINANCIAL LLC,00867655,"1801 CENTURY PARK EAST, 25TH FLOOR",SUITE 16C,LOS ANGELES,CA,90067,,,,,,,,,paper
1903,0001403614,"ALPS PORTFOLIO SOLUTIONS DISTRIBUTOR, INC.",00867659,1290 BROADWAY,SUITE 1000,DENVER,CO,80203,,,,,,,,,paper
1904,0001405650,GLOBAL FRONTERA MARKETS INC.,00867668,575 LEXINGTON AVENUE,14TH FLOOR,NEW YORK,NY,10022,"WithumSmithBrown, PC","1411 Broadway, 9th Floor",New York,NEW YORK,10018,Certified Public Accountant,12-31-2024,0001405650-25-000001,xml
1905,0001406262,CONSENSUS SECURITIES LLC,00867669,100 RIVER RIDGE DRIVE,SUITE 202,NORWOOD,MA,02062,,,,,,,,,paper
1906,0001407521,COLONNADE SECURITIES LLC,00867673,600 CLEVELAND STREET,SUITE 272,CLEARWATER,FL,33755,Assurance Dimensions,"3111 N. University Drive, Suite 621",Coral Springs,FLORIDA,33065,Certified Public Accountant,06-30-2025,0001407521-25-000002,xml
1907,0001407522,ITAU INTERNATIONAL SECURITIES INC.,00867674,200 S. BISCAYNE BLVD.,SUITE 2200,MIAMI,FL,33131,,,,,,,,,paper
1908,0001408672,IMC SECURITIES LLC,00867680,233 SOUTH WACKER DRIVE,#4300,CHICAGO,IL,60606,"PricewaterhouseCoopers, LLC",One North Wacker Drive,Chicago,ILLINOIS,60606,Certified Public Accountant,12-31-2024,0001408672-25-000001,xml
1909,0001408943,THE M & A GROUP LLC,00867684,8133 SHADOW PINE WAY,80 SOUTH 8TH STREET,SARASOTA,FL,34238,,,,,,,,,paper
1910,0001409152,BCW SECURITIES LLC,00867685,"55 POST ROAD WEST, SUITE 200","8 WRIGHT STREET, 1ST FLOOR",WESTPORT,CT,06880,"PKF O'Connor Davies, LLP",665 Fifth Avenue,New York,NEW YORK,10022,Certified Public Accountant,12-31-2019,0001409152-20-000001,xml
1911,0001409913,SALOMON WHITNEY LLC,00867688,1295 WALT WHITMAN RD.,SUITE A,MELVILLE,NY,11747,,,,,,,,,paper
1912,0001410175,"INTELLIVEST SECURITIES, INC.",00867693,1540 CHASE COURT,,RIVERDALE,GA,30296-2610,,,,,,,,,paper
1913,0001410249,NAVIAN CAPITAL SECURITIES LLC,00867695,425 WALNUT STREET,SUITE 2410,CINCINNATI,OH,45202,"Flynn  Company, Inc.",7800 E. Kemper Road,Cincinnati,OHIO,45249,Certified Public Accountant,12-31-2024,0001410249-25-000003,xml
1914,0001410645,NORTHWEST FINANCIAL GROUP LLC,00867698,200 SPRING STREET,SUITE 120,HERNDON,VA,20170,Crowe LLP,485 Lexington Ave,New York,NEW YORK,10017,Certified Public Accountant,12-31-2024,0001410645-25-000002,xml
1915,0001410687,"NGC FINANCIAL, LLC",00867699,36-01 208TH STREET,,BAYSIDE,NY,11361,"Davila Advisory, LLC","10135 Manchester Rd, Suite 206",Saint Louis,MISSOURI,63122,Certified Public Accountant,06-30-2025,0001410687-25-000001,xml
1916,0001411262,"CEDAR POINT CAPITAL, LLC",00867704,7300 METRO BLVD,SUITE 360,EDINA,MN,55439,,,,,,,,,paper
1917,0001411263,MOELIS & COMPANY LLC,00867705,399 PARK AVENUE,4TH FLOOR,NEW YORK,NY,10022,Deloitte  Touche LLP,30 Rockefeller Plaza,New York,NEW YORK,10112,Certified Public Accountant,12-31-2024,0001411263-25-000002,xml
1918,0001411384,"CHERTOFF CAPITAL, LLC",00867707,"1399 NEW YORK AVENUE, N.W.",SUITE 1100,WASHINGTON,DC,20005,,,,,,,,,paper
1919,0001411868,"ZELMAN PARTNERS, LLC",00867713,27101 EAST OVIATT ROAD,SUITE 14,BAY VILLAGE,OH,44140,,,,,,,,,paper
1920,0001411989,POWDER POINT FINANCIAL LLC,00867715,61 RIDGE ROAD,,MARSHFIELD,MA,02050,Thomas Faust  CPA LLC,174 Coldbrook Ct.,Lafayette,INDIANA,47909,Certified Public Accountant,12-31-2024,0001411989-25-000002,xml
1921,0001412352,"ICA, LLC",00867717,102 WOODMONT BLVD.,SUITE 130,NASHVILLE,TN,37205,,,,,,,,,paper
1922,0001412480,"FS INVESTMENT SOLUTIONS, LLC",00867718,201 ROUSE BOULEVARD,CIRA CENTRE,PHILADELPHIA,PA,19112,Ernst and Young,2005 Market Street,Philadelphia,PENNSYLVANIA,19103,Certified Public Accountant,12-31-2024,0001412480-25-000001,xml
1923,0001412885,"ETC BROKERAGE SERVICES, LLC",00867719,1 EQUITY WAY,,WESTLAKE,OH,44145,KPMG LLP,345 Park Avenue,New York,NEW YORK,10154,Certified Public Accountant,12-31-2024,0001412885-25-000007,xml
1924,0001413391,"BLAYLOCK VAN, LLC",00867721,600 LEXINGTON AVENUE,3RD FLOOR,NEW YORK,NY,10022,"Banks Finley White  Company, CPAs",617 37th Street S.,Birmingham,ALABAMA,35222,Certified Public Accountant,12-31-2024,0002013816-25-000034,xml
1925,0001413732,XR SECURITIES LLC,00867724,550 WEST JACKSON BOULEVARD,#1000,CHICAGO,IL,60661-5704,RSM US LLP,"30 South Wacker Drive, Suite 3300",Chicago,ILLINOIS,60606,Certified Public Accountant,12-31-2024,0001413732-25-000002,xml
1926,0001415869,THE NEW PENFACS INC.,00867738,337 TURNPIKE ROAD,SUITE 203,SOUTHBOROUGH,MA,01772,,,,,,,,,paper
1927,0001415871,"OAK HILLS SECURITIES, INC.",00867740,121 NE 50TH,SUITE B,OKLAHOMA CITY,OK,73105,"MK CPAs, PLLC","24955 Interstate Hwy. 45, Suite 400",The Woodlands,TEXAS,77380,Certified Public Accountant,09-30-2024,0001415871-25-000001,xml
1928,0001415872,"STRATEGIC MARKETING SOLUTIONS LTD., LLC",00867741,2302B BRIDGEWAY,SUITE 2310,SAUSALITO,CA,94965,Cropper Accountancy Corporation,2977 Ygnacio Valley Rd.,Walnut Creek,CALIFORNIA,94598,Certified Public Accountant,12-31-2015,0001482026-16-000010,xml
1929,0001418689,"ALPINA CAPITAL, LLC",00867753,55 MADISON STREET,SUITE 525,DENVER,CO,80206,,,,,,,,,paper
1930,0001419152,"VALTUS CAPITAL GROUP, LLC",00867754,3452 E. FOOTHILL BLVD,SUITE 800,PASADENA,CA,91107,,,,,,,,,paper
1931,0001419237,"FAP USA, L.P.",00867758,461 FIFTH AVENUE,14TH FLOOR,NEW YORK,NY,10017,"BDO USA, P.C.",200 Park Avenue,New York,NEW YORK,10166,Certified Public Accountant,03-31-2025,0001419237-25-000003,xml
1932,0001419238,ALPHASOURCE CAPITAL SECURITIES LLC,00867759,35 WALKER AVENUE,12TH FLOOR,NEW YORK,NY,11942,Thayer O'Neal,101 Parklane Boulevard,Sugar Land,NEW YORK,77478,Certified Public Accountant,12-31-2018,0001419238-19-000002,xml
1933,0001419240,GENERATIONAL CAPITAL MARKETS INC.,00867761,3400 N. CENTRAL EXPRESSWAY,SUITE 100,RICHARDSON,TX,75082,"Brad A. Kinder, CPA",815 Parker Square,Flower Mound,TEXAS,75028,Certified Public Accountant,12-31-2024,0001419240-25-000001,xml
1934,0001420522,"CAPITAL CITY SECURITIES, LLC",00867771,3789 ATTUCKS DR,SUITE 122-D,POWELL,OH,43065,HHH CPA Group,1250 Old Henderson Road,Columbus,OHIO,43220,Certified Public Accountant,12-31-2024,0001420522-25-000003,xml
1935,0001420523,SELECT CAPITAL CORPORATION,00867772,8066 PARK LANE,T-808,DALLAS,TX,75231,,,,,,,,,paper
1936,0001420524,"PENSERRA SECURITIES, LLC",00867773,4 ORINDA WAY,SUITE 100-A,ORINDA,CA,94563,Moss Adams,101 Second Street,San Francisco,CALIFORNIA,94105,Certified Public Accountant,12-31-2024,0001420524-25-000004,xml
1937,0001420989,"XML SECURITIES, LLC",00867776,6901 ROCKLEDGE DRIVE,SUITE 730,BETHESDA,MD,20817,"Wolf  Company, P.C.",225 State Street,Boston,MASSACHUSETTS,02109,Certified Public Accountant,12-31-2024,0001420989-25-000003,xml
1938,0001421502,"MONITOR CAPITAL, LLC",00867782,7322 CLAIRE AVENUE,BOX 414,RESEDA,CA,91335,Summit LLC,999 18th Street Suite 3000,Denver,COLORADO,80202,Certified Public Accountant,12-31-2024,0001421502-25-000001,xml
1939,0001421837,"RISE FINANCIAL SERVICES, LLC",00867787,653 COLLINS AVENUE,4TH FLOOR,MIAMI BEACH,FL,33139,,,,,,,,,paper
1940,0001421838,"STARWOOD CAPITAL, L.L.C.",00867788,591 WEST PUTNAM AVENUE,,GREENWICH,CT,06830,RSM US LLP,1185 AVENUE OF THE AMERICAS,NEW YORK,NEW YORK,10036,Certified Public Accountant,12-31-2016,0001421838-17-000004,xml
1941,0001422725,"MIURA CAPITAL, LLC",00867793,1395 BRICKELL AVE,SUITE 1560,MIAMI,FL,33131,Jill Masur,3310 Mary Street,Miami,FLORIDA,33133,Certified Public Accountant,12-31-2024,0001422725-25-000001,xml
1942,0001423570,"ABERDEEN FUND DISTRIBUTORS, LLC",00867799,1900 MARKET STREET,SUITE 200,PHILADELPHIA,PA,19103,KPMG LLP,1601 Market Street,Philadelphia,PENNSYLVANIA,19103,Certified Public Accountant,12-31-2024,0001423570-25-000001,xml
1943,0001423881,"SPARTAN CAPITAL SECURITIES, LLC",00867801,45 BROADWAY,19TH FLOOR,NEW YORK,NY,10006,Rosenfield and Company PLLC,"One Penn Plaza, 250 W 34th Street",New York,NEW YORK,10119,Certified Public Accountant,12-31-2024,0001423881-25-000008,xml
1944,0001423882,GSP SECURITIES LLC,00867802,"22 VANDERBILT, 6TH FLOOR",,NEW YORK,NY,10017,,,,,,,,,paper
1945,0001424095,"DEER ISLE CAPITAL, LLC",00867803,18 GOOD FRIEND DRIVE,SUITE 131,EAST HAMPTON,NY,11937,,,,,,,,,paper
1946,0001424390,"TS IMAGINE BROKERAGE SERVICES, LLC",00867807,125 WEST 25TH STREET,8TH FLOOR,NEW YORK,NY,10001,,,,,,,,,paper
1947,0001424392,"SUMO CAPITAL, LLC",00867809,425 S. FINANCIAL PLACE,15TH FLOOR,CHICAGO,IL,60605,"Michael Coglianese CPA, PC",125 E Lake Street Unite 303,Bloomingdale,ILLINOIS,60108,Certified Public Accountant,12-31-2023,0001424392-24-000006,xml
1948,0001424560,INNOVATION PARTNERS LLC,00867812,5950 FAIRVIEW ROAD,SUITE 140,CHARLOTTE,NC,28210,,,,,,,,,paper
1949,0001426856,VIEW PARTNERS CAPITAL LLC,00867828,1345 AVENUE OF THE AMERICAS,2ND FLOOR,NEW YORK,NY,10105,WithumSmith Brown PC,200 Jefferson Park,Whippany,NEW JERSEY,07981,Certified Public Accountant,12-31-2024,0001426856-25-000001,xml
1950,0001427220,ALT FUND DISTRIBUTORS LLC,00867829,140 EAST 45TH STREET,SUITE 15 B,NEW YORK,NY,10017,,,,,,,,,paper
1951,0001427360,DCMB SECURITIES LLC,00867831,"1700 WEST LOOP SOUTH, SUITE 450",SUITE 225,HOUSTON,TX,77027,"Ohab and Company, P.A.",100 E. Sybelia Avenue,Maitland,FLORIDA,32751,Certified Public Accountant,06-30-2025,0001427360-25-000002,xml
1952,0001427421,MUZINICH CAPITAL LLC,00867832,450 PARK AVENUE,SUITE 1800,NEW YORK,NY,10022,"Sanford Becker  Co., Inc P.C.",140 Broadway Suite 605,New York,NEW YORK,10018,Certified Public Accountant,12-31-2024,0001427421-25-000001,xml
1953,0001427708,"SENDERO SECURITIES, LLC",00867834,250 W NOTTINGHAM,SUITE 300,SAN ANTONIO,TX,78209,"Phillip V. George, PLLC",5179 CR 1026,Celeste,TEXAS,75423,Certified Public Accountant,12-31-2024,0001427708-25-000003,xml
1954,0001428006,"EASTGATE SECURITIES, LLC",00867837,40 WALL STREET,SUITE 2931,NEW YORK,NY,10005,"WWC, P.C. Certified Public Accountant",2010 Pioneer Court,San Mateo,CALIFORNIA,94403,Certified Public Accountant,12-31-2024,0001428006-25-000004,xml
1955,0001428008,FAIRMOUNT PARTNERS LP,00867839,555 EAST LANCASTER AVENUE,SUITE 640,RADNOR,PA,19087,Sanville  Company,2617 Huntingdon Pike,Huntingdon Valley,PENNSYLVANIA,19006,Certified Public Accountant,12-31-2024,0001428008-25-000001,xml
1956,0001428009,"INTERCAM SECURITIES, INC.",00867840,1221 BRICKELL AVENUE,SUITE 200,MIAMI,FL,33131,,,,,,,,,paper
1957,0001428556,"TPEG SECURITIES, LLC",00867843,2102 E STATE HWY 114,SUITE 300,SOUTHLAKE,TX,76092,"Mesch, PLLC","600 Texas Street, Floor 1",Fort Worth,TEXAS,76102,Certified Public Accountant,12-31-2024,0001428556-25-000002,xml
1958,0001428740,"PUMA CAPITAL, LLC",00867849,555 THEODORE FREMD AVENUE,SUITE C204,RYE,NY,10580,WithumSmith Brown PC,1411 Broadway,New York,NEW YORK,10018,Certified Public Accountant,12-31-2024,0001428740-25-000002,xml
1959,0001429012,"JCC CAPITAL MARKETS, LLC",00867850,PO BOX 7767,SUITE 302,LAGUNA NIGUEL,CA,92607,,,,,,,,,paper
1960,0001429779,"COLUMBIA CAPITAL SECURITIES, INC.",00867854,2121 AVENUE OF THE STARS,SUITE 800,LOS ANGELES,CA,90067,,,,,,,,,paper
1961,0001429936,"FENNEBRESQUE & CO., LLC",00867857,2025 CASSAMIA PLACE,,CHARLOTTE,NC,28210,,,,,,,,,paper
1962,0001430112,"EAST WEST MARKETS, LLC",00867858,5001 SPRING VALLEY ROAD,SUITE 400W,DALLAS,TX,75244,MOSS ADAMS LLP,14555 DALLAS PARKWAY,DALLAS,TEXAS,75254,Certified Public Accountant,12-31-2024,0001430112-25-000001,xml
1963,0001430284,"NOBLES & RICHARDS, INC.",00867859,801 EAST PLANO PARKWAY,SUITE 220,PLANO,TX,75074,"George, Phillip V.",5179 CR 1026,Celeste,TEXAS,75423,Certified Public Accountant,06-30-2025,0001430284-25-000001,xml
1964,0001431085,"GALT FINANCIAL GROUP, INC.",00867863,2629 TOWNSGATE RD.,SUITE 215,WESTLAKE VILLAGE,CA,91361,"RBSM, LLP",805 Third Avenue,New York,NEW YORK,10022,Certified Public Accountant,12-31-2024,0001431085-25-000002,xml
1965,0001431144,"HUNTWICKE SECURITIES, LLC",00867865,7 GROVE STREET,SUITE 201,TOPSFIELD,MA,01983,"Liberfarb, Larry",11 Vanderbilt Avenue,Norwood,MASSACHUSETTS,02062,Certified Public Accountant,06-30-2025,0001431144-25-000003,xml
1966,0001431146,"OLD MISSION CAPITAL, LLC",00867867,1 N. DEARBORN ST.,8TH FLOOR,CHICAGO,IL,60602,RSM US LLP,30 South Wacker Drive,Chicago,ILLINOIS,60606,Certified Public Accountant,12-31-2024,0001431146-25-000003,xml
1967,0001432043,"NEW CENTURY CAPITAL PARTNERS, INC.",00867873,1112 MONTANA AVENUE,STE 465,SANTA MONICA,CA,90403,Ferrara CPA,100 Horizon Center Blvd,Hamilton,NEW JERSEY,08691,Certified Public Accountant,12-31-2024,0001432043-25-000001,xml
1968,0001433656,K CAPITAL LLC,00867884,805 THIRD AVENUE,FLOOR 14,NEW YORK,NY,10022,Spicer Jeffries LLP,"4601 DTC Blvd., Suite 700",Denver,COLORADO,80237,Certified Public Accountant,12-31-2024,0001433656-25-000001,xml
1969,0001433822,"TANGENT CAPITAL PARTNERS, LLC",00867885,30 CHATHAM ROAD,P.O.BOX 708,SHORT HILLS,NJ,07078,Sanville  Company,2617 Huntington Pike,Huntington Valley,PENNSYLVANIA,19006,Certified Public Accountant,03-31-2024,0002013816-24-000025,xml
1970,0001434262,QATALYST PARTNERS LP,00867887,3 EMBARCADERO CENTER,SUITE 1500,SAN FRANCISCO,CA,94111,,,,,,,,,paper
1971,0001434778,"WATERVIEW SECURITIES, INC.",00867895,12770 COIT ROAD,SUITE 1218,DALLAS,TX,75251,,,,,,,,,paper
1972,0001435251,QUESTRADE USA INC.,00867899,5700 YONGE STREET,SUITE 1900,"TORONTO, ONTARIO",,M2M 4K2,,,,,,,,,paper
1973,0001435252,CTL SECURITIES LLC,00867900,521 FIFTH AVE,17TH FLOOR,NEW YORK,NY,10175-1799,"Goldman  Company, CPAs P.C.",3535 Roswell Road,Marietta,GEORGIA,30062,Certified Public Accountant,12-31-2024,0001435252-25-000003,xml
1974,0001435253,"LIVINGSTON SECURITIES, LLC",00867901,626 REXCORP PLAZA,"SUITE 603, WEST TOWER",UNIONDALE,NY,11556,"Ohab and Company, P.A.",100 E. Sybelia Ave,Maitland,FLORIDA,32751,Certified Public Accountant,12-31-2024,0001180051-25-000004,xml
1975,0001435414,"PARAMAX SECURITIES, LLC",00867902,333 INTERNATIONAL DRIVE,SUITE A,WILLIAMSVILLE,NY,14221,"Phillip V. George, PLLC",5179 CR 1026,Celeste,TEXAS,75423,Certified Public Accountant,12-31-2024,0001435414-25-000001,xml
1976,0001435535,"FORESIDE GLOBAL SERVICES, LLC",00867903,190 MIDDLE STREET,SUITE 301,PORTLAND,ME,04101,,,,,,,,,paper
1977,0001436964,"BRIGHTCHOICE FINANCIAL, LLC",00867910,3275 VETERANS MEMORIAL HIGHWAY,SUITE B-9,RONKONKOMA,NY,11779,"Rubio CPA, PC","3500 Lenox Road NE, Suite 1500",Atlanta,GEORGIA,30326,Certified Public Accountant,10-31-2024,0001436964-25-000001,xml
1978,0001437108,"MCLAUGHLIN RYDER INVESTMENTS, INC.",00867911,1421 PRINCE STREET,SUITE 200,ALEXANDRIA,VA,22314,"DeMarco Sciaccotta Wilkens  Dunleavy, LLP",20646 Abbey Woods Ct. N.,Frankfort,ILLINOIS,60423,Certified Public Accountant,12-31-2024,0002013816-25-000029,xml
1979,0001437487,"CHIMERA SECURITIES, LLC",00867915,27 UNION SQUARE WEST,4TH FLOOR,NEW YORK,NY,10003,Ryan  Juraska LLP,141 W Jackson,Chicago,ILLINOIS,60604,Certified Public Accountant,12-31-2024,0002013816-25-000017,xml
1980,0001437664,"REYNOLDS ADVISORY PARTNERS, LLC",00867918,100 FILLMORE STREET,SUITE 500,DENVER,CO,80206,"LMHS, PC",80 Washington Street,Norwell,MASSACHUSETTS,02061,Certified Public Accountant,12-31-2024,0001437664-25-000002,xml
1981,0001437665,"DEMETER ADVISORY GROUP, LLC",00867919,"1508 BAY ROAD, #511",SUITE 220,MIAMI BEACH,FL,33139,Ernst Wintter  Associates LLP,675 Ygnacio Valley Rd.,Walnut Creek,CALIFORNIA,94596,Certified Public Accountant,12-31-2023,0001437665-24-000001,xml
1982,0001438071,"KERSHNER SECURITIES, LLC",00867922,"1825-B KRAMER LANE, SUITE 200",,AUSTIN,TX,78758-4281,Bauer  Company,5910 Courtyard Drive,Austin,TEXAS,78731,Certified Public Accountant,12-31-2024,0001438071-25-000001,xml
1983,0001438312,"MENTOR SECURITIES, LLC",00867923,200 N. WESTLAKE BOULEVARD,SUITE 204,WESTLAKE VILLIAGE,CA,91362,LMHS PC,"80 Washington St, Building S",Norwell,MASSACHUSETTS,02061,Certified Public Accountant,12-31-2024,0001438312-25-000001,xml
1984,0001438952,ARKONIS CAPITAL LLC,00867928,7600 JERICHO TURNPIKE,SUITE 304,WOODBURY,NY,11797,"Ohab  Company, PA","100 E. Sybelia Ave, Ste 130",Maitland,FLORIDA,32751,Certified Public Accountant,06-30-2025,0001438952-25-000002,xml
1985,0001438953,"ARMORY SECURITIES, LLC",00867929,200 NORTH PACIFIC COAST HIGHWAY,SUITE 1525,EL SEGUNDO,CA,90245,"FGMK, LLC","333 W. Wacker Dr., 6th Floor",Chicago,ILLINOIS,60606,Certified Public Accountant,12-31-2024,0001438953-25-000002,xml
1986,0001438954,GP BULLHOUND INC.,00867930,ONE SANSOME STREET,SUITE 3630,SAN FRANCISCO,CA,94104,Cropper Accountancy Corporation,2872 Ygnacio Valley Road,Walnut Creek,CALIFORNIA,94598,Certified Public Accountant,12-31-2024,0001438954-25-000005,xml
1987,0001438956,"AVATAR SECURITIES, LLC",00867932,148 MADISON AVE,5TH FLOOR,NEW YORK,NY,10016,,,,,,,,,paper
1988,0001439492,WALLACHBETH CAPITAL LLC,00867936,1001 YAMATO RD.,SUITE 404,BOCA RATON,FL,33431,"Citrin Cooperman  Company, LLP",100 Jericho Quadrangle,Jericho,NEW YORK,11753,Certified Public Accountant,12-31-2024,0001439492-25-000001,xml
1989,0001439866,SALIENT CAPITAL L.P.,00867938,10000 MEMORIAL DRIVE,SUITE 650,HOUSTON,TX,77024,"Weaver  Tidwell, LLP",24 Greenway Plaza,Houston,TEXAS,77046,Certified Public Accountant,12-31-2024,0001439866-25-000001,xml
1990,0001440161,"ARCOLA SECURITIES, INC.",00867940,"1211 AVENUE OF THE AMERICAS, 41ST FLOOR",,NEW YORK,NY,10036,Ernst  Young LLP,One Manhattan West,New York,NEW YORK,10001,Certified Public Accountant,12-31-2024,0001440161-25-000001,xml
1991,0001440162,"AUTOMATED EQUITY FINANCE MARKETS, INC.",00867941,225 LIBERTY STREET,"43RD FLOOR, SUITE 4310",NEW YORK,NY,10281,,,,,,,,,paper
1992,0001440313,"PHARUS SECURITIES, LLC",00867948,535 FIFTH AVENUE,25TH FLOOR,NEW YORK,NY,10017,RW Group LLC,400 Old Forge Lane,Kenneth Square,PENNSYLVANIA,19438,Certified Public Accountant,12-31-2024,0001440313-25-000001,xml
1993,0001440479,MAINLINE WEST MUNICIPAL SECURITIES LLC,00867952,2237 W. 30TH AVENUE,SUITE 1500,DENVER,CO,80211,,,,,,,,,paper
1994,0001440481,NAVIDAR GROUP LLC,00867954,"2700 VIA FORTUNA, SUITE 140","BUILDING I, SUITE 575",AUSTIN,TX,78746,,,,,,,,,paper
1995,0001440654,"EAST WIND SECURITIES, LLC",00867955,810 SEVENTH AVENUE,35TH FLOOR,NEW YORK,NY,10019,"Adeptus Partners, LLC","733 Route 35 N, Suite A",Ocean,NEW JERSEY,07712,Certified Public Accountant,12-31-2024,0001440654-25-000001,xml
1996,0001442138,MACRO RISK ADVISORS LLC,00867973,PO BOX 6259,SUITE 206 SOUTH,FAIR HAVEN,NJ,07704,DCPA,2121 Avenue of the Stars #800,Century City,CALIFORNIA,90067,Certified Public Accountant,12-31-2024,0001442138-25-000001,xml
1997,0001442140,"SABADELL SECURITIES USA, INC.",00867975,"1111 BRICKELL AVENUE, 30TH FLOOR",2 SOUTH BISCAYNE BLVD.,MIAMI,FL,33131,"KPMG, LLP",78 SW 7th Street,Miami,FLORIDA,33130,Certified Public Accountant,12-31-2024,0001442140-25-000002,xml
1998,0001442141,PANMURE LIBERUM INC,00867976,575 FIFTH AVENUE,20TH FLOOR,NEW YORK,NY,10017,BDG-CPAs,76 North Walnut Street,Ridgewood,NEW JERSEY,07450,Certified Public Accountant,12-31-2019,0001442141-20-000001,xml
1999,0001442311,"NORTH SOUTH CAPITAL, LLC",00867979,321 WEST MAPLE STREET,SUITE 201,NEW LENOX,IL,60451,,,,,,,,,paper
2000,0001443208,E.K. WALLACE SECURITIES LLC,00867987,25 WEST 13TH STREET,APT. 1AN,NEW YORK,NY,10011,Rubio CPA PC,3500 Lenox Rd SE,Atlanta,GEORGIA,30326,Certified Public Accountant,12-31-2024,0001443208-25-000001,xml
2001,0001443209,TELSEY ADVISORY GROUP LLC,00867988,"555 FIFTH AVE., 7TH FLOOR",,NEW YORK,NY,10017,EisnerAmper LLP,733 Third Avenue,New York,NORTH CAROLINA,10017,Certified Public Accountant,12-31-2024,0001443209-25-000001,xml
2002,0001443256,FOREST ROAD SECURITIES BD LLC,00867993,1925 CENTURY PARK EAST,SUITE 1360,LOS ANGELES,CA,90067,YSL  Associates,"11 Broadway, Suite 700",New York,NEW YORK,10004,Certified Public Accountant,12-31-2024,0001443256-25-000001,xml
2003,0001443347,GUIDESTONE FINANCIAL SERVICES,00867995,5005 LBJ FREEWAY,STE. 2200,DALLAS,TX,75244-6152,n/a,n/a,n/a,TEXAS,75244,Certified Public Accountant,12-31-2024,0001443347-25-000001,xml
2004,0001443348,INVESTX MARKETS LLC,00867996,19 FULTON STREET,SUITE 300,NEW YORK,NY,10038,"Alvarez  Associates, Inc.",9221 Corbin Avenue,Northridge,CALIFORNIA,91324,Certified Public Accountant,12-31-2019,0001443348-20-000001,xml
2005,0001443552,EM SECURITIES LLC,00867997,C/O CAA EVOLUTION,"405 LEXINGTON AVENUE, 19TH FLOOR",NEW YORK,NY,10174,WithumSmith Brown PC,200 Jefferson Park,Whippany,NEW JERSEY,07981-1070,Certified Public Accountant,09-30-2024,0001443552-24-000004,xml
2006,0001443861,SC&H CAPITAL CORPORATION,00868003,11000 BROKEN LAND PARKWAY,SUITE 490,COLUMBIA,MD,21044,"Smith Elliott Kearns  Company, LLC",19405 Emerald Square,Hagerstown,MARYLAND,21742,Certified Public Accountant,12-31-2018,0001443861-19-000005,xml
2007,0001443862,"ATIS, INC",00868004,9717 PRAIRIE AVENUE,,HIGHLAND,IN,46322,,,,,,,,,paper
2008,0001444088,DESTRA CAPITAL INVESTMENTS LLC,00868006,443 N. WILLSON AVE.,SUITE 1700,BOZEMAN,MT,59715,,,,,,,,,paper
2009,0001445065,"BENJAMIN F. EDWARDS & COMPANY, INC.",00868023,"ONE NORTH BRENTWOOD BLVD, SUITE 850",,ST. LOUIS,MO,63105,Deloitte,100 S 4th Street,St. Louis,MISSOURI,63102,Certified Public Accountant,12-31-2024,0001445065-25-000002,xml
2010,0001445614,"FORESIDE FINANCIAL SERVICES, LLC",00868027,190 MIDDLE STREET,SUITE 301,PORTLAND,ME,04101,,,,,,,,,paper
2011,0001445840,ODEON CAPITAL GROUP LLC,00868033,"750 LEXINGTON AVENUE, 27TH FL.",,NEW YORK,NY,10022,,,,,,,,,paper
2012,0001445842,"STUYVESANT SQUARE ADVISORS, INC.",00868035,30 OLD KINGS HIGHWAY SOUTH,SUITE 228,DARIEN,CT,06820,,,,,,,,,paper
2013,0001446135,"CAPITAL & ESTATE MANAGEMENT, INC.",00868039,7143 MARINER BLVD.,,SPRING HILL,FL,34609,,,,,,,,,paper
2014,0001446370,"MCINTYRE CAPITAL PARTNERS, LLC",00868040,3 COLUMBUS CIRCLE,15TH FLOOR,NEW YORK,NY,10019,"Michael Coglianese, PC CPA",125 E. Lake St.,Bloomingdale,ILLINOIS,60108,Certified Public Accountant,12-31-2022,0001446370-23-000002,xml
2015,0001448202,"CAPITAL SYNERGY PARTNERS, INC.",00868060,"2860 MICHELLE DRIVE, SUITE 150",,IRVINE,CA,92606,,,,,,,,,paper
2016,0001448318,LMV CAPITAL CORP.,00868061,1460 BROADWAY,SUITE 4024,NEW YORK,NY,10036,,,,,,,,,paper
2017,0001448319,"SPIDERROCK EXS, LLC",00868062,300 S. RIVERSIDE PLAZA,SUITE 2350,CHICAGO,IL,60606,"Breard  Associates, Inc.",9221 Corbin Avenue,Northridge,CALIFORNIA,91324,Certified Public Accountant,12-31-2015,0001448319-16-000007,xml
2018,0001448320,"CASCADE PARTNERS BD, LLC",00868063,1000 TOWN CENTER,SUITE 1100,SOUTHFIELD,MI,48075,,,,,,,,,paper
2019,0001448682,"CLASS VI SECURITIES, LLC",00868068,255 FILLMORE STREET,SUITE 500,DENVER,CO,80206,Ohab and Company,100 E Sybellia Avenue Suite 130,Maitland,FLORIDA,32751,Certified Public Accountant,12-31-2024,0001448682-25-000002,xml
2020,0001448683,"MOODY SECURITIES, LLC",00868069,9655 KATY FREEWAY,SUITE 600,HOUSTON,TX,77024,"Goldman  Company, CPAs, P.C.","3535 Roswell Road, Suite 32",Marietta,GEORGIA,30062,Certified Public Accountant,12-31-2024,0001448683-25-000001,xml
2021,0001448770,CAPITAL DYNAMICS BROKER DEALER LLC,00868071,444 MADISON AVENUE,SUITE 301,NEW YORK,NY,10022,"Forvis Mazars, LLP",135 West 50th Street,New York,NEW YORK,10020,Certified Public Accountant,12-31-2024,0002013816-25-000038,xml
2022,0001449091,"METROPOLITAN CAPITAL INVESTMENT BANC, INC.",00868075,9 EAST ONTARIO,,CHICAGO,IL,60611,Crowe LLP,485 Lexington Ave,New York,NEW YORK,10017,Certified Public Accountant,12-31-2024,0001449091-25-000004,xml
2023,0001449651,MILLBURN RIDGEFIELD LLC,00868078,55 WEST 46TH STREET,31ST FLOOR,NEW YORK,NY,10036,CohnReznick LLP,1301 Avenue of the Americas,New York,NEW YORK,10019,Certified Public Accountant,12-31-2024,0001449651-25-000004,xml
2024,0001449653,"HGP SECURITIES, LLC",00868080,2001 KIRBY DRIVE,SUITE 814,HOUSTON,TX,77019,"RUBIO CPA,PC","3500 LENOX RD NE,SUITE 1500",ATLANTA,GEORGIA,30326,Certified Public Accountant,12-31-2024,0001449653-25-000001,xml
2025,0001449757,"ERNST CAPITAL SECURITIES, LLC",00868083,"101 S. REID STREET, SUITE 209",,SIOUX FALLS,SD,57103,,,,,,,,,paper
2026,0001450096,PACIFIC ALLIANCE ASSOCIATES LLC,00868088,261 MADISON AVENUE,9TH FLOOR,NEW YORK,NY,10016,,,,,,,,,paper
2027,0001450144,"TWO SIGMA SECURITIES, LLC",00868090,100 AVENUE OF THE AMERICAS,2ND FLOOR,NEW YORK,NY,10013,,,,,,,,,paper
2028,0001450941,SIKICH CORPORATE FINANCE LLC,00868096,"1415 W. DIEHL RD., SUITE 400",,NAPERVILLE,IL,60563,Ryan  Juraska LLP,141 W. Jackson Blvd.,Chicago,ILLINOIS,60604,Certified Public Accountant,12-31-2024,0001450941-25-000001,xml
2029,0001450943,"WELLINGTON SHIELDS & CO., LLC",00868098,60 BROAD STREET,39TH FLOOR,NEW YORK,NY,10004,"Wolf  Company, P.C.",255 State Street,Boston,MASSACHUSETTS,02109,Certified Public Accountant,12-31-2024,0001450943-25-000001,xml
2030,0001451251,IIFL CAPITAL INC.,00868100,"1120 AVENUE OF THE AMERICAS, SUITE # 403",,NEW YORK,NY,10036,"WithumSmith and Brown, PC",200 Jefferson Park,Whippany,NEW JERSEY,07981,Certified Public Accountant,03-31-2022,0001451251-22-000001,xml
2031,0001451605,"USRP EQUITIES, LLC",00868106,99 WOOD AVENUE SOUTH,,ISELIN,NJ,08830,,,,,,,,,paper
2032,0001451610,"DCF, LLC",00868111,629 MARKET STREET,SUITE 120,CHATTANOOGA,TN,37402,"Rodefer Moss  Co, PLLC",608 Mabry Hood Road,Knoxville,TENNESSEE,37932,Certified Public Accountant,12-31-2017,0001451610-18-000002,xml
2033,0001451977,"NORTHCOAST RESEARCH PARTNERS, LLC",00868115,1301 EAST NINTH STREET,15TH FLOOR,CLEVELAND,OH,44114,,,,,,,,,paper
2034,0001452463,"MANOR PRIVATE CAPITAL, LLC",00868117,257 ROWAYTON AVENUE,SUITE 800,ROWAYTON,CT,06853,"Fulvio  Associates, LLP","5 West 37th Street, 4th Floor",New York,NEW YORK,10018,Certified Public Accountant,12-31-2024,0001452463-25-000003,xml
2035,0001452765,GTS SECURITIES LLC,00868126,545 MADISON AVENUE,9TH FLOOR,NEW YORK,NY,10022,Crowe LLP,"485 Lexington Avenue, Floor 11",New York,NEW YORK,10017,Certified Public Accountant,12-31-2024,0001452765-25-000005,xml
2036,0001453408,"VENTOUX SECURITIES, LLC",00868132,771 INDIAN TRAIL RD,SUITE 201,GARDNERVILLE,NV,89460,,,,,,,,,paper
2037,0001453720,"STRATEGAS SECURITIES, LLC",00868138,"52 VANDERBILT AVENUE, 19TH FLOOR",,NEW YORK,NY,10017,,,,,,,,,paper
2038,0001453721,"ROCKFLEET FINANCIAL SERVICES, INC.",00868139,8586 POTTER PARK DR.,SUITE 102E,SARASOTA,FL,34238,"Ferrara Cpa, LLC",100 Horizon Center Blvd.,Hamilton,NEW JERSEY,08691,Certified Public Accountant,03-31-2025,0001453721-25-000005,xml
2039,0001453722,"MARRIOTT SECURITIES, LLC",00868140,"THREE JAMES CENTER, 1051 EAST CARY STREE",SUITE 1125,RICHMOND,VA,23219,,,,,,,,,paper
2040,0001454936,KELSON CAPITAL LLC,00868147,2 RAVENGLASS DRIVE,2ND FLOOR,STAMFORD,CT,06903,"Ferrara CPA, LLC",100 Horizon Center Blvd.,Hamilton,NEW JERSEY,08691,Certified Public Accountant,06-30-2025,0001454936-25-000002,xml
2041,0001455003,"BTG PACTUAL US CAPITAL, LLC",00868148,601 LEXINGTON AVENUE,57TH FLOOR,NEW YORK,NY,10022-6831,PricewaterhouseCoopers LLP,300 Madison Avenue,New York,NEW YORK,10017,Certified Public Accountant,12-31-2024,0001455003-25-000001,xml
2042,0001455325,"MUNDIAL FINANCIAL GROUP, LLC",00868154,477 MADISON AVE,6TH FLOOR,NEW YORK,NY,10022,Nawrocki Smith LLP,100 Motor Parkway,Hauppauge,NEW YORK,11788,Certified Public Accountant,06-30-2025,0002013816-25-000091,xml
2043,0001456126,"INSTITUTIONAL CASH DISTRIBUTORS, LLC",00868161,245 PARK AVENUE,SUITE 1335,NEW YORK,NY,10167,EisnerAmperLLP,"One California, Suite 1700",San Francisco,CALIFORNIA,94111,Certified Public Accountant,12-31-2024,0001456126-25-000004,xml
2044,0001456250,OASIS PRO MARKETS LLC,00868164,43 HARBOR DRIVE,UNIT 206,STAMFORD,CT,06820,Nawrocki Smith LLP,100 Motor Parkway,Hauppauge,NEW YORK,11788,Certified Public Accountant,12-31-2024,0002013816-25-000064,xml
2045,0001456646,"APSEC CAPITAL PARTNERS, LLC",00868176,915 WILSHIRE BLVD. SUITE 1700,#6T,LOS ANGELES,CA,90017,"Ohab and Company, PA",100 E Sybelia Avenue,Maitland,FLORIDA,32751,Certified Public Accountant,12-31-2024,0001456646-25-000002,xml
2046,0001457005,"PRIVATE CLIENT SERVICES, LLC",00868183,2225 LEXINGTON RD.,,LOUISVILLE,KY,40206,"Rodefer Moss  Co, PLLC",608 Mabry Hood Road,Knoxville,TENNESSEE,37932,Certified Public Accountant,12-31-2024,0001457005-25-000003,xml
2047,0001457165,"COHEN & COMPANY SECURITIES, LLC",00868186,3 COLUMBUS CIRCLE,24TH FLOOR,NEW YORK,NY,10019,"Grant Thornton, LLP",2001 Market Street,Philadelphia,PENNSYLVANIA,19103,Certified Public Accountant,12-31-2024,0001457165-25-000001,xml
2048,0001457457,BOLTON SECURITIES CORPORATION,00868187,579 MAIN STREET,,BOLTON,MA,01740,"DeMarco Sciaccotta Wilkens  Dunleavy, LLP",20646 Abbey Woods Ct. N.,Frankfort,ILLINOIS,60423,Certified Public Accountant,12-31-2024,0001457457-25-000001,xml
2049,0001457458,SNOWDEN ACCOUNT SERVICES LLC,00868188,540 MADISON AVE,9TH FLOOR,NEW YORK,NY,10022,Crowe LLP,485 Lexington Ave,New York,NEW YORK,10017,Certified Public Accountant,12-31-2024,0001457458-25-000001,xml
2050,0001457496,MORGAN STANLEY SMITH BARNEY LLC,00868191,1300 THAMES STREET,C/O SHARED SERVICES COMPLIANCE - REGISTR,BALTIMORE,MD,21231,Deloitte  Touche LLP,30 Rockefeller Plaza,New York,NEW YORK,10112-0015,Certified Public Accountant,12-31-2024,0001193125-25-037255,xml
2051,0001457715,KIDRON CAPITAL SECURITIES LLC,00868192,152 WEST 57TH STREET,37TH FL,NEW YORK,NY,10019,"OHAB AND COMPANY, PA",100 E. SYBELIA AVENUE SUITE 130,MAITLAND,FLORIDA,32751,Certified Public Accountant,12-31-2023,0001457715-24-000001,xml
2052,0001457716,VIRTU AMERICAS LLC,00868193,1633 BROADWAY,41ST FLOOR,NEW YORK,NY,10019,PricewaterhouseCoopers LLP,300 Madison Avenue,New York,NEW YORK,10017,Certified Public Accountant,12-31-2024,0001457716-25-000011,xml
2053,0001458588,"CCS TRANSACTIONS, LLC",00868203,150 SOUTH FIFTH STREET,SUITE 2700,MINNEAPOLIS,MN,55402,"Baker Tilly US, LLP","225 S 6th St, Ste 2300",Minneapolis,MINNESOTA,55402,Certified Public Accountant,12-31-2020,0001458588-21-000003,xml
2054,0001459218,INVESTMENT RESEARCH CONSORTIUM SECURITIES LLC,00868208,420 LEXINGTON AVENUE,SUITE 300,NEW YORK,NY,10170,,,,,,,,,paper
2055,0001460185,"MENSURA SECURITIES, LLC",00868210,3060 PEACHTREE ROAD NW,SUITE 1600,ATLANTA,GA,30305,"OHAB AND COMPANY, PA",100 E SYBELIA AVENUE,MAITLAND,FLORIDA,32751,Certified Public Accountant,12-31-2024,0001460185-25-000001,xml
2056,0001461130,"TNCP, LLC",00868220,9 WEST BROAD STREET,SUITE 510,STAMFORD,CT,06902,"Ohab and Company, PA",100 E Sybelia Ave,Maitland,FLORIDA,32751,Certified Public Accountant,12-31-2024,0001461130-25-000001,xml
2057,0001461556,"AVENDUS CAPITAL, INC.",00868226,445 PARK AVENUE 19TH FLOOR,,NEW YORK,NY,10022,"Meisel, Tuteur  Lewis, P.C.",105 Eisenhower Parkway,Roseland,NEW JERSEY,07068,Certified Public Accountant,03-31-2025,0001461556-25-000004,xml
2058,0001462100,FOROS SECURITIES LLC,00868233,461 FIFTH AVENUE,17TH FLOOR,NEW YORK,NY,10017,WithumSmith  Brown,200 Jefferson Park #400,Whippany,NEW JERSEY,07891,Certified Public Accountant,12-31-2024,0001462100-25-000003,xml
2059,0001462258,HUB INTERNATIONAL INVESTMENT SERVICES INC.,00868237,"9200 WARD PARKWAY, SUITE 500",,KANSAS CITY,MO,64114,"FGMK, LLC",333 W. Wacker Drive,Chicago,ILLINOIS,60606,Certified Public Accountant,12-31-2024,0001462258-25-000004,xml
2060,0001462259,"CHINA ECAPITAL PARTNERS, LLC",00868238,144 MASTERPIECE,,IRVINE,CA,92618,,,,,,,,,paper
2061,0001462328,"PACIFIC POINT SECURITIES, LLC",00868239,"2300 E. KATELLA, SUITE 275",,ANAHEIM,CA,92806-6047,,,,,,,,,paper
2062,0001462329,"PALMETTO ADVISORY GROUP, LLC",00868240,210 YELLOWTHROAT LANE,,KIAWAH ISLAND,SC,29455,SANVILLE  COMPANY,325 N. St Paul Street,Dallas,TEXAS,75201,Certified Public Accountant,12-31-2024,0001462329-25-000001,xml
2063,0001462624,SHANNON ADVISORS LLC,00868243,272 E. DEERPATH ROAD,SUITE 254,LAKE FOREST,IL,60045-5328,"FGMK, LLC","2801 Lakeside Drive, 3rd Floor",Bannockburn,ILLINOIS,60015,Certified Public Accountant,12-31-2024,0001462624-25-000002,xml
2064,0001463911,"YOUNG AMERICA CAPITAL, LLC",00868260,141 EAST BOSTON POST ROAD,,MAMARONECK,NY,10543,Sanville  Co,325 North St Paul St,Dallas,TEXAS,75201,Certified Public Accountant,06-30-2025,0001463911-25-000007,xml
2065,0001464021,"COVENTRY SECURITIES, LLC",00868262,7111 VALLEY GREEN ROAD,,FORT WASHINGTON,PA,19034,Marcum LLP,1601 Market Street,Philadelphia,PENNSYLVANIA,19103,Certified Public Accountant,11-30-2024,0002013816-25-000008,xml
2066,0001464022,"BDT & MSD PARTNERS, LLC",00868263,401 N. MICHIGAN AVE. SUITE 3100,,CHICAGO,IL,60611-4250,,,,,,,,,paper
2067,0001464542,"MSA SECURITIES, LLC",00868267,3110 MAIN STREET,SUITE 310,SANTA MONICA,CA,90405,,,,,,,,,paper
2068,0001464835,FOCUS SECURITIES LLC,00868273,7371 ATLAS WALK WAY,#259,GAINESVILLE,VA,20155,Bennett Thrasher LLP,3300 Riverwood Parkway,Atlanta,GEORGIA,30339,Certified Public Accountant,12-31-2024,0001464835-25-000001,xml
2069,0001465231,"REGULUS FINANCIAL GROUP, LLC",00868275,"2687 44TH STREET, SE, SUITE 101",,KENTWOOD,MI,49512,Maner Costerisan PC,2425 E Grand River Ave,Lansing,MICHIGAN,48912,Certified Public Accountant,12-31-2020,0001465231-21-000003,xml
2070,0001465556,"HEIGHT SECURITIES, LLC",00868277,"1401 NEW YORK AVENUE, NW",SUITE 700,WASHINGTON,DC,20005,"Michael Coglianese CPA, P.C.",1255 E Lake Street,Bloomingdale,ILLINOIS,60108,Certified Public Accountant,12-31-2024,0001465556-25-000002,xml
2071,0001465622,BREVAN HOWARD US LLC,00868278,1345 AVENUE OF THE AMERICAS,20TH FLOOR,NEW YORK,NY,10105,Citrin Cooperman  Company,50 Rockefeller Plaza,New York,NEW YORK,10017,Certified Public Accountant,12-31-2024,0001465622-25-000001,xml
2072,0001465857,SANTANDER US CAPITAL MARKETS LLC,00868282,437 MADISON AVENUE,6TH FLOOR,NEW YORK,NY,10022,PricewaterhouseCoopers LLP,300 Madison Avenue,New York,NEW YORK,10017,Certified Public Accountant,12-31-2024,0001465857-25-000003,xml
2073,0001466198,VALOR FINANCIAL SECURITIES LLC,00868291,521 WEST CENTRAL AVENUE,,WINTER HAVEN,FL,33880-2971,,,,,,,,,paper
2074,0001466376,"SSG CAPITAL ADVISORS, LLC",00868292,"300 BARR HARBOR DRIVE, SUITE 420",,WEST CONSHOHOCKEN,PA,19428,Nawrocki Smith,100 Motor Parkway,Hauppauge,NEW YORK,11788,Certified Public Accountant,12-31-2024,0001466376-25-000001,xml
2075,0001466476,DUNN RUSH & CO. LLC,00868293,"75 FEDERAL STREET, 21ST FLOOR",,BOSTON,MA,02110,"Rolleri Sheppard, CPAS, LLP",2150 Post Road,Fairfield,CONNECTICUT,06824,Certified Public Accountant,12-31-2024,0001466476-25-000001,xml
2076,0001466582,"EP SECURITIES, LLC",00868297,275 MADISON AVE,SUITE 1901,NEW YORK,NY,10016,,,,,,,,,paper
2077,0001466695,"FOURBRIDGES SECURITIES, LLC",00868298,"735 BROAD STREET, SUITE 1204",,CHATTANOOGA,TN,37402,,,,,,,,,paper
2078,0001466697,FLOW TRADERS U.S. LLC,00868300,1114 AVENUE OF THE AMERICAS,4TH FLOOR,NEW YORK,NY,10036,Ryan  Juraska LLP,141 West Jackson Boulevard,Chicago,ILLINOIS,60604,Certified Public Accountant,12-31-2024,0001466697-25-000008,xml
2079,0001467068,SILVERGROVE ADVISORS LLC,00868301,110 W. 40TH STREET,SUITE 302,NEW YORK,NY,10018,Cropper Accountancy Corporation,2700 Ygnacio Valley Rd.,Walnut Creek,CALIFORNIA,94596,Certified Public Accountant,12-31-2024,0001467068-25-000001,xml
2080,0001467070,MANULIFE JOHN HANCOCK BROKERAGE SERVICES LLC,00868303,200 BERKELEY STREET,,BOSTON,MA,02116,Ernst  Young LLP,200 Clarendon Street,Boston,MASSACHUSETTS,02116,Certified Public Accountant,12-31-2024,0001467070-25-000003,xml
2081,0001467283,Latour Trading LLC,00868304,120 BROADWAY,38TH FLOOR,NEW YORK,NY,10271,RSM US LLP,"30 South Wacker, Suite 3300",Chicago,ILLINOIS,60606,Certified Public Accountant,12-31-2024,0001467283-25-000004,xml
2082,0001467398,WATERMILL INSTITUTIONAL TRADING LLC,00868311,111 TOWN SQUARE PLACE,SUITE 1520,JERSEY CITY,NJ,07310,"Citrin Cooperman  Company, LLP",180 PARK AVENUE,FLORHAM PARK,NEW YORK,07932,Certified Public Accountant,12-31-2024,0001467398-25-000002,xml
2083,0001467713,"MJ CAPITAL PARTNERS, LLC",00868316,ONE CALIFORNIA PLAZA,"300 GRAND AVE., SUITE 4050",LOS ANGELES,CA,90071,BrookWeiner LLC,125 S. Wacker Drive,Chicago,ILLINOIS,60606,Certified Public Accountant,12-31-2015,0001467713-16-000019,xml
2084,0001467855,"SHEA & COMPANY, LLC",00868319,111 HUNTINGTON AVENUE,SUITE 2900,BOSTON,MA,02199,"Rolleri  Sheppard CPAS, LLP",2150 Post Road,Fairfield,CONNECTICUT,06824,Certified Public Accountant,12-31-2024,0001467855-25-000001,xml
2085,0001468209,SHARENETT SECURITIES LLC,00868326,"575 FIFTH AVENUE, 14TH FLOOR",5TH FLOOR,NEW YORK,NY,10017,"TUTTLE  BOND, PLLC",2954 GOEHMANN LANE,FREDRICKSBURG,TEXAS,78624,Certified Public Accountant,12-31-2024,0001468209-25-000001,xml
2086,0001468257,GREENSLEDGE CAPITAL MARKETS LLC,00868328,575 LEXINGTON AVENUE,32ND FLOOR,NEW YORK,NY,10022,KPMG LLP,345 Park Ave,New York,NEW YORK,100154,Certified Public Accountant,12-31-2024,0001468257-25-000001,xml
2087,0001468548,"CORE FINANCIAL, LLC",00868330,1086 N. FOURTH STREET - SUITE 108,,COLUMBUS,OH,43201,Crowe LLP,600 Superior Ave E,Cleveland,OHIO,44114,Certified Public Accountant,12-31-2024,0001468548-25-000001,xml
2088,0001468792,"HARBOR INVESTMENT ADVISORY, LLC",00868334,2330 W. JOPPA ROAD,SUITE 160,LUTHERVILLE,MD,21093,"SCH Attest Services, P.C.",910 Ridgebrook Road,Sparks,MARYLAND,21152,Certified Public Accountant,12-31-2024,0001468792-25-000002,xml
2089,0001469010,RISEVEST FINANCIAL SECURITIES LIMITED,00868336,140 BROADWAY,46 TH FLOOR,NEW YORK,NY,10005,"Ronald Blue  Co. CPAs and Consultants, LLP",1551 N. Tustin Ave,Santa Ana,CALIFORNIA,92705,Certified Public Accountant,12-31-2018,0001469010-19-000001,xml
2090,0001469150,"STRATCAP SECURITIES, LLC",00868338,"30 ROCKEFELLER PLAZA, SUITE 2050",ATTN: SUITE 140 COMPLIANCE,NEW YORK,NY,10112,"BDO USA, P.C.","200 Park Avenue, 38th Floor",New York,NEW YORK,10166,Certified Public Accountant,12-31-2024,0001469150-25-000005,xml
2091,0001469483,"ELARA SECURITIES, INC.",00868346,950 THIRD AVE,SUITE 1900 #2,NEW YORK,NY,10022,,,,,,,,,paper
2092,0001469553,"MILLENNIUM ADVISORS, LLC",00868349,11605 N COMMUNITY HOUSE DR.,SUITE 550,CHARLOTTE,NC,28277,"FORVIS, LLP","4350 Congress Street, Suite 900",Charlotte,NORTH CAROLINA,28209,Certified Public Accountant,12-31-2024,0001469553-25-000003,xml
2093,0001469724,TENEO SECURITIES LLC,00868354,280 PARK AVENUE,4TH FLOOR,NEW YORK,NY,10017,BDO USA P.C.,200 Park Avenue,New York,NEW YORK,10166,Certified Public Accountant,12-31-2024,0001469724-25-000001,xml
2094,0001470281,KKR CAPITAL MARKETS II LLC,00868358,30 HUDSON YARDS,,NEW YORK,NY,10001,DELOITTE  TOUCHE LLP,30 ROCKEFELLER PLAZZA,NEW YORK,NEW YORK,10112,Certified Public Accountant,12-31-2024,0001393338-25-000005,xml
2095,0001470736,BROOKFIELD PRIVATE ADVISORS LLC,00868370,BROOKFIELD PLACE,"250 VESEY STREET, 15TH FLOOR",NEW YORK,NY,10281-1021,Deloitte  Touche LLP,30 Rockefeller Plaza,New York,NEW YORK,10112,Certified Public Accountant,12-31-2024,0001470736-25-000003,xml
2096,0001471744,TAP SECURITIES LLC,00868381,505 PARK AVENUE,FL 9,NEW YORK,NY,10022,WithumSmith Brown PC,200 Jefferson Park,Whippany,NEW JERSEY,07981,Certified Public Accountant,12-31-2024,0001471744-25-000001,xml
2097,0001471978,NORTHERN EDGE CAPITAL ADVISORS LLC,00868386,747 THIRD AVE. 27TH FLOOR,,NEW YORK,NY,10017,Ferrara CPA,100 Horizon Center Blvd,Hamilton,NEW JERSEY,08691,Certified Public Accountant,12-31-2024,0001471978-25-000001,xml
2098,0001471980,"CONCORDE INVESTMENT SERVICES, LLC",00868388,3909 RESEARCH PARK DRIVE,SUITE 200,ANN ARBOR,MI,48108,Sanville  Co LLC,325 North Saint Paul St. Suite 3100,Dallas,TEXAS,75201,Certified Public Accountant,12-31-2024,0001471980-25-000002,xml
2099,0001472443,SOFI SECURITIES LLC,00868389,234 1ST STREET,"BUILDING A, SUITE 4700",SAN FRANCISCO,CA,94105,Deloitte Touche LLP,555 Mission Street,San Francisco,CALIFORNIA,94105,Certified Public Accountant,12-31-2024,0001472443-25-000003,xml
2100,0001472676,MOORGATE SECURITIES LLC,00868393,1686 UNION STREET,# 307,SAN FRANCISCO,CA,94123,"WithumSmith Brown, PC",200 Jefferson Park,Whippany,NEW JERSEY,07981,Certified Public Accountant,12-31-2024,0001472676-25-000001,xml
2101,0001473109,ABN AMRO SECURITIES (USA) LLC,00868398,303 GEORGE STREET,3RD FLOOR,NEW BRUNSWICK,NJ,08901,EY,1 Manhattan West,New York,NEW YORK,10001,Certified Public Accountant,12-31-2024,0001473109-25-000002,xml
2102,0001473290,"HARBOR VIEW ADVISORS, LLC",00868401,310 3RD STREET,SUITE 201,NEPTUNE BEACH,FL,32266,"Ennis Pellum  Associates, CPAS",5150 Belfort Rd. S,Jacksonville,FLORIDA,32256,Certified Public Accountant,12-31-2015,0001473290-16-000002,xml
2103,0001473695,HOLD BROTHERS CAPITAL LLC,00868404,ONE PENNSYLVANIA PLAZA,SUITE 1510,NEW YORK,NY,10119-1510,Davilla Advisory LLC,10135 MANVHESTER RD STE 206,SAINT LOUIS,MISSOURI,63122,Certified Public Accountant,12-31-2023,0001473695-25-000005,xml
2104,0001473697,"WR SECURITIES, LLC",00868406,757 THIRD AVENUE,SIXTH FLOOR,NEW YORK,NY,10017-2013,Sanville  Company,2617 Huntingdon Pike,Huntingdon Valley,PENNSYLVANIA,19006,Certified Public Accountant,12-31-2024,0001473697-25-000002,xml
2105,0001475022,PERTH ADVISORS LLC,00868423,170 COMMERCE WAY,SUITE 200,PORTSMOUTH,NH,03801,Spicer Jeffries LLP,"4601 DTC Parkway, Suite 700",Denver,COLORADO,80234,Certified Public Accountant,09-30-2025,0001475022-25-000005,xml
2106,0001475313,"BRIDGE STREET SECURITIES, LLC",00868428,535 MISSION STREET,14TH FLOOR,SAN FRANCISCO,CA,94105,Ernst Wintter  Associates,675 Ygnacio Valley Rd.,Walnut Creek,CALIFORNIA,94526,Certified Public Accountant,12-31-2018,0001475313-19-000002,xml
2107,0001475597,HRT FINANCIAL LP,00868430,"3 WORLD TRADE CENTER, 175 GREENWICH STRE",76TH FLOOR,NEW YORK,NY,10007,Ernst  Young LLP,One Manhattan West,New York,NEW YORK,10001,Certified Public Accountant,12-31-2024,0001475597-25-000011,xml
2108,0001475861,"CHAFFE SECURITIES, INC.",00868433,201 ST. CHARLES AVENUE,SUITE 1410,NEW ORLEANS,LA,70170-1410,"LaPorte, APAC",5100 Village Walk,Covington,LOUISIANA,70433,Certified Public Accountant,12-31-2022,0001475861-23-000002,xml
2109,0001476588,"CANNON SECURITIES, INC.",00868437,649 SOUTH MILLEDGE AVE,SUITE 6,ATHENS,GA,30605,"Moore, Colson,  Company P.C.",600 Galleria Parkway SE,Atlanta,GEORGIA,30339,Certified Public Accountant,12-31-2024,0001476588-25-000001,xml
2110,0001476944,STONE KEY SECURITIES LLC,00868440,411 WEST PUTNAM AVENUE,,GREENWICH,CT,06830,BDG-CPAs,76 North Walnut Street,Ridgewood,NEW JERSEY,07450,Certified Public Accountant,12-31-2024,0001476944-25-000001,xml
2111,0001477073,COOK PINE SECURITIES LLC,00868444,2 SOUND VIEW DRIVE,2ND FLOOR,GREENWICH,CT,06830,YSL  Associates LLC,"11 Broadway, Suite 700",New York,NEW YORK,10004,Certified Public Accountant,12-31-2024,0001477073-25-000002,xml
2112,0001477074,"ONE AMHERST PARTNERS, L.L.C.",00868445,"255 EAST BROWN STREET, SUITE 120",,BIRMINGHAM,MI,48009,,,,,,,,,paper
2113,0001477338,FORTRESS CAPITAL FORMATION LLC,00868449,"1345 AVENUE OF THE AMERICAS, 45TH FLOOR",,NEW YORK,NY,10105,,,,,,,,,paper
2114,0001477615,LARRAINVIAL SECURITIES US LLC,00868452,400 MADISON AVENUE,SUITE 5C,NEW YORK,NY,10017,KPMG Auditores Consultores Ltda.,"Rosario Norte 660, 21th floor","Las Condes, Santiago",CHILE,7550071,Certified Public Accountant not resident in United States or any of its possessions,12-31-2024,0001477615-25-000001,xml
2115,0001477617,"SUMRIDGE PARTNERS, LLC",00868454,111 TOWN SQUARE,,JERSEY CITY,NJ,07310,KPMG,100 North Tampa Street,Tampa,FLORIDA,33602,Certified Public Accountant,09-30-2024,0001477617-24-000003,xml
2116,0001478145,"LARSON FINANCIAL SECURITIES, LLC",00868456,100 N BROADWAY,SUITE 1700,SAINT LOUIS,MO,63102,"UHY, LLP",201 Old Country Road,Melville,NEW YORK,11747,Certified Public Accountant,12-31-2024,0001478145-25-000001,xml
2117,0001478146,"BOURSA INVESTMENTS, INC.",00868457,3130 BONITA RD,APT 206,CHULA VISTA,CA,91910,Brian W. Anson CPA,18455 Burbank Blvd.,Tarzana,CALIFORNIA,91356,Certified Public Accountant,12-31-2024,0001478146-25-000001,xml
2118,0001478147,MICROVENTURE MARKETPLACE INC.,00868458,2903 E 2ND ST,SUITE 100,AUSTIN,TX,78702,,,,,,,,,paper
2119,0001478226,"CREWE CAPITAL, LLC",00868460,650 S MAIN ST,SUITE 777,SALT LAKE CITY,UT,84101,"Kremer, Leigh, J.",95 Locust Avenue,Red Bank,NEW JERSEY,07701,Certified Public Accountant,12-31-2016,0001478226-17-000003,xml
2120,0001478227,"ERNST & YOUNG CAPITAL ADVISORS, LLC",00868461,ONE MANHATTAN WEST,17TH FLOOR,NEW YORK,NY,10001,,,,,,,,,paper
2121,0001478318,"BRYAN GARNIER SECURITIES, LLC",00868463,750 LEXINGTON AVENUE,16TH FLOOR,NEW YORK,NY,10022,"Michael Coglianese CPA, P.C.","125 E. Lake Street, Ste 303",Bloomindale,ILLINOIS,60108,Certified Public Accountant,12-31-2024,0001478318-25-000001,xml
2122,0001478512,"WEALTHFORGE SECURITIES, LLC",00868464,3015 W MOORE ST,SUITE 102,RICHMOND,VA,23230,Keiter,4401 Dominion Blvd,Richmond,VIRGINIA,23060,Certified Public Accountant,12-31-2024,0001478512-25-000001,xml
2123,0001478895,WOODSIDE CAPITAL SECURITIES LLC,00868469,2650 BIRCH STREET,SUITE 100,PALO ALTO,CA,94306,Cropper Accountancy Corp,2700 Ygnacio Valley Rd.,Walnut Creek,CALIFORNIA,94596,Certified Public Accountant,12-31-2024,0001478895-25-000001,xml
2124,0001479459,"MCP SECURITIES, LLC",00868473,76 IVY WAY,25TH FLOOR,PORT WASHINGTON,NY,11050,"TUTTLE  BOND, PLLC",348 SOUTH US HWY 77,GIDDINGS,TEXAS,78942,Certified Public Accountant,12-31-2024,0001479459-25-000001,xml
2125,0001480301,"EDGELINE CAPITAL, LLC.",00868475,11726 SAN VICENTE BLVD.,SUITE 610,LOS ANGELES,CA,90049,Dylan Floyd Accounting and Consulting,20909 Judan Lane,Newhall,CALIFORNIA,91321,Certified Public Accountant,12-31-2024,0001480301-25-000002,xml
2126,0001480302,WELLINGTON FUNDS DISTRIBUTORS INC.,00868476,280 CONGRESS STREET,,BOSTON,MA,02210,PricewaterhouseCoopers LLP,101 Seaport Blvd,Boston,MASSACHUSETTS,02210,Certified Public Accountant,12-31-2024,0001480302-25-000002,xml
2127,0001480449,"GLOBALIST CAPITAL, LLC",00868478,100 WILSHIRE BLVD.,SUITE 750,SANTA MONICA,CA,90401,Sanville  Company LLC,325 Saint Paul Street,Dallas,TEXAS,75201,Certified Public Accountant,12-31-2024,0001480449-25-000001,xml
2128,0001480937,ATLAS TECHNOLOGY GROUP LLC,00868480,1300 EL CAMINO REAL,"SUITE 100, #47",MENLO PARK,CA,94025,"Rodefer Moss  Co, PLLC",608 Mabry Hood Rd,Knoxville,TENNESSEE,37932,Certified Public Accountant,12-31-2024,0001480937-25-000004,xml
2129,0001481875,"ASCENDIANT CAPITAL MARKETS, LLC",00868487,"4 PARK PLAZA, SUITE 1950",,IRVINE,CA,92614,,,,,,,,,paper
2130,0001482025,ASHMORE INVESTMENT MANAGEMENT (US) CORPORATION,00868490,437 MADISON AVENUE,SUITE 1904,NEW YORK,NY,10022,Ernst  Young LLP,One Manhattan West,New York,NEW YORK,10001,Certified Public Accountant,06-30-2025,0001482025-25-000003,xml
2131,0001482026,"FWS RETIREMENT SERVICES, LLC",00868491,100 MONTGOMERY STREET,SUITE 2000,SAN FRANCISCO,CA,94104,Ernst Wintter  Associates,675 Ygnacio Valley Rd.,Walnut Creek,CALIFORNIA,94596,Certified Public Accountant,12-31-2024,0001482026-25-000001,xml
2132,0001482579,"CREATIVEONE SECURITIES, LLC",00868494,"6330 SPRINT PARKWAY, SUITE 400",,OVERLAND PARK,KS,66211,Moss Adams LLP,999 Third Avenue,Seattle,WASHINGTON,98104,Certified Public Accountant,12-31-2024,0001482579-25-000001,xml
2133,0001482939,"1851 SECURITIES, INC",00868495,ONE AMERICAN ROW,,HARTFORD,CT,06102,,,,,,,,,paper
2134,0001483462,HENNEPIN PARTNERS LLC,00868498,730 SECOND AVENUE SOUTH,SUITE 285,MINNEAPOLIS,MN,55402,"Sanville  Company, LLC",325 North Saint Paul St.,Dallas,TEXAS,75201,Certified Public Accountant,12-31-2024,0001483462-25-000001,xml
2135,0001484718,"KAPITALL GENERATION, LLC",00868508,301 CONGRESS AVE.,SUITE 2200,AUSTIN,TX,78701,,,,,,,,,paper
2136,0001486231,"SAYBRUS EQUITY SERVICES, LLC",00868521,P.O. BOX 5056,,HARTFORD,CT,06102-5056,,,,,,,,,paper
2137,0001486350,"AMERICAN ELM DISTRIBUTION PARTNERS, LLC",00868523,155 FLEET STREET,SUITE 125,PORTSMOUTH,NH,03801,David Lundgren  Company,505 North Mur-Len Road,Olathe,KANSAS,66062,Certified Public Accountant,06-30-2025,0001486350-25-000004,xml
2138,0001486675,RACE ROCK CAPITAL LLC,00868528,7 WAINWRIGHT ROAD,UNIT #99,WINCHESTER,MA,01890,Ferrara CPA,100 Horizon Center Blvd,Hamilton,NEW JERSEY,08691,Certified Public Accountant,12-31-2024,0001486675-25-000001,xml
2139,0001487279,WEALTHFRONT BROKERAGE LLC,00868534,261 HAMILTON AVE,,PALO ALTO,CA,94301,Ernst and Young,560 Mission Street,San Francisco,CALIFORNIA,94105-2907,Certified Public Accountant,01-31-2025,0001487279-25-000003,xml
2140,0001487655,GP NURMENKARI INC.,00868538,"22 ELIZABETH STREET, SONO SQUARE",SUITE 1J,NORWALK,CT,06854,"Ohab  Company, P.A.",100 East Sybelia Avenue,Maitland,FLORIDA,32751,Certified Public Accountant,12-31-2024,0001487655-25-000001,xml
2141,0001487800,"STAR MOUNTAIN ADVISORS, LLC",00868541,"2 GRAND CENTRAL TOWER, 140 EAST 5TH STRE","30TH FLOOR, SUITE 30A",NEW YORK,NY,10017,"Alperin, Nebbia  Associates, CPA, PA",375 Passaic Avenue,Fairfiled,NEW JERSEY,07004,Certified Public Accountant,12-31-2023,0001487800-24-000002,xml
2142,0001487801,"APOLLO GLOBAL SECURITIES, LLC",00868542,9 WEST 57TH STREET,48TH FL,NEW YORK,NY,10019-2701,Deloitte  Touche LLP,30 Rockefeller Plaza,New York,NEW YORK,10112-0015,Certified Public Accountant,12-31-2024,0001487801-25-000002,xml
2143,0001487804,"BA SECURITIES, LLC",00868545,FOUR TOWER BRIDGE,"200 BARR HARBOR DRIVE, SUITE 400",W. CONSHOHOCKEN,PA,19428,,,,,,,,,paper
2144,0001488053,"CC SECURITIES, LLC",00868546,3 LANDMARK SQUARE,5TH FLOOR,STAMFORD,CT,06901,"RW Group, LLC","400 Old Forge Lane, Suite 401",Kennett Square,PENNSYLVANIA,19348,Certified Public Accountant,12-31-2024,0001488053-25-000001,xml
2145,0001488054,"CASSEL SALPETER & CO., LLC",00868547,801 BRICKELL AVENUE,SUITE 1900,MIAMI,FL,33131,"Kaufman Rossin  Co., P.A.",3310 Mary Street,Miami,FLORIDA,33133,Certified Public Accountant,12-31-2024,0001488054-25-000003,xml
2146,0001488377,INDEPENDENT BROKERAGE SOLUTIONS LLC,00868549,485 MADISON AVENUE,15TH FLOOR,NEW YORK,NY,10022,YSL  Associates LLC,11 Broadway - Suite 700,New York,NEW YORK,10004,Certified Public Accountant,12-31-2024,0001488377-25-000002,xml
2147,0001488379,"STONELIVING SECURITIES, LLC",00868551,233 8TH STREET,,WEST PALM BEACH,FL,33401,"Plante Moran, PLLC",10 South Riverside Plaza,Chicago,ILLINOIS,60606,Certified Public Accountant,03-31-2025,0001488379-25-000003,xml
2148,0001488542,"SIMPLEX TRADING, LLC",00868556,230 S. LASALLE STREET,SUITE 08-500,CHICAGO,IL,60604,RSM US LLP,30 S Wacker Dr,Chicago,ILLINOIS,60606,Certified Public Accountant,12-31-2024,0001488542-25-000005,xml
2149,0001488543,"GLC SECURITIES, LLC",00868557,600 LEXINGTON AVENUE,9TH FLOOR,NEW YORK,NY,10022,"Goldman  Company, CPA's, P.C.",3535 Roswell Road,Marietta,GEORGIA,30062,Certified Public Accountant,12-31-2024,0001488543-25-000002,xml
2150,0001489070,"CIGNA BENEFITS FINANCING, INC.",00868563,900 COTTAGE GROVE RD,WILDE BUILDING-A4COL,BLOOMFIELD,CT,06002,,,,,,,,,paper
2151,0001490302,"CILLIAN HOLDINGS, LLC",00868572,"535 FIFTH AVENUE, 4TH FLOOR",,NEW YORK,NY,10017,"Tuttle  Bond, PLLC",2954 Goehmann Lane,Fredericksburg,TEXAS,78624,Certified Public Accountant,12-31-2024,0001490302-25-000001,xml
2152,0001490968,AERIS PARTNERS LLC,00868579,500 BOYLSTON STREET,18TH FLOOR,BOSTON,MA,02116,"Moody Famiglietti  Andronico, LLP",1 Highland Drive,Tewksbury,MASSACHUSETTS,01876,Certified Public Accountant,12-31-2019,0001490968-20-000001,xml
2153,0001490969,"QUADRIGA SECURITIES, LLC",00868580,44 COOK STREET,SUITE 255,DENVER,CO,80206,,,,,,,,,paper
2154,0001491105,BRATTLE ADVISORS LLC,00868585,"53 STATE STREEET, SUITE 500",,BOSTON,MA,02109,Ohab and Company PA,100 E Sybelia Ave,Maitland,FLORIDA,32751,Certified Public Accountant,12-31-2024,0001491105-25-000001,xml
2155,0001491641,SILICON VALLEY PARTNERS LLC,00868589,5458 E CHOLLA STREET,,SCOTTSDALE,AZ,85254,"Goldman  Company, CPAs P.C.","3535 Roswell Rd., Suite 32",Marietta,GEORGIA,30062,Certified Public Accountant,12-31-2024,0001491641-25-000001,xml
2156,0001491642,"QUANTRIVER FINANCIAL, LLC",00868590,6430 PLANTATION PARK COURT,SUITE 310,FORT MYERS,FL,33966,"Rubio CPA, PC",3500 Lenox Road NE,Atlanta,GEORGIA,30326,Certified Public Accountant,12-31-2024,0001491642-25-000003,xml
2157,0001491645,"CENTERBOARD SECURITIES, LLC",00868593,"9430 RESEARCH BLVD., SUITE 120",,AUSTIN,TX,78759,,,,,,,,,paper
2158,0001491895,OTC LINK LLC,00868596,300 VESEY STREET,"(1 NORTH END AVE), 12TH FLOOR",NEW YORK,NY,10282,Deloitte  Touche LLP,30 Rockefeller Plaza,New York,NEW YORK,10112,Certified Public Accountant,12-31-2024,0001491895-25-000001,xml
2159,0001491897,ARTIST CAPITAL LLC,00868598,20 WEST 55TH STREET,11TH FLOOR,NEW YORK,NY,10019,Spicer Jeffries,"4601 DTC BLVD, Suite 700",Denver,COLORADO,80237,Certified Public Accountant,12-31-2024,0001491897-25-000004,xml
2160,0001492087,CITCO SECURITIES INC.,00868601,151 YONGE STREET,8TH FLOOR,"TORONTO, ONTARIO",,M5C 2W7,Deloitte  Touche LLP,30 Rockefeller Plaza,New York,NEW YORK,10112,Certified Public Accountant,12-31-2024,0001492087-25-000001,xml
2161,0001492493,ROC GLOBAL LLC,00868605,535 FIFTH AVENUE,4TH FLOOR,NEW YORK,NY,10017,,,,,,,,,paper
2162,0001492598,"FMX EXECUTION, LLC",00868606,55 WATER STREET,,NEW YORK,NY,10041,Ernst  Young LLP,One Manhattan West,New York,NEW YORK,10001,Certified Public Accountant,12-31-2024,0001492598-25-000003,xml
2163,0001492911,"INDEPENDENT INVESTMENT BANKERS, CORP.",00868609,2900 NORTH QUINLAN PARK RD.,SUITE# 240-235,AUSTIN,TX,78732,Bauer  Company LLC,5910 Courtyard Drive,Austin,TEXAS,78731,Certified Public Accountant,12-31-2016,0001492911-17-000002,xml
2164,0001492913,SPAREBANK 1 CAPITAL MARKETS INC.,00868611,260 MADISON AVE,SUITE 704,NEW YORK,NY,10016,,,,,,,,,paper
2165,0001493525,"STONEPINE ADVISORS, LLC",00868618,9151 E HARVARD AVE,SUITE 104,DENVER,CO,80231,,,,,,,,,paper
2166,0001493619,"LCT CAPITAL, LLC",00868620,80 PASCAL LN,STE. 320,AUSTIN,TX,78746,,,,,,,,,paper
2167,0001493868,BLACKARCH SECURITIES LLC,00868621,227 W. TRADE STREET,SUITE 2200,CHARLOTTE,NC,28202,Cherry Bekaert LLP,"1111 Metropolitan Ave., 1000",Charlotte,NORTH CAROLINA,28204,Certified Public Accountant,12-31-2019,0001493868-20-000002,xml
2168,0001494204,"NORTH INLET ADVISORS, LLC",00868624,2115 REXFORD RD,SUITE 224,CHARLOTTE,NC,28211,"Cherry, Bekaert  Holland, LLP",3800 Glenwood Avenue,Raleigh,NORTH CAROLINA,27612,Certified Public Accountant,12-31-2024,0001494204-25-000001,xml
2169,0001494443,"MSEC, LLC",00868627,5700 W 112TH STREET,SUITE 500,OVERLAND PARK,KS,66211,,,,,,,,,paper
2170,0001494444,"MINISTRY PARTNERS SECURITIES, LLC",00868628,340 NORTH WESTLAKE BLVD,SUITE 160,WESTLAKE VILLAGE,CA,91362,,,,,,,,,paper
2171,0001494660,ELM CAPITAL USA LIMITED,00868633,"7TH FLOOR, SOUTHWEST HOUSE","11A REGENT STREET, ST JAMES",LONDON,,SW1Y 4LR,Morris Morris PC,32 Kearney Road,Needham Heights,UNITED KINGDOM,MA 02494,Certified Public Accountant,12-31-2024,0001494660-25-000001,xml
2172,0001495485,"T3 TRADING GROUP, LLC",00868639,88 PINE STREET,23RD FLOOR,NEW YORK,NY,10005,Assurance Dimensions Certified Public Accountants  Associates,3111 N University Drive,Coral Springs,FLORIDA,33065,Certified Public Accountant,12-31-2024,0001495485-25-000004,xml
2173,0001495896,"TOURMALINE PARTNERS, LLC",00868644,680 WASHINGTON BLVD.,10TH FLOOR,STAMFORD,CT,06901,RSM US LLP,151 W 42nd Street,New York,NEW YORK,10036,Certified Public Accountant,12-31-2024,0001495896-25-000004,xml
2174,0001495902,CAIS CAPITAL LLC,00868646,527 MADISON AVENUE,2ND FLOOR,NEW YORK,NY,10022,Ernst  Young LLP,One Manhattan West,New York,NEW YORK,42,Certified Public Accountant,12-31-2024,0001495902-25-000002,xml
2175,0001496217,LLOYDS SECURITIES INC.,00868647,1095 AVENUE OF THE AMERICAS,,NEW YORK,NY,10036,,,,,,,,,paper
2176,0001496269,NORTH CAPITAL PRIVATE SECURITIES CORPORATION,00868648,623 E FT UNION BLVD,SUITE 101,SALT LAKE CITY,UT,84047,Haynie  Company,1785 West 2320 South,Salt Lake City,UTAH,84119,Certified Public Accountant,03-31-2025,0001496269-25-000004,xml
2177,0001496270,"MAR & ASSOCIATES, INC",00868649,"1901 AVENUE OF THE STARS, 2ND FLOOR",,LOS ANGELES,CA,90067,Armanino LLP,21600 Oxnard Street,Woodland Hills,ARIZONA,91367,Certified Public Accountant,12-31-2019,0001496270-20-000003,xml
2178,0001496738,"CHURCHILL STATESIDE SECURITIES, LLC",00868652,"203 N LASALLE ST, SUITE 2100",,CHICAGO,IL,60601,"GOLDMAN  COMPANY, CPA'S, P.C.",3535 ROSWELL RD,MARIETTA,GEORGIA,30061,Certified Public Accountant,12-31-2024,0001496738-25-000002,xml
2179,0001497099,"GM SECURITIES, LLC",00868655,"833 E. MICHIGAN STREET, SUITE 1420",,MILWAUKEE,WI,53202,"Jendrach Accounting and Professional Services, LLC","4811 South 76th St, Suite 415",Greenfield,WISCONSIN,53220,Certified Public Accountant,12-31-2024,0001497099-25-000001,xml
2180,0001497226,BMI CAPITAL INTERNATIONAL LLC,00868658,3172 31ST ST,6C,ASTORIA,NY,11106,DCPA,2121 Avenue of the Stars #800,Century City,CALIFORNIA,90067,Certified Public Accountant,06-30-2025,0001497226-25-000003,xml
2181,0001497227,HASI SECURITIES LLC,00868659,ONE PARK PLACE,SUITE 200,ANNAPOLIS,MD,21401,Ernst  Young LLP,1775 Tysons Blvd,Tysons,VIRGINIA,22102,Certified Public Accountant,12-31-2024,0001497227-25-000001,xml
2182,0001497229,"BOWNE PARK CAPITAL, INC.",00868661,189-14 CROCHERON AVE,#305,FLUSHING,NY,11358-2338,,,,,,,,,paper
2183,0001497307,"CROSSTREE CAPITAL SECURITIES, LLC",00868662,PO BOX 260095,SUITE 625,TAMPA,FL,33685-0095,Spicer Jeffries LLP,"4601 DTC Blvd., Suite 700",Denver,COLORADO,80237,Certified Public Accountant,12-31-2024,0001497307-25-000001,xml
2184,0001497721,HEDGESERV INVESTMENT SERVICES LLC,00868668,8081 ARCO CORPORATE DRIVE,SUITE 100,RALEIGH,NC,27617,Ernst  Young LLP,One Manhattan West,New York,NEW YORK,10001,Certified Public Accountant,12-31-2024,0001497721-25-000001,xml
2185,0001497950,"TIGRESS FINANCIAL PARTNERS, LLC",00868671,410 PARK AVENUE,12TH FLOOR,NEW YORK,NY,10022,WEI WEI CL LLP,133-10 39TH AVENUE,FLUSHING,NEW YORK,11354,Certified Public Accountant,12-31-2024,0001497950-25-000002,xml
2186,0001498193,"COMMONWEALTH ADVISORS, INC.",00868673,"1017 MUMMA ROAD, SUITE 302",,LEMOYNE,PA,17043,"GOLDMAN AND COMPANY, CPAS, PC",3535 ROSWELL RD,MARIETTA,GEORGIA,30062,Certified Public Accountant,12-31-2024,0001498193-25-000001,xml
2187,0001498307,INTREPID INVESTMENT BANKERS LLC,00868674,"11755 WILSHIRE BLVD., SUITE 2150 AND 220",,LOS ANGELES,CA,90025,,,,,,,,,paper
2188,0001498488,CCA CAPITAL LLC,00868676,"ONE BOSTON PLACE, 201 WASHINGTON ST., SU",,BOSTON,MA,02108,KPMG LLP,"One Financial Plaza, 755 Main Street",Hartford,CONNECTICUT,06103-2608,Certified Public Accountant,12-31-2024,0001498488-25-000001,xml
2189,0001498570,TD FINANCIAL PRODUCTS LLC,00868677,71 S. WACKER DRIVE,SUITE 550,CHICAGO,IL,60606,Ernst  Young LLP,One Manhattan West,New York,NEW YORK,60606,Certified Public Accountant,10-31-2024,0001498570-24-000010,xml
2190,0001499417,"MCDERMOTT INVESTMENT SERVICES, LLC",00868683,P.O. BOX 1889,,BETHLEHEM,PA,18016,Sanville  Company LLC,2617 Huntingdon Pike,Huntingdon Valley,PENNSYLVANIA,19006,Certified Public Accountant,12-31-2024,0001499417-25-000001,xml
2191,0001499647,DAM CAPITAL (USA) INC.,00868685,42 BROADWAY,SUITE 12-129,NEW YORK,NY,10004,Mercurius  Associates LLP,A94/8 Wazripur Industrial Area,New Delhi,INDIA,110052,Certified Public Accountant not resident in United States or any of its possessions,03-31-2025,0001499647-25-000002,xml
2192,0001499812,PIMCO INVESTMENTS LLC,00868686,1633 BROADWAY,45TH FLOOR,NEW YORK,NY,10019,,,,,,,,,paper
2193,0001500185,"CRI M&A ADVISORS, LLC",00868689,7035 HALCYON PARK DRIVE,SUITE 307,MONTGOMERY,AL,36117,"Elliott Davis, LLC",341 Cool Springs Blvd.,Franklin,TENNESSEE,37067,Certified Public Accountant,12-31-2021,0001500185-22-000006,xml
2194,0001500531,"MBS CAPITAL MARKETS, LLC",00868690,1902 S. MACDILL AVENUE,,TAMPA,FL,33629,ACCELL CPA  ASSOCIATES P.A.,8270 WOODLAND CENTER BOULEVARD-#3245,TAMPA,FLORIDA,33614,Certified Public Accountant,12-31-2024,0001500531-25-000001,xml
2195,0001500533,ATB CAPITAL MARKETS USA INC.,00868692,"#410, 585 8TH AVENUE SW",SUITE 1100,CALGARY,,T2P 1G1,Pannell Kerr Forster of Texas,5847 San Felipe St. Suite 2600,Hourston,TEXAS,77057-3000,Certified Public Accountant,03-31-2025,0001500533-25-000001,xml
2196,0001500767,"G.DISTRIBUTORS, LLC",00868697,ONE CORPORATE CENTER,,RYE,NY,10580-1435,,,,,,,,,paper
2197,0001501159,CAPULENT LLC,00868699,4144 N 44TH STREET,STE 3,PHOENIX,AZ,85018,,,,,,,,,paper
2198,0001501393,ASANTE CAPITAL GROUP ADVISORS LLC,00868701,"4TH FLOOR, 25 OLD BURLINGTON STREET",BERKELEY SQUARE,LONDON,,W1S 3AN,RSM US LLP,"4 Time Square, 151 West 42nd Street",NY,NEW YORK,10036,Certified Public Accountant,03-31-2025,0001501393-25-000001,xml
2199,0001501684,ECHELON CAPITAL,00868705,2321 ROSECRANS AVENUE,SUITE 3285,EL SEGUNDO,CA,90245,,,,,,,,,paper
2200,0001501847,LPS CAPITAL LLC,00868706,600 LEXINGGTON AVENUE,SUITE 502,NEW YORK,NY,10022,BDG-CPAs,76 N. Walnut St,Ridgewood,NEW JERSEY,07450,Certified Public Accountant,12-31-2024,0001501847-25-000001,xml
2201,0001502184,"CENTRAL STATES CAPITAL MARKETS, LLC",00868711,4200 W 83RD STREET,SUITE 101,PRAIRIE VILLAGE,KS,66208,"Hotl  Patterson, LLC",260 Chesterfield Industrial Blvd,Chesterfield,MISSOURI,63005,Certified Public Accountant,12-31-2024,0001502184-25-000002,xml
2202,0001502862,"BELLMARK PARTNERS, LLC",00868714,75 CENTRAL STREET,2ND FLOOR,BOSTON,MA,02109,,,,,,,,,paper
2203,0001503344,UNITED FIRST PARTNERS LLC,00868718,3 COLUMBUS CIRCLE,SUITE 1730,NEW YORK,NY,10019,Berkower LLC,"517 Route 1, Suite 1403",Iselin,NEW JERSEY,08830,Certified Public Accountant,12-31-2024,0001503344-25-000003,xml
2204,0001503345,"WINTOUR & COMPANY, INC.",00868719,213 FULTON STREET,,WESTBURY,NY,11590,Mercurius  Associates,A94/8 Wazirpur Industrial Area,Delhi,INDIA,110052,Certified Public Accountant not resident in United States or any of its possessions,12-31-2024,0001503345-25-000002,xml
2205,0001503998,"TOWERBROOK FINANCIAL, L.P.",00868721,"PARK AVENUE TOWER, 65 EAST 55TH STREET",19TH FLOOR,NEW YORK,NY,10022,PricewaterhouseCoopers LLP,300 Madison Avenue,New York,NEW YORK,10017,Certified Public Accountant,12-31-2024,0001503998-25-000001,xml
2206,0001503999,"EQUILIBRIUM CAPITAL SERVICES, LLC",00868722,"411 NW PARK AVE, SUITE 401",,PORTLAND,OR,97209,Moss Adams LLP,"14555 Dallas Pkwy, Suite 300",Dallas,TEXAS,75254,Certified Public Accountant,12-31-2024,0001503999-25-000001,xml
2207,0001504000,"TC2000 BROKERAGE, INC.",00868723,PO BOX 1140,,WILMINGTON,NC,28402,"GOLDMAN AND COMPANY, CPAs, PC",3535 ROSWELL RD,MARIETTA,GEORGIA,30062,Certified Public Accountant,12-31-2024,0001504000-25-000001,xml
2208,0001504259,SHERMAN & COMPANY LLC,00868725,6302 FAIRVIEW ROAD SUITE 309,,CHARLOTTE,NC,28210,FERRARA CPA,100 HORIZON CENTER BLVD,HAMILTON,NEW JERSEY,08691,Certified Public Accountant,12-31-2024,0001504259-25-000001,xml
2209,0001504360,"LINCOLN DOUGLAS INVESTMENTS, LLC",00868728,1051 NEWARK RD,,MT. VERNON,OH,43050,,,,,,,,,paper
2210,0001504665,"DFPG INVESTMENTS, LLC",00868730,9017 S RIVERSIDE DRIVE,SUITE 210,SANDY,UT,84070,,,,,,,,,paper
2211,0001504666,FULCRUM CAPITAL MARKETS LLC,00868731,111 CONGRESS AVENUE,SUITE 2550,AUSTIN,TX,78701,,,,,,,,,paper
2212,0001504753,SGI SECURITIES LLC,00868732,7 PENN PLAZA,SUITE 1400,NEW YORK,NY,10001,"Weaver and Tidwell, LLP",4400 Post Oak Parkway,Houston,TEXAS,77027,Certified Public Accountant,12-31-2024,0001504753-25-000002,xml
2213,0001505688,"BAYRIDGE SECURITIES, LLC",00868739,350 BUSH STREET,,SAN FRANCISCO,CA,94104,,,,,,,,,paper
2214,0001505925,"EXEMPLAR CAPITAL, LLC",00868740,265 FRANKLIN STREET,SUITE 1702,BOSTON,MA,02110,,,,,,,,,paper
2215,0001506347,"APTO PARTNERS, LLC",00868746,5 COLD HILL ROAD SOUTH,SUITE 11,MENDHAM,NJ,07945,JVA Accountants  Advisors LLC,15 Broadway,Denville,NEW JERSEY,07834,Certified Public Accountant,12-31-2024,0001506347-25-000001,xml
2216,0001506755,"BERKERY NOYES SECURITIES, LLC",00868750,"250 PARK AVENUE, 14TH FLOOR",16TH FLOOR,NEW YORK,NY,10177,,,,,,,,,paper
2217,0001507076,VALKYRIE EQUITIES CORPORATION,00868754,14455 WEBB CHAPEL ROAD,SUITE 201,DALLAS,TX,75234,,,,,,,,,paper
2218,0001507413,CGIS SECURITIES LLC,00868758,990 BISCAYNE BLVD,SUITE 0-901,MIAMI,FL,33132,,,,,,,,,paper
2219,0001507414,"ANDBANC BROKERAGE, LLC",00868759,"201 S. BISCAYNE BOULEVARD, SUITE 1100",,MIAMI,FL,33131,,,,,,,,,paper
2220,0001507735,"REAGAN SECURITIES, INC.",00868760,"3495 PIEDMONT ROAD, NE","BUILDING 10, SUITE 920",ATLANTA,GA,30305,"GOLDMAN  COMPANY, CPA'S P.C.",3535 ROSWELL ROAD,MARIETTA,GEORGIA,30062,Certified Public Accountant,12-31-2024,0001507735-25-000001,xml
2221,0001507736,RB INTERNATIONAL MARKETS (USA) LLC,00868761,"1177 AVE. OF THE AMERICAS, 5TH FLOOR",,NEW YORK,NY,10036,WithumSmith Brown PC,1411 Broadway,New York,NEW YORK,10018,Certified Public Accountant,12-31-2024,0001507736-25-000001,xml
2222,0001507737,"HOULIHAN CAPITAL, LLC",00868762,"200 W. MADISON STREET, SUITE 2150",,CHICAGO,IL,60606,,,,,,,,,paper
2223,0001507991,"XTELLUS CAPITAL PARTNERS, INC.",00868766,"535 MADISON AVE., 5TH FLOOR","405 LEXINGTON AVE, 26TH FLOOR",NEW YORK,NY,10022,"Citrin Cooperman  Company, LLP",50 Rockefeller Plaza,New York,NEW YORK,10020,Certified Public Accountant,12-31-2024,0002013816-25-000035,xml
2224,0001509399,"KAYAN SECURITIES, INC.",00868770,"3470 WILSHIRE BLVD, # 626",,LOS ANGELES,CA,90010-3917,,,,,,,,,paper
2225,0001509400,"LOCUST WALK SECURITIES, LLC",00868771,420 BOYLSTON STREET,FLOOR 6,BOSTON,MA,02116,"Berrry, Dunn, McNeil  Parker LLC",2211 Congress St,Portland,MAINE,04102,Certified Public Accountant,12-31-2024,0001509400-25-000001,xml
2226,0001509401,"STOCKPILE INVESTMENTS, INC.",00868772,548 MARKET ST. PMB 61216,SUITE 200,SAN FRANCISCO,CA,94104-5401,,,,,,,,,paper
2227,0001509694,"MARIVA CAPITAL MARKETS, LLC",00868774,150 SE 2ND AVENUE,SUITE PH 4,MIAMI,FL,33131,"Crowe, LLP","485 Lexington Avenue, Floor 11",New York,NEW YORK,10017,Certified Public Accountant,12-31-2024,0001509694-25-000002,xml
2228,0001510683,PUNDION LLC,00868784,"230 PARK AVENUE, 4TH FLOOR",,NEW YORK,NY,10169,,,,,,,,,paper
2229,0001510785,"PHILPOTT BALL & WERNER, LLC",00868785,11325 NORTH COMMUNITY HOUSE ROAD,SUITE 430,CHARLOTTE,NC,28277,,,,,,,,,paper
2230,0001510900,EULAV SECURITIES LLC,00868789,1605 MAIN STREET,SUITE 912,SARASOTA,FL,34236,Cohen  Company ltd,1835 Market Street,Philadelphia,PENNSYLVANIA,19103,Certified Public Accountant,04-30-2025,0001510900-25-000002,xml
2231,0001511008,PALAZZO SECURITIES LLC,00868792,145 WEST 57TH STREET,17TH FLOOR,NEW YORK,NY,10010,,,,,,,,,paper
2232,0001511227,SMI CAPITAL MARKETS LLC,00868794,12715 NE 36TH STREET,,BELLEVUE,WA,98005,BF Borgers CPA PC,5400 W Cedar Avenue,Lakewood,COLORADO,80026,Certified Public Accountant,12-31-2023,0001096906-24-000724,xml
2233,0001511342,"SIENA GLOBAL SECURITIES, LLC",00868797,2992 BURDECK DRIVE,,OAKLAND,CA,94602,,,,,,,,,paper
2234,0001511838,"BUILDER ADVISOR GROUP, LLC",00868801,770 TAMALPAIS DRIVE,SUITE 401B,CORTE MADERA,CA,94925,Ernst Wintter  Associates LLP,675 Ygnacio Valley Road,Walnut Creek,CALIFORNIA,94596,Certified Public Accountant,03-31-2025,0002013816-25-000084,xml
2235,0001512343,SEABROOK PARTNERS LLC,00868807,1356 BEVERLY ROAD,SUITE 300,MCLEAN,VA,22101,,,,,,,,,paper
2236,0001513077,INCAPITAL DISTRIBUTORS LLC,00868814,233 SOUTH WACKER DRIVE,SUITE 4400,CHICAGO,IL,60606,,,,,,,,,paper
2237,0001513209,"XP INVESTMENTS US, LLC",00868817,701 BRICKELL AVENUE,#2120,MIAMI,FL,33131,PricewaterhouseCoopers LLP,"545 NW 26th Street, Suite 800",Miami,FLORIDA,33127,Certified Public Accountant,12-31-2024,0001513209-25-000001,xml
2238,0001513552,SHELTER ROCK CAPITAL GROUP LLC,00868818,"10 EAST 53RD, SUITE 1200",SUITE 1970,NEW YORK,NY,10022,"Ohab  Company, P.A.",10 East 53rd,New York,NEW YORK,10022,Certified Public Accountant,12-31-2024,0001513552-25-000001,xml
2239,0001514067,BERENBERG CAPITAL MARKETS LLC,00868821,1251 AVENUE OF THE AMERICAS,53RD FLOOR,NEW YORK,NY,10020,Crowe LLP,485 Lexington Ave,New York,NEW YORK,10017,Certified Public Accountant,12-31-2024,0001514067-25-000001,xml
2240,0001515119,"PEAK BROKERAGE SERVICES, LLC",00868829,1070 EAST INDIANTOWN ROAD,SUITE 208 - 210,JUPITER,FL,33477-9999,"Michael Coglianese CPA, P.C.","125 E. Lake Street, Suite 303",Bloomingdale,ILLINOIS,60108,Certified Public Accountant,12-31-2023,0001515119-24-000001,xml
2241,0001515245,FCF SECURITIES AND DERIVATIVES LLC,00868831,425 S. FINANCIAL PLACE,STE. 1575,CHICAGO,IL,60605,Ryan  Juraska LLP,141 W Jackson Blvd.,Chicago,ILLINOIS,60604,Certified Public Accountant,12-31-2024,0001515245-25-000005,xml
2242,0001515901,"PEAKSTONE SECURITIES, LLC",00868835,550 WEST VAN BUREN STREET,SUITE 1460,CHICAGO,IL,60607,"Rubio CPA, PC",3500 Lenox Rd NE,Atlanta,GEORGIA,30326,Certified Public Accountant,12-31-2024,0001515901-25-000001,xml
2243,0001516966,PEEL HUNT INC.,00868845,7TH FLOOR,100 LIVERPOOL STREET,LONDON,,EC2M 2AT,BDO Cayman Ltd,31118 Governer's Square,Grand Cayman,CAYMAN ISLANDS,KY1-1205,Certified Public Accountant not resident in United States or any of its possessions,03-31-2025,0001516966-25-000002,xml
2244,0001517071,"DCCA SECURITIES, LLC",00868847,307 N GATEWAY BLVD,,PHOENIX,AZ,85008-6589,Dylan Floyd Accounting  Consulting,20909 Judah Lane,Newhall,CALIFORNIA,91321,Certified Public Accountant,12-31-2024,0001517071-25-000001,xml
2245,0001517279,"MARSHBERRY CAPITAL, LLC.",00868848,28601 CHAGRIN BOULEVARD,SUITE 400,WOODMERE,OH,44122,,,,,,,,,paper
2246,0001517911,"VISTA POINT ADVISORS, LLC",00868852,555 MISSION STREET,SUITE 2650,SAN FRANCISCO,CA,94105,Cropper Accountancy Corporation (,"2700 Ygnacio Valley Blvd, Suite 270",Walnut Creek,CALIFORNIA,94598,Certified Public Accountant,12-31-2024,0001517911-25-000001,xml
2247,0001518365,"LASALLE INVESTMENT MANAGEMENT DISTRIBUTORS, LLC",00868856,333 WEST WACKER DRIVE,SUITE 2300,CHICAGO,IL,60606,"KPMG, LLP",200 East Randolph,Chicago,ILLINOIS,60601,Certified Public Accountant,12-31-2024,0001518365-25-000001,xml
2248,0001518468,ANUBIS SECURITIES LLC,00868859,"717 FIFTH AVENUE, 18TH FLOOR",,NEW YORK,NY,10022,"Forvis Mazars, LLP",500 Ridgefield Court,Asheville,NORTH CAROLINA,28806,Certified Public Accountant,12-31-2024,0001518468-25-000005,xml
2249,0001519614,BROADHAVEN SECURITIES LLC,00868862,155 NORTH WACKER,SUITE 4440,CHICAGO,IL,60606,"Tope Forman, L.L.C.",500 N. Michigan Ave,Chicago,ILLINOIS,60611,Certified Public Accountant,12-31-2024,0001519614-25-000001,xml
2250,0001519615,LUMA SECURITIES LLC,00868863,101 FIFTH AVENUE,SUITE 900,NEW YORK,NY,10003,"Prager Metis CPAs, LLC",222 Mount Airy Road,Basking Ridge,NEW JERSEY,07920,Certified Public Accountant,09-30-2024,0001519615-24-000002,xml
2251,0001519711,"FINPRO CAPITAL ADVISORS, INC.",00868864,46 E. MAIN STREET,SUITE 303,SOMERVILLE,NJ,08876,"Meisel, Tutuer  Lewis, P.C.",105 Eisenhower Parkway,Roseland,NEW JERSEY,07068,Certified Public Accountant,12-31-2024,0001519711-25-000004,xml
2252,0001520317,BENTALLGREENOAK REAL ESTATE US LLC,00868869,"399 PARK AVENUE, 18TH FLOOR",SUITE 1800,NEW YORK,NY,10022,,,,,,,,,paper
2253,0001522643,"CITIC SECURITIES INTERNATIONAL USA, LLC",00868887,1155 AVENUE OF THE AMERICAS,17TH FLOOR,NEW YORK,NY,10036,KPMG LLP,345 Park Avenue,New York,NEW YORK,10154,Certified Public Accountant,12-31-2024,0001522643-25-000001,xml
2254,0001522850,"PRAIRIE CAPITAL MARKETS, LLC",00868889,"ONE LINCOLN CENTRE, 18W140 BUTTERFIELD R",SUITE 800,OAKBROOK TERRACE,IL,60181,"Davila Advisory, LLC",10135 Manchester Rd,St. Louis,MISSOURI,63122,Certified Public Accountant,09-30-2024,0001522850-25-000001,xml
2255,0001523498,"MONTMINY SECURITIES, LLC",00868893,201 SANTA MONICA BLVD,SUITE 480,SANTA MONICA,CA,90401,DCPA,2121 Avenue of the Stars #800,Century City,CALIFORNIA,90067,Certified Public Accountant,12-31-2024,0001523498-25-000001,xml
2256,0001523499,"SUNDIAL GROUP, LLC",00868894,200 EAST BROWARD BOULEVARD,SUITE 1200,FT. LAUDERDALE,FL,33301,"Salberg  Company, P.A.","2295 N.W. Corporate Blvd., Suite 240",Boca Raton,FLORIDA,33431,Certified Public Accountant,12-31-2024,0001523499-25-000002,xml
2257,0001523725,BRIDGEWOOD ADVISORS INC.,00868896,"111 E. WISCONSIN AVE., #1705",,MILWAUKEE,WI,53202,,,,,,,,,paper
2258,0001523726,"FGC SECURITIES, LLC",00868897,"11 BROADWAY, SUITE 615",,NEW YORK,NY,10004,"Alvarez  Associates, Inc.",9221 Corbin Avenue,Northridge,CALIFORNIA,91324,Certified Public Accountant,12-31-2019,0001523726-20-000001,xml
2259,0001523799,SQUARE GLOBAL U.S. LLC,00868899,SOHO WORKS 430 WEST 14TH STREET,3RD FL.,NEW YORK,NY,10014,DCPA,2121 Avenue of the Stars,Hauppauge,NEW YORK,11788,Certified Public Accountant,12-31-2024,0002013816-25-000012,xml
2260,0001524664,"CANAM INVESTOR SERVICES, LLC",00868904,48 WALL STREET,24TH FLOOR,NEW YORK,NY,10005,RGNCS,97 FROEHLICH FARM BLVD,WOODBURY,NEW YORK,11797,Certified Public Accountant,12-31-2017,0001524664-18-000002,xml
2261,0001524665,"SAMMONS FINANCIAL NETWORK, LLC",00868905,8300 MILLS CIVIC PARKWAY,,WEST DES MOINES,IA,50266,,,,,,,,,paper
2262,0001525171,BOREAL CAPITAL SECURITIES LLC,00868910,"1450 BRICKELL AVENUE, SUITE 2900",,MIAMI,FL,33131,,,,,,,,,paper
2263,0001525505,"WAYPOINT SECURITIES, LLC",00868913,1390 ARMAGH LANE,SUITE 201,SUN PRAIRIE,WI,53590,,,,,,,,,paper
2264,0001526645,M2O PRIVATE FUND ADVISORS LLC,00868917,1 NORTH LEXINGTON AVE,SUITE 500,WHITE PLAINS,NY,10601,"Reynolds  Rowella, LLP",51 Locust Avenue,New Caanan,CONNECTICUT,06840,Certified Public Accountant,12-31-2024,0001526645-25-000001,xml
2265,0001526646,"CARBON REDUCTION CAPITAL, LLC",00868918,220 E42ND STREET,35TH FLOOR,NEW YORK,NY,10017,Citrin Cooperman Company LLP,50 Rockefeller Plaza,NEW YORK,NEW YORK,10020,Certified Public Accountant,01-31-2024,0001526646-24-000003,xml
2266,0001527310,"LEXINGTON PARK CAPITAL MARKETS, LLC",00868925,390 N ORANGE AVE,23RD FLOOR,ORLANDO,FL,32801,RGNCS Certified Public Accountants PLLC,97 Froechlich Farm Blvd.,Woodbury,NEW YORK,11797,Certified Public Accountant,12-31-2020,0001527310-21-000001,xml
2267,0001527381,BLUE DIAMOND SECURITIES OF AMERICA LLC,00868928,"9000 KEYSTONE CROSSING, 7TH FL",ATTN: MATTHEW REYNOLDS,INDIANAPOLIS,IN,46240,,,,,,,,,paper
2268,0001527511,"BACK BAY LIFE SCIENCE ADVISORY, LLC",00868931,2016 OCEAN STREET,MAIL BOX 5,NARSHFIELD,MA,02050,,,,,,,,,paper
2269,0001527875,WHITEHALL CAPITAL MARKETS LLC,00868936,ONE WORLD TRADE CENTER,84TH FLOOR,NEW YORK,NY,10007,WithumSmith Brown PC,200 Jefferson Park,Whippany,NEW JERSEY,07981-1070,Certified Public Accountant,12-31-2024,0001527875-25-000001,xml
2270,0001527877,"ANICO FINANCIAL SERVICES, INC.",00868938,ONE MOODY PLAZA SUITE 1463,,GALVESTON,TX,77550,WEAVER,"9311 SAN PEDRO AVENUE, SUITE 1400",SAN ANTONIO,TEXAS,78216,Certified Public Accountant,12-31-2024,0001527877-25-000003,xml
2271,0001528130,SOLIC CAPITAL LLC,00868942,444 WEST LAKE STREET,SUITE 2450,CHICAGO,IL,60606,,,,,,,,,paper
2272,0001528197,ELMCORE SECURITIES LLC,00868946,"500 W MADISON STREET, SUITE 1000",,CHICAGO,IL,60661,"Tuttle  Bond, PLLC",3488 South US HWY 77,Giddings,TEXAS,78942,Certified Public Accountant,12-31-2024,0001528197-25-000001,xml
2273,0001528388,"METRONOME SECURITIES, LLC",00868947,200 W. MADISON,SUITE 2040,CHICAGO,IL,60606,,,,,,,,,paper
2274,0001528463,"ARCHER DISTRIBUTORS, LLC",00868951,"6100 CHEVY CHASE DRIVE, SUITE 100",,LAUREL,MD,20707,"Morris  Morris, P.C.",32 Kearney Road,Needham Heights,MASSACHUSETTS,02494,Certified Public Accountant,12-31-2024,0001528463-25-000001,xml
2275,0001529090,AKUNA SECURITIES LLC,00868957,333 S. WABASH AVE.,SUITE 2600,CHICAGO,IL,60604,RSM US LLP,30 South Wabash Drive,Chicago,ILLINOIS,60606,Certified Public Accountant,12-31-2024,0001529090-25-000009,xml
2276,0001529560,"DYNASTY SECURITIES, LLC",00868962,200 CENTRAL AVENUE,FLOOR 15,SAINT PETERSBURG,FL,33701,Sobel Co.,293 Eisenhower Parkway,Livingston,NEW JERSEY,07039,Certified Public Accountant,12-31-2016,0001529560-17-000004,xml
2277,0001529989,"POLYGON CAPITAL ADVISORS, LLC",00868965,15 SECOND STREET #9,,SAUSALITO,CA,94965,"Tuttle  Bond, PLLC",3488 South U.S. Hwy 77,Giddings,TEXAS,78942,Certified Public Accountant,12-31-2024,0001529989-25-000002,xml
2278,0001530262,TORCH PARTNERS CORPORATE FINANCE INC,00868966,33 CAVENDISH SQUARE,,LONDON,,W1G 0PW,"WithumSmith and Brown, PC","200 Jefferson Park, Suite 400",Whippany,NEW JERSEY,07981-1070,Certified Public Accountant,12-31-2024,0001530262-25-000001,xml
2279,0001530263,"KITTLE CAPITAL MARKETS, LLC",00868967,310 E 96TH STREET,SUITE 400,INDIANAPOLIS,IN,46240,"Phillip V. George, PLLC",5179 CR 1026,Celeste,TEXAS,75423,Certified Public Accountant,12-31-2024,0001530263-25-000001,xml
2280,0001530264,SURYA CAPITALE SECURITIES LLC,00868968,"55 WALL STREET, SUITE 530B",,NEW YORK,NY,10005,Mercurius  Associates LLP,A-94/8,New Delhi,INDIA,110052,Certified Public Accountant,12-31-2024,0001530264-25-000001,xml
2281,0001531072,"CARLETON MCKENNA ADVISORS, LLC",00868971,1801 EAST 9TH ST. SUITE 1425,,CLEVELAND,OH,44114-3199,"Hobe  Lucas, Certified Public Accountants, Inc.",6000 Freedom Square Drive,Independence,OHIO,44131,Certified Public Accountant,12-31-2024,0002013816-25-000018,xml
2282,0001531257,"MYSTIC CAPITAL MARKETS GROUP, LLC",00868974,"165 MADISON AVENUE, SUITE 402",,NEW YORK,NY,10016,"DAVID LUNDGREN AND COMPANY, CPAS",505 N MUR-LEN RD,OLATHE,KANSAS,66062,Certified Public Accountant,12-31-2024,0001531257-25-000001,xml
2283,0001531593,SUMMIT SECURITIES GROUP LLC,00868977,55 BROADWAY,SUITE 2102,NEW YORK,NY,10006,"DeMarco Sciaccotta Wilkens  Dunleavy, LLP",20646 Abbey Woods Ct N,Frankfort,ILLINOIS,60423,Certified Public Accountant,12-31-2024,0001531593-25-000003,xml
2284,0001531594,KISKI SECURITIES LLC,00868978,1330 AVENUE OF THE AMERICAS,SUITE 23A,NEW YORK,NY,10019,"McBee  Co., P.C.",718 Paulus Avenue,Dallas,TEXAS,75214,Certified Public Accountant,12-31-2024,0001531594-25-000001,xml
2285,0001532332,"KSG ADVISORS, LLC",00868979,390 NORTH BROADWAY,3RD FLOOR,JERICHO,NY,11753,YSL  Associates LLC,"11 Broadway, Suite 400",New York,NEW YORK,10004,Certified Public Accountant,12-31-2024,0001532332-25-000002,xml
2286,0001532577,BRASIL PLURAL SECURITIES LLC,00868982,950 THIRD AVENUE,SUITE 1702,NEW YORK,NY,10022,"Michael Coglianese, CPA P.C.",125 E. Lake Street,Bloomingdale,ILLINOIS,60108,Certified Public Accountant,03-31-2025,0002013816-25-000089,xml
2287,0001533316,"FENIX SECURITIES, LLC",00868988,"ONE WORLD TRADE CENTER, 85TH FLOOR",,NEW YORK,NY,10007,,,,,,,,,paper
2288,0001533318,REGIONS SECURITIES LLC,00868990,"1180 W PEACHTREE STREET, NW",SUITE 1400,ATLANTA,GA,30309,,,,,,,,,paper
2289,0001533419,OLDFIELD CAPITAL GROUP LIMITED LIABILITY COMPANY,00868991,330 SEVENTH AVENUE,10TH FLOOR SUITE 1003,NEW YORK,NY,10001,"Bernstein  Pinchuk, LLP",7 Penn Plaza,New York,NEW YORK,10001,Certified Public Accountant,03-31-2025,0002013816-25-000070,xml
2290,0001533880,"SIGULER GUFF GLOBAL MARKETS, LLC",00868996,"200 PARK AVENUE, 14TH FLOOR",,NEW YORK,NY,10166,Marcum LLP,"Park 80 West, 250 Pehle Avenue",Saddle Brook,NEW JERSEY,07663,Certified Public Accountant,12-31-2024,0001533880-25-000005,xml
2291,0001534667,"FIRST CRAFT SECURITIES, LLC",00869006,P.O. BOX 901,SUITE 350,ST. MICHAELS,MD,21663,Mercurius  Associates,A-94/8 Wazirpur Industrial Area,New Delhi,INDIA,110052,Certified Public Accountant,12-31-2024,0001534667-25-000001,xml
2292,0001534760,CABOT LODGE SECURITIES LLC,00869009,425 N MARTINGALE RD,SUITE 1220,SCHAUMBURG,IL,60173,"FGMK, LLC",333 W Wacker Drive,Chicago,ILLINOIS,60606,Certified Public Accountant,12-31-2024,0001534760-25-000001,xml
2293,0001534871,"MCNALLY CAPITAL SECURITIES, LLC",00869010,151 N. FRANKLIN STREET,SUITE 2650,CHICAGO,IL,60606,Marcum LLP,Nine Parkway North,Chicago,ILLINOIS,60015,Certified Public Accountant,12-31-2020,0001534871-21-000002,xml
2294,0001534874,"MATRIX 360 DISTRIBUTORS, LLC",00869013,"4300 SHAWNEE MISSION PARKWAY, SUITE 100",,FAIRWAY,KS,66205,"Tait, Weller  Baker LLP",Two Liberty Place,Philadelphia,PENNSYLVANIA,19102,Certified Public Accountant,12-31-2024,0001534874-25-000001,xml
2295,0001535093,JOSEPH STONE CAPITAL L.L.C.,00869014,585 STEWART AVE,SUITE L60C,GARDEN CITY,NY,11530,Liebman Goldberg  Hymowitz LLP,595 Stewart Ave,Garden City,NEW YORK,11530,Certified Public Accountant,12-31-2019,0001535093-20-000001,xml
2296,0001536098,BFINANCE US LTD.,00869021,2ND FLOOR,36 QUEEN STREET,LONDON,,EC4R 1BN,Ferrara CPA,100 Horizon Center Blvd,Hamilton,NEW JERSEY,08691,Certified Public Accountant,03-31-2025,0001536098-25-000002,xml
2297,0001536448,"BENCHMARK SECURITIES, LLC",00869024,250 S. PARK AVENUE,SUITE 380,WINTER PARK,FL,32789,"Scharf Pera  Co., PLLC","4600 Park Road, Suite 112",Charlotte,NORTH CAROLINA,28209,Certified Public Accountant,12-31-2024,0001536448-25-000002,xml
2298,0001537583,WAVECREST SECURITIES LLC,00869029,205 POWELL PLACE,9TH FLOOR,BRENTWOOD,TN,37027,"Anson, Brian, CPA",18425 Burbank Blvd.,Tarzana,CALIFORNIA,91356,Certified Public Accountant,12-31-2018,0001537583-19-000001,xml
2299,0001537999,THIRD SEVEN CAPITAL LLC,00869032,67 HOLLY HILL LANE,SUITE 300C,GREENWICH,CT,06830,"Weisberg, Mole', Krantz  Goldfarb, LLP",185 Crossways Park Drive,Woodbury,NEW YORK,11797,Certified Public Accountant,12-31-2024,0001537999-25-000002,xml
2300,0001538971,NCG SECURITIES LLC,00869033,"12 BROAD STREET, 5TH FLOOR",,RED BANK,NJ,07701,YSL  Associates LLC,11 Broadway,New York,NEW YORK,10004,Certified Public Accountant,12-31-2024,0001538971-25-000002,xml
2301,0001539379,"NETREX CAPITAL MARKETS, LLC",00869037,270 SOUTH SERVICE ROAD,SUITE 45,"MELVILLE,",NY,11747-2339,CBIZ CPAs P.C.,5 Bryant Park,New York,NEW YORK,10018,Certified Public Accountant,12-31-2024,0001539379-25-000004,xml
2302,0001540527,MAREX CAPITAL MARKETS INC.,00869039,140 EAST 45TH STREET,10TH FLOOR,NEW YORK,NY,10017,Deloitte  Touche LLP,30 Rockafeller Plaza,New York,NEW YORK,10112,Certified Public Accountant,12-31-2024,0001540527-25-000003,xml
2303,0001542048,"RSP INVESTMENTS, LLC",00869046,2550 M STREET NW,SUITE 321,WASHINGTON,DC,20037,"Keiter, Stephens, Hurst, Gary  Shreaves P.C.",4401 Dominion Blvd,Glen Allen,VIRGINIA,23060,Certified Public Accountant,12-31-2024,0001542048-25-000001,xml
2304,0001542277,BDA ADVISORS INC.,00869049,"1270 AVENUE OF THE AMERICAS, SUITE 2901",,NEW YORK,NY,10020,Wei Wei  Co. LLP,133-10 39th Ave,Flushing,NEW YORK,11354,Certified Public Accountant,12-31-2024,0001542277-25-000003,xml
2305,0001542278,CRITO CAPITAL LLC,00869050,8 WRIGHT STREET,SUITE 107,WESTPORT,CT,06880,"NTT  Company, PLLC",3488 South U.S. Highway 77,Giddings,TEXAS,78942,Certified Public Accountant,03-31-2025,0001542278-25-000005,xml
2306,0001543192,"INX Securities, LLC",00869058,252 BRADLEY COURT,,HOLLAND,PA,18966,Ferrara CPA LLC,100 Horizon Center Blvd,Hamilton,NEW JERSEY,08691,Certified Public Accountant,12-31-2024,0001543192-25-000001,xml
2307,0001544304,WOMBAT CAPITAL MARKETS LLC,00869059,370 LEXINGTON AVENUE,SUITE 804,NEW YORK,NY,10017,YSL  Associates LLC,11 Broadway,New York,NEW YORK,10004,Certified Public Accountant,12-31-2024,0001544304-25-000003,xml
2308,0001545099,MCG SECURITIES LLC,00869068,37 WEST AVE,SUITE 302,WAYNE,PA,19087,Romeo  Chiaverelli CPAs,One Bala Ave. ste 234,Bala Cynwyd,PENNSYLVANIA,19004,Certified Public Accountant,12-31-2024,0001545099-25-000002,xml
2309,0001546132,"HARKEN CAPITAL SECURITIES, LLC",00869077,16 ANN VINAL ROAD,,SCITUATE,MA,02066,"Larry D. Liberfarb, PC",11 Vanderbilt Avenue #220,Norwood,MASSACHUSETTS,02062,Certified Public Accountant,06-30-2025,0001546132-25-000003,xml
2310,0001546583,"RENAISSANCE MACRO SECURITIES, LLC",00869079,9 OLD KING'S HIGHWAY S,3RD FL,DARIEN,CT,06820,YSL  Associates LLC,11 Broadway - Suite 700,New York,NEW YORK,10004,Certified Public Accountant,12-31-2024,0001546583-25-000001,xml
2311,0001547179,MORGAN PARTNERS LLC,00869082,100 WORCESTER STREET,SUITE 202,WELLESLEY HILLS,MA,02481,"Morris  Morris, P.C.",32 Kearney Road,Needham Heights,MASSACHUSETTS,02494,Certified Public Accountant,12-31-2024,0002013816-25-000003,xml
2312,0001547776,LATIN SECURITIES INC.,00869086,"100 SE 2ND STREET, SUITE #3975",,MIAMI,FL,33131,"DeJoy, Knauf and Blood LLP",280 East Broad Street,Rochester,NEW YORK,14604,Certified Public Accountant,12-31-2021,0001547776-22-000001,xml
2313,0001548059,"TCFG WEALTH MANAGEMENT, LLC",00869089,"28202 CABOT ROAD, SUITE 300",,LAGUNA NIGUEL,CA,92677,,,,,,,,,paper
2314,0001549519,"OCEAN FINANCIAL SERVICES, LLC",00869092,"780 NW 42ND AVENUE, SUITE 500",,MIAMI,FL,33126,,,,,,,,,paper
2315,0001549881,MOTILAL OSWAL SECURITIES INTERNATIONAL PRIVATE LIMITED,00869093,"MOTILAL OSWAL TOWERS, GOKHALE & SAYANI R",MAHARASHTRA,"PRABHADEVI, MUMBAI",NJ,400 025,,,,,,,,,paper
2316,0001550366,LIONTREE ADVISORS LLC,00869097,745 FIFTH AVENUE,15TH FLOOR,NEW YORK,NY,10151,Deloitte  Touche LLP,30 Rockefeller Plaza,New York,NEW YORK,10112,Certified Public Accountant,12-31-2024,0001550366-25-000001,xml
2317,0001550689,STOCKKINGS CAPITAL LLC,00869100,30 BROAD STREET,SUITE 1428,NEW YORK,NY,10004,,,,,,,,,paper
2318,0001550820,"LAKE STREET CAPITAL MARKETS, LLC",00869101,121 SOUTH 8TH STREET,SUITE 1000,MINNEAPOLIS,MN,55402,Nawrocki Smith LLP,100 Motor Parkway,Hauppauge,NEW YORK,11788,Certified Public Accountant,12-31-2024,0001550820-25-000003,xml
2319,0001550920,CORSAIR ADVISORS LLC,00869103,550 MADISON AVENUE,27TH FLOOR,NEW YORK,NY,10022,WithumSmith Brown PC,200 Jefferson Park,Whippany,NEW JERSEY,07981,Certified Public Accountant,12-31-2024,0001428740-25-000003,xml
2320,0001551017,TD PRIVATE CLIENT WEALTH LLC,00869105,"1 VANDERBILT AVENUE, 23RD FLOOR",,NEW YORK,NY,10017,Ernst  Young LLP,One Manhattan West,New York,NEW YORK,10001,Certified Public Accountant,10-31-2024,0001551017-25-000002,xml
2321,0001551018,HEDGEMARK SECURITIES LLC,00869106,300 PARK AVENUE,22ND FLOOR,NEW YORK,NY,10022,,,,,,,,,paper
2322,0001553017,WESTPAC CAPITAL MARKETS LLC,00869113,390 PARK AVENUE,14TH FLOOR,NEW YORK,NY,10022,KPMG LLP,Two Manhattan West,New York,NEW YORK,10001,Certified Public Accountant,09-30-2025,0001553017-25-000006,xml
2323,0001553932,ADVANCED STRATEGIES BROKER DEALER LLC,00869118,1308 DALLAS ROAD,,CHATTANOOGA,TN,37405,"OHAB AND COMPANY, PA",100 E SYBELIA AVENUE,MAITLAND,FLORIDA,32751,Certified Public Accountant,12-31-2024,0001553932-25-000001,xml
2324,0001554355,COIT CAPITAL SECURITIES LLC,00869122,238 FRANCISCO STREET,SUITE 610,SAN FRANCISCO,CA,94133,,,,,,,,,paper
2325,0001554356,"MBS SOURCE ETRADING, INC.",00869123,"9725 SE 36TH STREET, SUITE 202",,MERCER ISLAND,WA,98040,DCPA,2121 AVE OF THE STARS,CENTURY,CALIFORNIA,90067,Certified Public Accountant,12-31-2024,0001554356-25-000002,xml
2326,0001554548,"PROPEL ADVISORY GROUP, INC.",00869124,2215 IXORA AVENUE,,SARASOTA,FL,34234,"DAVID LUNDGREN AND COMPANY, CPAs",505 N MUR-LEN RD,OLATHE,KANSAS,66062,Certified Public Accountant,12-31-2024,0001554548-25-000001,xml
2327,0001554550,CRESTA WESTHALL LLP,00869126,14 HANOVER SQUARE,,LONDON,,W1S 1HN,Sanville  Company LLC,325 North Paul Street,Dallas,TEXAS,75201,Certified Public Accountant,06-30-2025,0001554550-25-000003,xml
2328,0001554646,"NEXPOINT SECURITIES, INC.",00869128,"200 CRESCENT COURT, SUITE 700",,DALLAS,TX,75201,"Forvis Mazars, LLP",135 W 50th St,New York,TEXAS,10020,Certified Public Accountant,12-31-2024,0001554646-25-000002,xml
2329,0001554725,LA HONDA ADVISORS LLC,00869130,83 MARYMONT AVE.,,ATHERTON,CA,94027,Ernst Wintter  Associates LLP,675 Ygnacio Valley Road,Walnut Creek,CALIFORNIA,94596,Certified Public Accountant,12-31-2024,0001554725-25-000001,xml
2330,0001554726,EUROLINK SECURITIES LLC,00869131,1 RADISSON PLAZA - SUITE 805,STE 200,NEW ROCHELLE,NY,10801,"DAVID LUNDGREN AND COMPANY, CPAs",505 N MUR-LEN RD,OLATHE,KANSAS,66062,Certified Public Accountant,12-31-2024,0001554726-25-000002,xml
2331,0001554729,"REHMANN FINANCIAL NETWORK, LLC",00869134,4086 LEGACY PARKWAY,,LANSING,MI,48911,Lilling  Company LLP,2 Seaview Boulevard,Port Washington,NEW YORK,11050,Certified Public Accountant,12-31-2024,0001554729-25-000003,xml
2332,0001554887,EVERGREEN ADVISORS CAPITAL LLC,00869143,10440 LITTLE PATUXENT PARKWAY,,COLUMBIA,MD,21044,"Cherry Baekert, LLP",200 South Street,Richmond,VIRGINIA,21044,Certified Public Accountant,12-31-2024,0001554887-25-000001,xml
2333,0001555832,"FALCON SQUARE CAPITAL, LLC",00869147,3701 LAKE BOONE TRAIL,SUITE 100,RALEIGH,NC,27607,,,,,,,,,paper
2334,0001557131,"KPG CAPITAL PARTNERS, LLC",00869158,1389 CENTER DRIVE,SUITE 200,PARK CITY,UT,84098,"Goldman  Company CPAs, P.C.","3535 Roswell Road, Suite 32",Marietta,GEORGIA,30062,Certified Public Accountant,06-30-2025,0001557131-25-000003,xml
2335,0001557384,"DRIVEWEALTH, LLC",00869161,28 LIBERTY STREET,50TH FLOOR,NEW YORK,NY,10005,Grant Thornton LLP,"757 Third Avenue, 9th Floor",New York,NEW YORK,10017,Certified Public Accountant,12-31-2024,0001557384-25-000003,xml
2336,0001557795,JD MERIT SECURITIES,00869162,3312 ROSEDALE STREET,SUITE 110,GIG HARBOR,WA,98335,"Morey, Nee, Buck  Oswald, LLC",2581 Baglyos Circle,Bethlehem,PENNSYLVANIA,18020,Certified Public Accountant,12-31-2017,0001557795-18-000001,xml
2337,0001558345,"CLSA AMERICAS, LLC",00869166,"1155 AVENUE OF THE AMERICAS, 17TH FLOOR",,NEW YORK,NY,10036,KPMG LLC,345 Park Avenue,New York,NEW YORK,10154,Certified Public Accountant,12-31-2024,0001558345-25-000003,xml
2338,0001558692,MARATHON TRADING GROUP LLC,00869169,100 MATSONFORD ROAD,"BUILDING 4, SUITE 255",WAYNE,PA,19087,,,,,,,,,paper
2339,0001558695,"CONFIGURE PARTNERS SECURITIES, LLC",00869172,3344 PEACHTREE ROAD NE,SUITE 1500,ATLANTA,GA,30326,"Aprio, LLP",Five Concourse Parkway,Atlanta,GEORGIA,30328,Certified Public Accountant,12-31-2019,0001558695-20-000001,xml
2340,0001558696,YOSEMITE EXECUTION PARTNERS INC.,00869173,409 READ DR.,SUITE 488,LAFAYETTE,CA,94549,,,,,,,,,paper
2341,0001559005,"FNC SECURITIES, LLC",00869177,4050 GARDEN VIEW DRIVE,SUITE 103,GRAND FORKS,ND,58201,Mayer Hoffman McCann PC,1000 Campbell Mithyn Tower,Minneapolis,MINNESOTA,55402,Certified Public Accountant,09-30-2024,0001559005-24-000001,xml
2342,0001559521,"BIG SKY ENERGY CAPITAL, LLC",00869179,PO BOX 368192,SUITE 423,BONITA SPRINGS,FL,34136,,,,,,,,,paper
2343,0001559837,"PRIVATE BROKERS, LLC",00869181,745 5TH AVENUE,SUITE 500,NEW YORK,NY,10151,"Tuttle  Bond,PLLC",2954 Goehmann Lane,Fredericksburg,TEXAS,78624,Certified Public Accountant,12-31-2024,0001559837-25-000002,xml
2344,0001560167,"LION STREET FINANCIAL, LLC",00869183,300 COLORADO ST,SUITE 2600,AUSTIN,TX,78701,,,,,,,,,paper
2345,0001561014,"ROBINHOOD FINANCIAL, LLC",00869188,500 COLONIAL CENTER PARKWAY,SUITE 100,LAKE MARY,FL,32746,Ernst and Young LLP,725 S Figueroa Street,Los Angeles,CALIFORNIA,90017,Certified Public Accountant,12-31-2024,0001561014-25-000004,xml
2346,0001561729,BARDI CO. LLC,00869190,"633 WEST 5TH ST.,",28TH FLOOR,LOS ANGELES,CA,90071,Brian Anson,18455 Burbank Blvd,Tarzana,CALIFORNIA,91356,Certified Public Accountant,12-31-2024,0001561729-25-000001,xml
2347,0001561980,HAMILTON GRANT LLC,00869192,26963 ALSACE DRIVE,,CALABASAS,CA,91302,Farber Hass Hurley LLP,9301 Oalkdale Ave,Chatsworth,CALIFORNIA,91311,Certified Public Accountant,12-31-2024,0001561980-25-000002,xml
2348,0001562245,ARES MANAGEMENT CAPITAL MARKETS LLC,00869194,1800 AVENUE OF THE STARS,SUITE 1400,LOS ANGELES,CA,90067,,,,,,,,,paper
2349,0001563234,CHINA RENAISSANCE SECURITIES (US) INC.,00869197,295 MADISON AVENUE,18TH  FLOOR,NEW YORK,NY,10017,"WithumSmithBrown, PC","1411 Broadway, 9th Floor",New York,NEW YORK,10018,Certified Public Accountant,12-31-2024,0001563234-25-000001,xml
2350,0001563236,"APPLIED CAPITAL, LLC",00869199,ONE INDIANA SQUARE,SUITE 2252,INDIANAPOLIS,IN,46204,"Katz, Sapper  Miller",800 East 96th Street,Indianoplis,INDIANA,46240,Certified Public Accountant,12-31-2023,0001563236-24-000001,xml
2351,0001563344,"IFM (US) SECURITIES, LLC",00869201,114 WEST 47TH STREET,19TH FLOOR,NEW YORK,NY,10036,CohnReznick LLP,"1301 Ave of the Americas,",New York,NEW YORK,10019,Certified Public Accountant,06-30-2025,0001563344-25-000005,xml
2352,0001563960,THREE OCEAN SECURITIES LLC,00869203,"551 FIFTH AVENUE, SUITE 3800",,NEW YORK,NY,10176,"Phillip V. George, PLLC",5179 CR 1026,Celeste,TEXAS,75423,Certified Public Accountant,12-31-2024,0001563960-25-000001,xml
2353,0001563961,"CLARION PARTNERS SECURITIES, LLC",00869204,ONE MADISON AVENUE,14TH FLOOR,NEW YORK,NY,10010,,,,,,,,,paper
2354,0001564204,DIGITAL OFFERING LLC,00869206,1461 GLENNEYRE STREET,SUITE D,LAGUNA BEACH,CA,92651,,,,,,,,,paper
2355,0001564206,NOMURA GLOBAL FINANCIAL PRODUCTS INC.,00869208,WORLDWIDE PLAZA,309 WEST 49TH STREET,NEW YORK,NY,10019,Ernst  Young LLP,1 Manhattan West,New York,NEW YORK,10001,Certified Public Accountant,03-31-2025,0001564206-25-000002,xml
2356,0001564591,"DECKER & CO, LLC",00869211,700 EL CAMINO REAL,SUITE 120,MENLO PARK,CA,94025,,,,,,,,,paper
2357,0001564592,"FIRST HILL SECURITIES, LLC",00869212,"6800 S. DAWSON CIRCLE, SUITE 127",,CENTENNIAL,CO,80112,"Ohab and Company, PA","100 E. Sybelia Ave., Suite 130",Maitland,FLORIDA,32751,Certified Public Accountant,12-31-2024,0001564592-25-000002,xml
2358,0001564913,"SENAHILL SECURITIES, LLC",00869215,45 ROCKEFELLER PLAZA,SUITE 3504,NEW YORK,NY,10111,"WithumSmith  Brown, PC",1411 Broadway,New York,NEW YORK,10018,Certified Public Accountant,12-31-2024,0001564913-25-000004,xml
2359,0001565138,ACCORD CAPITAL PARTNERS LLC,00869217,240 STOCKTON STREET,7TH FLOOR,SAN FRANCISCO,CA,94108-5324,CBIZ CPAs P.C.,"700 West 47th Street, Suite 1100",Kansas City,MISSOURI,64112,Certified Public Accountant,12-31-2024,0001565138-25-000002,xml
2360,0001565241,"JM FINANCIAL SECURITIES, INC.",00869218,1325 AVENUE OF THE AMERICAS,"27TH FLOOR, OFFICE 2715",NEW YORK,NY,10019,,,,,,,,,paper
2361,0001565379,OLSEN PALMER LLC,00869220,"1015 15TH STREET, NW",SUITE 350,WASHINGTON,DC,20005,,,,,,,,,paper
2362,0001566745,PEP ADVISORY LLC,00869224,100 WAUGH DRIVE,SUITE 600,HOUSTON,TX,77007,Sanville  Company,"325 N. Saint Paul St., $3100",Dallas,TEXAS,75201,Certified Public Accountant,12-31-2024,0001566745-25-000003,xml
2363,0001567191,"303 ALTERNATIVES, LLC",00869225,401 WEST SUPERIOR STREET,SUITE 101,CHICAGO,IL,60654,,,,,,,,,paper
2364,0001567956,EPIC CAPITAL SECURITIES CORP,00869229,1951 NW 19TH STREET,SUITE 203,BOCA RATON,FL,33431,,,,,,,,,paper
2365,0001568897,"TOP CAPITAL ADVISORS, INC.",00869234,3620 KENSLEY DRIVE,,INGLEWOOD,CA,90305,Joseph Ferrara,100 Horizon Center Blvd,Hamilton,NEW JERSEY,08691,Certified Public Accountant,12-31-2024,0001568897-25-000002,xml
2366,0001569299,AARDVARK SECURITIES LLC,00869235,550 W JACKSON BLVD.,STE 1300,CHICAGO,IL,60661,RSM US LLP,"30 South Wacker Dr.,",Chicago,ILLINOIS,60606,Certified Public Accountant,12-31-2024,0001569299-25-000002,xml
2367,0001569587,HURON TRANSACTION ADVISORY LLC,00869237,"550 WEST VAN BUREN STREET, SUITE 1700",,CHICAGO,IL,60607,,,,,,,,,paper
2368,0001569952,"ACC SECURITIES, LLC",00869239,14180 DALLAS PARKWAY,SUITE 350,DALLAS,TX,75254,,,,,,,,,paper
2369,0001571014,GLOBAL ALLIANCE SECURITIES LLC,00869244,2464 DARTS COVE WAY,,CHARLESTON (MT. PLEASANT),SC,29466,Berkower LLC,517 Route One,Iselin,NEW JERSEY,08830,Certified Public Accountant,12-31-2024,0001393905-25-000101,xml
2370,0001571288,"ABG, LLC",00869247,725 FIFTH AVENUE,24TH FLOOR,NEW YORK,NY,10022,YSL  Associates LLC,11 Broadway Suite 700,New York,NEW YORK,10022,Certified Public Accountant,03-31-2025,0001571288-25-000001,xml
2371,0001572095,"JANE STREET EXECUTION SERVICES, LLC",00869254,250 VESEY STREET,3RD FLOOR,NEW YORK,NY,10281,Ernst  Young LLP,One Manhattan West,New York,NEW YORK,10001,Certified Public Accountant,12-31-2024,0001572095-25-000003,xml
2372,0001572447,"COINZOOM SECURITIES, LLC",00869255,4640 S. HOLLADAY VILLAGE PLAZA,SUITE #206,SALT LAKE CITY,UT,84117,,,,,,,,,paper
2373,0001573776,BML SECURITIES LLC,00869262,2016 OCEAN ST,UNIT 23,MARSHFIELD,MA,02050,,,,,,,,,paper
2374,0001573779,WHARTON MIDMARKET SECURITIES INC.,00869265,27 BROOK ROAD,,WOODBRIDGE,CT,06525,"Ohab and Company, PA",100 E Sybelia Avenue,Maitland,FLORIDA,32751,Certified Public Accountant,12-31-2024,0001573779-25-000003,xml
2375,0001574366,"BREAKWATER GROUP DISTRIBUTION SERVICES, LLC",00869269,350 MADISON AVENUE,,NEW YORK,NY,10017,RSM US LLP,1185 Avenue of the Americas,New York,NEW YORK,10036,Certified Public Accountant,12-31-2024,0001574366-25-000001,xml
2376,0001574931,SOVEREIGN GLOBAL ADVISORS LLC,00869274,501 S CHERRY STREET,11TH FLOOR,DENVER,CO,80246,,,,,,,,,paper
2377,0001576123,"THREE BROTHERS TRADING, LLC",00869279,90 AVENUE B,SUITE C-209,BAYONNE,NJ,07002,Sanville  Company LLC,325 Saint Paul Street,Dallas,TEXAS,75201,Certified Public Accountant,12-31-2024,0001576123-25-000001,xml
2378,0001576413,IEX SERVICES LLC,00869280,"3 WORLD TRADE CTR, 175 GREENWICH STREET",58TH FLOOR,NEW YORK,NY,10007,Deloitte and Touche LLP,30 Rockefeller Center,New York,NEW YORK,10112-0015,Certified Public Accountant,12-31-2024,0001576413-25-000001,xml
2379,0001577405,ALDWYCH SECURITIES LLC,00869286,208 HARBOR DRIVE,SUITE 204,STAMFORD,CT,06902,Michael Coglianese CPA PC,125 E Lake St Suite 303,Bloomington,ILLINOIS,60108,Certified Public Accountant,12-31-2024,0001577405-25-000001,xml
2380,0001577928,"BCI SECURITIES, INC.",00869287,1450 BRICKELL AVENUE,SUITE 2850,MIAMI,FL,33131,KPMG LLP,250 Munoz Rivera Avenue Suite 1100,San Juan,PUERTO RICO,00918,Certified Public Accountant,12-31-2024,0001577928-25-000003,xml
2381,0001578385,"ANTARCTICA ADVISORS, LLC",00869288,175 SW 7TH STREET,SUITE 1711,MIAMI,FL,33130,,,,,,,,,paper
2382,0001578388,STEWARD SECURITIES GROUP LLC,00869291,32 GANNET DR,SUITE 730,COMMACK,NY,11725,,,,,,,,,paper
2383,0001578389,"AEG CAPITAL, LLC",00869292,"200 W. MADISON STREET, SUITE 2410",,CHICAGO,IL,60606,demarco sciacotta wilkens  dunleavy llp,"20646 abbey woods ct n., ste 201",frankfort,ILLINOIS,60423,Certified Public Accountant,06-30-2025,0001578389-25-000002,xml
2384,0001578860,"ACORNS SECURITIES, LLC",00869294,5300 CALIFORNIA AVENUE,,IRVINE,CA,92617,PricewaterhouseCoopers LLP,601 S Figueroa St,Los Angeles,CALIFORNIA,90017,Certified Public Accountant,12-31-2024,0001578860-25-000001,xml
2385,0001579095,"COPPER FINANCIAL NETWORK, LLC",00869295,"9777 RIDGE DR., SUITE 360",,LENEXA,KS,66219,,,,,,,,,paper
2386,0001579500,"ROSE & CO. CAPITAL ADVISORS, LLC",00869298,445 PARK AVENUE,SUITE 700,NEW YORK,NY,10022,,,,,,,,,paper
2387,0001580151,CORPORATE PARTNERS & CO. LLC,00869303,"1270 AVE OF THE AMERICAS, SUITE 300",,NEW YORK,NY,10111,"Rolleri  Sheppard CPAS, LLP",2150 Post Road,Fairfield,CONNECTICUT,06824,Certified Public Accountant,12-31-2024,0001580151-25-000004,xml
2388,0001580309,"CLICK IPO SECURITIES, LLC",00869304,PO BOX 21154,"8601 N SCOTTSDALE RD, SUITE 335",MESA,AZ,85277,,,,,,,,,paper
2389,0001580446,"LIFESCI CAPITAL, LLC",00869305,1700 BROADWAY,40TH FLOOR,NEW YORK,NY,10019,"Alvarez  Associates, Inc.",9221 Corbin Avenue,Northridge,CALIFORNIA,91324,Certified Public Accountant,12-31-2019,0001580446-20-000001,xml
2390,0001580674,"DIRECT REALTY SECURITIES, INC.",00869307,"5743 CORSA AVENUE, SUITE 215",,WESTLAKE VILLAGE,CA,91362,,,,,,,,,paper
2391,0001580822,SWCD LLC,00869309,81 CAMPFIRE RD,,CHAPPAQUA,NY,10514,"Rolleri  Sheppard CPAS, LLP",2150 Post Road,Fairfield,CONNECTICUT,06824,Certified Public Accountant,12-31-2024,0001580822-25-000001,xml
2392,0001580825,"NPM SECURITIES, LLC",00869312,3 EAST 28TH STREET,7TH FLOOR,NEW YORK,NY,10016,"Citron Cooperman  Company, LLP","180 Park Avenue, Suite 200",Florham Park,NEW JERSEY,07932,Certified Public Accountant,12-31-2024,0001580825-25-000001,xml
2393,0001580959,"CLEARPOOL EXECUTION SERVICES, LLC",00869313,"17 STATE STREET, 38TH FLOOR",,NEW YORK,NY,10004,"WithumSmith  Brown, PC",5 Vaughn Drive,Princeton,NEW JERSEY,08540,Certified Public Accountant,12-31-2019,0001624694-20-000002,xml
2394,0001582604,"MML STRATEGIC DISTRIBUTORS, LLC",00869322,1295 STATE STREET,,SPRINGFIELD,MA,01111-0001,KPMG LLP,60 South Street,Boston,MASSACHUSETTS,02111,Certified Public Accountant,12-31-2024,0001582604-25-000004,xml
2395,0001583733,J.C. FLOWERS SECURITIES CO. LLC,00869325,"1301 AVENUE OF THE AMERICAS, 16TH FLOOR",,NEW YORK,NY,10019,Nawrocki Smith LLP,100 Motor Parkway,Hauppauge,NEW YORK,11788,Certified Public Accountant,12-31-2024,0002013816-25-000040,xml
2396,0001583734,"MAINSPRING CAPITAL MANAGEMENT, LLC",00869326,1108 DIAMOND AVE,,SOUTH PASADENA,CA,91030,"Ohab and Company, P.A.",100 E. Sybelia Ave Suite 130,Maitland,FLORIDA,32751,Certified Public Accountant,12-31-2022,0001583734-23-000001,xml
2397,0001583735,METHUSELAH CAPITAL LLC,00869327,2037 S 4130 W SUITE,SUITE D & E,SALT LAKE CITY,UT,84104,Nawrocki Smith LLP,100 Motor Parkway,Hauppauge,NEW YORK,11788,Certified Public Accountant,03-31-2025,0002013816-25-000073,xml
2398,0001584248,"ASSETPOINT FINANCIAL, LLC",00869332,1300 NORTH 17TH STREET,SUITE 1800,ARLINGTON,VA,22209-3810,KPMG LLP,8350 Broad Street,McLean,VIRGINIA,22102,Certified Public Accountant,12-31-2024,0001584248-25-000004,xml
2399,0001584711,"BHA SELECT NETWORK, LLC",00869341,1 LINCOLN STREET,24TH FLOOR,BOSTON,MA,02111,Rolleri  Sheppard CPAs LLP,2150 Post Road,Fairfield,CONNECTICUT,06824,Certified Public Accountant,12-31-2024,0001584711-25-000002,xml
2400,0001584977,OMEGA POINT SECURITIES LLC,00869344,3455 PEACHTREE ROAD NE,SUITE 500,ATLANTA,GA,30326,"Michael Coglianese CPA, P.C.",1255 E Lake Street,Bloomingdale,ILLINOIS,60108,Certified Public Accountant,12-31-2024,0001584977-25-000006,xml
2401,0001586446,J. WOOD CAPITAL ADVISORS LLC,00869348,1820 CALISTOGA ROAD,,SANTA ROSA,CA,95404,S D Mayer  Associates,235 Montgomery Street,San Francisco,CALIFORNIA,94101,Certified Public Accountant,12-31-2024,0001586446-25-000001,xml
2402,0001586447,"BMS CAPITAL ADVISORY, INC.",00869349,"757 THIRD AVENUE, SUITE 1600",,NEW YORK,NY,10017,Boulay PLLP,7500 Flying Cloud Drive,Minneapolis,MINNESOTA,55344,Certified Public Accountant,12-31-2024,0001586447-25-000001,xml
2403,0001586740,"LIGHTHOUSE CAPITAL GROUP, LLC",00869350,"1055 E. COLORADO BLVD., SUITE 310",,PASADENA,CA,91106,,,,,,,,,paper
2404,0001586742,"RICHARD JAMES & ASSOCIATES, INC.",00869352,2 ROOSEVELT AVE.,STE 102,SYOSSET,NY,11791,,,,,,,,,paper
2405,0001586743,"JETT CAPITAL ADVISORS, LLC",00869353,"712 FIFTH AVENUE, 11TH FLOOR",,NEW YORK,NY,10019,Assurance Dimensions PLLC,4920 West Cypress St.,Tampa,FLORIDA,33607,Certified Public Accountant,12-31-2024,0001586743-25-000003,xml
2406,0001587913,"INVESTMENT VISA CONSULTANTS, LLC",00869361,2679 GLEN EAGLES RD,,LAKE OSWEGO,OR,97034,"Mchael Coglianese CPA, P.C.","125 E. Lake Street, Suite 303",Bloomingdale,ILLINOIS,60608,Certified Public Accountant,03-31-2025,0001587913-25-000003,xml
2407,0001588116,"VERITAS INDEPENDENT PARTNERS, LLC",00869363,2201 WASHINGTON AVE,STE 2,CONWAY,AR,72032,Mercurius  Associates,"A-94/8, Wazirpur Industrial Area",New Delhi,INDIA,110052,Certified Public Accountant not resident in United States or any of its possessions,12-31-2024,0001588116-25-000004,xml
2408,0001589185,BABCOCK & BROWN SECURITIES LLC,00869368,29 RIVER ROAD,SUITE 102,COS COB,CT,06807-2745,,,,,,,,,paper
2409,0001590108,"MC SQUARE CAPITAL, LLC",00869374,71 ARCH STREET,,GREENWICH,CT,06830,Ferrara CPA,100 Horizon Center BLVD,Hamiton,NEW JERSEY,08691,Certified Public Accountant,12-31-2024,0001590108-25-000001,xml
2410,0001590109,"US CAPITAL GLOBAL SECURITIES, LLC",00869375,1 FERRY BUILDING,SUITE 201,SAN FRANCISCO,CA,94111,Cropper Accountancy Corporation,2872 Ygnacio Valley Road,Walnut Creek,CALIFORNIA,94598,Certified Public Accountant,12-31-2024,0001590109-25-000002,xml
2411,0001590360,"PARSONEX CAPITAL MARKETS, LLC",00869377,"8310 S. VALLEY HIGHWAY, STE. 110",,ENGLEWOOD,CO,80112,"LMHS, P.C.",80 Washington Street Building S,Norwell,MASSACHUSETTS,02061,Certified Public Accountant,12-31-2024,0001701383-25-000003,xml
2412,0001590886,"ICG CAPITAL SECURITIES, LLC",00869379,201 SOUTH COLLEGE STREET,SUITE 1610,CHARLOTTE,NC,28244,CHERRY BEKAERT LLP,1111 METROPOLITAN AVE.,CHARLOTTE,NORTH CAROLINA,28204,Certified Public Accountant,12-31-2015,0001590886-16-000005,xml
2413,0001591029,SHOT TOWER SECURITIES LLC,00869380,"VILLAGE OF CROSS KEYS, 1 VILLAGE SQUARE","5100 FALLS ROAD, SUITE 157",BALTIMORE,MD,21210,,,,,,,,,paper
2414,0001591456,"PREFERRED CAPITAL SECURITIES, LLC",00869382,"3290 NORTHSIDE PARKWAY, NW",SUITE 800,ATLANTA,GA,30327,"Moore, Colson  Company, P.C.","600 Galleria Parkway, SE",Atlanta,GEORGIA,30339,Certified Public Accountant,12-31-2024,0001591456-25-000001,xml
2415,0001591457,"BATTERY EAST GROUP, LLC",00869383,"915 BATTERY STREET, 1ST FLOOR",,SAN FRANCISCO,CA,94111,"Ernst Wintter  Associates, LLP",675 Ygnacio Valley Road,Walnut Creek,CALIFORNIA,94597,Certified Public Accountant,12-31-2024,0001591457-25-000003,xml
2416,0001591458,CURVATURE SECURITIES LLC,00869384,39 MAIN STREET,SUITE 100,CHATHAM,NJ,07928,"Meisel, Tuteur  Lewis, P.C.",105 Eisenhower Parkway,Roseland,NEW JERSEY,07068,Certified Public Accountant,12-31-2024,0001591458-25-000008,xml
2417,0001591589,"T. E. LAIRD SECURITIES, LLC",00869386,79 OTIS AVENUE,,ST. PAUL,MN,55104,,,,,,,,,paper
2418,0001591940,LOCKWOOD SECURITIES LLC,00869388,"1140 AVENUE OF THE AMERICAS, 9TH FLOOR",,NEW YORK,NY,10036,"GOLDMAN AND COMPANY, CPAs, PC",3535 ROSWELL RD,MARIETTA,GEORGIA,30062,Certified Public Accountant,12-31-2024,0001591940-25-000001,xml
2419,0001591941,"REDTAIL CAPITAL MARKETS, LLC",00869389,6983 HAWK WOODS COURT,8TH FLOOR,WEST BLOOMFIELD,MI,48323,Holland  Company CPAs,411 Pompton Ave,Cedar Grove,NEW JERSEY,07009,Certified Public Accountant,12-31-2024,0001591941-25-000001,xml
2420,0001592063,"PZENA FINANCIAL SERVICES, LLC",00869390,"320 PARK AVENUE, 8TH FLOOR",,NEW YORK,NY,10022,"Grassi  Co., CPAs, P.C.",360 Madison Avenue,New York,NEW YORK,10017,Certified Public Accountant,12-31-2024,0001592063-25-000001,xml
2421,0001592064,"ASSETMARK BROKERAGE, LLC",00869391,"1655 GRANT STREET, 10TH FLOOR",,CONCORD,CA,94520,,,,,,,,,paper
2422,0001592065,"ROCKDALE SECURITIES, LLC",00869392,270 SOUTH MAIN STREET,SUITE 112-F,BOUNTIFUL,UT,84010,,,,,,,,,paper
2423,0001592066,"CLEARCREEK SECURITIES, LLC",00869393,"1165 DELAWARE STREET, SUITE 130",,DENVER,CO,80204,"Ohab and Company, PA",100 E. Sybelia Avenue,Maitland,FLORIDA,32751,Certified Public Accountant,12-31-2024,0001592066-25-000003,xml
2424,0001592953,"QUANTITATIVE BROKERS, LLC",00869396,285 MADISON AVENUE,SUITE 1700,NEW YORK,NY,10017,"Michael Coglianese CPA, P.C.",125 E Lake Street,Bloomingdale,ILLINOIS,60108,Certified Public Accountant,12-31-2024,0001592953-25-000004,xml
2425,0001594216,SUN LIFE INSTITUTIONAL DISTRIBUTORS (U.S.) LLC,00869407,96 WORCESTER STREET,,WELLESLEY HILLS,MA,02481,Moss Adams,999 Third Street Suite 2800,Seattle,WASHINGTON,98104,Certified Public Accountant,12-31-2024,0001594216-25-000001,xml
2426,0001594349,ACQUIOM FINANCIAL LLC,00869408,950 17TH STREET,STE 1400,DENVER,CO,80202,"Forvis Mazars, LLP",1801 California St,Denver,COLORADO,80202,Certified Public Accountant,12-31-2024,0001594349-25-000006,xml
2427,0001595342,JAMIESON CORPORATE FINANCE US LLC,00869412,410 PARK AVE,SUITE 1510,NEW YORK,NY,10022,YSL  ASSOCIATES LLC,"11 Broadway, Suite 700",New York,NEW YORK,10004,Certified Public Accountant,03-31-2025,0001595342-25-000003,xml
2428,0001595343,"GPWA, LLC",00869413,2400 BARTON AVE.,,NASHVILLE,TN,37212,"Rolleri  Sheppard CPAS, LLP",2150 Post Road,Fairfield,CONNECTICUT,06824,Certified Public Accountant,12-31-2024,0001595343-25-000001,xml
2429,0001596753,"MARBLE TWO CAPITAL, LLC",00869416,11766 WILSHIRE BLVD. STE 1230,,LOS ANGELES,CA,90025,Mercurius  Associates LLP,"A-94/8, Warizpur Industrial Area",New Delhi,INDIA,110052,Certified Public Accountant not resident in United States or any of its possessions,12-31-2024,0001596753-25-000001,xml
2430,0001598449,"NEXTGEN CAPITAL MARKETS, LLC",00869418,"3715 NORTHSIDE PKWY NW, STE.,1-250",,ATLANTA,GA,30327,,,,,,,,,paper
2431,0001599365,COINSHARES CAPITAL LLC,00869422,437 MADISON AVENUE,28TH FLOOR,NEW YORK,NY,10022,"Horowitz  Ullmann, P.C.",232 Madison Avenue,New York,NEW YORK,10016,Certified Public Accountant,12-31-2024,0001599365-25-000003,xml
2432,0001600676,ADVENTIX GLOBAL MARKETS LLC,00869427,150 MOTOR PARKWAY,4TH FLOOR,HAUPPAUGE,NY,11788,PricewaterhouseCoopers,405 Howard Street,San Francisco,CALIFORNIA,94105,Certified Public Accountant,12-31-2021,0001600676-22-000002,xml
2433,0001600819,"SDR CAPITAL MARKETS, LLC",00869430,"5613 DTC PARKWAY, SUITE 830",,GREENWOOD VILLAGE,CO,80111,Spicer Jeffries LLP,"4601 DTC Parkway, Suite 700",Denver,COLORADO,80237,Certified Public Accountant,12-31-2024,0001600819-25-000001,xml
2434,0001602135,FORT GHENT BROKERAGE LLC,00869432,1345 AVENUE OF THE AMERICAS,2ND FLOOR,NEW YORK,NY,10105,"Sanford Becker  Co, PC",1430 Broadway,New York,NEW YORK,10018,Certified Public Accountant,12-31-2024,0001602135-25-000005,xml
2435,0001602256,VERIT ADVISORS CAPITAL MARKETS LLC,00869433,181 W. MADISON STREET,SUITE 3745,CHICAGO,IL,60602,,,,,,,,,paper
2436,0001603038,"SI SECURITIES, LLC",00869440,99 HIGH STREET,17TH FLOOR,BOSTON,MA,02210,Forvis Mazars LLP,60 Crossways Park Drive West,Woodbury,NEW YORK,11797,Certified Public Accountant,12-31-2024,0002013816-25-000046,xml
2437,0001603788,PJT PARTNERS LP,00869442,280 PARK AVENUE,15TH FLOOR,NEW YORK,NY,10017,Deloitte  Touche LLP,30 Rockefeller Plaza,New York,NEW YORK,10112-0015,Certified Public Accountant,12-31-2024,0001603788-25-000003,xml
2438,0001604870,BAILLIE GIFFORD FUNDS SERVICES LLC,00869448,CALTON SQUARE,1 GREENSIDE ROW,EDINBURGH,,EH1 3AN,CITRIN COOPERMAN  COMPANY,180 PARK AVENUE SUITE 200,FLORHAM PARK,NEW JERSEY,07932,Certified Public Accountant,03-31-2025,0001604870-25-000002,xml
2439,0001605381,"WILSHIRE PACIFIC CAPITAL ADVISORS, LLC",00869451,"8447 WILSHIRE BLVD., SUITE 202",,BEVERLY HILLS,CA,90211,,,,,,,,,paper
2440,0001605581,W CAMPION CAPITAL LLC,00869453,3401 N MIAMI AVENUE,SUITE 230,MIAMI,FL,33127,"DeMarco Sciaccotta Wilkens  Dunleavy, LLP","20646 Abbey Woods Ct N, Suite 201",Frankfort,ILLINOIS,60423,Certified Public Accountant,03-31-2024,0001605581-24-000001,xml
2441,0001605726,TRC MARKETS LLC,00869454,111 COLEMAN BLVD,SUITE 404,MOUNT PLEASANT,SC,29464,RSM US LLP,"30 South Wacker, Suite 3300",Chicago,ILLINOIS,60606,Certified Public Accountant,12-31-2024,0001467283-25-000005,xml
2442,0001606064,CRAFT CAPITAL MANAGEMENT LLC,00869455,377 OAK STREET LOWER CONCOURSE STE C2,,GARDEN CITY,NY,11530,"Ohab and Company, PA",100 E. Sybelia Avenue - Suite 130,Maitland,FLORIDA,32751,Certified Public Accountant,12-31-2024,0001606064-25-000001,xml
2443,0001606232,"IDX MARKETS, LLC",00869459,47 GREAT JONES ST.,2ND FLOOR,NEW YORK,NY,10012,,,,,,,,,paper
2444,0001607069,"BANYAN TREE SECURITIES, LLC",00869463,21250 HAWTHORNE BLVD,SUITE 550,TORRANCE,CA,90503,,,,,,,,,paper
2445,0001607153,CYNDX ADVISORS LLC,00869465,525 OKEECHOBEE BLVD,SUITE 840,WEST PALM BEACH,FL,33410,EisnerAmper LLP,733 Third Ave,New York,NEW YORK,10017,Certified Public Accountant,12-31-2024,0001607153-25-000003,xml
2446,0001609177,"LEVEL MARKETS, LLC",00869476,99 SUMMER STREET,SUITE 1700,BOSTON,MA,02110,WithumSmith Brown PC,200 Jefferson Park,Whippany,NEW JERSEY,07981,Certified Public Accountant,12-31-2024,0001530264-25-000002,xml
2447,0001609178,"OAKPOINT SOLUTIONS, LLC",00869477,100 SOUTH ASHLEY DRIVE,SUITE 1130,TAMPA,FL,33602,"Hacker, Johnson  Smith PA",500 North Westshore Blvd,Tampa,FLORIDA,33609,Certified Public Accountant,12-31-2024,0001609178-25-000001,xml
2448,0001609516,"VELOCITY CAPITAL, LLC",00869479,199 WATER STREET,8TH FLOOR,NEW YORK,NY,10038,BDO USA P.C,"200 PARK AVE., 38TH FL",NEW YORK,NEW YORK,10166,Certified Public Accountant,12-31-2024,0001609516-25-000001,xml
2449,0001609517,"SEALION CAPITAL, LLC",00869480,1606 N NEW JERSEY STREET,24TH FLOOR,INDIANAPOLIS,IN,46202,,,,,,,,,paper
2450,0001609519,"KENMAR SECURITIES, LLC",00869482,PO BOX 5537,,NEW YORK,NY,10185-5537,,,,,,,,,paper
2451,0001609895,"RAPID EXECUTION SERVICES, LLC",00869485,440 S. LASALLE STREET,SUITE 1525,CHICAGO,IL,60605,,,,,,,,,paper
2452,0001609896,"REVERE MERCHANT SECURITIES, LLC",00869486,560 LEXINGTON AVENUE 16TH FLOOR,,NEW YORK,NY,10022,,,,,,,,,paper
2453,0001610239,OLD CITY SECURITIES LLC,00869488,"445 CENTRAL AVENUE, SUITE 328",,CEDARHURST,NY,11516,EISNER AMPER LLP,733 THIRD AVENUE,NEW YORK,NEW YORK,10017,Certified Public Accountant,06-30-2025,0001610239-25-000002,xml
2454,0001610914,"WALTON RE SECURITIES, LLC",00869494,8800 N GAINEY CENTER DRIVE,SUITE 345,SCOTTSDALE,AZ,85258,MossAdams LLP,5415 E High Street,Phoenix,ARIZONA,85054,Certified Public Accountant,12-31-2024,0001610914-25-000001,xml
2455,0001610915,"FOCUS STRATEGIES MERCHANT BANKING, LLC",00869495,7600 N CAPITAL OF TEXAS HIGHWAY,"BUILDING B, SUITE 345",AUSTIN,TX,78731,,,,,,,,,paper
2456,0001611544,THALES CAPITAL PARTNERS LLC,00869498,540 MADISON AVENUE,4TH FLOOR,NEW YORK,NY,10022,Ryan and Juraka,141 W. Jackson Blvd.,Chicago,ILLINOIS,60604,Certified Public Accountant,12-31-2024,0001611544-25-000002,xml
2457,0001611659,MERIDIAN CAPITAL LLC,00869499,400 UNION ST.,SUITE 200,SEATTLE,WA,98101,,,,,,,,,paper
2458,0001611660,TRUMID FINANCIAL LLC,00869500,1411 BROADWAY,SUITE 2410,NEW YORK,NY,10018,Deloitte  Touche LLP,30 Rockefeller Plaza,New York,NEW YORK,10112,Certified Public Accountant,12-31-2024,0001611660-25-000002,xml
2459,0001612589,"CHARLES TOWNE SECURITIES, LLC",00869505,123 ISLAND PARK DRIVE,SUITE 405,CHARLESTON,SC,29492,,,,,,,,,paper
2460,0001612778,YIELDSTREET MARKETS LLC,00869506,300 PARK AVENUE,15TH FLOOR,NEW YORK,NY,10022,CohnReznick LLP,1301 Avenue of the Americas,New York,NEW YORK,10019,Certified Public Accountant,12-31-2024,0001612778-25-000003,xml
2461,0001613950,AXOS INVEST LLC,00869507,9205 W RUSSELL ROAD,SUITE 400,LAS VEGAS,NV,89148,Assurance Dimensions,4920 W Cypress Street Suite 102,Tampa,FLORIDA,33607,Certified Public Accountant,12-31-2024,0001613950-25-000002,xml
2462,0001614322,NUVAMA FINANCIAL SERVICES INC.,00869508,450 LEXINGTON AVE,SUITE 4-216,NEW YORK,NY,10017,"Goldman  Company, CPAs P.C.","3535 Roswell Rd,",Marietta,GEORGIA,30062,Certified Public Accountant,03-31-2025,0001614322-25-000003,xml
2463,0001615360,HALIFAX AMERICA LLC,00869511,5900 SEPULVEDA BLVD #304,,SHERMAN OAKS,CA,91411,Michael Coglianese CPA P.C.,125 E. Lake Street #303,Bloominbgdale,ILLINOIS,60108,Certified Public Accountant,12-31-2024,0001615360-25-000001,xml
2464,0001615481,"NFSTX, LLC",00869512,151 WEST 42 STREET,27TH FLOOR,NEW YORK,NY,10036,ERNST  YOUNG,One Manhattan West,New York,NEW YORK,10001,Certified Public Accountant,12-31-2024,0001615481-25-000001,xml
2465,0001615502,"AVIOR CAPITAL MARKETS US, LLC",00869513,630 FIFTH AVENUE,45 ROCKEFELLER PLAZA SUITE 2335,NEW YORK,NY,10111,ERNST WINTTER  ASSOCIATES LLP,"675 YGNACIO VALLEY ROAD, SUITE A200",WALNUT CREEK,CALIFORNIA,94596,Certified Public Accountant,04-30-2025,0001615502-25-000003,xml
2466,0001616094,"ORBIS INVESTMENTS (U.S.), LLC",00869517,190 MIDDLE STREET,SUITE 301,PORTLAND,ME,04101,,,,,,,,,paper
2467,0001616205,"ARK GLOBAL, LLC",00869520,125 FROELICH FARMS BLVD.,SUITE 6,WOODBURY,NY,11797,"RW Group, LLC",114 Cambridge Road,Landenberg,PENNSYLVANIA,19350,Certified Public Accountant,12-31-2024,0001616205-25-000001,xml
2468,0001616344,CITADEL CLEARING LLC,00869521,830 BRICKELL PLAZA,SUITE 3300,MIAMI,FL,33131,PricewaterhouseCoopers LLP,1 North Wacker Drive,Chicago,ILLINOIS,60606,Certified Public Accountant,12-31-2024,0001616344-25-000001,xml
2469,0001616528,"HOWDEN TIGER CAPITAL MARKETS & ADVISORY, LLC",00869523,1350 AVENUE OF THE AMERICAS,33RD FLOOR,NEW YORK,NY,10019,Crowe LLP,485 Lexington Avenue,New York,NEW YORK,10017,Certified Public Accountant,09-30-2024,0001616528-24-000006,xml
2470,0001618939,"ESF EQUITY, LP",00869530,1201 PUERTA DEL SOL,SUITE 320,SAN CLEMENTE,CA,92673,,,,,,,,,paper
2471,0001620674,THREADMARK LP,00869535,300 PARK AVENUE,2ND FLOOR,NEW YORK,NY,10022,"Demarco Sciaccotta Wilkens and Dunleavy,LLP",20646 Abbey Woods,Frankort,ILLINOIS,60423,Certified Public Accountant,12-31-2024,0001620674-25-000002,xml
2472,0001621132,"HOLLISTER ASSOCIATES, LLC",00869538,257 RIVER OAK DRIVE,,MOUNT PLEASANT,SC,29464,,,,,,,,,paper
2473,0001621396,PRE-IPO STREET INC.,00869539,732 SMITHTOWN BYPASS,SUITE 203,SMITHTOWN,NY,11787,Michael T. Remus CPA,108 Robin Drive,Hamilton,NEW JERSEY,08619,Certified Public Accountant,09-30-2019,0001621396-19-000002,xml
2474,0001621967,"CANDEAL SECURITIES, LLC",00869541,396 SCHOOLHOUSE ROAD,SUTIE 412,STUYVESANT,NY,12173,Sanville  Company,325 North Saint Paul St,Dallas,TEXAS,75201,Certified Public Accountant,12-31-2024,0001621967-25-000002,xml
2475,0001622850,UCAP SECURITIES LLC,00869543,1221 BRICKELL AVENUE,SUITE 2040,MIAMI,FL,33131,"Rolleri  Sheppard CPAS, LLP",2150 Post Road,Fairfield,CONNECTICUT,06824,Certified Public Accountant,12-31-2024,0001622850-25-000001,xml
2476,0001622967,3ICO SECURITIES LLC,00869544,101 W. ELM STREET,SUITE 400B,CONSHOHOCKEN,PA,19428,Marcum LLP,"Nine Parkway North, Suite 200",Deerfield,ILLINOIS,60015,Certified Public Accountant,12-31-2024,0001622967-25-000005,xml
2477,0001623524,"TENOAKS ENERGY ADVISORS, LLC",00869548,ADDISON CIRCLE ONE,"15601 DALLAS PKWY., STE. 225",ADDISON,TX,75001,"McBee  Co., PC",718 Paulus Ave,Dallas,TEXAS,75214,Certified Public Accountant,12-31-2024,0001623524-25-000001,xml
2478,0001623787,"SMEAD FUNDS DISTRIBUTORS, LLC",00869550,190 MIDDLE STREET,SUITE 301,PORTLAND,ME,04101,,,,,,,,,paper
2479,0001623789,"STANDARD NEW YORK, INC.",00869552,"540 MADISON AVENUE, 25TH FLOOR",,NEW YORK,NY,10022,"Rayfield  Licata, PC",25B Vreeland Road,Florham Park,NEW JERSEY,07932,Certified Public Accountant,12-31-2024,0002013816-25-000023,xml
2480,0001624694,"OLDEN LANE SECURITIES, LLC",00869556,100 SOMERSET CORPORATE BLVD,SUITE 101-2ND FLOOR,BRIDGEWATER,NJ,08807,WithumSmithBrown,1411 Broadway,NEW YORK,NEW YORK,10018,Certified Public Accountant,12-31-2024,0001624694-25-000001,xml
2481,0001624846,PHILLIP CAPITAL INC.,00869558,"141 W. JACKSON, SUITE 1531A",,CHICAGO,IL,60604-2653,Ryan  Juraska LLP Certified Public Accountants,141 W. Jackson Blvd. Suite 2250,Chicago,ILLINOIS,60604,Certified Public Accountant,06-30-2025,0001624846-25-000010,xml
2482,0001626248,"BANKERS LIFE SECURITIES, INC.",00869562,303 E. WACKER DRIVE,5TH FL,CHICAGO,IL,60601,pricewaterhousecoopers,One North Wacker Drive,Chicago,ILLINOIS,60606,Certified Public Accountant,12-31-2017,0001626248-18-000002,xml
2483,0001627302,"FEARNLEY SECURITIES, INC",00869566,885 THIRD AVENUE,26TH FLOOR,NEW YORK,NY,10022,DCPA,"2121 AVE OF THE STARS, Suite 800",CENTURY CITY,CALIFORNIA,90067,Certified Public Accountant,12-31-2024,0001627302-25-000002,xml
2484,0001627419,CAPELLA SECURITIES LLC,00869567,1117 STATE STREET,ROOM 11B,SANTA BARBARA,CA,93101,Mercurius  Associates LLP,A-94/8,New Delhi,INDIA,110052,Certified Public Accountant,12-31-2024,0001627419-25-000002,xml
2485,0001629268,ARCTIC SECURITIES LLC,00869571,45 ROCKEFELLER PLAZA,SUITE 1960,NEW YORK,NY,10111,,,,,,,,,paper
2486,0001630396,"NOVA CAPITAL SOLUTIONS, LLC",00869575,2125 E. ATLANTIC BOULEVARD,,POMPANO BEACH,FL,33062,Mercurius  Associates LLP,A-94/8 Wazirpur Industrial Area,New Delhi,INDIA,110052,Certified Public Accountant not resident in United States or any of its possessions,12-31-2024,0001630396-25-000001,xml
2487,0001630540,ACALYX ADVISORS INC.,00869577,4440 PGA BLVD,SUITE 600,PALM BEACH GARDENS,FL,33410,"Baker Tilly US, LLP",66 Hudson Blvd E.,New York,NEW YORK,10001,Certified Public Accountant,12-31-2024,0002013816-25-000031,xml
2488,0001630817,YR SECURITIES LLC,00869578,309 W BUTE ST,,NORFOLK,VA,23510,Meadows Urquhart Acree  Cook LLP,1802 Bayberry Court,Henrico,VIRGINIA,23226,Certified Public Accountant,06-30-2025,0001630817-25-000004,xml
2489,0001631661,FM GLOBAL MARKETS INC,00869581,"130 ADELAIDE STREET WEST,",SUITE 3002,TORONTO,,M5H 3P5,"Tuttle  Bond, PLLC",2488 South US Hwy,Gliddings,TEXAS,78942,Certified Public Accountant,12-31-2024,0001631661-25-000002,xml
2490,0001632418,ICR CAPITAL LLC,00869583,761 MAIN AVENUE,,NORWALK,CT,06851-1080,WithumSmith Brown PC,1411 Broadway,New York,NEW YORK,10018,Certified Public Accountant,12-31-2024,0001632418-25-000002,xml
2491,0001636361,"CAVANAL HILL DISTRIBUTORS, INC,",00869595,"ONE WILLIAMS CENTER, 15TH FLOOR",,TULSA,OK,74172,Ernst  Young LLP,"One Williams Center, Suite 1700",Tulsa,OKLAHOMA,74172,Certified Public Accountant,12-31-2024,0001977483-25-000001,xml
2492,0001636362,"POINSETT SECURITIES, LLC",00869596,777 LOWNDES HILL ROAD,"BLDG 3, SUITE 110",GREENVILLE,SC,29607,Exempt,777 Lowndes Hill Road,Greenville,SOUTH CAROLINA,29607,Certified Public Accountant,12-31-2024,0001636362-25-000002,xml
2493,0001636515,"BAIN CAPITAL MARKETS, LLC",00869599,200 CLARENDON STREET,FLOOR 44,BOSTON,MA,02116,PricewaterhouseCoopers LLP,"101 Seaport Blvd, Suite 50",Boston,MASSACHUSETTS,02116,Certified Public Accountant,12-31-2024,0001636515-25-000001,xml
2494,0001636608,"IASG ALTERNATIVES, LLC",00869601,141 WEST JACKSON BLVD,SUITE 1940,CHICAGO,IL,60604,"Thomas Faust, CPA, LLC",174 Coldbrook Ct,Lafayette,INDIANA,47909,Certified Public Accountant,12-31-2024,0001636608-25-000001,xml
2495,0001637391,"THRIVENT DISTRIBUTORS, LLC",00869606,901 MARQUETTE AVENUE,SUITE 2500,MINNEAPOLIS,MN,55402-3211,"PricewaterhouseCoopers, LLP","45 South 7th St, Suite 3400",Minneapolis,MINNESOTA,55402,Certified Public Accountant,12-31-2024,0001637391-25-000003,xml
2496,0001637543,"PNFP CAPITAL MARKETS, INC.",00869608,21 PLATFORM WAY SOUTH,SUITE 2300,NASHVILLE,TN,37203,"LBMC, PC",201 Frankling Road,Brentwood,TENNESSEE,37024,Certified Public Accountant,12-31-2024,0001637543-25-000004,xml
2497,0001638005,"INSTITUTIONAL BOND NETWORK, LLC",00869609,"463 PENNSFIELD PLACE, SUITE 201",,THOUSAND OAKS,CA,91360,Davila Advisory,10135 Manchester Road,St. Louis,MISSOURI,63122,Certified Public Accountant,06-30-2025,0001638005-25-000005,xml
2498,0001638006,"BFY SECURITIES, LLC",00869610,23 LEDGEWOOD DRIVE,SUITE 403,YARMOUTH,ME,04096,,,,,,,,,paper
2499,0001638007,"PREP SECURITIES, LLC",00869611,2750 RASMUSSEN ROAD,SUITE 202,PARK CITY,UT,84098,"HHH CPA Group, LLC",1250 Old Henderson Rd.,Columbus,OHIO,43220,Certified Public Accountant,12-31-2024,0001638007-25-000002,xml
2500,0001638202,"CASTLE PLACEMENT, LLC",00869612,1460 BROADWAY,5TH FLOOR,NEW YORK,NY,10036,"Tuttle  Bond, PLLC",3488 South U.S. Hwy 77,Giddings,TEXAS,78942,Certified Public Accountant,12-31-2024,0001638202-25-000001,xml
2501,0001638755,"INTREPID PARTNERS, LLC",00869615,"712 FIFTH AVENUE, 31ST FLOOR",,NEW YORK,NY,10019,RSM US LLP,"151 West 42nd Street, 19th Floor",New York,NEW YORK,10036,Certified Public Accountant,12-31-2024,0001128293-25-000003,xml
2502,0001639104,SIGMA AMERICAS SECURITIES LLC,00869616,125 PARK AVENUE,"25TH FLOOR, SUITE 2525",NEW YORK,NY,10017,,,,,,,,,paper
2503,0001640471,MADISON PAIGE SECURITIES LLC,00869621,"42 BROADWAY, SUITE 12-129",47TH FLOOR,NEW YORK,NY,10004,YSL  Associates LLC,11 Broadway,New York,NEW YORK,10004,Certified Public Accountant,12-31-2024,0001640471-25-000001,xml
2504,0001640943,"SILICON PRAIRIE CAPITAL PARTNERS, LLC",00869625,"475 CLEVELAND AVE, SUITE 101B",SUITE 115,ST. PAUL,MN,55104,,,,,,,,,paper
2505,0001643230,UNLU SECURITIES INC.,00869627,250 PARK AVENUE,SUITE 7077,NEW YORK,NY,10177,"Forvis Mazars, LLp",135 West 50th st,New York,NEW YORK,10020,Certified Public Accountant,12-31-2024,0001643230-25-000001,xml
2506,0001643658,S2K FINANCIAL LLC,00869628,5950 HAZELTINE DRIVE,SUITE 305,ORLANDO,FL,32822,WithumSmithBrown PC,"1411 Broadway, 9th Floor",New York,NEW YORK,10014,Certified Public Accountant,12-31-2024,0001643658-25-000003,xml
2507,0001643659,ARK SECURITIES LLC,00869629,1950 UNIVERSITY CIRCLE,SUITE 200,PALO ALTO,CA,94303,,,,,,,,,paper
2508,0001644948,"REVL SECURITIES, LLC",00869634,"1921 WALNUT STREET, 2ND FLOOR",,PHILADELPHIA,PA,19103,Romeo  Chiaverelli CPAs LLC,One Bala Ave,Bala Cynwyd,PENNSYLVANIA,19004,Certified Public Accountant,12-31-2024,0001644948-25-000005,xml
2509,0001645711,"CERES SECURITIES, LLC",00869637,806 HOWARD ST,SUITE 200,SOUTH BEND,IN,46617,"Stickley, Larry A.",17385 Turnbury Ct.,Granger,INDIANA,46530,Certified Public Accountant,12-31-2024,0001645711-25-000002,xml
2510,0001645874,"FOUNDERS M&A ADVISORY, LLC",00869638,"2400 FIFTH AVENUE SOUTH, SUITE 100",,BIRMINGHAM,AL,35233,"Rubio CPA, PC",3500 Lenox Road NE,Atlanta,GEORGIA,30326,Certified Public Accountant,12-31-2024,0001645874-25-000003,xml
2511,0001645876,"RETIREONE INVESTMENT SERVICES, LLC",00869640,"222 SOUTH 1ST STREET, SUITE 600",,LOUISVILLE,KY,40202,,,,,,,,,paper
2512,0001646274,NVSTR FINANCIAL LLC,00869642,135 MADISON AVE,5TH FLOOR,NEW YORK,NY,10016,DCPA,2121 Avenue of the Stars,Century City,CALIFORNIA,90067,Certified Public Accountant,12-31-2024,0002013816-25-000010,xml
2513,0001646515,DUCERA SECURITIES LLC,00869643,"11 TIMES SQUARE, FLOOR 36",,NEW YORK,NY,10036,,,,,,,,,paper
2514,0001646516,"SHOREBRIDGE CAPITAL SECURITIES, LLC",00869644,350 SPRINGFIELD AVENUE,SUITE #200,SUMMIT,NJ,07901,Lilling  Company LLP,2 Seaview Boulevard,Port Washington,NEW YORK,11050,Certified Public Accountant,12-31-2024,0001646516-25-000002,xml
2515,0001646680,"CLEARINGBID MARKETS, INC.",00869646,7 MACCULLOCH AVENUE,SUITE 3C,MORRISTOWN,NJ,07960,WithumSmith and Brown,1411 Broadway 23 fl,New York,NEW YORK,10018,Certified Public Accountant,12-31-2024,0001646680-25-000002,xml
2516,0001647385,16 POINTS LLC,00869648,10101 COND ROYAL PALM,ROOM 14,VEGA ALTA,PR,00692,YSL  Associates LLC,11 Broadway,New York,NEW YORK,10004,Certified Public Accountant,12-31-2024,0001647385-25-000002,xml
2517,0001647386,"TASTYTRADE, INC.",00869649,1330 WEST FULTON STREET,SUITE 600,CHICAGO,IL,60607,PricewaterhouseCoopers LLP,45 South Seventh Street,Minneapolis,MINNESOTA,55402,Certified Public Accountant,05-31-2025,0001647386-25-000003,xml
2518,0001647525,"CVC FUNDING, LLC",00869650,767 FIFTH AVENUE,14TH FLOOR,NEW YORK,NY,10153,"Forvis Mazars, LLP",135 West 50th Street,New York,NEW YORK,10020,Certified Public Accountant,12-31-2024,0001647525-25-000001,xml
2519,0001648813,ZANBATO SECURITIES LLC,00869654,711 / 715 N. SHORELINE BLVD.,,MOUNTAIN VIEW,CA,94043,EisnerAmper LLP,One California Street,San Francisco,CALIFORNIA,94111,Certified Public Accountant,09-30-2024,0001648813-24-000002,xml
2520,0001649000,"HALO SECURITIES, LLC",00869655,200 WEST JACKSON,SUITE 1800,CHICAGO,IL,60606,Ernst  Young LLP,155 N Upper Wacker Dr,Chicago,ILLINOIS,60606,Certified Public Accountant,12-31-2024,0001649000-25-000001,xml
2521,0001649283,OUTSET GLOBAL TRADING LIMITED,00869657,1120 AVENUE OF THE AMERICAS,14TH FLOOR,NEW YORK,NY,10036,Ryan  Juraska LLP,"141 West Jackson Boulevard, Suite 2250",Chicago,ILLINOIS,60604,Certified Public Accountant,12-31-2017,0001649283-18-000001,xml
2522,0001649587,EASTERLY SECURITIES LLC,00869661,138 CONANT STREET,SUITE 100,BEVERLY,MA,01915,RGNCS CPAs PLLC,97 Froehlich Farm Blvd,Woodbury,NEW YORK,11797,Certified Public Accountant,12-31-2020,0001649587-21-000002,xml
2523,0001649718,CITADEL SECURITIES INSTITUTIONAL LLC,00869663,830 BRICKELL PLAZA,SUITE 3300,MIAMI,FL,33131,PricewaterhouseCoopers LLP,1 North Wacker Drive,Chicago,ILLINOIS,60606,Certified Public Accountant,12-31-2024,0001649718-25-000003,xml
2524,0001650209,"BETHESDA SECURITIES, LLC",00869667,355 RIVERSIDE AVENUE,SUITE 301,WESTPORT,CT,06880,Ernst  Young LLP,1775 Tysons Blvd,Tysons,VIRGINIA,22102,Certified Public Accountant,12-31-2024,0001650209-25-000001,xml
2525,0001650211,PHILOSMITH SECURITIES LLC,00869669,SIX LANDMARK SQUARE,,STAMFORD,CT,06901,"Grassi  Co., CPA's","360 Madison Ave, 7th Floor",New York,NEW YORK,10017,Certified Public Accountant,12-31-2024,0001650211-25-000001,xml
2526,0001650711,M1 FINANCE LLC,00869670,"200 N LASALLE STREET, SUITE 810",,CHICAGO,IL,60601,"Crowe, LLP",485 Lexinton Ave,New York,NEW YORK,10017,Certified Public Accountant,12-31-2024,0001650711-25-000004,xml
2527,0001650967,"RODMAN & RENSHAW, LLC",00869671,600 LEXINGTON AVENUE,,NEW YORK,NY,10022,,,,,,,,,paper
2528,0001652821,HAMILTON LANE SECURITIES LLC,00869675,110 WASHINGTON STREET,SUITE 1300,CONSHOHOCKEN,PA,19428,"WithumSmithBrown, PC",506 Carnegie Center,Princeton,NEW JERSEY,08540,Certified Public Accountant,03-31-2025,0002013816-25-000077,xml
2529,0001653382,"REPUBLIC PARTNERS, LLC",00869677,"2000 NORTH RACINE AVENUE, SUITE 4700",,CHICAGO,IL,60614-4045,,,,,,,,,paper
2530,0001654411,"ARENA FINANCIAL SERVICES, LLC",00869682,"405 LEXINGTON AVENUE, 59TH FLOOR",,NEW YORK,NY,10174,"Withum SmithBrown, PC",1411 Broadway,New York,NEW YORK,10018,Certified Public Accountant,12-31-2024,0002013816-25-000042,xml
2531,0001654660,"Tritower Real Estate Capital, LLC",00869683,"60 STATE STREET, SUITE 2250",,BOSTON,MA,02109,,,,,,,,,paper
2532,0001654971,APEXUS CAPITAL LLC,00869687,321 19TH STREET,,SANTA MONICA,CA,90402-2409,,,,,,,,,paper
2533,0001655327,EQUITYZEN SECURITIES LLC,00869689,"30 BROAD STREET,",SUITE 1200,NEW YORK,NY,10004,"Citrin Cooperman and Company,LLP",50 Rockefeller Plaza,New York,NEW YORK,10020,Certified Public Accountant,12-31-2024,0001655327-25-000001,xml
2534,0001655660,OLD MISSION MARKETS LLC,00869691,1 N. DEARBORN ST.,8TH FLOOR,CHICAGO,IL,60602,RSM US LLP,30 S WACKER DR #3300,CHICAGO,ILLINOIS,60606,Certified Public Accountant,12-31-2024,0001655660-25-000003,xml
2535,0001656046,FARVAHAR CAPITAL LLC,00869692,214 BRAZILILAN AVENUE,SUITE 200-J,PALM BEACH,FL,33480,"Ohab  Company, P.A.",100 East Sybelia Avenue,MAITLAND,FLORIDA,32751,Certified Public Accountant,12-31-2024,0001656046-25-000001,xml
2536,0001657003,"BROOKLANDS CAPITAL STRATEGIES BD, LP",00869696,1170 GORGAS AVENUE,,SAN FRANCISCO,CA,94129,Crowe LLP,485 Lexington Avenue,New York,NEW YORK,10017,Certified Public Accountant,12-31-2024,0001657003-25-000002,xml
2537,0001657004,"SIXTH STREET BD, LLC",00869697,888 SEVENTH AVENUE,41ST FLOOR,NEW YORK,NY,10106,KPMG LLP,2323 Ross Avenue,Dallas,TEXAS,75201,Certified Public Accountant,12-31-2024,0001657004-25-000002,xml
2538,0001657387,LAMBERSON CAPITAL LLC,00869698,"71 S. WACKER, SUITE 2300",,CHICAGO,IL,60606,,,,,,,,,not_submitted
2539,0001657672,"HILCO CORPORATE FINANCE, LLC",00869699,401 N. MICHIGAN AVENUE,SUITE 1630,CHICAGO,IL,60611,,,,,,,,,paper
2540,0001657974,J.P. MORGAN PRIME INC.,00869703,1111 POLARIS PARKWAY,FLOOR 2J,COLUMBUS,OH,43240,PricewaterhouseCoopers LLP,300 Madison Avenue,New York,NEW YORK,10017,Certified Public Accountant,12-31-2024,0001657974-25-000006,xml
2541,0001658090,GENERAL WELLINGTON CAPITAL LLC,00869705,"295 MADISON AVENUE, 43RD FLOOR",,NEW YORK,NY,10017,,,,,,,,,paper
2542,0001659056,"YUKI-CO, LLC",00869709,2173 WALKER LANE,,SALT LAKE CITY,UT,84117,,,,,,,,,paper
2543,0001659439,FLOW TRADERS U.S. INSTITUTIONAL TRADING LLC,00869711,1114 AVENUE OF THE AMERICAS,4TH FLOOR,NEW YORK,NY,10036,Ryan  Juraska LLP,141 West Jackson Boulevard,Chicago,ILLINOIS,60604,Certified Public Accountant,12-31-2024,0001659439-25-000002,xml
2544,0001660087,FORIS CAPITAL US LLC,00869712,210 COMMERCE WAY SUITE 220,SUITE 47,PORTSMOUTH,NH,03801,"NTT  COMPANY, PLLC",3488 S HWY 77,GIDDINGS,TEXAS,78942,Certified Public Accountant,12-31-2024,0001660087-25-000006,xml
2545,0001661003,"LGA CAPITAL CRE, LLC",00869715,6110 EXECUTIVE BOULEVARD SUITE 1050,,ROCKVILLE,MD,20852,"Sanville  Company, LLC",2617 Huntingdon Pike,Huntingdon Valley,PENNSYLVANIA,19006,Certified Public Accountant,06-30-2025,0001661003-25-000004,xml
2546,0001661652,"BULL MARKET SECURITIES, INC.",00869718,175 SW 7TH STREET,SUITE 1616,MIAMI,FL,33130,Michael Coglianese CPA P.C.,"125 E Lake Street, Ste 30",Bloomingdale,FLORIDA,60108,Certified Public Accountant,12-31-2024,0001661652-25-000002,xml
2547,0001661994,ROBUS CAPITAL PARTNERS LLC,00869721,301 RECINTO SUR STREET,STE 202,SAN JUAN,PR,00901,KEVANE GRANT THORNTON LLP,"33 CALLE BOLIVIA, STE 400",SAN JUAN,PUERTO RICO,00917,Certified Public Accountant,08-31-2019,0001661994-19-000004,xml
2548,0001662919,"OCEAN PARK SECURITIES, LLC",00869722,7300 METRO BOULEVARD,SUITE 305,EDINA,MN,55439,Ernst Wintter  Associates,675 Ygnacio Valley Rd.,Walnut Creek,CALIFORNIA,94596,Certified Public Accountant,12-31-2024,0001662919-25-000002,xml
2549,0001663261,"GOLD STREET CAPITAL, LLC",00869727,199 WATER STREET,8TH FLOOR,NEW YORK,NY,10038,,,,,,,,,paper
2550,0001663262,ASTOR RIDGE N.A. LLP,00869728,60 RUMSON ROAD,SUITE 10-125,RUMSON,NJ,07760,Haynie  Company,1785 West 2300 South,Salt Lake City,UTAH,84119,Certified Public Accountant,03-31-2024,0001624268-24-000002,xml
2551,0001663996,"ARKADIOS CAPITAL, LLC",00869729,"2827 PEACHTREE RD NE, SUITE 510",SUITE 1000,ATLANTA,GA,30305,DAVID LUNDGREN AND COMPANY,505 NORTH MUR-LEN ROAD,OLATHE,KANSAS,66062,Certified Public Accountant,12-31-2024,0001663996-25-000001,xml
2552,0001664323,"BROWN BROTHERS HARRIMAN INVESTMENTS, LLC",00869731,140 BROADWAY,,NEW YORK,NY,10005-1108,Baker Tilly US LLP,"66 Hudson Blvd E, Suite 2200",New York,NEW YORK,10001,Certified Public Accountant,12-31-2024,0001664323-25-000002,xml
2553,0001664778,"FIRST SOUTHERN, LLC",00869733,"2 TABONUCO STREET, SUITE 200",,GUAYNABO,PR,00968-1772,FGMK LLC,333 W Wacker Dr,Chicago,ILLINOIS,60606,Certified Public Accountant,12-31-2023,0001664778-24-000004,xml
2554,0001664779,ACCEPTUS CAPITAL CORP.,00869734,22 COUNTRY CLUB DRIVE,,PORT WASHINGTON,NY,11050,Rubio CPA PC,"2727 Paces Ferry Rd, Bldg 2",Atlanta,GEORGIA,30339,Certified Public Accountant,12-31-2019,0001664779-20-000001,xml
2555,0001666653,"TRADEZERO AMERICA, INC.",00869736,67 35TH STREET,SUITE B450,BROOKLYN,NY,11232,,,,,,,,,paper
2556,0001667858,MOOMOO FINANCIAL INC.,00869739,185 HUDSON ST,"5 HARBORSIDE, SUITE 2603",JERSEY CITY,NJ,07311,,,,,,,,,paper
2557,0001668087,"CRB SECURITIES, LLC",00869740,2115 LINWOOD AVENUE,4TH FLOOR,FORT LEE,NJ,07024,Deloitte  Touche LLP,30 Rockefeller Plaza,New York,NEW YORK,10112,Certified Public Accountant,12-31-2024,0001668087-25-000004,xml
2558,0001668629,"SECURITIZE MARKETS, LLC",00869743,78 SW 7TH STREET,SUITE 500,MIAMI,FL,33130,"Wolf  Company, PC",255 State Street,Boston,MASSACHUSETTS,02109,Certified Public Accountant,12-31-2024,0002013816-25-000061,xml
2559,0001668630,BLUE OWL SECURITIES LLC,00869744,375 PARK AVENUE,4TH FLOOR,NEW YORK,NY,10152,KPMG LLP,345 Park Avenue,New York,NEW YORK,10154,Certified Public Accountant,12-31-2024,0001668630-25-000002,xml
2560,0001670160,"MATTHEWS SOUTH, LLC",00869751,"1700 SOUTH EL CAMINO REAL, SUITE 345",,SAN MATEO,CA,94402,Moss Adams LLP,14555 Dallas Parkway,Dallas,TEXAS,75254,Certified Public Accountant,09-30-2024,0001670160-24-000002,xml
2561,0001670331,SERA GLOBAL SECURITIES US LLC,00869752,"6250 SHILOH ROAD, SUITE 30",ROOM 2,ALPHARETTA,GA,30005,FERRARA CPA,100 HORIZON CENTER BLVD,HAMILTON,NEW JERSEY,08619,Certified Public Accountant,12-31-2024,0001670331-25-000005,xml
2562,0001670332,"EXCHANGERIGHT SECURITIES, LLC",00869753,"1055 E. COLORADO BLVD., SUITE 310",,PASADENA,CA,91106,,,,,,,,,paper
2563,0001670449,"TOPCAP PARTNERS, INC.",00869755,"63 MAIN STREET, SUITE 202",,SOUTHAMPTON,NY,11968,Ferrara CPA,100 Horizon Center Blvd,Hamilton,NEW JERSEY,08691,Certified Public Accountant,12-31-2024,0001670449-25-000001,xml
2564,0001670539,RIALTO MARKETS LLC,00869756,42 BROADWAY,SUITE 12-129,NEW YORK,NY,10004,YSL  Associates LLC,11 Broadway,New York,NEW YORK,10004,Certified Public Accountant,06-30-2025,0001670539-25-000007,xml
2565,0001670763,MIDDLEMARCH SECURITIES LLC,00869758,700 CANAL ST.,"BUILDING 1, FLOOR 1, SUITE 148",STAMFORD,CT,06902,Cropper Accountancy Corporation,2700 YGNACIO VALLEY,WALNUT CREEK,CALIFORNIA,94598,Certified Public Accountant,12-31-2024,0001670763-25-000001,xml
2566,0001670928,COMCAP HOLDINGS LLC,00869759,11816 INWOOD RD PMB 7024,SUITE 203,DALLAS,TX,75244,,,,,,,,,paper
2567,0001671202,ARDEA PARTNERS LP,00869761,10 HUDSON YARDS,40TH FLOOR,NEW YORK,NY,10001,"Citrin Cooperman  Company, LLP",50 Rockefeller Plaza,New York,NEW YORK,10020,Certified Public Accountant,12-31-2024,0002013816-25-000045,xml
2568,0001671292,"CADIA CAPITAL ADVISORS, LLC",00869763,"10 PEMBROKE PLACE, BALLSBRIDGE",,DUBLIN 4,NY,D04 V1W6,"Phillip V. George, PLLC",5179 CR 1026,Celeste,TEXAS,75423,Certified Public Accountant,12-31-2024,0001671292-25-000002,xml
2569,0001671532,FRONTCOURT SECURITIES LLC,00869764,6671 W. INDIANTOWN ROAD,SUITE 50-102,JUPITER,FL,33458,,,,,,,,,paper
2570,0001672433,"MARKET SECURITIES, LLC",00869765,9736 RENNES LN,17TH FLOOR,DELRAY BEACH,FL,33446,Crowe LLP,485 Lexington Avenue,New York,NEW YORK,10017,Certified Public Accountant,03-31-2025,0001672433-25-000004,xml
2571,0001673052,EQUITEQ SECURITIES LLC,00869767,460 PARK AVENUE SOUTH,SUITE 1102,NEW YORK,NY,10016,CITRIN COOPERMAN  COMPANY LLP,50 Rockefeller Plaza,New York,NEW YORK,10020,Certified Public Accountant,12-31-2024,0001673052-25-000001,xml
2572,0001673412,VNTR SECURITIES LLC,00869768,"152 MADISON AVENUE, 7TH",,NEW YORK,NY,10016,Berkower LLC,"517 Route 1, Suite 4103",Iselin,NEW JERSEY,08830,Certified Public Accountant,12-31-2019,0001673412-20-000003,xml
2573,0001673992,"SEXTANT SECURITIES, LLC",00869772,600 MADISON AVENUE,17TH FLOOR,NEW YORK,NY,10022,YSL and Associates,11 Broadway,New York,NEW YORK,10004,Certified Public Accountant,06-30-2025,0001673992-25-000003,xml
2574,0001674053,"PENSIONMARK SECURITIES, LLC",00869773,24 EAST COTA STREET,SUITE 200,SANTA BARBARA,CA,93101,,,,,,,,,paper
2575,0001674055,FOLIONET FINANCIAL LLC,00869775,"1221 BRICKELL AVENUE, SUITE 900",,MIAMI,FL,33131,"Sandler  Company, P.C.",50 Cabot St Suite 204,Needham,MASSACHUSETTS,02494,Certified Public Accountant,12-31-2024,0001674055-25-000002,xml
2576,0001674294,"CALAMAR FINANCIAL GROUP, LLC",00869777,40 JOHN GLENN DRIVE,,AMHERST,NY,14228,DCPA,2121 Ave of the Stars,Century City,CALIFORNIA,90067,Certified Public Accountant,03-31-2025,0002013816-25-000090,xml
2577,0001674438,NEW HARBOR VENTURE PARTNERS LLC,00869779,215 MORRIS AVENUE,SUITE 7,SPRING LAKE,NJ,07762,,,,,,,,,paper
2578,0001675365,"BOFA SECURITIES, INC.",00869787,150 N COLLEGE ST,NC1-028-28-04,CHARLOTTE,NC,28255,"PricewaterhouseCoopers, LLP",300 Madison Ave.,New York,NEW YORK,10024,Certified Public Accountant,12-31-2024,0001880482-25-000006,xml
2579,0001675367,"CITI PRIVATE ALTERNATIVES, LLC",00869789,388 GREENWICH STREET,29TH FLOOR,NEW YORK,NY,10013,,,,,,,,,paper
2580,0001675797,"GORDON DYAL & CO., LLC",00869791,"152 WEST 57TH STREET, 39TH FLOOR",,NEW YORK,NY,10019,,,,,,,,,paper
2581,0001676691,"LEONIS SECURITIES, LLC",00869797,320 PARK AVENUE,34TH FLOOR,NEW YORK,NY,10022,Rubio CPA PC,3500 Lenox Rd NE,Atlanta,GEORGIA,30326,Certified Public Accountant,12-31-2024,0001676691-25-000001,xml
2582,0001677161,UMERGENCE LLC,00869801,"1224 MILL STREET, BUILDING B",,EAST BERLIN,CT,06023,,,,,,,,,paper
2583,0001678092,FINANCE OF AMERICA SECURITIES LLC,00869803,30 7TH STREET E.,23 FLOOR,SAINT PAUL,MN,55101,"BDO USA, P.C.","800 Nicollet Mall, Suite 600",Minneapolis,MINNESOTA,55402,Certified Public Accountant,12-31-2024,0001678092-25-000002,xml
2584,0001678451,"BLOOM SECURITIES, LLC",00869805,1010 S FEDERAL HWY,SUITE 2804,HALLANDALE BEACH,FL,33009,,,,,,,,,paper
2585,0001679011,BUCKLER SECURITIES LLC,00869807,"5 GREENWICH OFFICE PARK, SUITE 350",,GREENWICH,CT,06831,Deloitte  Touche LLP,30 Rockefeller Plaza,New York,NEW YORK,10112-0015,Certified Public Accountant,12-31-2024,0001679011-25-000004,xml
2586,0001679990,"ANOS CAPITAL, LLC",00869809,405 LEXINGTON AVENUE,9TH FLOOR,NEW YORK,NY,10174,,,,,,,,,paper
2587,0001680133,EKATS SECURITIES INC.,00869810,477 MADISON AVENUE,6TH FLOOR,NEW YORK,NY,10022,"Tuttle  Bond, PLLC",2954 Goehmann Lane,Fredericksburg,TEXAS,78624,Certified Public Accountant,12-31-2023,0001727408-24-000002,xml
2588,0001681288,"SECURITIES CLUB BROKER-DEALER, LLC",00869814,250 ROYAL PALM WAY,SUITE 306B,PALM BEACH,FL,33480,,,,,,,,,paper
2589,0001681732,LSH PARTNERS SECURITIES LLC,00869817,780 THIRD AVENUE,11TH FLOOR,NEW YORK,NY,10017,"Weisberg, Mole', Krantz  Goldfarb, LLP",185 Crossways Park Drive,Woodbury,NEW YORK,11797,Certified Public Accountant,12-31-2024,0001681732-25-000002,xml
2590,0001681735,SAF FINANCIAL SECURITIES LLC,00869820,75 TRESSER BOULEVARD,APT. 444,STAMFORD,CT,06901,"WithumSmithBrown, PC","1411 Broadway, 9th Floor",New York,NEBRASKA,10018,Certified Public Accountant,12-31-2022,0001681735-23-000003,xml
2591,0001682074,"TFA SECURITIES, INC.",00869822,"201 CONTINENTAL BLVD., SUITE 110",,EL SEGUNDO,CA,90245,,,,,,,,,paper
2592,0001683671,"SPRINKLEBROKERAGE, INC.",00869828,SANDBROVAGEN 19,,TABY,CA,183 30,BF Borgers CPA PC,5400 W Cedar Ave,Lakewood,COLORADO,80226,Certified Public Accountant,12-31-2018,0001683671-19-000005,xml
2593,0001683672,"INTEGRITY CAPITAL, LLC",00869829,16767 N. PERIMETER DRIVE,SUITE 320,SCOTTSDALE,AZ,85260,RSM US LLP,801 Nicollet Mall West Tower,Minneapolis,MINNESOTA,55402,Certified Public Accountant,12-31-2024,0001683672-25-000004,xml
2594,0001683784,"GPP SECURITIES, LLC",00869832,"165 MASON STREET, 3RD FLOOR",,GREENWICH,CT,06830,Citrin Cooperman  Company LLP,1133 Westchester Avenue,White Plains,NEW YORK,10604,Certified Public Accountant,12-31-2024,0001683784-25-000001,xml
2595,0001684869,"HONEY BADGER INVESTMENT SECURITIES, LLC",00869838,30 CORPORATE PARK SUITE 410,,IRVINE,CA,92606,,,,,,,,,paper
2596,0001684995,MADISON GLOBAL PARTNERS LLC,00869839,"350 VANDERBILT MOTOR PARKWAY, SUITE 205",,HAUPPAUGE,NY,11788,"Michael Coglianese CPA, PC",125 E. Lane Street,Bloomingdale,ILLINOIS,60108,Certified Public Accountant,12-31-2024,0002013816-25-000043,xml
2597,0001685816,"PANTHEON SECURITIES, LLC",00869844,11 TIMES SQUARE,,NEW YORK,NY,10036,"Pricewaterhouse Cooper, LLP",101 Seaport Blvd,Boston,MASSACHUSETTS,02110,Certified Public Accountant,12-31-2024,0001685816-25-000001,xml
2598,0001686077,"BRIGHTHOUSE SECURITIES, LLC",00869845,11225 NORTH COMMUNITY HOUSE ROAD,,CHARLOTTE,NC,28277,Crowe LLP,485 Lexington Ave.,New York,NEW YORK,10017,Certified Public Accountant,12-31-2024,0001686077-25-000001,xml
2599,0001686086,"PALMER CAPITAL ADVISORS, LLC",00869847,"42 BROADWAY, SUITE 12-129",ROOM 11C,NEW YORK,NY,10004,DeJoy  CO Advisors  CPAs,280 E. Broad Street,Rochester,NEW YORK,14604,Certified Public Accountant,12-31-2024,0001686086-25-000002,xml
2600,0001686091,"WOBD, LLC",00869852,4960 EAST DUBLIN-GRANVILLE ROAD,SUITE 500,WESTERVILLE,OH,43081,CROWE LLP,"600 Superior Avenue East, Ste 902",Cleveland,OHIO,44104-2619,Certified Public Accountant,12-31-2024,0001686091-25-000001,xml
2601,0001686173,"BIRCH LAKE PARTNERS, LP",00869853,71 SOUTH WACKER DRIVE SUITE 2425,,CHICAGO,IL,60606,Topel Forman LLC,500 N. Michigan Avenue,Chicago,ILLINOIS,60611,Certified Public Accountant,12-31-2024,0001686173-25-000001,xml
2602,0001686268,"VIGILANT DISTRIBUTORS, LLC",00869854,"GATEWAY CORPORATE CENTER, SUITE 216",223 WILMINGTON WEST CHESTER PIKE,CHADDS FORD,PA,19317,Sanville  Company,2617 Huntingdon Pike,Huntingdon Valley,PENNSYLVANIA,19006,Certified Public Accountant,12-31-2024,0001686268-25-000001,xml
2603,0001687604,"METLIFE INVESTMENTS SECURITIES, LLC",00869857,ONE METLIFE WAY,,WHIPPANY,NJ,07981-1449,Deloitte  Touche LLP,30 Rockefeller Plaza,New York,NEW YORK,10112-0015,Certified Public Accountant,12-31-2024,0001193125-25-062042,xml
2604,0001688231,"SUMMIT TRAIL SECURITIES, LLC",00869859,"2 GRAND CENTRAL TOWER, 140 E. 45TH STREE",,NEW YORK,NY,10017,,,,,,,,,paper
2605,0001688905,"STATE STREET GLOBAL MARKETS, LLC",00869862,"ONE CONGRESS STREET, SUITE 1",ONE LINCOLN STREET,BOSTON,MA,02114-2016,,,,,,,,,paper
2606,0001688906,"CF SECURED, LLC",00869863,110 EAST 59TH STREET,4TH FLOOR,NEW YORK,NY,10022,Ernst  Young LLP,"One Manhattan West, 401 9th Avenue",New York,NEW YORK,10001,Certified Public Accountant,12-31-2024,0001688906-25-000003,xml
2607,0001689899,"ALLIANCE-ONE INVESTMENTS, LLC",00869868,4000 N MINGO RD,,TULSA,OK,74116,Crowe LLP,485 Lexington Avenue,New York,NEW YORK,10017,Certified Public Accountant,03-31-2025,0001689899-25-000001,xml
2608,0001690834,EUROPEAN FAMILY OFFICE INSTITUTE LLC.,00869871,2299 NW 4TH AVE,,BOCA RATON,FL,33431,"Rubio CPA,PC",3500 Lenox Rd. Suit 1500,Atlanta,GEORGIA,30326,Certified Public Accountant,12-31-2023,0001690834-24-000002,xml
2609,0001690976,ASL CAPITAL MARKETS INC.,00869872,600 SUMMER STREET,SUITE 402,STAMFORD,CT,06901,Ernst  Young,300 1st Stamford Place,Stamford,CONNECTICUT,06901,Certified Public Accountant,06-30-2025,0001690976-25-000003,xml
2610,0001692079,DEALER SOLUTIONS NORTH AMERICA LLC,00869874,"42 BROADWAY, SUITE 12-129",ROOM 11E,NEW YORK,NY,10004,YSL  Associates LLC,11 Broadway,New York,NEW YORK,10004,Certified Public Accountant,06-30-2024,0001692079-24-000004,xml
2611,0001692244,THE TRANSPORTATION GROUP (SECURITIES) LIMITED,00869878,122 EAST 42ND STREET SUITE 2018,,"NEW YORK,",NY,10168,"GR Reid Associates, LLP",7600 Jericho Tpke.,Woodbury,NEW YORK,11797,Certified Public Accountant,12-30-2020,0001692244-21-000001,xml
2612,0001692652,ONECHRONOS MARKETS LLC,00869882,110 GREENE ST,STE 1204,NEW YORK,NY,10012,Keiter,4401 Dominion Boulevard,Glen Allen,VIRGINIA,23060,Certified Public Accountant,12-31-2024,0001692652-25-000008,xml
2613,0001692970,QUILVEST CAPITAL PARTNERS SECURITIES LLC,00869883,"65 EAST 55TH STREET, 25TH FLOOR",,NEW YORK,NY,10022,RSM US LLP,4 Times Square 151 West 42nd Street,New-York,NEW YORK,10036,Certified Public Accountant,12-31-2024,0001692970-25-000001,xml
2614,0001694094,"ALLARIA SECURITIES, LLC",00869891,1110 BRICKELL AVENUE,SUITE 603,MIAMI,FL,33131,,,,,,,,,paper
2615,0001694491,SKILL CAPITAL ASSOCIATES LLC,00869895,37 SYLVAN DRIVE,6-7 ST JOHN'S LANE,PINE BROOK,NJ,07058,YSL  Associates LLC,11 Broadway,New York,NEW YORK,10004,Certified Public Accountant,12-31-2024,0000871375-25-000002,xml
2616,0001695954,VISIONS ANALYSIS LLC,00869898,24 MCKINLEY AVENUE,,ENDICOTT,NY,13760,,,,,,,,,paper
2617,0001696344,"AMERICAN DISCOVERY ADVISORS, LLC",00869899,"11150 SANTA MONICA BLVD, STE 1425",,LOS ANGELES,CA,90025,Davila Advisory LLC,10135 Manchester Road,St. Louis,MISSOURI,63122,Certified Public Accountant,12-31-2024,0001696344-25-000005,xml
2618,0001696724,"METRIC POINT CAPITAL, LLC",00869901,201 W 5TH STREET,UNIT 1100,AUSTIN,TX,78701,,,,,,,,,paper
2619,0001696725,JIKO SECURITIES INC.,00869902,447 SUTTER STREET,SUITE 405 #197,SAN FRANCISCO,CA,94108,"Baker Tilly US, LLP",14555 Dallas Parkway,Dallas,TEXAS,75254,Certified Public Accountant,06-30-2025,0002013816-25-000102,xml
2620,0001698389,STASH CAPITAL LLC,00869908,115 E 34TH ST,P.O. BOX 1922,NEW YORK,NY,10016,EisnerAmper LLP,733 Third Avenue,New York,NEW YORK,10017,Certified Public Accountant,12-31-2024,0001698389-25-000001,xml
2621,0001698476,ANGEL POND CAPITAL LLC,00869910,30 E 85TH ST,30TH FL,NEW YORK,NY,10028,"Ohab  Company, P.A.",100 E. Sybelia Avenue,Maitland,FLORIDA,32751,Certified Public Accountant,12-31-2023,0001698476-24-000001,xml
2622,0001698477,"TUDOR SECURITIES, LLC",00869911,"601 BRICKELL KEY DRIVE, SUITE 700",,MIAMI,FL,33131,Assurance Dimensions Certified Public Accountants and Associates,4920 W Cypress Street,Tampa,FLORIDA,33607,Certified Public Accountant,12-31-2020,0001698477-21-000003,xml
2623,0001698759,"RESOLUTE INVESTMENT DISTRIBUTORS, INC.",00869912,220 EAST LAS COLINAS BLVD. STE. 1200,,IRVING,TX,75039,,,,,,,,,paper
2624,0001699246,"EC SECURITIES, LLC",00869913,40 EXCHANGE PLACE,SUITE 402,NEW YORK,NY,10005,"Forvis Mazars, LLP",60 Crossways Park Drive West,Woodbury,NEW YORK,11797,Certified Public Accountant,12-31-2024,0002013816-25-000041,xml
2625,0001699415,STONINGTON DRIVE SECURITIES LLC,00869914,51 JFK PARKWAY FIRST FLOOR WEST,,SHORT HILLS,NJ,07078,,,,,,,,,paper
2626,0001699854,REDBRIDGE SECURITIES LLC,00869915,"7700 WINDROSE AVE, SUITE G300",FLOOR 3,PLANO,TX,75024,,,,,,,,,paper
2627,0001699855,"ROBINHOOD SECURITIES, LLC",00869916,500 COLONIAL CENTER PARKWAY,SUITE 100,LAKE MARY,FL,32746,Ernst and Young LLP,725 S Figueroa Street,Los Angeles,CALIFORNIA,90017,Certified Public Accountant,12-31-2024,0001699855-25-000005,xml
2628,0001701383,"POLARIS PRIVATE PLACEMENTS, LLC",00869922,825 LOWCOUNTRY BLVD.,SUITE 206,MT. PLEASANT,SC,29464,"Rubio CPA, PC","3500 Lenox Road NE, Suite 1500",Atlanta,GEORGIA,30326,Certified Public Accountant,12-31-2024,0001701383-25-000002,xml
2629,0001701384,INVICTA CAPITAL LLC,00869923,527 CEDAR WAY,SUITE 101,OAKMONT,PA,15139,"Lally  Co., LLC",5700 Corporate Drive,Pittsburgh,PENNSYLVANIA,15237,Certified Public Accountant,12-31-2024,0001701384-25-000002,xml
2630,0001701774,THE FORBES SECURITIES GROUP LLC,00869926,6400 S. FIDDLERS GREEN CIRCLE,SUITE 850,GREENWOOD VILLAGE,CO,80111,"Goldman and Company, CPAs, PC","3535 Roswell Rd, Ste 32",Marietta,GEORGIA,30062,Certified Public Accountant,12-31-2023,0001701774-24-000001,xml
2631,0001702580,ALPACA SECURITIES LLC,00869928,12 E 49TH ST.,FLOOR 11,NEW YORK,NY,10017,Ryan  Juraska LLP,"141 W Jackson, Suite 2250",Chicago,ILLINOIS,60604,Certified Public Accountant,12-31-2023,0001702580-24-000013,xml
2632,0001703218,"DOEREN MAYHEW CAPITAL ADVISORS, LLC",00869931,"2600 NORTH LOOP WEST, SUITE 600",,HOUSTON,TX,77092,"EisnerAmper, LLP","8550 United Plaza Blvd, Suite 1001",Baton Rouge,LOUISIANA,70809,Certified Public Accountant,09-30-2024,0001703218-24-000004,xml
2633,0001703219,"EIG GLOBAL ENERGY PARTNERS CAPITAL MARKETS, LLC",00869932,600 NEW HAMPSHIRE AVE NW,SUITE 1200,WASHINGTON,DC,20037,,,,,,,,,paper
2634,0001703423,777 SECURITIES,00869935,1 GRACIE SQUARE,,NEW YORK,NY,10028,,,,,,,,,paper
2635,0001703890,"WINLO MANAGEMENT GROUP, LLC",00869940,300 W 6TH STREET,SUITE 1550,AUSTIN,TX,78701,"Anson, Brian W.",18455 Burbank Blvd,Tarzana,CALIFORNIA,91356,Certified Public Accountant,12-31-2024,0001703890-25-000005,xml
2636,0001704230,A5 SECURITIES LLC,00869944,375 WEST END AVE UNIT 10D,,NEW YORK,NY,10024,"Bauer  Company, LLC",5910 Courtyard Drive,Austin,TEXAS,78731,Certified Public Accountant,06-30-2025,0001704230-25-000007,xml
2637,0001705592,"BP SECURITIES, LLC",00869951,"11100 NE 8TH STREET, SUITE 400",,BELLEVUE,WA,98004,,,,,,,,,paper
2638,0001705704,"303 SECURITIES, LP",00869952,401 W. SUPERIOR STREET,,CHICAGO,IL,60654,,,,,,,,,paper
2639,0001707353,"KCM SECURITIES, LLC",00869959,20 PACIFICA,SUITE 450,IRVINE,CA,92618,,,,,,,,,paper
2640,0001707698,"INCENTRUM SECURITIES, LLC",00869961,410 PARK AVENUE,,NEW YORK,NY,10022,,,,,,,,,paper
2641,0001707699,CROWDVEST SECURITIES LLC,00869962,21 SOVEREIGN WAY,SUITE 3,HUTCHINSON ISLAND,FL,34949,DAVID LUNDGREN  CO. CPA's CHTD.,505 N. MUR-LEN ROAD,OLATHE,KANSAS,66062,Certified Public Accountant,12-31-2019,0001707699-20-000004,xml
2642,0001708357,CURRENT CAPITAL SECURITIES LLC,00869966,950 THIRD AVE - 26TH FLOOR,,NEW YORK,NY,10022,Raphael Goldberg Nikpour Cohen Sullivan CPAs PLLC,97 Froehlich Farm Blvd,Woodbury,NEW YORK,11797,Certified Public Accountant,12-31-2018,0001708357-19-000002,xml
2643,0001708358,"KINGSWOOD CAPITAL PARTNERS, LLC",00869967,126 E 56TH,SUITE 3L,NEW YORK,NY,10022,Nawrocki Smith LLP,100 Motor Parkway,Hauppauge,NEW YORK,11788,Certified Public Accountant,12-31-2024,0002013816-25-000026,xml
2644,0001708825,"HEADLANDS TECHNOLOGIES SECURITIES, LLC",00869969,110 N. WACKER DRIVE,54TH FLOOR,CHICAGO,IL,60606,Ernst  Young LLP,155 N. Wacker Drive,Chicago,ILLINOIS,60606,Certified Public Accountant,12-31-2024,0001708825-25-000003,xml
2645,0001708826,INTELLIGENT CROSS LLC,00869970,SOUNDVIEW PLAZA,"1266 E MAIN STREET, SUITE 700R",STAMFORD,CT,06902,Assurance Dimensions,"4920 West Cypress Street, Suite 102",Tampa,FLORIDA,33607,Certified Public Accountant,03-31-2025,0001708826-25-000006,xml
2646,0001708828,CLEAR STREET LLC,00869972,"4 WORLD TRADE CENTER, 150 GREENWICH STRE",45TH FLOOR,NEW YORK,NY,10007,Ernst  Young LLP,One Manhattan West,New York,NEW YORK,10001,Certified Public Accountant,12-31-2024,0001708828-25-000006,xml
2647,0001708829,AIP CAPITAL MARKETS LLC,00869973,4 SANTA CRUZ,,ROLLING HILLS ESTATES,CA,90274,Nawrocki Smith LLP,100 Motor Parkway,Hauppauge,NEW YORK,11788,Certified Public Accountant,03-31-2025,0002013816-25-000082,xml
2648,0001709585,WEBULL FINANCIAL LLC,00869978,44 WALL STREET,2ND FLOOR,NEW YORK,NY,10005,KPMG US LLP,345 Park Avenue,New York,NEW YORK,10154,Certified Public Accountant,12-31-2024,0001709585-25-000003,xml
2649,0001709894,CMG SECURITIES LLC,00869982,3160 CROW CANYON ROAD,SUITE 404,SAN RAMON,CA,94583,"Ohab  Company, PA","100 E. Sybelia Ave, Ste 130",Maitland,FLORIDA,32751,Certified Public Accountant,12-31-2024,0001709894-25-000001,xml
2650,0001710178,"LEDGER CAPITAL MARKETS, LLC",00869983,228 PARK AVENUE S,PMB 58179,NEW YORK,NY,10003-1502,"BDO USA, P.C.",330 N. Wabash Avenue,Chiacgo,ILLINOIS,60611,Certified Public Accountant,12-31-2024,0002013816-25-000063,xml
2651,0001711358,XLII FINANCIAL SERVICES LLC,00869986,10023 APPLE CREEK DRIVE,,DALLAS,TX,75243,Phillip V George,5179 CR 1026,Celeste,TEXAS,75423,Certified Public Accountant,03-31-2025,0001711358-25-000001,xml
2652,0001711788,"GLMX TECHNOLOGIES, LLC",00869987,"666 3RD AVENUE, 32ND FL",,NEW YORK,NY,10017,"Reynolds and Rowella, LLP",51 Locust Ave Suite 301,New Canaan,CONNECTICUT,06840,Certified Public Accountant,12-31-2024,0001711788-25-000003,xml
2653,0001711974,COMMONGOOD SECURITIES LLC,00869989,P.O. BOX 791,,WINTER PARK,FL,32789,"Rubio CPA, PC",3500 Lenox Road NE Suite 1500,Atlanta,GEORGIA,30326,Certified Public Accountant,12-31-2024,0001711974-25-000001,xml
2654,0001712174,"AQR INVESTMENTS, LLC",00869990,ONE GREENWICH PLAZA,SUITE 130,GREENWICH,CT,06830,PricewaterhouseCoopers LLP,300 Madison Avenue,New York,NEW YORK,10017,Certified Public Accountant,12-31-2024,0001712174-25-000001,xml
2655,0001712175,BELL POTTER SECURITIES (US) LLC,00869991,444 MADISON AVE,,NEW YORK,NY,10022,"WithumSmithBrown, PC","1411 Broadway, 9th Floor",New York,NEW YORK,10018,Certified Public Accountant,12-31-2024,0001712175-25-000001,xml
2656,0001712661,AFW ASSOCIATES LLC,00869992,152 WEST 57TH STREET,36TH FLOOR,NEW YORK,NY,10019,Citrin Cooperman  Company LLP,"180 Park Avenue, Suite 200",Florham Park,NEW JERSEY,07932,Certified Public Accountant,12-31-2024,0001712661-25-000001,xml
2657,0001712818,ALPHA TRADING L.P.,00869996,10 ABBA EVEN BOULEVARD,SUITE 208,HERZLIYA PITUACH,L3,4672528,"Frank, Rimerman Co. LP",One Embarcadero Center,San Francisco,CALIFORNIA,94111,Certified Public Accountant,12-31-2024,0001712818-25-000003,xml
2658,0001713179,STORY3 ADVISORS LLC,00869997,1624 MARKET ST STE 226,PMB 43072,DENVER,CO,80202,Ernst Wintter  Associates LLP,675 Ygnacio Valley Road,Walnut Creek,CALIFORNIA,94596,Certified Public Accountant,12-31-2024,0001713179-25-000001,xml
2659,0001713330,"LIQUIDITY.IO, LLC",00870000,350 SUGARBOWL CIRCLE,SUITE A,WHITEFISH,MT,59937,"Sanville  Company, LLC",2617 Huntingdon Pike,Huntingdon Valley,PENNSYLVANIA,19006,Certified Public Accountant,06-30-2025,0001713330-25-000003,xml
2660,0001714418,GALAXY DIGITAL PARTNERS LLC,00870001,"300 VESEY STREET, 13TH FLOOR",,NEW YORK,NY,10282,WithumSmith Brown PC,200 Jefferson Park,Whippany,NEW JERSEY,07981,Certified Public Accountant,12-31-2024,0001714418-25-000001,xml
2661,0001714419,INVESTIFI SECURITIES LLC,00870002,136 4TH STREET NORTH,SUITE 201,ST PETERSBURG,FL,33701,NTT  Company PLLC,3488 South US Hwy 77,Giddings,TEXAS,78942,Certified Public Accountant,06-30-2025,0001714419-25-000009,xml
2662,0001715650,XTX MARKETS LLC,00870009,50 HUDSON YARDS,64TH FLOOR,NEW YORK,NY,10001,Ernst  Young LLP,One Manhattan West,New York,NEW YORK,10001,Certified Public Accountant,12-31-2024,0001715650-25-000003,xml
2663,0001716623,"GRAY OAK CAPITAL, LLC",00870014,55 OLD FIELD POINT ROAD,,GREENWICH,CT,06830,"Rubio CPA, PC","3500 Lenox Rd, NE",Atlanta,GEORGIA,30326,Certified Public Accountant,12-31-2024,0001716623-25-000002,xml
2664,0001717675,"LFT SECURITIES, LLC",00870015,"425 WALNUT STREET, SUITE 2410",,CINCINNATI,OH,45202-3931,RSM US LLP,"151 West 42nd Street, 19th Floor",New York,NEW YORK,10036,Certified Public Accountant,12-31-2024,0001717675-25-000001,xml
2665,0001717676,"TJ BENDER & COMPANY, INC.",00870016,3541 RIDGEWOOD ROAD NW,SUITE 2195,ATLANTA,GA,30327,"Rubio CPA, PC","2727 Paces Ferry Road, SE",Atlanta,GEORGIA,30339,Certified Public Accountant,12-31-2021,0001717676-22-000005,xml
2666,0001717774,VELOX CLEARING LLC,00870017,600 BRICKELL AVENUE,SUITE 2800,MIAMI,FL,33131,"Fortune CPA, Inc.",333 City Blvd W 3rd Floor,Orange,CALIFORNIA,92868,Certified Public Accountant,12-31-2024,0001717774-25-000003,xml
2667,0001717775,MCDONNAUGH SECURITIES LLC,00870018,PO BOX 203,,BALDWIN,NY,11510,Akram  Associates PLLC,206 High House Road,Cary,NORTH CAROLINA,27513,Certified Public Accountant,06-30-2025,0001717775-25-000011,xml
2668,0001717776,"STRATOS WEALTH SECURITIES, LLC",00870019,3750 PARK EAST DRIVE,SUITE 200,BEACHWOOD,OH,44122,Sanville  Company,1514 Old York Road,Abington,PENNSYLVANIA,19001,Certified Public Accountant,12-31-2024,0001717776-25-000001,xml
2669,0001717927,3P ENERGY ADVISORS LLC,00870023,"1910 PACIFIC AVENUE, STE 14183",,DALLAS,TX,75201,McBee  Co. PC,718 Paulus Ave.,Dallas,TEXAS,75214,Certified Public Accountant,12-31-2024,0001717927-25-000002,xml
2670,0001718037,"LINDEN THOMAS AND COMPANY SECURITIES, LLC",00870026,516 N. TRYON STREET,,CHARLOTTE,NC,28202,"McBee  Co., PC",718 Paulus Avenue,Dallas,TEXAS,75214,Certified Public Accountant,12-31-2024,0001954107-25-000006,xml
2671,0001718251,"FORTRESS PRIVATE LEDGER, LLC",00870027,"3110 EDWARDS MILL RD, STE 200",,RALEIGH,NC,27612,"David Lundgren and Company, CPAs",505 N Mur-Len Rd,Olathe,KANSAS,66062,Certified Public Accountant,12-31-2024,0001718251-25-000008,xml
2672,0001719050,"DRW EXECUTION SERVICES, LLC",00870030,540 W. MADISON ST.,SUITE 2500,CHICAGO,IL,60661,RSM US LLP,30 S Wacker Dr,Chicago,ILLINOIS,60606,Certified Public Accountant,12-31-2024,0001719050-25-000001,xml
2673,0001719110,"JVM SECURITIES, LLC",00870032,"903 COMMERCE DRIVE, SUITE 250",,OAK BROOK,IL,60523,"Michael Coglianese, CPA",125 E. Lake Street,Bloomingdale,ILLINOIS,60108,Certified Public Accountant,12-31-2024,0001719110-25-000001,xml
2674,0001719196,EURONEXT MARKET SERVICES LLC,00870033,180 MAIDEN LANE,15TH FLOOR,NEW YORK,NY,10038,Sanville and Company,325 N. St. Paul Street,Dallas,TEXAS,75201,Certified Public Accountant,12-31-2024,0001719196-25-000003,xml
2675,0001719689,"ROBERTSON STEPHENS CAPITAL MARKETS, LLC",00870034,455 MARKET STREET,STE. 1450,SAN FRANCISCO,CA,94105-2442,,,,,,,,,paper
2676,0001719863,"BANCROFT CAPITAL, LLC",00870035,501 OFFICE CENTER DRIVE,SUITE 130,FORT WASHINGTON,PA,19034,WithumSmithBrown,"1835 Market Street, Suite 1700",Philadelphia,PENNSYLVANIA,19103,Certified Public Accountant,12-31-2024,0001719863-25-000002,xml
2677,0001719864,SAN BLAS SECURITIES LLC,00870036,3424 PEACHTREE RD. NE,SUITE 2200,ATLANTA,GA,30326-1184,"Ohab and Company, P.A",100 E. Sybelia Ave,Maitland,FLORIDA,32751,Certified Public Accountant,03-31-2024,0001719864-24-000002,xml
2678,0001720728,PCF CAPITAL MARKETS LLC,00870040,2016 OCEAN STREET,MAIL BOX 5,MARSHFIELD,MA,02050,,,,,,,,,paper
2679,0001721271,OPTIMX SECURITIES LLC,00870041,101 FRANKLIN STREET SUITE 4,,WESTPORT,CT,06880,Cropper Accountancy Corporation,"2700 Ygnacio Valley Rd., Suite 270",Walnut Creek,CALIFORNIA,94598,Certified Public Accountant,12-31-2024,0001721271-25-000004,xml
2680,0001721272,PRIME DECISION CONSULTING LLC,00870042,11 JOHN STREET,2D,WARWICK,NY,10990-1413,Rubio CPA PC,"3500 Lenox Rd., NE, Suite 1500",Atlanta,GEORGIA,30326,Certified Public Accountant,12-31-2024,0001721272-25-000001,xml
2681,0001723359,KAL CAPITAL MARKETS LLC,00870053,3738 BAYER AVENUE SUITE 103,,LONG BEACH,CA,90808,,,,,,,,,paper
2682,0001723502,ROCKEFELLER FINANCIAL LLC,00870054,45 ROCKEFELLER PLAZA,FLOOR 5,NEW YORK,NY,10111,,,,,,,,,paper
2683,0001723503,OPENDEAL BROKER LLC,00870055,149 EAST 22ST,10TH FL,NEW YORK,NY,10010,EEPB Company,2950 North Loop West,Houston,TEXAS,77092,Certified Public Accountant,12-31-2024,0001723503-25-000001,xml
2684,0001724168,VIRTUS CAPITAL MARKETS LLC,00870057,20 SIGNAL ROAD,,STAMFORD,CT,06902,YSL  Associates LLC,"11 Broadway, Suite 700",New York,NEW YORK,10004,Certified Public Accountant,12-31-2024,0001724168-25-000001,xml
2685,0001725012,STARTENGINE PRIMARY LLC,00870060,4100 W ALAMEDA AVENUE,3RD FLOOR,BURBANK,CA,91505,Haynie  Company,1785 West 2320 South,Salt Lake City,UTAH,84119,Certified Public Accountant,12-31-2024,0002013816-25-000036,xml
2686,0001725013,TCG CAPITAL MARKETS L.L.C.,00870061,1 VANDERBILT AVENUE,SUITE 3400,NEW YORK,NY,10017,Ernst  Young LLP,One Manhattan West,New York,NEW YORK,10001,Certified Public Accountant,12-31-2024,0001530264-25-000003,xml
2687,0001726309,"AMERICAN VETERANS GROUP, PBC",00870063,324 S. SERVICE ROAD,SUITE 107,MELVILLE,NY,11747,"Rubio CPA, PC",3500 Lenox Rd NE,Atlanta,NEW YORK,3514,Certified Public Accountant,09-30-2024,0001726309-25-000001,xml
2688,0001726589,FUSION PARTNERS GLOBAL LLC,00870064,"205 EAST 59 ST., SUITE 12B",SUITE 12A,NEW YORK,NY,10022,Nawrocki Smith LLP,100 Motor Parkway,Hauppauge,NEW YORK,10038,Certified Public Accountant,06-30-2025,0002013816-25-000094,xml
2689,0001727861,PROSPERUM SECURITIES LLC DBA  AVANT-GARDE TRADING SECURITIES,00870068,30 S. WACKER DR,SUITE 2840,CHICAGO,IL,60606,DCPA,2121 Avenue of the Stars,Century City,CALIFORNIA,90067,Certified Public Accountant,06-30-2025,0002013816-25-000099,xml
2690,0001728956,D-MERC SERVICES LLC,00870072,375 BALSAM ST,SUITE 203,LAKEWOOD,CO,80226,LMHS,80 Washington St,Norwell,MASSACHUSETTS,02061,Certified Public Accountant,12-31-2023,0001728956-24-000004,xml
2691,0001729875,NORDEA SECURITIES LLC,00870077,1211 AVENUE OF THE AMERICAS,,NEW YORK,NY,10036,RSM US LLP,4 Times Square,New York,NEW YORK,10036,Certified Public Accountant,12-31-2024,0001729875-25-000001,xml
2692,0001729876,MILLIMAN INVESTMENT MANAGEMENT SERVICES LLC,00870078,71 S. WACKER DRIVE,31ST FLOOR,CHICAGO,IL,60606,,,,,,,,,paper
2693,0001730481,AVENUE SECURITIES LLC,00870079,2601 S BAYSHORE DRIVE SUITE 1100,UNIT 4202,MIAMI,FL,33133,,,,,,,,,paper
2694,0001732544,"AXIS CAPITAL USA, LLC",00870083,405 LEXINGTON AVENUE,SUITE 714,NEW YORK,NY,10174,,,,,,,,,paper
2695,0001732891,"MIDAMERICA SECURITIES, LLC",00870084,P.O. BOX 149,SUITE 115,LAKELAND,FL,33802,,,,,,,,,paper
2696,0001732892,OPPORTUNE PARTNERS LLC,00870085,711 LOUISIANA STREET,SUITE 3100,HOUSTON,TX,77002,Pannell Kerr Forster of Texas P.C.,"5847 San Felipe St., STE 2600",Houston,TEXAS,77057-3000,Certified Public Accountant,12-31-2024,0001732892-25-000001,xml
2697,0001733080,TIGERBRIDGE CAPITAL LLC,00870086,"187 WOLF ROAD, SUITE 300",5TH FLOOR,ALBANY,NY,12205,"Jennifer Wray CPA, PLLC",800 Bonaventure Way,Sugar Land,TEXAS,77479,Certified Public Accountant,09-30-2024,0001733080-25-000001,xml
2698,0001733485,"CARSON GROUP BROKERAGE, LLC",00870089,14600 BRANCH ST,SUITE 100,OMAHA,NE,68154,,,,,,,,,paper
2699,0001734249,FLOURISH FINANCIAL LLC,00870093,2 PARK AVENUE,11TH FLOOR,NEW YORK,NY,10016,KPMG LLP,60 South Street,Boston,MASSACHUSETTS,02111,Certified Public Accountant,12-31-2024,0001734249-25-000003,xml
2700,0001736430,"GREEN VISTA CAPITAL, LLC",00870101,222 N. PARK AVENUE,SUITE K,WINTER PARK,FL,32789,,,,,,,,,paper
2701,0001736742,"LS SECURITIES, LLC",00870104,4 CAMPUS DRIVE,SUITE 3300,PARSIPPANY,NJ,07054,,,,,,,,,paper
2702,0001737282,"HOOPOE CAPITAL MARKETS, LLC",00870107,603 MASSACHUSETTS AVENUE,SUITE 200,BOSTON,MA,02118,WithumSmithBrown,155 Seaport Blvd F3,Boston,MASSACHUSETTS,02210,Certified Public Accountant,12-31-2024,0001737282-25-000003,xml
2703,0001737548,"OBERLIN FINANCIAL INTERNATIONAL, LLC",00870110,208 NORTH LYNN STREET,PO BOX 711,BRYAN,OH,43506,Victor Mokuolu CFA PLLC,8990 Kirby Suite 220,Houston,TEXAS,77054,Certified Public Accountant,12-31-2024,0001737548-25-000001,xml
2704,0001738502,"INFINITY CAPITAL SECURITIES, LLC",00870115,201 NW 10TH STREET,SUITE 200,OKLAHOMA CITY,OK,73103,,,,,,,,,paper
2705,0001738878,NEST INVESTMENTS BD LLC,00870117,PO BOX 266,22ND FLOOR,CONSHOHOCKEN,PA,19428,"Kreischer Miller, LLP Certified Public Accountants","100 Witmer Road, Suite 350",Horsham,PENNSYLVANIA,19044,Certified Public Accountant,12-31-2024,0001738878-25-000001,xml
2706,0001739316,"PRIME NUMBER CAPITAL, LLC",00870118,"12 E. 49TH STREET, TOWER 49",27TH FLOOR,NEW YORK,NY,10017,"David Lundgren  Co. CPAs, Chtd",505 N. Murlen Road,Olathe,KANSAS,66062,Certified Public Accountant,12-31-2024,0001739316-25-000003,xml
2707,0001739467,UPMARKET SECURITIES LLC,00870120,1525 MCCARTHY BOULEVARD,#1000,MILPITAS,CA,95035,,,,,,,,,paper
2708,0001740985,WILLIAM HOOD & Co LLC.,00870124,1330 AVENUE OF THE AMERICAS,6TH FLOOR,NEW YORK,NY,10019,"Forvis Mazars, LLP",60 Crossways Park Drive West,Woodbury,NEW YORK,11797,Certified Public Accountant,09-30-2025,0001740985-25-000005,xml
2709,0001741196,"REDBIRD BD, LLC",00870125,667 MADISON AVE,8TH FLOOR,NEW YORK,NY,10065,"Reynolds  Rowella, LLP",51 Locust Avenue,New Canaan,CONNECTICUT,06840,Certified Public Accountant,12-31-2024,0001741196-25-000001,xml
2710,0001742344,LEGIONNAIRE SECURITIES LLC,00870130,550 W. JACKSON BLVD.,SUITE 1300,CHICAGO,IL,60661,RSM US LLP,30 South Wacker Dr,Chicago,ILLINOIS,60606,Certified Public Accountant,12-31-2024,0001742344-25-000001,xml
2711,0001742814,ST INVEST LLC,00870135,500 11TH AVE N,SUITE #790,NASHVILLE,TN,37203,DCPA,2121 AVENUE OF THE STARS,CENTURY CITY,CALIFORNIA,90067,Certified Public Accountant,12-31-2024,0001742814-25-000001,xml
2712,0001742815,ROYAL TREASURE SECURITIES LLC,00870136,40 WALL STREET,SUITE 21-05,NEW YORK,NY,10005,YSL  Associates,"11 Broadway, Suite 700",New York,NEW YORK,10004,Certified Public Accountant,12-31-2024,0001742815-25-000003,xml
2713,0001743934,"ANALYST HUB SECURITIES, LLC",00870144,2301 S. CAPITAL OF TEXAS HWY,STE. J-101,AUSTIN,TX,78746,Berkower LLC,517 Route One South,Iselin,NEW JERSEY,08830,Certified Public Accountant,03-31-2025,0001743934-25-000002,xml
2714,0001744285,"MAGSTAR CAPITAL, LLC",00870145,201 WILLETT AVENUE,#230,PORT CHESTER,NY,10573,"Ohab  Company, PA","100 E. Sybelia Avenue, Suite 130",Maitland,FLORIDA,32751,Certified Public Accountant,12-31-2024,0001744285-25-000001,xml
2715,0001744853,"IFP SECURITIES, LLC",00870150,"3030 NORTH ROCKY POINT DRIVE WEST,",SUITE 700,TAMPA,FL,33607,RSM US LLP,30 South Wacker Drive,Chicago,ILLINOIS,60606,Certified Public Accountant,12-31-2024,0001744853-25-000001,xml
2716,0001745740,"LAS OLAS CAPITAL PARTNERS, LLC",00870155,888 E LAS OLAS BLVD.,SUITE 200,FT. LAUDERDALE,FL,33301,,,,,,,,,paper
2717,0001745742,MOUNTAINSIDE SECURITIES LLC,00870157,"450 SPRINGFIELD AVENUE,",SUITE 201,SUMMIT,NJ,07901,"Sanville  Company, LLC",325 North Saint Paul St.,Dallas,TEXAS,75201,Certified Public Accountant,12-31-2024,0001745742-25-000001,xml
2718,0001745923,PEI GLOBAL PARTNERS LLC,00870159,"1001 WATER STREET, SUITE 1150",SUITE 3300,TAMPA,FL,33602,YSL  Associates LLC,11 Broadway,New York,NEW YORK,10004,Certified Public Accountant,09-30-2024,0001745923-24-000007,xml
2719,0001745924,MERAKI GLOBAL ADVISORS LLC,00870160,PO BOX 982601,PO BOX 982601,PARK CITY,UT,84098,,,,,,,,,paper
2720,0001747231,"DSP SECURITIES, LLC",00870170,161 WASHINGTON STREET,SUITE 580,CONSHOHOCKEN,PA,19428,Nawrocki Smith LLP,100 Motor Parkway,Hauppauge,NEW YORK,11788,Certified Public Accountant,12-31-2024,0002013816-25-000013,xml
2721,0001747613,TELEGRAPH HILL BD LLC,00870171,535 MISSION STREET,14TH FLOOR,SAN FRANCISCO,CA,94105,Ernst Wintter  Associates LLP,675 Ygnacio Valley Road,Walnut Creek,CALIFORNIA,94596,Certified Public Accountant,12-31-2024,0001747613-25-000001,xml
2722,0001747614,BITOODA TECHNOLOGIES LLC,00870172,55 ARCH STREET,SUITE 2540,GREENWICH,CT,06830,Lilling  Company LLP,"2 Seaview Blvd., Suite 200",Port Washington,NEW YORK,11050,Certified Public Accountant,12-31-2024,0001747614-25-000001,xml
2723,0001748035,VISION 4 FUND DISTRIBUTORS LLC,00870175,9260 E. RAINTREE DRIVE,SUITE 100,SCOTTSDALE,AZ,85260,,,,,,,,,paper
2724,0001748036,"SMBC NIKKO SECURITIES CANADA, LTD.",00870176,277 PARK AVENUE,,NEW YORK,NY,10172,KPMG LLP,345 Park Avenue,New York,NEW YORK,10154,Certified Public Accountant,12-31-2024,0001748036-25-000001,xml
2725,0001748185,"TIMBREL CAPITAL, LLC",00870178,2200 CENTURY PARKWAY,SUITE 500,ATLANTA,GA,30345,Forvis Mazars LLP,500 Ridgefield Court,Asheville,NORTH CAROLINA,28806,Certified Public Accountant,12-31-2024,0001748185-25-000005,xml
2726,0001748514,EXOS SECURITIES LLC,00870182,35 W 35TH STREET,FIFTH FLOOR,NEW YORK,NY,10001,,,,,,,,,paper
2727,0001749018,DIGITAL CAPITAL MARKETS LLC,00870183,10211 FLEMING AVENUE,,BETHESDA,MD,20814,"Davies,Jerome","3605 Sandy Plains Road, Suite 240-480",Marietta,GEORGIA,30066,Certified Public Accountant,06-30-2025,0001749018-25-000002,xml
2728,0001750088,"RONDOUT PARTNERS, LLC",00870190,617 BERME ROAD,,HIGH FALLS,NY,12440,,,,,,,,,paper
2729,0001750361,"BARNABAS CAPITAL, LLC",00870192,227 WEST TRADE STREET,SUITE 1610,CHARLOTTE,NC,28202,"Jennifer Wray, CPA PLLC",800 Bonaventure Way,Sugar Land,TEXAS,77479,Certified Public Accountant,12-31-2024,0001750361-25-000002,xml
2730,0001750362,SAND CAPITAL LLC,00870193,30 HUDSON YARDS,83RD FLOOR,NEW YORK,NY,10001,YSL  Associates LLC,11 Broadway,New York,NEW YORK,10004,Certified Public Accountant,12-31-2024,0000843844-25-000004,xml
2731,0001750442,"GAMMA SECURITIES, LLC",00870195,500 CALLE DE LA TANCA SUITE 305,OCHOA BUILDING,SAN JUAN,PR,00901,,,,,,,,,paper
2732,0001750746,STELLA PARTNERS LLC,00870196,65 E GOETHE,APT. 7W,CHICAGO,IL,60610,Davila Advisory LLC,10135 Manchester Rd.,St. Louis,MISSOURI,63122,Certified Public Accountant,03-31-2025,0001750746-25-000001,xml
2733,0001750870,MONEYLION SECURITIES LLC,00870198,249-245 W 17TH ST,FLOOR 4,NEW YORK,NY,10011,RSM US LLP,801 Nicollet Mall,Minneapolis,MINNESOTA,55402,Certified Public Accountant,12-31-2024,0001750870-25-000001,xml
2734,0001751380,FREITAG CAPITAL LLC,00870202,75 STATE STREET,SUITE 100,BOSTON,MA,02109,,,,,,,,,paper
2735,0001751542,"LAZEAR CAPITAL SECURITIES, LLC",00870203,401 N. FRONT STREET,SUITE 250,COLUMBUS,OH,43215,,,,,,,,,paper
2736,0001752756,"M STEVENS SECURITIES, LLC",00870209,3753 HOWARD HUGHES PARKWAY,SUITE 200,LAS VEGAS,NV,89169,,,,,,,,,paper
2737,0001752757,"REEVES, RICHARD GORDON",00870210,LAKEWOOD-GREEN MOUNTAIN BUILDING,"12340 WEST ALAMEDA PARKWAY, SUITE 211",LAKEWOOD,CO,80228,,,,,,,,,paper
2738,0001753041,"VENTUREAIDE CAPITAL, LLC",00870211,32018 N. 20TH LANE,,PHOENIX,AZ,85085,VICTOR MOKUOLU CPA PLLC,8990 Kirby Drive Suite 220,Houston,TEXAS,770054,Certified Public Accountant,12-31-2024,0001753041-25-000001,xml
2739,0001753042,ETORO USA SECURITIES INC.,00870212,221 RIVER STREET,9TH FLOOR,HOBOKEN,NJ,07030,Ernst  Young LLP,One Manhattan West,New York,NEW YORK,10001,Certified Public Accountant,12-31-2024,0001753042-25-000001,xml
2740,0001753302,"BRIDGE ALTERNATIVES SECURITIES, LLC.",00870213,"840 S. WAUKEGAN ROAD, SUITE 202",17TH FLOOR,LAKE FOREST,IL,60045,Goldman  Company CPAs,3535 Roswell Rd # 32,Marietta,GEORGIA,30062,Certified Public Accountant,12-31-2023,0001753302-24-000001,xml
2741,0001753303,"AE FINANCIAL SERVICES, LLC",00870214,2950 SW MCCLURE ROAD,SUITE B,TOPEKA,KS,66614,Forvis Mazars LLP,1201 Walnut St Suite 1700,Kansas City,MISSOURI,64106,Certified Public Accountant,12-31-2024,0001753303-25-000002,xml
2742,0001753566,FUTU CLEARING INC,00870215,12750 MERIT DRIVE,SUITE 475,DALLAS,TX,75251,"Baker Tilley US, LLP",66 Hudson Blvd Suite 2200,New York,NEW YORK,10001,Certified Public Accountant,12-31-2024,0001753566-25-000003,xml
2743,0001753567,I5EQUITY,00870216,1700 MONTGOMERY ST,SUITE 108,SAN FRANCISCO,CA,94111,"WWC, P.C. Certified Public Accountants",2010 Pioneer Court,CA,CALIFORNIA,94403,Certified Public Accountant,12-31-2024,0001753567-25-000002,xml
2744,0001753924,CRESCENDO MARKETS LLC,00870220,85 BROAD STREET,THIRD FLOOR,NEW YORK,NY,10004,Mercurius  Associates LLP (Formerly AJSH  Co. LLP),"A-94/8, Wazirpur Industrial Area",New Delhi,INDIA,110052,Certified Public Accountant,12-31-2023,0001753924-24-000002,xml
2745,0001754393,"CAROFIN, LLC",00870224,100 ELKS CLUB RD.,,BREVARD,NC,28712,Goldman and Company CPAs PC,3535 Roswell Rd.,Marietta,GEORGIA,30062,Certified Public Accountant,12-31-2024,0001754393-25-000002,xml
2746,0001754567,"ALKALI PARTNERS, LLC.",00870225,"500 SW 116TH AVE., SUITE 273",,BEAVERTON,OR,97229,Cropper Accountancy Corp,"2700 Ygnacio Valley Road, Ste 270",Walnut Creek,CALIFORNIA,94598,Certified Public Accountant,12-31-2024,0001754567-25-000001,xml
2747,0001754568,"PLUS VENTURE PARTNERS, LLC",00870226,578 WASHINGTON BLVD,1700,MARINA DEL REY,CA,90292,Bauer  Company,5910 Courtyard Dr,Austin,TEXAS,78775,Certified Public Accountant,06-30-2025,0002013816-25-000093,xml
2748,0001754853,IUR SECURITIES LLC,00870228,MICHELIN HOUSE,81 FULHAM ROAD,LONDON,,SW3 6RD,"Phillip V. George, PLLC",5179 CR 1026,Celeste,TEXAS,51573,Certified Public Accountant,12-31-2024,0001754853-25-000001,xml
2749,0001755393,"HUATAI SECURITIES (USA), INC.",00870231,280 PARK AVE,21 FLOOR EAST,NEW YORK,NY,10017,"WithumSmithBrown, PC",200 Jefferson Park,Whippany,NEW JERSEY,07981,Certified Public Accountant,12-31-2024,0001755393-25-000003,xml
2750,0001756190,"CEIBA FINANCIAL, LLC",00870236,1831 LEXINGTON DR.,,FULLERTON,CA,92835,"NTT  Company, PLLC",3488 South U.S. Hwy 77,Giddings,TEXAS,78942,Certified Public Accountant,06-30-2025,0001756190-25-000005,xml
2751,0001757347,"DISRUPTIVE SECURITIES, LLC",00870241,369 9TH AVENUE,"SUITE 5-128, 6TH FLOOR",NEW YORK,NY,10001,"Citrin Cooperman  Company, LLP",50 Rockefeller Plaza,New York,NEW YORK,10020,Certified Public Accountant,09-30-2024,0002013816-25-000002,xml
2752,0001757481,JWTT INC.,00870242,19980 JW BROWN RD,STE 206,BEND,OR,97703,Ferrara CPA,100 Horizon Center Blvd,Hamilton,NEW JERSEY,08691,Certified Public Accountant,12-31-2024,0001757481-25-000004,xml
2753,0001757812,ALTRUIST FINANCIAL LLC,00870244,3030 S LA CIENEGA BLVD,FLOOR 2,CULVER CITY,CA,90232,"BDO USA, P.C.","515 S Flower St, 47th Floor",Los Angeles,CALIFORNIA,90071,Certified Public Accountant,12-31-2024,0001757812-25-000003,xml
2754,0001758954,"FALLS BRIDGE SECURITIES, LLC",00870247,32 N BRYN MAWR AVE,SUITE 200,BRYN MAWR,PA,19010,Sanville  Company,1514 Old York Road,Abington,PENNSYLVANIA,19001,Certified Public Accountant,12-31-2021,0001174317-22-000006,xml
2755,0001759239,BREX TREASURY LLC,00870251,650 SOUTH 500 WEST,SUITE 300,SALT LAKE CITY,UT,84101-2380,Deloitte  Touche LLC,555 Mission Street Suite 1400,San Francisco,CALIFORNIA,84105,Certified Public Accountant,01-31-2025,0001759239-25-000006,xml
2756,0001759711,EDDID SECURITIES USA INC.,00870253,40 WALL STREET,SUITE 1606,NEW YORK,NY,10005,"Adeptus Partners, LLC","W 54th Street, 9th Floor",New York,NEW YORK,10019,Certified Public Accountant,12-31-2024,0001759711-25-000003,xml
2757,0001760190,"IHT SECURITIES, LLC",00870256,123 N. WACKER DR.,SUITE 2300,CHICAGO,IL,60606,FGMK LLC,"2801 LAKESIDE DRIVE, 3RD FL",Bannockburn,ILLINOIS,60015,Certified Public Accountant,12-31-2024,0001760190-25-000001,xml
2758,0001760493,"ICE SECURITIES EXECUTION & CLEARING, LLC",00870258,1345 6TH AVENUE,6TH FLOOR,NEW YORK,NY,10105,Ernst  Young LLP,One Manhattan West,New York,NEW YORK,10001,Certified Public Accountant,12-31-2024,0001760493-25-000002,xml
2759,0001760628,WINTERFLOOD SECURITIES US CORPORATION,00870259,"1460 BROADWAY, 9TH FLOOR",25 DOWGATE HILL,NEW YORK,NY,10036,"Citrin Cooperman  Company, LLP","1133 Westchester Ave, Suite N-328",White Plains,NEW YORK,10604,Certified Public Accountant,07-31-2025,0001760628-25-000005,xml
2760,0001760752,"FIDELITY PRIME FINANCING, LLC",00870261,245 SUMMER STREET,MAIL ZONE: V1B,BOSTON,MA,02210,PricewaterhouseCoopers LLP,300 Madison Avenue,New York,NEW YORK,10017-6204,Certified Public Accountant,12-31-2024,0001760752-25-000003,xml
2761,0001761259,IM GLOBAL US DISTRIBUTORS LLC,00870266,2301 ROSECRANS AVENUE,SUITE 2150,EL SEGUNDO,CA,90245,"CITRIN COOPERMAN  COMPANY, LLC","180 PARK AVENUE, SUITE 200",FLORHAM PARK,NEW JERSEY,07932,Certified Public Accountant,12-31-2024,0001761259-25-000001,xml
2762,0001761410,JAHANI SECURITIES INC.,00870268,641 LEXINGTON AVENUE,15TH FLOOR,NEW YORK,NY,10018,DCPA,2121 AVE OF THE STARS,CENTURY CITY,CALIFORNIA,90067,Certified Public Accountant,09-30-2024,0001761410-24-000003,xml
2763,0001761411,REDE PARTNERS (AMERICAS) LLC,00870269,1270 AVENUE OF THE AMERICAS,SUITE 408,NEW YORK,NY,10020,"WithumSmith Brown, PC",200 Jefferson Park #400,Whippany,NEW JERSEY,07981,Certified Public Accountant,03-31-2025,0001761411-25-000001,xml
2764,0001761876,"LIQUIDLY IAS, LLC",00870270,225 W 34TH STREET,9TH FLOOR,NEW YORK,NY,10122,Jennifer Wray CPA PLLC,"800 Bonaventure Way, Suite 168",Sugarland,TEXAS,77479,Certified Public Accountant,12-31-2022,0001761876-23-000002,xml
2765,0001763065,BFC CAPITAL LLC,00870272,1266 FURNACE BROOK PARKWAY,SUITE 300,QUINCY,MA,02169,,,,,,,,,paper
2766,0001763171,"QUANTLAB BROKERAGE, LLC",00870274,3 GREENWAY PLAZA,SUITE 200,HOUSTON,TX,77046,Crowe LLP,485 Lexington Avenue,New York,NEW YORK,10017-2619,Certified Public Accountant,12-31-2024,0001763171-25-000002,xml
2767,0001764837,USQ SECURITIES LLC,00870279,403 E. 90TH STREET,#1RW,NEW YORK,NY,10128,,,,,,,,,paper
2768,0001765335,BEYONDTRADE SECURITIES INC.,00870280,8805 RYEGATE CT,SUITE 330,ST. LOUIS,MO,63127,,,,,,,,,paper
2769,0001765481,PORTUM CAPITAL LLC,00870281,40 WALL ST,SUITE 1702,NEW YORK,NY,10005,,,,,,,,,paper
2770,0001767041,BRUCE MARKETS LLC,00870286,141 W JACKSON BLVD,SUITE 500,CHICAGO,IL,60604,RSM US LLP,30 S Wacker Dr,Chicago,ILLINOIS,60606,Certified Public Accountant,12-31-2024,0001767041-25-000003,xml
2771,0001767248,MIZUHO SECURITIES CANADA INC.,00870287,1271 AVENUE OF THE AMERICAS,"FLOORS - 2,3,4,18,19",NEW YORK,NY,10020,Ernst  Young LLP,One Manhattan West,New York,NEW YORK,10001,Certified Public Accountant,03-31-2025,0001767248-25-000001,xml
2772,0001768190,"PHCP, LLC",00870289,2340 COLLINS AVENUE,SUITE 403,MIAMI BEACH,FL,33139,"WithumSmithBrown, PC",200 Jefferson Park,Whippany,NEW JERSEY,07981,Certified Public Accountant,12-31-2024,0002013816-25-000006,xml
2773,0001768365,REDMONT CAPITAL MARKETS LLC,00870291,820 SHADES CREEK PARKWAY,SUITE 1200,BIRMINGHAM,AL,35209,"LBMC, LP",201 Franklin Road,Brentwood,TENNESSEE,37024,Certified Public Accountant,12-31-2024,0001768365-25-000005,xml
2774,0001768366,"THINK ALPHA SECURITIES, LLC",00870292,116 COMMONS WAY,SUITE 116,PRINCETON,NJ,08540,,,,,,,,,paper
2775,0001768367,"CULTIVATE CAPITAL GROUP, LLC",00870293,859 MADISON AVENUE,5TH FLOOR,BRIDGEWATER,NJ,08807,Nawrocki Smith LLP,100 Motor Parkway,Hauppauge,NEW YORK,11788,Certified Public Accountant,06-30-2025,0001768367-25-000002,xml
2776,0001768459,"ALPHALEDGER MARKETS, INC",00870294,PO BOX 236,SUITE 102B-228,POULSBO,WA,98370,,,,,,,,,paper
2777,0001768561,SIGNUM GROWTH CAPITAL LLC,00870297,23 WELLSFORD DRIVE,,GOSHEN,CT,06756,YSL  ASSOCIATES LLC,"11 BROADWAY, SUITE 700",New York,NEW YORK,10004,Certified Public Accountant,12-31-2024,0001768561-25-000001,xml
2778,0001768562,"AEL FINANCIAL SERVICES, LLC",00870298,2101 REXFORD ROAD,SUITE 310,CHARLOTTE,NC,28211,DeMarco Sciaccotta Wilkens  Dunleavy LLP,20646 Abbey Woods Ct N,Frankfort,ILLINOIS,60423,Certified Public Accountant,12-31-2024,0001768562-25-000001,xml
2779,0001769305,ZATARA CAPITAL SECURITIES LLC,00870303,120 NEWPORT CENTER DRIVE,SUITE 50,NEWPORT BEACH,CA,92660,DCPA,2121 AVENUE OF THE STARS,CENTURY CITY,CALIFORNIA,90067,Certified Public Accountant,06-30-2025,0001769305-25-000011,xml
2780,0001769381,GQR SECURITIES LLC,00870305,500 W PUTNAM AVE,SUITE 400,GREENWICH,CT,06830,Nawrocki Smith LLP,100 Motor Parkway,Hauppauge,NEW YORK,11788,Certified Public Accountant,09-30-2024,0002013816-25-000001,xml
2781,0001769382,"ASTRIS SECURITIES, LLC",00870306,5185 MACARTHUR BLVD NW,"STE 103, PMB#717",WASHINGTON,DC,20016,"RW Group, LLC",114 Cambridge Road,Landenberg,PENNSYLVANIA,19350,Certified Public Accountant,12-31-2024,0001769382-25-000002,xml
2782,0001769515,BC PARTNERS SECURITIES LLC,00870308,650 MADISON AVE,3RD FLOOR,NEW YORK,NY,10022,"Citrin Cooperman  Company, LLP",50 Rockefeller Plaza,New York,NEW YORK,10020,Certified Public Accountant,12-31-2024,0001769515-25-000001,xml
2783,0001769517,"TEXTURE CAPITAL, INC.",00870310,"80 BROAD STREET, 5TH FLOOR",,NEW YORK,NY,10004,Sanville  Company LLC,2617 Huntington Pike,Huntington Valley,PENNSYLVANIA,19006,Certified Public Accountant,06-30-2025,0001769517-25-000005,xml
2784,0001769681,STAX CAPITAL,00870311,10525 VISTA SORRENTO PARKWAY,SUITE 220,SAN DIEGO,CA,92121,,,,,,,,,paper
2785,0001769682,ABSA SECURITIES U.S. INC.,00870312,610 FIFTH AVENUE,SUITE 405,NEW YORK,NY,10020,"WithumSmithBrown, PC","1411 Broadway, 9th Floor",New York,NEW YORK,10018,Certified Public Accountant,12-31-2024,0001769682-25-000001,xml
2786,0001770093,SUPERVISION PARTNERS LLC,00870315,641 LEXINGTON AVENUE,FL 17,NEW YORK,NY,10022,YSL  Associates LLC,11 Broadway,New York,NEW YORK,10004,Certified Public Accountant,03-31-2025,0002013816-25-000080,xml
2787,0001771233,"PEACHTREE PC INVESTORS, LLC",00870317,3500 LENOX ROAD,SUITE 625,ATLANTA,GA,30326,"PKF O'Connor Davies, LLP",245 Park Avenue,New York,NEW YORK,10167,Certified Public Accountant,12-31-2024,0001771233-25-000001,xml
2788,0001771493,"KARMEQ, LLC",00870320,50 CALIFORNIA STREET SUITE 1500,SUITE 203,SAN FRANCISCO,CA,94111,Cropper Accountancy Corporation,2700 Ygnacio Valley Road #270,Walnut Creek,CALIFORNIA,94598,Certified Public Accountant,12-31-2024,0001771493-25-000001,xml
2789,0001771704,CONNAUGHT (U.S.) LLC,00870323,2 SOHO PLACE,,LONDON,NY,W1D 3BG,UHY LLP,"4 Tower Place, Executive Park",Albany,NEW YORK,12203,Certified Public Accountant,12-31-2024,0001771704-25-000001,xml
2790,0001772945,KOPENTECH CAPITAL MARKETS LLC,00870331,25 FERNWOOD LANE,SUITE 1101,ROSLYN,NY,11576,"Weisberg, Mole', Krantz  Goldfarb, LLP",185 Crossways Park Drive,Woodbury,NEW YORK,11797,Certified Public Accountant,12-31-2024,0001772945-25-000002,xml
2791,0001773157,"FINAMEX INTERNATIONAL, LLC",00870333,2700 POST OAK BLVD.,"22ND FLOOR, SUITE 22-122",HOUSTON,TX,77056,"Phillip V. George, PLLC",5179 CR 1026,Celeste,TEXAS,75423,Certified Public Accountant,12-31-2024,0001773157-25-000002,xml
2792,0001774377,"JOHNSTONE BROKERAGE SERVICES, LLC",00870335,117 SAN AUGUSTINE STREET,,CENTER,TX,75935,"Jerome Davies, CPA, P.C.",3605 Sandy Plains Rd.,Marietta,GEORGIA,30066,Certified Public Accountant,12-31-2024,0002013816-25-000047,xml
2793,0001774439,PGB SECURITIES LLC,00870338,500 HILLS DRIVE,,BEDMINSTER,NJ,07921,,,,,,,,,paper
2794,0001774806,"SEALY INVESTMENT SECURITIES, LLC",00870340,"8401 N. CENTRAL EXPRESSWAY, SUITE 150",,DALLAS,TX,75225,,,,,,,,,paper
2795,0001775760,"CAPITALA SECURITIES, LLC",00870342,4201 CONGRESS STREET,SUITE 360C,CHARLOTTE,NC,28209,,,,,,,,,paper
2796,0001776430,IMC EXECUTION SERVICES LLC,00870343,233 S WACKER DRIVE,#4300,CHICAGO,IL,60606,"PricewaterhouseCoopers, LLC",One North Wacker Drive,Chicago,ILLINOIS,60606,Certified Public Accountant,12-31-2024,0001776430-25-000001,xml
2797,0001777805,PANTEK PARTNERS ADVISORS LLC,00870345,954 AVE PONCE DE LEON,SUITE #403,SAN JUAN,PR,00907,"HTL INTERNATIONAL, LLC",12 GREENWAY PLAZA,HOUSTON,TEXAS,77046,Certified Public Accountant,12-31-2024,0001777805-25-000001,xml
2798,0001777905,"HEWLETT POINT SECURITIES, LLC",00870348,3932 BADEN DRIVE,SUITE 1200,HOLIDAY,FL,34691,"Tuttle and Bond, PLLC",3488 South US HWY 77,Giddings,TEXAS,78942,Certified Public Accountant,12-31-2024,0001777905-25-000001,xml
2799,0001778389,SPC CAPITAL MARKETS LLC,00870350,20 HORSENECK LANE,FIRST FLOOR,GREENWICH,CT,06830,KPMG LLP,"345 Park Ave, 4th Floor",New York,NEW YORK,10154,Certified Public Accountant,12-31-2024,0001778389-25-000002,xml
2800,0001778390,"BAYBERRY SECURITIES, INC.",00870351,9752 AVENEL FARM DRIVE,,POTOMAC,MD,20854,,,,,,,,,paper
2801,0001778731,TRANSITIONAL BROKER LLC,00870353,"11650 S. STATE STREET, SUITE 200",,DRAPER,UT,84020,Davila Advisory,"10135 Manchester Rd., #206",St. Louis,MISSOURI,63122,Certified Public Accountant,12-31-2022,0001778731-23-000003,xml
2802,0001778878,PELOTON SECURITIES LLC,00870354,117 BOW STREET,UNIT #1AS,PORTSMOUTH,NH,03801,,,,,,,,,paper
2803,0001779410,"BAINBRIDGE CAPITAL SECURITIES, INC.",00870357,4445 EASTGATE MALL,SUITE 200,SAN DIEGO,CA,92121,,,,,,,,,not_submitted
2804,0001779507,"PARK WALK CAPITAL MARKETS, LLC",00870360,1250 SOUTH CAPITAL OF TEXAS HIGHWAY,"BLDG. 3, SUITE 400",AUSTIN,TX,78746,Moss Adams LLP,14555 Dallas Parkway,Dallas,TEXAS,75254,Certified Public Accountant,12-31-2024,0001779507-25-000001,xml
2805,0001779588,"ARLINGTON CAPITAL SERVICES, LLC",00870361,2000 MORRIS AVENUE,SUITE 1100,BIRMINGHAM,AL,35203,,,,,,,,,paper
2806,0001780116,SNOWBRIDGE SECURITIES LLC,00870363,3801 PGA BOULEVARD,SUITE 600,PALM BEACH GARDENS,FL,33410,YSL  Associates LLC,11 Broadway,New York,NEW YORK,10004,Certified Public Accountant,09-30-2024,0001780116-24-000004,xml
2807,0001780350,"PACIFIC COAST CAPITAL, LLC",00870364,680 HAWTHORNE AVE.,SUITE 140,SALEM,OR,97301,LMHS PC,"80 Washington St, Building S",Norwell,MASSACHUSETTS,02061,Certified Public Accountant,12-31-2024,0001780350-25-000001,xml
2808,0001780659,REVOLUT SECURITIES INC.,00870365,107 GREENWICH STREET,20TH FLOOR,NEW YORK,NY,10006,"BDO USA, LLP",One Bush Street,San Francisco,CALIFORNIA,94104,Certified Public Accountant,12-31-2024,0002013816-25-000075,xml
2809,0001781164,EASTDIL SECURED ADVISORS LLC,00870367,100 WILSHIRE BLVD,SUITE 1500,SANTA MONICA,CA,90401,KPMG LLP,550 South Hope Street,Los Angeles,CALIFORNIA,90071,Certified Public Accountant,12-31-2024,0001781164-25-000001,xml
2810,0001781520,"GEMINI GALACTIC MARKETS, LLC",00870369,315 PARK AVENUE SOUTH,,NEW YORK,NY,10010,Deloitte  Touche LLP,30 Rockefeller Plaza,New York,NEW YORK,10112,Certified Public Accountant,12-31-2024,0001781520-25-000001,xml
2811,0001781521,"GLOBAL PACIFIC SECURITIES US, INC.",00870370,19 W. 26TH STREET,4TH FLOOR,NEW YORK,NY,10010,YSL  Associates,11 Broadway,New York,NEW YORK,10004,Certified Public Accountant,09-30-2024,0001781521-24-000004,xml
2812,0001781692,"MONTICELLO FINANCIAL GROUP, LLC",00870371,107 EAST ELEVENTH STREEET,,MT. PLEASANT,TX,75455,,,,,,,,,paper
2813,0001781695,"ASSUREDPARTNERS FINANCIAL SERVICES, LLC",00870374,4600 W. CYPRESS,SUITE 405,TAMPA,FL,33607,"Wolf  Company, P.C.",255 State Street,Boston,MASSACHUSETTS,02109,Certified Public Accountant,12-31-2024,0001781695-25-000004,xml
2814,0001782578,AQ TECHNOLOGY PARTNERS LLC,00870378,"203 REDWOOD SHORES PARKWAY, SUITE 530",SUITE 200,REDWOOD CITY,CA,94065,,,,,,,,,paper
2815,0001783743,HUDSONWEST LLC,00870384,5038 E 3RD AVE,#207,DENVER,CO,80220,Summit LLC,"999 18th Street, Suite 3000",Denver,COLORADO,80202,Certified Public Accountant,12-31-2024,0001783743-25-000002,xml
2816,0001784687,PACENOTE CAPITAL LLC,00870385,1410 EAST 3RD STREET,,AUSTIN,TX,78702,Crowe LLP,485 Lexington Ave. Floor 11,New York,NEW YORK,10017,Certified Public Accountant,03-31-2025,0001784687-25-000001,xml
2817,0001784951,"ONE 2800 CAPITAL ADVISORS, LLC",00870388,"12800 N. MERIDIAN STREET,",SUITE 400,CARMEL,IN,46032,Jennifer Wray CPA PLLC,800 Bonaventure Way,Sugar Land,INDIANA,77479,Certified Public Accountant,12-31-2024,0001784951-25-000001,xml
2818,0001785108,OHANAE SECURITIES LLC,00870389,"42 BROADWAY, SUITE 12-129",,NEW YORK,NY,10004,YSL  Associates LLC,11 Broadway,New York,NEW YORK,10004,Certified Public Accountant,03-31-2025,0001785108-25-000002,xml
2819,0001785507,VICENTE & PARTNERS LLC,00870392,14 BERKELEY STREET,MAYFAIR,LONDON,NY,W1J 8DX,Prager Metis CPAs LLC,222 Mount Airy Road,Basking Ridge,NEW JERSEY,07920,Certified Public Accountant,12-31-2024,0001785507-25-000001,xml
2820,0001785508,"DV SECURITIES, LLC",00870393,425 S. FINANCIAL PLACE,SUITE 2800,CHICAGO,IL,60605,RSM US LLP,30 S Wacker Dr,Chicago,ILLINOIS,60606,Certified Public Accountant,12-31-2024,0001785508-25-000002,xml
2821,0001786341,MAGEN FINANCIAL LLC,00870397,1500 BROADWAY,25TH FLOOR,NEW YORK,NY,10036,"CITRIN COOPERFMAN  COMPANY, LLP",50 ROCKEFELLER PLAZA,NEW YORK,NEW YORK,10020,Certified Public Accountant,12-31-2024,0001786341-25-000001,xml
2822,0001786668,"DUNN SECURITIES, LLC",00870398,309 SE OSCEOLA ST. SUITE 350,,STUART,FL,34994-2240,,,,,,,,,paper
2823,0001786669,"FOLLA CAPITAL, LLC",00870399,"3722 SHIPYARD BOULEVARD, SUITE E",,WILMINGTON,NC,28403,Sanville  Company LLC,2617 Huntington Pike,Huntington Valley,PENNSYLVANIA,19006,Certified Public Accountant,12-31-2024,0001786669-25-000002,xml
2824,0001787046,EBISU SECURITIES INC.,00870400,4348 WAIALAE AVENUE,PMB 423,HONOLULU,HI,96816,,,,,,,,,paper
2825,0001787140,"GREENWICH CAPITAL PARTNERS, LLC",00870402,135 MILBANK AVENUE WEST,,GREENWICH,CT,06830,,,,,,,,,paper
2826,0001787326,ASHFORD SECURITIES LLC,00870405,"14185 DALLAS PARKWAY, SUITE 780",,DALLAS,TX,75254,"McBee  Co., PC",718 Paulus Ave,Dallas,TEXAS,75214,Certified Public Accountant,12-31-2020,0001787326-21-000004,xml
2827,0001787668,BLINK SECURITIES LLC,00870406,"27 UNION SQUARE WEST, 4TH FLOOR",,NEW YORK,NY,10003,Ryan  Juraska LLP,141 W Jackson,Chicago,ILLINOIS,60604,Certified Public Accountant,12-31-2024,0002013816-25-000005,xml
2828,0001787967,RINCON SECURITIES GROUP LLC,00870408,3027 TOWNSGATE ROAD,SUITE 230,WESTLAKE VILLAGE,CA,91361,,,,,,,,,paper
2829,0001788192,GRAFINE CAPITAL PARTNERS LLC,00870410,654 MADISON AVENUE,SUITE 1201,NEW YORK,NY,10065,"Citrin Cooperman  Company, LLP",180 Park Ave.,Florham Park,NEW JERSEY,07932,Certified Public Accountant,12-31-2024,0002013816-25-000062,xml
2830,0001788324,PUENTE SERVICIOS FINANCIEROS LLC,00870412,801 BRICKELL AVENUE,SUITE 2010,MIAMI,FL,33131,,,,,,,,,paper
2831,0001788457,INCLINE ADVISORS LLC,00870413,655 TYNER WAY,,INCLINE VILLAGE,NV,89451,,,,,,,,,paper
2832,0001788631,APEX DIRECT,00870414,350 N. SAINT PAUL STREET,SUITE 1300,DALLAS,TX,75201,,,,,,,,,paper
2833,0001789121,MEC GLOBAL PARTNERS LLC,00870418,ONE FEDERAL STREET,17TH FLOOR,BOSTON,MA,02110,Forvis Mazars LLP,135 West 50th Street,New York,NEW YORK,10020,Certified Public Accountant,12-31-2024,0001789121-25-000001,xml
2834,0001789982,FINALIS SECURITIES LLC,00870425,228 PARK AVE SOUTH,SUITE 85550,NEW YORK,NY,10003,Cropper Accountancy Corporation,2700 Ygnacio Valley Road,Walnut Creek,CALIFORNIA,94595,Certified Public Accountant,12-31-2023,0001789982-24-000001,xml
2835,0001789983,"IOA SECURITIES, LLC",00870426,1855 W STATE ROAD 434 SUITE 267,,LONGWOOD,FL,32750,"Goldman  Company, CPA's, P.C.",3535 Roswell Rd.,Marietta,GEORGIA,30062,Certified Public Accountant,12-31-2024,0001789983-25-000001,xml
2836,0001790789,"TI SECURITIES, LLC",00870431,ONE WEST COURT SQUARE,SUITE 530,DECATUR,GA,30030,Rubio CPA PC,3500 Lenox Rd NE,Atlanta,GEORGIA,30326,Certified Public Accountant,12-31-2024,0001790789-25-000001,xml
2837,0001790790,"CMD GLOBAL PARTNERS, LLC",00870432,123 N WACKER DR,SUITE 1375,CHICAGO,IL,60606,demarco sciacotta wilkens  dunleavy llp,"20646 abbey woods ct n., ste 201",frankfort,ILLINOIS,60423,Certified Public Accountant,06-30-2025,0001790790-25-000003,xml
2838,0001790931,STRATHMORE GROUP LLC,00870433,263 LITTLE PLAINS ROAD,SUITE 4L,SOUTHAMPTON,NY,11968-4946,VICTOR MOKUOLU CPA PLLC,8990 KIRBY DRIVE,HOUSTON,TEXAS,77054,Certified Public Accountant,03-31-2025,0001790931-25-000001,xml
2839,0001791556,"GRAYSCALE SECURITIES, LLC",00870437,290 HARBOR DRIVE,4TH FLOOR,STAMFORD,CT,06902,KPMG LLP,345 Park Avenue,New York,NEW YORK,10154,Certified Public Accountant,12-31-2024,0001791556-25-000002,xml
2840,0001792363,ARCSTONE SECURITIES LLC,00870439,885 THIRD AVENUE,21ST FLOOR,NEW YORK,NY,11232,Romeo and Chiaverelli CPAs,One Bala Ave Ste. 234,Bala Cynwyd,PENNSYLVANIA,19004,Certified Public Accountant,12-31-2023,0001792363-24-000004,xml
2841,0001794626,MEMX EXECUTION SERVICES LLC,00870449,382 NE 191ST ST,PMB 92178,MIAMI,FL,33179-3899,PricewaterhouseCoopers LLP,300 Madison Avenue,New York,NEW YORK,10017,Certified Public Accountant,12-31-2024,0001794626-25-000001,xml
2842,0001794627,PROOF SERVICES LLC,00870450,176 BROADWAY #15D,,NEW YORK,NY,10038,"Rubio CPA, PC",3500 Lenox Road NE Suite 1500,Atlanta,GEORGIA,30326,Certified Public Accountant,12-31-2024,0001794627-25-000004,xml
2843,0001795131,"BLUE OCEAN ATS, LLC",00870452,"515 N. FLAGLER DR, SUITE 350",515,WEST PALM BEACH,FL,33401,"Rolleri  Sheppard CPAS, LLP",2150 Post Road,Fairfield,CONNECTICUT,06824,Certified Public Accountant,12-31-2024,0001795131-25-000007,xml
2844,0001795506,GTS EXECUTION SERVICES LLC,00870455,545 MADISON AVENUE,9TH FLOOR,NEW YORK,NY,10022,,,,,,,,,paper
2845,0001795833,"SECFI SECURITIES, LLC",00870457,25 BROADWAY,10TH FLOOR,NEW YORK,NY,10004,"Citrin Cooperman  Company, LLP",709 Westchester Avenue,White Plains,NEW YORK,10604,Certified Public Accountant,12-31-2022,0001795833-23-000003,xml
2846,0001795834,"BSC SECURITIES, LLC",00870458,5511 VIRGINIA WAY,SUITE 200,BRENTWOOD,TN,37027,"LBMC, PC",201 Franklin Road,Brentwood,TENNESSEE,37027,Certified Public Accountant,06-30-2025,0001795834-25-000004,xml
2847,0001795836,"ALBERT SECURITIES, LLC",00870459,440 N BARRANCA AVE #3801,3RD FLOOR,COVINA,CA,91723,PricewaterhouseCoopers LLP,601 South Figueroa,Los Angeles,CALIFORNIA,90017,Certified Public Accountant,12-31-2024,0001795836-25-000002,xml
2848,0001795990,"HAMPTONROCK PARTNERS, LLC",00870461,100 CRESCENT CT,STE 525,DALLAS,TX,75201,McBee  Co.,718 Paulus Avenue,Dallas,TEXAS,75214,Certified Public Accountant,12-31-2024,0001795990-25-000007,xml
2849,0001796384,BEACON SECURITIES US LIMITED,00870463,66 WELLINGTON STREET WEST,SUITE 4050,"TORONTO, ONTARIO",,M5K 1H1,KPMG LLP,333 Bay Adelaide Center,Toronto,"ONTARIO, CANADA",M5k1H1,Certified Public Accountant,12-31-2024,0001796384-25-000002,xml
2850,0001796663,PRISM FINANCIAL PRODUCTS LP,00870465,"130 WEST 42ND STREET, 23RD FLOOR",,NEW YORK,NY,10036,PKF O'Connor Davies,245 Park Avenue,New York,NEW YORK,10167,Certified Public Accountant,12-31-2024,0001796663-25-000001,xml
2851,0001796826,"AGILE TRADING TECHNOLOGIES, LLC",00870466,2 TOWN PLACE,STE 210,BRYN MAWR,PA,19010,MARCUM LLP,1601 MARKET ST,PHILADELPHIA,PENNSYLVANIA,19103,Certified Public Accountant,12-31-2024,0001796826-25-000001,xml
2852,0001796927,THE GROWTH STAGE INC.,00870467,1460 BROADWAY,SUITE 8031,NEW YORK,NY,10036,David Lundgren  Co,505 N. Mur-Len Road,Olathe,KANSAS,66062,Certified Public Accountant,12-31-2024,0001796927-25-000003,xml
2853,0001797383,"GREENBIRD CAPITAL, LLC",00870469,2500 N MILITARY TRAIL,SUITE 120,BOCA RATON,FL,33431,,,,,,,,,paper
2854,0001797958,FAST EXECUTION SERVICES LLC,00870471,425 S FINANCIAL PLACE,SUITE 3650,CHICAGO,IL,60605,Nawrocki Smith LLP,100 Motor Parkway,Hauppauge,NEW YORK,11788,Certified Public Accountant,06-30-2025,0002013816-25-000105,xml
2855,0001798802,"PURESTREAM, LLC",00870472,75 ROCKEFELLER PLAZA,STE. 2900A,NEW YORK,NY,10019,Crowe LLP,485 Lexington Avenue,New York,NEW YORK,10017,Certified Public Accountant,12-31-2024,0001798802-25-000004,xml
2856,0001801474,"FIGURE SECURITIES, INC.",00870478,650 CALIFORNIA STREET,SUITE 200,SAN FRANCISCO,CA,94108,KPMG LLP,345 PARK AVENUE,NEW  YORK,NEW YORK,10154,Certified Public Accountant,12-31-2024,0001801474-25-000001,xml
2857,0001801591,ARMSTRONG SECURITIES LLC,00870480,53 FOREST AVENUE,3RD FLOOR,OLD GREENWICH,CT,06870,Crowe LLP,485 Lexington Avenue,New York,NEW YORK,10017,Certified Public Accountant,12-31-2024,0002013816-25-000033,xml
2858,0001802146,STOCKBLOCK SECURITIES LLC,00870481,600 LEXINGTON AVENUE,32ND FLOOR,NEW YORK,NY,10022,,,,,,,,,paper
2859,0001802264,RHODA AND CO LLC,00870482,1667 SAINT MARKS AVENUE,,BROOKLYN,NY,11233,,,,,,,,,paper
2860,0001802492,"PAG FINANCIAL, LLC",00870483,"305 MADISON AVENUE,",STE. 300,MORRISTOWN,NJ,07960,,,,,,,,,paper
2861,0001804198,"PRIMUS FINANCIAL SERVICES, LLC",00870491,111 N. ORANGE AVENUE,SUITE 1000,ORLANDO,FL,32801,"Accell CPA  Associates, P.A.",8270 Woodland Center Boulevard #3425,Tampa,FLORIDA,33614,Certified Public Accountant,12-31-2024,0001804198-25-000003,xml
2862,0001804512,"CURTIS POINT CAPITAL, LLC",00870494,6 DRIFTWOOD,,WESTON,MA,02493,,,,,,,,,paper
2863,0001804513,"FIRST OMEGA, LLC",00870495,1270 AVENUE OF THE AMERICAS,FLOOR 7,NEW YORK,NY,10020,LMHS PC,"80 Washington St, Building S",NorwellS,MASSACHUSETTS,02061,Certified Public Accountant,12-31-2024,0001804513-25-000001,xml
2864,0001804700,IF SECURITIES LLC,00870496,899 W. CYPRESS CREEK,7TH FLOOR,FORT LAUDERDALE,FL,33309,"Hacker, Johnson  Smith PA",500 West Cypress Creek Road,Fort Lauderdale,FLORIDA,33309,Certified Public Accountant,12-31-2024,0001804700-25-000001,xml
2865,0001805203,BLUEPATH CAPITAL LLC,00870497,39 MESA STREET,SUITE 103,SAN FRANCISCO,CA,94129,Novogradac  Co. LLP,1160 Battery St. East Bldg,San Francisco,CALIFORNIA,94111,Certified Public Accountant,12-31-2024,0001805203-25-000001,xml
2866,0001805204,"HILLWORTH SECURITIES, LLC",00870498,"3307 NORTHLAND DRIVE,",SUITE 300,AUSTIN,TX,78731,"Phillip V. George, PLLC",5179 CR 1026,Celeste,TEXAS,75243,Certified Public Accountant,12-31-2024,0001805204-25-000001,xml
2867,0001805205,MOMENTUS SECURITIES LLC,00870499,1350 BROADWAY,ROOM/SUITE 2320,NEW YORK,NY,10018,CohnReznick LLP,14 Sylvan Way,Parsippany,NEW JERSEY,07054-3801,Certified Public Accountant,12-31-2024,0001805205-25-000002,xml
2868,0001805206,FON CORPORATE FINANCE LLC,00870500,2000 DUKE STREET,SUITE 321,ARLINGTON,VA,22314,"APRIO, LLP",2002 Summit Boulevard,Atlanta,GEORGIA,30319,Certified Public Accountant,03-31-2025,0002013816-25-000081,xml
2869,0001805615,NETSHARES FINANCIAL SERVICES LLC,00870502,5554 S. PEEK ROAD,PMB 8,KATY,TX,77450,,,,,,,,,paper
2870,0001806092,CLEARLIST LLC,00870504,40 WALL STREET,38TH FLOOR,NEW YORK,NY,10005,"Baker Tilly US, LLP",66 Hudson Boulevard,New York,NEW YORK,10001,Certified Public Accountant,12-31-2024,0001806092-25-000002,xml
2871,0001806094,PALM TREE SECURITIES LLC,00870505,11755 WILSHIRE BLVD,STE 2300,LOS ANGELES,CA,90025,,,,,,,,,paper
2872,0001808445,DIGITAL BROKERAGE SERVICES LLC,00870512,TWO DESTINY WAY,MAIL ZONE WG3D,WESTLAKE,TX,76262,PricewaterhouseCoopers LLP,300 Madison Avenue,New York,NEW YORK,10017,Certified Public Accountant,12-31-2024,0001808445-25-000003,xml
2873,0001808513,"ENERGY DOMAIN SECURITIES, LLC",00870513,"1301 W. 7TH STREET, SUITE 102",,FORT WORTH,TX,76102,"McBee  Co., PC",718 Paulus Ave,Dallas,TEXAS,75214,Certified Public Accountant,12-31-2024,0002013816-25-000020,xml
2874,0001808793,NINTH ETERNITY SECURITIES LLC,00870514,1 BROADWAY,14TH FLOOR,CAMBRIDGE,MA,02142,,,,,,,,,paper
2875,0001809178,"TAYLOR GREY, INC.",00870517,3158 SCHOLARSHIP,,NEWPORT BEACH,CA,92612,Cropper Accountancy Corp,2700 Ygnacio Valley Rd.,Walnut Creek,CALIFORNIA,94596,Certified Public Accountant,12-31-2024,0001809178-25-000001,xml
2876,0001809938,ADELPHI STOCK BROKERS INC.,00870519,40 CORNWALL LANE,SUITE 1808,SANDS POINT,NY,11050,Ferrara CPA,100 Horizon Center Blvd,Hamilton,NEW JERSEY,08691,Certified Public Accountant,12-31-2024,0001809938-25-000001,xml
2877,0001810587,EGWELE SECURITIES LLC,00870521,155 NORTH WACKER DRIVE,SUITE 4250,CHICAGO,IL,60606,"Jerome Davies, CPA, P.C.",3605 Sandy Plains Road,Marietta,GEORGIA,30066,Certified Public Accountant,12-31-2024,0001810587-25-000001,xml
2878,0001811726,BLACK EDGE SECURITIES LLC,00870525,811 WEST FULTON,SUITE 400,CHICAGO,IL,60607,,,,,,,,,not_submitted
2879,0001812645,SPARK CHANGE SECURITIES LLC,00870529,107 SPRING ST.,STE. 4027,SEATTLE,WA,98104-1005,"RW Group, LLC",114 Cambridge Road,Landenberg,PENNSYLVANIA,19350,Certified Public Accountant,09-30-2024,0001812645-24-000002,xml
2880,0001812829,GLOBETECH SECURITIES LLC,00870531,440 GROOMS ROAD,,CLIFTON PARK,NY,12065,FERRARA CPA,100 HORIZON CENTER BLVD,HAMILTON,NEW JERSEY,08619,Certified Public Accountant,12-31-2024,0001812829-25-000001,xml
2881,0001812830,XTX EXECUTION SERVICES LLC,00870532,50 HUDSON YARDS,64TH FLOOR,NEW YORK,NY,10001,Ernst  Young LLP,One Manhattan West,New York,NEW YORK,10001,Certified Public Accountant,12-31-2024,0001812830-25-000002,xml
2882,0001812980,"EXCELSIOR EQUITIES, LLC",00870533,6795 EAST TENNESSEE AVENUE,SUITE 210,DENVER,CO,80224,,,,,,,,,paper
2883,0001814470,CLEARLIST SECURITIES LLC,00870540,40 WALL STREET,38TH FLOOR,NEW YORK,NY,10005,"Baker Tilly US, LLP",66 Hudson Boulevard,New York,NEW YORK,10001,Certified Public Accountant,12-31-2024,0001814470-25-000002,xml
2884,0001814799,"MONDEUM CAPITAL, LLC",00870542,27 MAIN STREET,SUITE B,SOUTHAMPTON,NY,11968,,,,,,,,,paper
2885,0001816793,"EQUITY SHIFT, INC.",00870550,434 FAYETTEVILLE STREET,SUITE 1150,RALEIGH,NC,27601,,,,,,,,,paper
2886,0001817776,MONTEC SECURITIES LLC,00870553,510 MADISON AVENUE,9TH FLOOR,NEW YORK,NY,10022,Ernst  Young LLP,401 9th Avenue,New York,NEW YORK,10001,Certified Public Accountant,12-31-2024,0001817776-25-000003,xml
2887,0001818003,"NEWMARK SECURITIES, LLC",00870554,125 PARK AVENUE,,NEW YORK,NY,10017,Ernst  Young LLP,"One Manhattan West, 401 9th Avenue",New York,NEW YORK,10001,Certified Public Accountant,12-31-2024,0001818003-25-000003,xml
2888,0001818490,"CHILIAN PARTNERS, L.P.",00870557,P. O. BOX 2685,,PALM BEACH,FL,33480,,,,,,,,,paper
2889,0001818994,HIGHWOOD SECURITIES LLC,00870561,62 OAK HILL DRIVE,,OYSTER BAY,NY,11771,Evans and Bennett LLP,2212 Erie Blvd. East,Syracuse,NEW YORK,13224,Certified Public Accountant,12-31-2023,0001818994-24-000003,xml
2890,0001819147,"GA CAPITAL MARKETS BD, LLC",00870562,2646 NW CORNELL ROAD,UNIT 312,PORTLAND,OR,97210,"Rubio CPA, P.C.","3500 Lenox Rd., Suite 1500",Atlanta,GEORGIA,30326,Certified Public Accountant,12-31-2024,0001819147-25-000001,xml
2891,0001820133,ONPEAK CAPITAL LLC,00870565,1221 BRICKELL AVENUE,SUITE 900,MIAMI,FL,33131,,,,,,,,,paper
2892,0001820777,"PRIME CAPITAL MARKETS, LLC",00870570,425 S. FINANCIAL PLACE,STE 3160,CHICAGO,IL,60605,RSM US LLP,30 S Wacker Dr,Chicago,ILLINOIS,60606,Certified Public Accountant,12-31-2024,0001820777-25-000002,xml
2893,0001820850,HARLEY CAPITAL LLC,00870571,55 WEST POST ROAD,3RD FLOOR,WESTPORT,CT,06880,Ohab and Company PA,100 E Sybelia Avenue Suite 130,Maitland,FLORIDA,32751,Certified Public Accountant,12-31-2024,0001820850-25-000001,xml
2894,0001821646,"JOSEPH EDEN CAPITAL, LLC",00870574,7600 W. ROOSEVELT RD.,,FOREST PARK,IL,60130,"DeMarco Sciaccotta Wilkens  Dunleavy, LLP",20646 Abbey Woods Ct N Suite 201,Frankfort,ILLINOIS,60423,Certified Public Accountant,12-31-2024,0001821646-25-000001,xml
2895,0001821861,"SKYPOINT CAPITAL PARTNERS, LLC",00870575,1380 WEST PACES FERRY ROAD,SUITE 2180,ATLANTA,GA,30327,,,,,,,,,paper
2896,0001822131,"UNEST SECURITIES, LLC",00870576,221 S. 2ND STREET,#250,LARAMIE,WY,82070,"Ohab  Company, P.A.","105 E Sybelia Avenue, Suite 130",Maitland,FLORIDA,32751,Certified Public Accountant,12-31-2024,0001822131-25-000001,xml
2897,0001823016,"PENNHAVEN BROKERAGE PARTNERS, LLC",00870581,108 N. MAIN STREET,SUITE 205,DOYLESTOWN,PA,18901,Sanville  Company,2617 Huntingdon Pike,Huntingdon Valley,PENNSYLVANIA,19006,Certified Public Accountant,12-31-2024,0001823016-25-000002,xml
2898,0001823551,"BESTEX RESEARCH SECURITIES, LLC",00870584,2 LANDMARK SQUARE,SUITE 214,STAMFORD,CT,06901,"Michael Coglianese, CPA P.C.",125 E. Lake Street,Bloomingdale,ILLINOIS,60108,Certified Public Accountant,09-30-2024,0002013816-24-000075,xml
2899,0001824758,WAUBANK SECURITIES LLC,00870589,626 WASHINGTON PLACE,,PITTSBURGH,PA,15219,"Ernst  Young, LLP",5 Times Square,New York,NEW YORK,10036,Certified Public Accountant,12-31-2024,0002013816-25-000058,xml
2900,0001824935,"PERITUS CAPITAL, LLC",00870590,535 FIFTH AVENUE,4TH FLOOR,NEW YORK,NY,10017,"Weisberg, Mole', Krantz  Goldfarb, LLP",185 Crossways Park Drive,Woodbury,NEW YORK,11797,Certified Public Accountant,03-31-2025,0001824935-25-000003,xml
2901,0001825516,MIZUHO MARKETS AMERICAS LLC,00870594,1271 AVENUE OF THE AMERICAS,,NEW YORK,NY,10020,Ernst  Young LLP,One Manhattan West,New York,NEW YORK,10001,Certified Public Accountant,03-31-2025,0001825516-25-000022,xml
2902,0001825923,ONESOURCE FI LLC,00870595,"200 VESEY STREET, 24TH FLOOR",,NEW YORK,NY,10281,Sanville  Company,"325 N. St. Paul Street, Suite 3100",Dallas,TEXAS,75201,Certified Public Accountant,12-31-2024,0000769815-25-000005,xml
2903,0001826150,"CAPCONNECT+ EMARKETS, LLC",00870596,"340 NORTH WESTLAKE BLVD.,",SUITE 160,WESTLAKE VILLAGE,CA,91362,,,,,,,,,paper
2904,0001827050,"EUROSCOPE CAPITAL, LLC",00870598,9036 JACKSON LN,APT 2-B,GREAT FALLS,VA,22066,"RW Group, LLC",114 Cambridge Road,Landenberg,PENNSYLVANIA,19350,Certified Public Accountant,12-31-2024,0001827050-25-000003,xml
2905,0001827797,DECHEQUE SECURITIES LLC,00870602,353 W PIERPONT AVE,SUITE #150,SALT LAKE CITY,UT,84101,,,,,,,,,paper
2906,0001828037,"REGIMENT SECURITIES, LLC.",00870607,420 N. WABASH AVENUE,430,CHICAGO,IL,60611,Ferrera CPA,"100 Horizon Center Blvd.,",Hamilton,NEW JERSEY,08691,Certified Public Accountant,06-30-2025,0001828037-25-000006,xml
2907,0001828150,"CONSTELLATION P2P, LLC",00870608,4930 OLIVE PROVINCE LN,APT 722,MANVEL,TX,77578,,,,,,,,,paper
2908,0001828411,"AQUAS FINANCIAL, LLC",00870610,5905 LEGACY DRIVE,A500,PLANO,TX,75024-4118,PFK O'CONNOR DAVIES,245 Park Avenue,New York,NEW YORK,10167,Certified Public Accountant,12-31-2024,0001828411-25-000001,xml
2909,0001828678,"THOMA BRAVO CAPITAL MARKETS, LLC",00870612,110 NORTH WACKER DRIVE,32ND FLOOR,CHICAGO,IL,60606-1511,Ernst  Young LLP,155 North Wacker Drive,Chicago,ILLINOIS,60606,Certified Public Accountant,12-31-2024,0001828678-25-000001,xml
2910,0001828679,EDWARD WOLFE LLC,00870613,11710 PLAZA AMERICA DRIVE,SUITE 2000,RESTON,VA,20190,Rubio CPA PC,"3500 Lenox Rd., NE, Suite 1500",Atlanta,GEORGIA,30326,Certified Public Accountant,12-31-2024,0001828679-25-000002,xml
2911,0001828842,STIRLINGSHIRE BD LLC,00870616,15 W 38TH ST,SUITE 704,NEW YORK CITY,NY,10018,"Weisberg, Mole', Krantz  Goldfarb, LLP","185 Crossways Park Drive, Woodbury, NY 1",Woodbury,NEW YORK,11797,Certified Public Accountant,06-30-2025,0001828842-25-000003,xml
2912,0001829057,MPA BD SERVICES LLC,00870617,590 MADISON AVENUE,29TH FLOOR,NEW YORK,NY,10022,,,,,,,,,paper
2913,0001829871,"ALTSOURCED SOLUTIONS, LLC",00870621,15033 SERENE SHORES LOOP,,LAKEWOOD RANCH,FL,34211,"Rubio CPA, PC",3500 Lenox Rd. NE,Atlanta,GEORGIA,30326,Certified Public Accountant,06-30-2025,0001829871-25-000003,xml
2914,0001829873,"BUNDY GROUP SECURITIES, LLC",00870623,2700 COLTSGATE ROAD,SUITE 201,CHARLOTTE,NC,28211,,,,,,,,,paper
2915,0001830962,PROMETHEUM EMBER ATS INC.,00870624,120 WALL STREET,25TH FLOOR,NEW YORK,NY,10005,"Forvis Mazars, LLP",910 E. St. Louis Street,Springfield,MISSOURI,65806,Certified Public Accountant,12-31-2024,0001830962-25-000002,xml
2916,0001831999,MCKENZIE SECURITIES LLC,00870627,T-MOBILE CENTER - B7 CALLE TABONUCO,SUITE 1605,GUAYNABO,PR,00968-3343,HTL CPAS,12 GREENWAY PLAZA,HOUSTON,TEXAS,77046,Certified Public Accountant,12-31-2024,0001831999-25-000001,xml
2917,0001833782,"VESTED SECURITIES, LLC",00870630,9485 CRETE CIR,2ND FLOOR,TUSCALOOSA,AL,35406,Nawrocki Smith LLP,100 Motor Parkway,Hauppauge,NEW YORK,11788,Certified Public Accountant,12-31-2024,0002013816-25-000014,xml
2918,0001834059,VIENNA CAPITAL PARTNERS LLC,00870631,40 WALL STREET,17TH FL,NEW YORK,NY,10005,,,,,,,,,paper
2919,0001835449,5D PARTNERS LLC,00870635,535 FIFTH AVE 4TH FLOOR,,NEW YORK,NY,10017,Jennifer Wray CPA PLLC,800 Bonaventure Way,Sugar Land,TEXAS,77479,Certified Public Accountant,12-31-2024,0001835449-25-000001,xml
2920,0001836500,"UTILITY CAPITAL PARTNERS, LLC",00870639,732 SMITHTOWN BYPASS,SUITE 203,SMITHTOWN,NY,11787,,,,,,,,,paper
2921,0001837139,ONE GROWTH SECURITIES LLC,00870641,"3411 SILVERSIDE RD, TATNALL BUILDING, SU",,WILMINGTON,DE,19810,,,,,,,,,paper
2922,0001837302,"VISTIA CAPITAL, LLC",00870643,"202 6TH STREET, SUITE 303",,CASTLE ROCK,CO,80104,"Phillip V. George, PLLC",5179 CR 1026,Celeste,TEXAS,75423,Certified Public Accountant,06-30-2025,0001837302-25-000003,xml
2923,0001837758,MD VANILLA B.V.,00870645,WORLD TRADE CENTER,STRAWINSKYLAAN 1941,AMSTERDAM,P7,1077XX,RSM US LLP,30 S Wacker Dr Ste 3300,Chicago,ILLINOIS,3300,Certified Public Accountant,06-30-2025,0001837758-25-000003,xml
2924,0001837759,HAPI SECURITIES LLC,00870646,2646 NW CORNELL ROAD,,PORTLAND,OR,97210,Ohab and Company,65 Freeborn Road,Maitland,FLORIDA,32751,Certified Public Accountant,12-31-2024,0000789054-25-000002,xml
2925,0001840041,KOREFUSION CAPITAL LLC,00870649,1467 FUNSTON STREET,,SAN FRANCISCO,CA,94122,,,,,,,,,paper
2926,0001840294,TITAN GLOBAL TECHNOLOGIES LLC,00870650,508 LAGUARDIA PL FL 3,2ND FLOOR #69,NEW YORK,NY,10012,"Citrin Cooperman  Company, LLP","1133 Westchester Avenue, Suite N-328",White Plains,NEW YORK,10604,Certified Public Accountant,12-31-2024,0001840294-25-000002,xml
2927,0001840496,"AMERICAN ALTERNATIVE CAPITAL, LLC",00870651,3909 RESEARCH PARK DRIVE,SUITE 250,ANN ARBOR,MI,48108,"OHAB and Company, P.A.","100 E. Sybelia Avenue, Suite 130",MAITLAND,FLORIDA,32751,Certified Public Accountant,12-31-2024,0001840496-25-000001,xml
2928,0001840940,PALMAS SECURITIES LIMITED LIABILITY COMPANY,00870653,83 GREEN ST,URB PALMAS PLANTATION,HUMACAO,PR,00791-6018,"HTL INTERNATIONAL, LLC","12 GREENWAY PLAZA, SUITE 1100",HOUSTON,TEXAS,77046,Certified Public Accountant,12-31-2024,0001840940-25-000001,xml
2929,0001841454,ELEQUIN SECURITIES LLC,00870654,1333 BROADWAY,SUITE 500,NEW YORK,NY,10018,RSM US LLP,30 South Wacker Drive,Chicago,ILLINOIS,60606,Certified Public Accountant,12-31-2024,0001841454-25-000003,xml
2930,0001841655,PEDERSON&CO LLC,00870655,9110 BELVEDERE DRIVE,SUITE 510,EDEN PRAIRIE,MN,55347,Sanville  Company,2617 Huntingdon Pike,Huntington Valley,PENNSYLVANIA,19006,Certified Public Accountant,12-31-2024,0001841655-25-000002,xml
2931,0001841656,"CROW HOLDINGS SECURITIES, L.L.C.",00870656,3819 MAPLE AVENUE,,DALLAS,TX,75219,"BDO USA, P.C.",330 N Wabash Avenue,Chicago,ILLINOIS,60611,Certified Public Accountant,12-31-2024,0002013816-25-000016,xml
2932,0001841657,"ICM CAPITAL MARKETS, LLC",00870657,228 PARK AVENUE SOUTH,PMB 44954,NEW YORK,NY,10003-1502,,,,,,,,,paper
2933,0001841658,TICKRS CLEARING,00870658,"100 SPECTRUM CENTER DRIVE, SUITE 750",,IRVINE,CA,92618,Baker Tilly US LLP,"14555 Dallas Parkway, Suite 300",Dallas,TEXAS,75254,Certified Public Accountant,06-30-2025,0001841658-25-000007,xml
2934,0001841659,"DV EQUITIES, LLC",00870659,425 S. FINANCIAL PLACE,SUITE 2800,CHICAGO,IL,60605,RSM US LLP,30 S Wacker Dr.,Chicago,ILLINOIS,60606,Certified Public Accountant,12-31-2024,0001841659-25-000002,xml
2935,0001842624,JAVELIN PRIVATE CAPITAL GROUP LLC,00870661,4625 LINDELL BLVD,SUITE 328,ST. LOUIS,MO,63108,"Forvis Mazars, LLP",135 West 50th Street,New York,ILLINOIS,10020,Certified Public Accountant,12-31-2024,0001842624-25-000001,xml
2936,0001843264,"WWF SECURITIES, LLC",00870662,1 PARK AVENUE,APT #1707,DETROIT,MI,48226,"Tuttle  Bond, PLLC",3488 South US Hwy 77,Giddings,TEXAS,78942,Certified Public Accountant,12-31-2024,0001843264-25-000001,xml
2937,0001846279,PROVABLE MARKETS LLC,00870667,110 GREENE STREET,SUITE 9G,NEW YORK,NY,10012,Nawrocki Smith LLP,100 Motor Parkway,Hauppauge,NEW YORK,11788,Certified Public Accountant,09-30-2024,0002013816-24-000077,xml
2938,0001846757,"JUMP EXECUTION, LLC",00870668,"600 WEST CHICAGO AVENUE,",SUITE 600,CHICAGO,IL,60654,,,,,,,,,paper
2939,0001847188,DNA SECURITIES LLC,00870670,115 W. THOMAS STREET,,ARLINGTON HEIGHTS,IL,60004,"DeMarco Sciaccotta Wilkens  Dunleavy, LLP","20646 Abbey Woods, Court N, Suite 201",Frankfort,ILLINOIS,60423,Certified Public Accountant,12-31-2024,0001847188-25-000001,xml
2940,0001848400,EDEN GLOBAL CAPITAL PARTNERS LLC,00870671,445 PARK AVENUE,5TH FLOOR,NEW YORK,NY,10022,"BDO USA, P.C.",330 N Wabash Avenue,Chicago,ILLINOIS,60611,Certified Public Accountant,12-31-2024,0002013816-25-000028,xml
2941,0001848666,"WHELAN ADVISORY CAPITAL MARKETS, LLC",00870672,8600 TWIN LAKE DRIVE,,BOCA RATON,FL,33496,,,,,,,,,paper
2942,0001849461,"M.J. GROSSNICKLE, LLC",00870674,PO BOX 1141,UNIT 1,DAMARISCOTTA,ME,04543,"MRPR Group, P.C.",28411 Northwestern Highway,Southfield,MICHIGAN,48034,Certified Public Accountant,12-31-2024,0001849461-25-000001,xml
2943,0001849463,"LODAS SECURITIES, LLC",00870676,7133 W 95TH ST,SUITE 205,OVERLAND PARK,KS,66212,Ernst Wintter  Associates LLP,675 Ygnacio Valley Road,Walnut Creek,CALIFORNIA,94596,Certified Public Accountant,03-31-2025,0001849463-25-000002,xml
2944,0001851493,"OPTIONALITY SECURITIES, LLC",00870680,200 BARR HARBOR DRIVE,SUITE 400,WEST CONSHOHOCKEN,PA,19428,Nawrocki Smith,100 Motor Parkway,Hauppauge,NEW YORK,11788,Certified Public Accountant,03-31-2025,0002013816-25-000079,xml
2945,0001852225,"TCBI SECURITIES, INC.",00870682,2000 MCKINNEY AVENUE,SUITE 700,DALLAS,TX,75201,Ernst  Young LLP,One Victory Park,Dallas,TEXAS,75219,Certified Public Accountant,12-31-2024,0001852225-25-000004,xml
2946,0001852226,BLOOMBERG TRADEBOOK CANADA COMPANY,00870683,"BROOKFIELD PLACE,TD CANADA TRUST TOWER,1",SUITE 4300,"TORONTO, ONTARIO",,M5J 2S1,PricewaterhouseCoopers LLC,300 Madison Avenue,NEW YORK,NEW YORK,10017,Certified Public Accountant,12-31-2024,0001852226-25-000001,xml
2947,0001852503,DORSET PEAK SECURITIES LLC,00870684,416 WEST 13TH STREET,41ST FLOOR,NEW YORK,NY,10014,Prager Metis CPAs LLC,222 Mount Airy Road,Basking Ridge,NEW JERSEY,07920,Certified Public Accountant,12-31-2024,0001852503-25-000001,xml
2948,0001853901,"PROMETHEUS FINANCIAL, LLC",00870691,1646 W. SNOW AVE,SUITE 141,TAMPA,FL,33606,Cropper Accountancy Corporation,2700 Ygnacio Valley Rd. Ste 270,Walnut Creek,CALIFORNIA,94596,Certified Public Accountant,12-31-2024,0001853901-25-000002,xml
2949,0001854893,"EQUAPATH CAPITAL, LLC",00870693,8899 NW 18TH TERRACE,,DORAL,FL,33172,"TUTTLE  BOND, PLLC",3488 SOUTH U.S. HWY 77,GIDDINGS,TEXAS,78942,Certified Public Accountant,12-31-2024,0001854893-25-000001,xml
2950,0001854894,TECHSPEED CLEARING LLC,00870694,16479 DALLAS PARKWAY,SUITE 135,ADDISON,TX,75001,Crowe LLP,485 Lexington Avenue,New York,NEW YORK,10017,Certified Public Accountant,12-31-2024,0001854894-25-000002,xml
2951,0001854895,CULVERT CAPITAL LLC,00870695,4901 FOREST AVE,SUITE C,DOWNERS GROVE,IL,60515,,,,,,,,,not_submitted
2952,0001855740,"ROCKET DOLLAR CAPITAL, LLC",00870697,212 TENNY LANE,"BUILDING 2, SUITE 100",KYLE,TX,78640,Moss Adams LLP,"14555 Dallas Parkway, Suite 300",Dallas,TEXAS,75254,Certified Public Accountant,12-31-2024,0001855740-25-000005,xml
2953,0001856093,INSURANCE ADVISORY PARTNERS LLC,00870698,1270 AVENUE OF THE AMERICAS,SUITE 2502,NEW YORK,NY,10020,"WithumSmith and Brown, PC",1411 Broadway,New York,NEW YORK,10018-3496,Certified Public Accountant,12-31-2024,0001856093-25-000001,xml
2954,0001856272,"CICADA SECURITIES, LLC",00870699,289 GREENWICH AVE,FLOOR 2,GREENWICH,CT,06830,,,,,,,,,not_submitted
2955,0001856273,GREEN PIER FINTECH LLC,00870700,245 SUMMER STREET V3A,,BOSTON,MA,02210,PricewaterhouseCoopers LLP,300 Madison Avenue,New York,NEW YORK,10017-6204,Certified Public Accountant,12-31-2024,0001856273-25-000002,xml
2956,0001856274,"TRETE CAPITAL MARKETS, LLC",00870701,340 SOUTH MAIN STREET,,COALVILLE,UT,84017,CROW LLC,"225 West Wacker Drive, Suite 2600",Chicago,ILLINOIS,60606-1224,Certified Public Accountant,12-31-2024,0001856274-25-000002,xml
2957,0001857539,"B&D CAPITAL PARTNERS, LLC",00870704,211 EAST BLVD.,,CHARLOTTE,NC,28203-4719,JENNIFER WRAY CPA PLLC,800 BONAVENTURE WAY,SUGARLAND,TEXAS,77479,Certified Public Accountant,12-31-2024,0001857539-25-000003,xml
2958,0001858022,"PENDULUM SECURITIES, LLC",00870705,345 NORTH MAPLE DRIVE,SUITE 160,BEVERLY HILLS,CA,90210,Deloitte  Touche LLP,"555 West 5th Street, Suite 2700",Los Angeles,CALIFORNIA,90013,Certified Public Accountant,12-31-2024,0001858022-25-000001,xml
2959,0001858365,BTCO SECURITIES LLC,00870708,1 ROCKEFELLER PLAZA,,NEW YORK,NY,10020,Ohab  Co.,100 East Sybelia Avenue,MAITLAND,FLORIDA,32751,Certified Public Accountant,03-31-2024,0001858365-25-000001,xml
2960,0001858698,"P2 CORPORATE FINANCE, LLC",00870709,"964 EULALIA ROAD NE, SUITE 2",,ATLANTA,GA,30319,DAVID LUNDGREN  COMPANY CPAS,505 NORTH MUR-LEN ROAD,OLATHE,KANSAS,66062,Certified Public Accountant,12-31-2024,0001858698-25-000002,xml
2961,0001859187,NORTHBOUND SECURITIES LLC,00870710,9736 RENNES LANE,SUITE 2018,DELREY BEACH,FL,33446,,,,,,,,,paper
2962,0001859393,LONG BRIDGE SECURITIES LLC,00870711,413 W 14TH ST,SUITE 207A,NEW YORK,NY,10014,"Ohab  Company, P.A.",100 E. Sybelia Avenue,Maitland,FLORIDA,32751,Certified Public Accountant,12-31-2023,0001859393-24-000003,xml
2963,0001859599,GILMARTIN FINANCIAL LLC,00870713,"60 E SIR FRANCIS DRAKE BLVD., SUITE 208",,LARKSPUR,CA,94939,ERNST WINTTER  ASSOCIATES LLP,675 Ygnacio Valley Road,Walnut Creek,CALIFORNIA,94596,Certified Public Accountant,12-31-2024,0001859599-25-000001,xml
2964,0001859907,SUNTHAY GRX LLC,00870715,295 MADISON AVENUE,SUITE 1707,NEW YORK,NY,10017,"Citrin Cooperman  Company, LLP",50 Rockefeller Plaza,New York,NEW YORK,10020,Certified Public Accountant,12-31-2024,0001859907-25-000001,xml
2965,0001859908,DLCC PRIME,00870716,111 TOWN SQUARE PLACE,SUITE 1203,JERSEY CITY,NJ,07310,,,,,,,,,paper
2966,0001861548,BROOKFIELD OAKTREE WEALTH SOLUTIONS LLC,00870722,250 VESEY STREET,15TH FLOOR,NEW YORK,NY,10281,Deloitte  Touche LLP,30 Rockefeller Plaza,New York,NEW YORK,10112,Certified Public Accountant,12-31-2024,0001861548-25-000002,xml
2967,0001861549,"TAPP ENGINE SECURITIES, LLC",00870723,1400 HANCOCK ST.,6TH FLOOR,QUINCY,MA,02169,Sanville  Company,325 N. St. Paul Street,Dallas,TEXAS,75201,Certified Public Accountant,06-30-2025,0002013816-25-000092,xml
2968,0001862251,CROWDSTREET CAPITAL LLC,00870724,10 EAST 40TH STREET,SUITE 1020,NEW YORK,NY,10016,,,,,,,,,paper
2969,0001862616,QUINBROOK CAPITAL PARTNERS LLC,00870725,75 ROCKEFELLER PLAZA,SUITE 24A,NEW YORK,NY,10019,"Pannell Kerr Forster of Texas, P.C.",5847 San Felipe,Houston,TEXAS,77056,Certified Public Accountant,12-31-2024,0001862616-25-000003,xml
2970,0001863513,PLURAL BROKERAGE LLC,00870728,4180 ALTON ROAD,6TH FLOOR,MIAMI BEACH,FL,33140,,,,,,,,,paper
2971,0001863789,"PERCENT SECURITIES, LLC",00870732,145 EAST 57TH STREET,,NEW YORK,NY,10022,PKF O'Connor Davies LLP,245 Park Avenue,New York,NEW YORK,10167,Certified Public Accountant,12-31-2024,0001863789-25-000003,xml
2972,0001865088,"CARVER EDISON CAPITAL, LLC",00870734,14 WALL STREET,#5D,NEW YORK,NY,10005,Nawrocki Smith LLP,100 Motor Parkway,Hauppauge,NEW YORK,11788,Certified Public Accountant,09-30-2024,0002013816-24-000076,xml
2973,0001865090,"MACARTHUR STRATEGIC CAPITAL, LLC",00870736,234 S DOWNING ST.,ATTN: JESSICA LEE BILLINGSLEY,DENVER,CO,80209,,,,,,,,,paper
2974,0001866264,PROMETHEUM CAPITAL LLC,00870739,120 WALL STREET,25TH FLOOR,NEW YORK,NY,10005,"Forvis Mazars, LLP",910 E. St. Louis Street,Springfield,MISSOURI,65806,Certified Public Accountant,12-31-2024,0001866264-25-000002,xml
2975,0001867567,"WELLESLEY HILLS SECURITIES, LLC",00870742,1087 BEACON STREET,SUITE 204,NEWTON,MA,02459,,,,,,,,,paper
2976,0001868679,"VF SECURITIES, INC",00870745,222 N. SEPULVEDA BLVD.,SUITE 10-124,EL SEGUNDO,CA,90245,,,,,,,,,paper
2977,0001869014,"STRONG CAPITAL MARKETS, LLC",00870746,1266 EAST MAIN STREET,,STAMFORD,CT,06902,Sanville  Company LLC,325 North Saint Paul Street,Dallas,TEXAS,75201,Certified Public Accountant,12-31-2024,0001869014-25-000001,xml
2978,0001870228,"GTN AMERICAS FINANCIAL SERVICES, INC.",00870748,32 OLD SLIP,SUITE 201,NEW YORK,NY,10005,"PKF O'Connor Davies, LLP",245 Park Avenue,New York,NEW YORK,10167,Certified Public Accountant,12-31-2024,0002013816-25-000051,xml
2979,0001871012,"CBOE FIXED INCOME MARKETS, LLC",00870752,17 STATE STREET,31ST FLOOR,NEW YORK,NY,10004,KPMG LLP,1000 Walnut,Kansas City,MISSOURI,64106,Certified Public Accountant,12-31-2024,0001871012-25-000001,xml
2980,0001871988,ANCORIS SECURITIES LLC,00870753,"515 MADISON AVENUE, 22ND FLOOR",SUITE 12-129,NEW YORK,NY,10022,YSL  Associates LLC,11 Broadway,New York,NEW YORK,10004,Certified Public Accountant,12-31-2022,0001871988-23-000005,xml
2981,0001872535,IB CAPITAL LLC,00870754,51 KINGS COURT,APT 14-B,SAN JUAN,PR,00911,,,,,,,,,paper
2982,0001872856,DEALMAKER SECURITIES LLC,00870756,30 EAST 23RD STREET,2ND FLOOR,NEW YORK,NY,10010,Nawrocki Smith LLP,"100 Motor Parkway, Suite 580",Hauppage,NEW YORK,11788,Certified Public Accountant,03-31-2025,0001872856-25-000001,xml
2983,0001872857,"2021 CAPITAL, LLC",00870757,20 S CLARK STREET,STE 700,CHICAGO,IL,60603,Ryan  Juraska LLP,141 W Jackson Blvd Suite 2250,Chicago,ILLINOIS,60604,Certified Public Accountant,12-31-2024,0001872857-25-000001,xml
2984,0001875375,"RPP SECURITIES, LLC",00870761,100 PARK AVENUE,16TH FLOOR,NEW YORK,NY,10017,LMHS PC,"80 Washington St, Building S",Norwell,MASSACHUSETTS,02061,Certified Public Accountant,12-31-2024,0001875375-25-000001,xml
2985,0001875376,"PCR FINANCE GROUP, LLC",00870762,5847 SAN FELIPE ST,SUITE 1400,HOUSTON,TX,77057,,,,,,,,,paper
2986,0001875630,"COLLAGE VENTURE PARTNERS, LLC",00870763,929 ALTON ROAD,SUITE 500,MIAMI BEACH,FL,33139,"DAVID LUNDGREN  COMPANY CERTIFIED PUBLIC ACCOUNTANTS, CHARTERED",505 NORTH MUR-LEN ROAD,OLATHE,KANSAS,66062,Certified Public Accountant,12-31-2024,0001875630-25-000004,xml
2987,0001876509,RMB SECURITIES (USA) INC.,00870765,75 ROCKEFELLER PLAZA,SUITE 23A,NEW YORK,NY,10019,"Rayfield  Licata, PC","25B Vreeland Road, Suite 104",Florham Park,NEW JERSEY,07932,Certified Public Accountant,06-30-2025,0001876509-25-000007,xml
2988,0001877026,"NUORION CAPITAL, LLC",00870770,495 BRICKELL AVE,SUITE 2101,MIAMI,FL,33131,Assurance Dimensions,3111 N. University Drive - Suite 621,Coral Springs,FLORIDA,33065,Certified Public Accountant,09-30-2024,0001877026-24-000002,xml
2989,0001877227,PARALEL DISTRIBUTORS LLC,00870771,1700 BROADWAY,SUITE 1850,DENVER,CO,80290,"Forvis Mazars, LLP",910 E. St. Louis Street,Springfield,MISSOURI,65806,Certified Public Accountant,12-31-2024,0001898031-25-000009,xml
2990,0001877874,"BGV SECURITIES USA, LLC",00870772,201 S BISCAYNE BLVD,SUITE 1130,MIAMI,FL,33131,KPMG LLP,American International Plaza Suite 1100,Puerto Rico,PUERTO RICO,00918-1819,Certified Public Accountant,12-31-2024,0001877874-25-000003,xml
2991,0001877875,SEMINARIO SECURITIES LLC,00870773,95 MERRICK WAY,SUITE 516,CORAL GABLES,FL,33134,,,,,,,,,paper
2992,0001877876,COLLECTABLE SECURITIES,00870774,P O BOX 63245,3200,PHILADELPHIA,PA,19114,,,,,,,,,paper
2993,0001878121,"LINQTO CAPITAL, LLC",00870775,260 MADISON AVE,8TH FLOOR,NEW YORK,NY,10016,RBSM LLP,"805 Third Ave, 14th Floor",New York,NEW YORK,10022,Certified Public Accountant,12-31-2024,0001878121-25-000008,xml
2994,0001878575,LYNDHURST SECURITIES INC.,00870777,6928 OWENSMOUTH AVE.,#200,WOODLAND HILLS,CA,91303,LMHS PC,"80 Washington St, Building S",Norwell,MASSACHUSETTS,02061,Certified Public Accountant,12-31-2024,0001878575-25-000001,xml
2995,0001878821,FENNEL FINANCIALS LLC,00870779,450 LEXINGTON AVENUE,4TH FLOOR,NEW YORK,NY,10017,Brian W. Anson CPA,18455 Burbank Blvd,Tarzana,CALIFORNIA,91356,Certified Public Accountant,06-30-2025,0001878821-25-000005,xml
2996,0001878995,NORTHBORNE SECURITIES PARTNERS LLC,00870781,"212 THIRD AVENUE NORTH, SUITE 500",,MINNEAPOLIS,MN,55401,Sanville  Company LLC,2617 Huntingdon Pike,Huntingdon Valley,PENNSYLVANIA,55401,Certified Public Accountant,12-31-2024,0001878995-25-000002,xml
2997,0001879200,"REALTYX, LLC",00870785,62 POST ROAD WEST,,WESTPORT,CT,06880,,,,,,,,,paper
2998,0001880482,"BOFA SECURITIES PRIME, INC.",00870788,150 N COLLEGE ST,NC1-028-28-04,CHARLOTTE,NC,28255,"PricewaterhouseCoopers, LLP",300 Madison Ave.,New York,NEW YORK,10024,Certified Public Accountant,12-31-2024,0001880482-25-000004,xml
2999,0001880764,CAUSEWAY SECURITIES LLC,00870789,"845 3RD AVE, FLOOR 6",#501-2B,NEW YORK,NY,10022,YSL  Associates LLC,11 Broadway,New York,NEW YORK,10004,Certified Public Accountant,09-30-2024,0001880764-24-000003,xml
3000,0001881776,FE CAPITAL MARKETS LLC,00870796,101 GREENWICH STREET,SUITE 506,NEW YORK,NY,10019,,,,,,,,,paper
3001,0001881777,FREC SECURITIES LLC,00870797,171 2ND STREET,3RD FLOOR,SAN FRANCISCO,CA,94105,"Ohab and Company, PA",100 E Sybelia Ave # 130,Maitland,FLORIDA,32751,Certified Public Accountant,06-30-2025,0001881777-25-000002,xml
3002,0001882121,ATOMIC BROKERAGE LLC,00870799,107 GREENWICH STREET,21ST FLOOR,NEW YORK,NY,10006,"Forvis Mazars, LLP",60 Crossways Park Drive West,Woodbury,NEW YORK,11797,Certified Public Accountant,12-31-2024,0002013816-25-000048,xml
3003,0001882517,CRUSH SECURITIES LLC,00870800,186 FOREST WAY,,ESSEX FELLS,NJ,07021,,,,,,,,,paper
3004,0001883015,STONEPEAK SECURITIES LLC,00870803,550 W. 34TH ST,48TH FLOOR,NEW YORK,NY,10001,PricewaterhouseCoopers LLC,300 Madison Ave,New York,NEW YORK,10017-6204,Certified Public Accountant,12-31-2024,0001883015-25-000001,xml
3005,0001883621,ASPEN ALPINE CAPITAL LLC,00870805,66 GRAND STREET,#5,NEW YORK,NY,10013-2263,Victor Mokuolu CPA PLLC,8990 Kirby Drive Suite 220,Houston,TEXAS,77054,Certified Public Accountant,12-31-2024,0001883621-25-000001,xml
3006,0001883826,HIIVE MARKETS LIMITED,00870806,700 - 980 HOWE STREET,,"VANCOUVER, BC",,V6Z 0C8,KPMG LLP,333 Bay Street,Toronto,"ONTARIO, CANADA",M5H2S5,Certified Public Accountant,12-31-2024,0001883826-25-000002,xml
3007,0001883827,"THL CAPITAL MARKETS, LLC",00870807,100 FEDERAL STREET,,BOSTON,MA,02110,KPMG LLP,"6, Cricket Square",George Town,CAYMAN ISLANDS,KY11106,Certified Public Accountant,12-31-2024,0001883827-25-000001,xml
3008,0001883828,"THE BALDWIN GROUP SECURITIES, LLC",00870808,6720-B ROCKLEDGE DRIVE,SUITE 450,BETHESDA,MD,20817,Ohab  Co,100 E Sybelia Avenue,Maitland,FLORIDA,32751,Certified Public Accountant,12-31-2024,0001883828-25-000003,xml
3009,0001885589,TRADE CAPITAL MARKETS (TCM) NORTH AMERICA LLC,00870811,208 POTTERS BLUFF DRIVE,APT 203,PANAMA CITY BEACH,FL,32407,,,,,,,,,paper
3010,0001885943,BARRAMUNDI CAPITAL LLC,00870812,751 PARK OF COMMERCE DRIVE,SUITE 128,BOCA RATON,FL,33487,Sanville  Company,2617 Huntingdon Pike,Huntingdon,PENNSYLVANIA,19906,Certified Public Accountant,12-31-2024,0001885943-25-000002,xml
3011,0001889902,"BOSONIC SECURITIES, LLC",00870815,3761 W BEARTOOTH LOOP,,SPEARFISH,SD,57783,"Michael Coglianese, CPA P.C.",125 E. Lake Street,Bloomingdale,ILLINOIS,60108,Certified Public Accountant,12-31-2024,0002013816-25-000060,xml
3012,0001889903,"AUSTIN GROWTH CAPITAL, LLC",00870816,1221 S MOPAC EXPY,SUITE 260,AUSTIN,TX,78746,"Phillip V. George, PLLC",5179 CR 1026,Celeste,TEXAS,75423,Certified Public Accountant,12-31-2024,0001889903-25-000002,xml
3013,0001890383,IMPERII SECURITIES LLC,00870817,580 CALIFORNIA STREET,SUITE 1200,SAN FRANCISCO,CA,94104,,,,,,,,,paper
3014,0001891229,"FIN2, LLC",00870818,80 BROAD STREET,5TH FLOOR,NEW YORK,NY,10004,Nawrocki Smith LLP,100 Motor Parkway,Hauppauge,NEW YORK,11788,Certified Public Accountant,03-31-2025,0002013816-25-000086,xml
3015,0001891397,"MORGAN STANLEY CAPITAL SERVICES, LLC",00870819,1300 THAMES STREET,C/O SHARED SERVICES COMPLIANCE - REGISTR,BALTIMORE,MD,21231,Deloitte  Touche LLP,30 Rockefeller Plaza,New York,NEW YORK,10112-0015,Certified Public Accountant,12-31-2024,0001193125-25-036724,xml
3016,0001891399,"JEFFERIES FINANCIAL SERVICES, INC.",00870821,520 MADISON AVENUE,,NEW YORK,NY,10022,Deloitte Touche LLP,30 Rockefeller Plaza,NEW YORK,NEW YORK,10112,Certified Public Accountant,11-30-2024,0001891399-25-000006,xml
3017,0001891556,"CIBEST CAPITAL SECURITIES, LLC",00870822,1221 BRICKELL AVENUE,SUITE 2010,MIAMI,FL,33131,,,,,,,,,paper
3018,0001891784,NCMG LLC,00870824,767 3RD AVE,STE 2102,NEW YORK,NY,10017,Forvis Mazars LLP,135 West 50th Street,New York,NEW YORK,10020,Certified Public Accountant,12-31-2024,0001891784-25-000001,xml
3019,0001892040,MAVEN GLOBAL MARKETS TRADING LLP,00870825,444 W LAKE ST,STE. 4650,CHICAGO,IL,60606,RSM US LLP,30 South Wacker Drive,Chicago,ILLINOIS,60606,Certified Public Accountant,06-30-2025,0001892040-25-000012,xml
3020,0001893732,"VEST SECURITIES, LLC",00870829,8350 BROAD STREET,SUITE 240,MCLEAN,VA,22101,,,,,,,,,paper
3021,0001894191,OPENCASH SECURITIES LLC,00870830,1120 NASA PARKWAY,SUITE 220C,HOUSTON,TX,77058,,,,,,,,,paper
3022,0001894192,RED MOUNTAIN SECURITIES LLC,00870831,10250 CONSTELLATION BLVD,23RD FLOOR,LOS ANGELES,CA,90067,"Forvis Mazars, LLP","60 Crossways Park Drive West, Suite 301",Woodbury,NEW YORK,11797,Certified Public Accountant,12-31-2024,0001894192-25-000002,xml
3023,0001895230,"VEX SECURITIES, LLC",00870833,333 WEST SAN CARLOS STREET,SUITE 600,SAN JOSE,CA,95110,,,,,,,,,paper
3024,0001895424,"DIRECTTRADE SECURITIES, LLC",00870834,7708 84TH AVENUE CT NW,,GIG HARBOR,WA,98335,,,,,,,,,paper
3025,0001895679,USREM SECURITIES LLC,00870835,750 LEXINGTON AVENUE,LCTN #07-139,NEW YORK,NY,10022,Sanville  Company,1514 Old York Road,Abington,PENNSYLVANIA,19001,Certified Public Accountant,09-30-2024,0002013816-24-000071,xml
3026,0001896833,MONEY.NET SECURITIES LLC,00870836,115 SEACORD RD,,NEW ROCHELLE,NY,10804,,,,,,,,,paper
3027,0001896834,AC SUNSHINE SECURITIES LLC,00870837,200 E. ROBINSON STREET,SUITE 295,ORLANDO,FL,32801,,,,,,,,,paper
3028,0001897196,"TREE LINE CAPITAL MARKETS, LLC",00870838,THREE EMBARCADERO CENTER,SUITE 2320,SAN FRANCISCO,CA,94111,Moss Adams LLP,14555 Dallas Parway,Dallas,TEXAS,75254,Certified Public Accountant,12-31-2024,0001897196-25-000001,xml
3029,0001899305,"DUB FINANCIAL, LLC",00870841,101 GREENWICH,"SECOND FLOOR, SUITE 504",NEW YORK,NY,10006,David Lundgren  Company,505 North Mur-Len Road,Olathe,KANSAS,66062,Certified Public Accountant,12-31-2024,0001899305-25-000002,xml
3030,0001900400,"ALLIO MARKETS, LLC",00870846,107 SPRING STREET,"SUITE 104, PMB 488",SEATTLE,WA,98104,Nawrocki Smith LLP,100 Motor Parkway,Hauppauge,NEW YORK,11788,Certified Public Accountant,03-31-2025,0002013816-25-000085,xml
3031,0001900567,"WISDOMTREE SECURITIES, INC.",00870847,250 WEST 34TH STREET,3RD FLOOR,NEW YORK,NY,10119,Ernst  Young LLP,One Manhattan West,New York,NEW YORK,10001,Certified Public Accountant,12-31-2024,0001900567-25-000001,xml
3032,0001901377,"PRESIDENT STREET GLOBAL, LLC",00870849,34 SHREWSBURY AVE.,,RED BANK,NJ,07701,"Ohab  Company, PA","100 E. Sybelia Ave, Ste 130",Maitland,FLORIDA,32751,Certified Public Accountant,12-31-2024,0001901377-25-000004,xml
3033,0001901378,"ALLOCATIONS SECURITIES, LLC",00870850,3558 ROUND BARN BOULEVARD,SUITE 200 OFFICE 206,SANTA ROSA,CA,95403,,,,,,,,,paper
3034,0001902802,INDEPENDENCE POINT SECURITIES LLC,00870853,101 GREENWICH STREET,SUITE 1202,NEW YORK,NY,10006,"Fulvio  Associates, LLP",5 West 37th Street,New York,NEW YORK,10018,Certified Public Accountant,12-31-2024,0001902802-25-000002,xml
3035,0001904141,SAVILE CAPITAL MARKETS LLC,00870857,2 N. MAIN STREET,SUITE 310,SHERIDAN,WY,82801,"Michael Coglianesse, CPA P.C.",300 Tri State International,Lincolnshire,ILLINOIS,60069,Certified Public Accountant,06-30-2025,0001904141-25-000002,xml
3036,0001904417,"WILLIS TOWERS WATSON SECURITIES, LLC",00870858,200 LIBERTY STREET,6TH FLOOR,NEW YORK,NY,10281,,,,,,,,,paper
3037,0001905656,NORTLOV SECURITIES LLC,00870862,1315 ETHANS WAY,,MCDONOUGH,GA,30252,"OHAB AND COMPANY, PA",100 E. SYBELIA AVE,MAITLAND,FLORIDA,32571,Certified Public Accountant,12-31-2024,0001905656-25-000001,xml
3038,0001905657,"ALTO SECURITIES, LLC",00870863,500 11TH AVENUE N,SUITE 790,NASHVILLE,TN,37203,David Lundgren  Co,505 N Murlen Rd,Olathe,KANSAS,66062,Certified Public Accountant,12-31-2024,0002013816-25-000056,xml
3039,0001905658,BRIGHTTOWER SECURITIES LLC,00870864,"110 EAST 25TH STREET, 11TH FLOOR",,NEW YORK,NY,10010,WithumSmith Brown PC,1411 Broadway,New York,NEW YORK,10018,Certified Public Accountant,06-30-2025,0001905658-25-000002,xml
3040,0001905659,MMM SECURITIES LLC,00870865,30 WALL ST,SUITE 825,NEW YORK,NY,10005,YSL  Associates LLC,11 Broadway,New York,NEW YORK,10004,Certified Public Accountant,06-30-2025,0001905659-25-000009,xml
3041,0001906523,SHAREGAIN SECURITIES INC,00870867,60 BROAD STREET,SUITE 2511,NEW YORK,NY,10004,Withum Smith and Brown PC,506 Carnegie Center,Princeton,NEW JERSEY,08540,Certified Public Accountant,12-31-2024,0002013816-25-000032,xml
3042,0001906524,"ATOMIC VAULTS SECURITIES, LLC",00870868,9736 RENNES LN,SUITE 290,DELRAY BEACH,FL,33446,Sanville  Company,2617 Huntingdon Pike,Huntingdon Valley,PENNSYLVANIA,19006,Certified Public Accountant,12-31-2024,0001906524-25-000002,xml
3043,0001906742,IEX DAP LLC,00870869,"3 WORLD TRADE CENTER, 175 GREENWICH STRE",58TH FLOOR,NEW YORK,NY,10007,Deloitte and Touche LLP,30 Rockefeller Center,New York,NEW YORK,10112,Certified Public Accountant,12-31-2024,0001906742-25-000001,xml
3044,0001906743,FR TRADING LLC,00870870,225 LIBERTY STREET,30TH FLOOR,NEW YORK,NY,10281,Crowe LLP,"485 Lexington Avenue, 11th Floor",New York,NEW YORK,10017,Certified Public Accountant,12-31-2024,0001906743-25-000001,xml
3045,0001909301,"TZERO DIGITAL ASSET SECURITIES, LLC",00870879,525 WASHINGTON BLVD,SUITE 300,JERSEY CITY,NJ,07310,Haynie  Co,1785 West 2320 South,Salt Lake City,UTAH,84119,Certified Public Accountant,12-31-2024,0001909301-25-000004,xml
3046,0001910138,SCALEVIEW SECURITIES LLC,00870880,"3801 S. CAPITAL OF TEXAS HWY., SUITE NO.",,AUSTIN,TX,78704,"Sanville  Company, LLC","325 N. ST. PAUL STREET, Suite 3100",Dallas,TEXAS,75201,Certified Public Accountant,12-31-2024,0001910138-25-000002,xml
3047,0001910349,BETHEL LANDING SECURITIES LLC,00870881,295 CENTER RD,PO BOX 451,EASTON,CT,06612,LMHS PC,"80 Washington St, Building S",Norwel,MASSACHUSETTS,02061,Certified Public Accountant,03-31-2025,0001910349-25-000003,xml
3048,0001910351,FOUNTAINPLACE SECURITIES PARTNERS LLC,00870883,2312 GADDY DRIVE,,RALEIGH,NC,27609,TUTTLE  BOND PLLC,348 SOUTH US HWY 77,GIDDINGS,TEXAS,78942,Certified Public Accountant,12-31-2024,0001910351-25-000002,xml
3049,0001911006,IAFF-FC INVESTMENTS LLC,00870884,1750 NEW YORK AVENUE NW,SUITE 300,WASHINGTON,DC,20006,Sanville  Company LLC,2617 Huntington Pike,Huntington Valley,PENNSYLVANIA,19006,Certified Public Accountant,09-30-2025,0001911006-25-000002,xml
3050,0001911234,CRITICALPOINT PARTNERS LLC,00870885,2101 ROSECRANS AVENUE,SUITE 4255,EL SEGUNDO,CA,90245,Moss Adams,14555 Dallas Parkway,Dallas,TEXAS,75354,Certified Public Accountant,12-31-2024,0002013816-25-000050,xml
3051,0001911840,AREAM ADVISORS LLC,00870889,535 MISSION STREET,OFFICE 1720,SAN FRANCISCO,CA,94105,David Lundgren and Company,505 N. Murlen Road,Olathe,KANSAS,66062,Certified Public Accountant,12-31-2024,0001911840-25-000001,xml
3052,0001911841,COOPERATIVE SECURITIES LLC,00870890,20701 COOPERATIVE WAY,,DULLES,VA,20166,KPMG LLP,8350 Broad Street,McLean,VIRGINIA,22102,Certified Public Accountant,05-31-2025,0001911841-25-000001,xml
3053,0001911842,"VANAHEIM SECURITIES, LLC",00870891,425 SOUTH FINANCIAL PLACE,STE. 3200,CHICAGO,IL,60605,Michael Coglianese CPA PC,125 E Lake Street,Bloomingdale,ILLINOIS,60108,Certified Public Accountant,12-31-2024,0001674823-25-000004,xml
3054,0001912508,"WESTCAP MARKETS, LLC",00870895,25 CHURCH ROAD,,RYE BEACH,NH,03871,Deloitte  Touche LLP,30 Rockefeller Plaza,New York,NEW YORK,10112,Certified Public Accountant,12-31-2024,0001912508-25-000002,xml
3055,0001914680,"NEON MONEY, LLC",00870898,239 JASMINE ST,,TAVERNIER,FL,33070,Sanville  Company LLC,325 N. St. Paul Street,Dallas,TEXAS,75201,Certified Public Accountant,03-31-2025,0002013816-25-000069,xml
3056,0001914681,"BAMBOO SECURITIES, LLC",00870899,"445 PARK AVE, 9TH FLOOR, SUITE 945",SUITE 325,NEW YORK,NY,10022,YSL  Associates,"11 Broadway, Suite 700",New York,NEW YORK,10004,Certified Public Accountant,12-31-2024,0001914681-25-000003,xml
3057,0001914979,"ENCOMPASS MORE INVESTMENTS, LLC",00870901,390 DIABLO ROAD,SUITE #100,DANVILLE,CA,94526,Ernst Wintter  Associates LLP,"675 Ygnacio Valley Road, Suite A200",Walnut Creek,CALIFORNIA,94596,Certified Public Accountant,12-31-2024,0001914979-25-000007,xml
3058,0001916025,"GOLDEN GATE GLOBAL FINANCIAL, LLC",00870903,"101 CRAWFORDS CORNER RD., SUITE 4116",,HOLMDEL,NJ,07733,"Phillip V. George, PLLC",5179 CR 1026,Celeste,TEXAS,75423,Certified Public Accountant,06-30-2025,0001916025-25-000003,xml
3059,0001918699,"REDBRIDGE GLOBAL MARKETS, LLC",00870909,712 MAIN STREET,SUITE 1820,HOUSTON,TX,77002,DAVID LUNDGREN  COMPANY,505 N MUR-LEN RD,OLATHE,KANSAS,66062,Certified Public Accountant,03-31-2025,0001918699-25-000003,xml
3060,0001920105,"HPS SECURITIES, LLC",00870910,40 WEST 57TH STREET,33RD FLOOR,NEW YORK,NY,10019,"WithumSmithBrown, PC",506 Carnegie Center,Prince,NEW JERSEY,08540,Certified Public Accountant,03-31-2025,0002013816-25-000071,xml
3061,0001922100,CACHE SECURITIES LLC,00870913,921 FRONT ST,2ND FLOOR,SAN FRANCISCO,CA,94111,"Goldman  Company, CPA's P.C.","3535 Roswell Rd., Suite 32,",Marietta,GEORGIA,30062,Certified Public Accountant,12-31-2024,0001922100-25-000001,xml
3062,0001923414,HEDGE PRO LLC,00870914,125 TOWNPARK DRIVE,SUITE 300,KENNESAW,GA,30179,Jennifer Wray CPA PLLC,800 Bonaventure Way #168,Sugar Land,TEXAS,77479,Certified Public Accountant,12-31-2024,0001923414-25-000001,xml
3063,0001923923,"FIDELITY & GUARANTY SECURITIES, LLC",00870916,801 GRAND AVE.,SUITE 2600,DES MOINES,IA,50309,,,,,,,,,paper
3064,0001925409,TOWER PRINCIPAL MARKETS LLC,00870919,111 COLEMAN BLVD,SUITE 404,MOUNT PLEASANT,SC,29464,RSM US LLP,"30 South Wacker, Suite 3300",Chicago,ILLINOIS,60606,Certified Public Accountant,12-31-2024,0001467283-25-000006,xml
3065,0001927609,FARKAS CAPITAL LLC,00870921,407 LINCOLN ROAD,STE 701,MIAMI BEACH,FL,33139,,,,,,,,,paper
3066,0001927611,MBX CLEARING LLC,00870923,38955 HILLS TECH DRIVE,,FARMINGTON HILLS,MI,48331,"Baker Tilly US, LLP",66 Hudson Blvd.,New York,NEW YORK,10001,Certified Public Accountant,12-31-2024,0001927611-25-000005,xml
3067,0001928807,TAG CAPITAL PARTNERS LLC,00870927,275 MADISON AVE,30TH FLOOR,NEW YORK,NY,10016,"Forvis Mazars, LLP",60 Crossways Park Drive West,Woodbury,NEW YORK,11797,Certified Public Accountant,12-31-2024,0001928807-25-000004,xml
3068,0001929341,"TRADESK SECURITIES, INC.",00870930,830 MORRIS TURNPIKE,SUITE 401,SHORT HILLS,NJ,07078,,,,,,,,,paper
3069,0001929957,"RONDEIVU SECURITIES, LLC",00870931,354 PEQUOT AVENUE,,SOUTHPORT,CT,06890,Cropper Accountancy Corporation,"2700 Ygnacio Valley Road, Suite 270",Walnut Creek,CALIFORNIA,94598,Certified Public Accountant,12-31-2024,0001929957-25-000003,xml
3070,0001930514,OPTIVER EXECUTION SERVICES LLC,00870932,130 E RANDOLPH STREET,SUITE 800,CHICAGO,IL,60601,,,,,,,,,paper
3071,0001931036,OCTAURA SECURITIES TRADINGCO LLC,00870933,5 PENNSYLVANIA PLAZA,6 FLOOR SOUTH,NEW YORK,NY,10001,Citrin Cooperman and Company LLP,50 Rockefeller Plaza,New York,NEW YORK,10020,Certified Public Accountant,12-31-2024,0001931036-25-000003,xml
3072,0001931386,ARENS SECURITIES,00870934,"224 FRANKLIN AVENUE , SUITE B-2",1,HEWLETT,NY,11557,"Davila, Julio","10135 Manchester Rd, Ste 206","St Louis,",MISSOURI,63122,Certified Public Accountant,05-31-2025,0001931386-25-000013,xml
3073,0001932363,"PWA SECURITIES, LLC",00870938,200 EAST LAS OLAS BLVD,19TH FLOOR,FORT LAUDERDALE,FL,33301-2281,"Assurance Dimensions, LLC",3111 N. University Drive,Coral Springs,FLORIDA,33065,Certified Public Accountant,12-31-2024,0001932363-25-000001,xml
3074,0001932992,"FUNDAMENTAL INTERACTIONS NEUTRON DIRECT, LLC",00870940,115 WEST 30TH STREET,FOURTH FLOOR. UNIT 401,NEW YORK,NY,10001,,,,,,,,,not_submitted
3075,0001933265,AHANA MARKETS LLC,00870941,"THE VIEWS 3, PALMAS DEL MAR","295 PALMAS INN WAY SUITE 104, PMB 488",HUMACAO,PR,00791,Nawrocki Smith LLP,100 Motor Parkway,Hauppauge,NEW YORK,11788,Certified Public Accountant,09-30-2025,0001933265-25-000004,xml
3076,0001933764,BALLAST ROCK CAPITAL LLC,00870943,460 KING STREET,SUITE 200,CHARLESTON,SC,29403,Pamela Ohab,100 E. Sybelia Ave,Maintland,FLORIDA,32751,Certified Public Accountant,12-31-2023,0001933764-24-000002,xml
3077,0001933866,ZINK DISTRIBUTION SOLUTIONS LLC,00870944,2937 SW 27TH AVENUE,SUITE 302/303,COCONUT GROVE,FL,33133,,,,,,,,,not_submitted
3078,0001934032,"AIRLINK MARKETS, LLC",00870946,27112 SE GRAND RIDGE DRIVE,SUITE 100,ISSAQUAH,WA,98029,Jennifer Wray CPA PLLC,800 Bonaventure Way,Sugar Land,TEXAS,77479,Certified Public Accountant,12-31-2023,0001934032-24-000004,xml
3079,0001934396,HULL PARTNERS LLC,00870947,141 WEST JACKSON BLVD,SUITE 1650,CHICAGO,IL,60604-2992,,,,,,,,,not_submitted
3080,0001934988,BELZBERG CAPITAL LLC,00870948,589 FIFTH AVENUE,SUITE 1602,NEW YORK,NY,10017,CBIZ CPAs P.C.,"1601 Market Street, 4th Floor",Philadelphia,PENNSYLVANIA,19103,Certified Public Accountant,12-31-2024,0001934988-25-000002,xml
3081,0001935179,ZL ZENITHAR (USA) LLC,00870949,1330 AVENUE OF THE AMERICAS,23RD FLOOR,NEW YORK,NY,10019,Sanville  Company LLC,325 N. St. Paul Street,Dallas,TEXAS,75201,Certified Public Accountant,03-31-2025,0002013816-25-000068,xml
3082,0001935566,JB DRAX HONORE' INC.,00870950,49 WEST 23RD STREET,10TH FLOOR,NEW YORK,NY,10010,,,,,,,,,not_submitted
3083,0001935567,"ZINVEST FINANCIAL SERVICE, LLC",00870951,600 BRICKELL AVENUE,SUITE 2800,MIAMI,FL,33131,,,,,,,,,paper
3084,0001936851,RUFFER LLC,00870952,300 PARK AVENUE,SUITE 1710,NEW YORK,NY,10022,,,,,,,,,not_submitted
3085,0001937374,"LUCRUM CAPITAL SECURITIES, INC.",00870955,1750 TYSONS BLVD,SUITE 1500,MCLEAN,VA,22102,The Otaigbe Group LLC,7722 Visionary Court,Manassas,VIRGINIA,20112,Certified Public Accountant,12-31-2024,0001937374-25-000002,xml
3086,0001938265,AVID CAPITAL ADVISORS LLC,00870956,1427 MOUNTAIN MEADOW,,MCCALL,ID,83638,Ernst Wintter  Associates LLP,675 Ygnacio Valley Blvd,Walnut Creek,CALIFORNIA,94596,Certified Public Accountant,12-31-2024,0001938265-25-000002,xml
3087,0001938360,E.F. HUTTON & CO. LLC,00870957,745 FIFTH AVENUE,34TH FLOOR & PH,NEW YORK,NY,10151,TUTTLE  BOND PLLC,3488 SOUTH US HWY 77,GIDDINGS,TEXAS,78942,Certified Public Accountant,12-31-2024,0001938360-25-000010,xml
3088,0001939100,COLONNADE ISLAND LLC,00870961,7000 BAHIA BEACH BLVD.,APT. 314,RIO GRANDE,PR,00745-2900,,,,,,,,,paper
3089,0001939862,ATIF BD LLC,00870963,25391 COMMERCENTRE DR,STE. 200,LAKE FOREST,CA,92630,,,,,,,,,not_submitted
3090,0001940103,"REMSENBURG SECURITIES, LLC",00870964,5 GODFREY LANE,BX 52,REMSENBURG,NY,11960,,,,,,,,,not_submitted
3091,0001940104,"PRIMERICA BROKERAGE SERVICES, INC.",00870965,1 PRIMERICA PARKWAY,,DULUTH,GA,30099,KPMG LLP,"303 Peachtree Street, N.E.",Atlanta,GEORGIA,30308,Certified Public Accountant,12-31-2024,0000354497-25-000006,xml
3092,0001941006,"EQT PARTNERS BD, LLC",00870966,FIVE RADNOR CORPORATE CENTER,"100 MATSONFORD ROAD, SUITE 250",RADNOR,PA,19087,KPMG LLP,345 Park Ave,New York,NEW YORK,10154,Certified Public Accountant,12-31-2024,0001941006-25-000003,xml
3093,0001942103,FCA CAPITAL MARKETS LLC,00870970,240 SAINT PAUL STREET,SUITE 400,DENVER,CO,80206,,,,,,,,,paper
3094,0001942104,"HAVELI GLOBAL SECURITIES, LLC",00870971,405 COLORADO ST,SUITE 1600,AUSTIN,TX,78701,Nawrocki Smith LLP,100 Motor Parkway,Hauppauge,NEW YORK,11788,Certified Public Accountant,12-31-2024,0002013816-25-000011,xml
3095,0001942779,WEALTHHOUSE ADVISORS INC,00870973,17 CANOE BROOK DRIVE,,LIVINGSTON,NJ,07039,Jennifer Wray CPA PLLC,800 Bonaventure Way,Sugar Land,TEXAS,77479,Certified Public Accountant,12-31-2024,0001942779-25-000004,xml
3096,0001943217,LATAM FINANCIAL PARTNERS LLC,00870974,1655 N. COMMERCE PARKWAY,SUITE 301,WESTON,FL,33326,,,,,,,,,paper
3097,0001943218,"RUBINBROWN CORPORATE FINANCE, LLC",00870975,"7676 FORSYTH BOULEVARD,",SUITE 2100,ST. LOUIS,MO,63105,DeMarco Sciaccotta Wilkens  Dunleavy LLP,20646 Abbey Woods CT N STE,Frankfort,ILLINOIS,60423,Certified Public Accountant,05-31-2025,0001943218-25-000002,xml
3098,0001943579,"FENCHURCH PARTNERS, LP",00870977,280 PARK AVENUE,3RD FLOOR,NEW YORK,NY,10017,,,,,,,,,not_submitted
3099,0001943697,ORTEX SECURITIES LLC,00870978,720 LUCERNE AVENUE,# 901,LAKE WORTH BEACH,FL,33460,Mercurius  Associates LLP,A-94/8 Wazirpur Industrial Area,New Delhi,INDIA,110052,Certified Public Accountant not resident in United States or any of its possessions,12-31-2024,0001943697-25-000002,xml
3100,0001944014,BJC CAPITAL ADVISORS LLC,00870980,2016 OCEAN STREET,UNIT 23,"MARSHFIELD, MA 02050",MA,02050,,,,,,,,,paper
3101,0001944015,FIDX MARKETS LLC,00870981,1000 CHESTERBROOK BLVD,STE 100,BERWYN,PA,19312,"Nawrocki Smith, LLP",100 Motor Parkway,Hauppauge,NEW YORK,11788,Certified Public Accountant,12-31-2024,0002013816-25-000057,xml
3102,0001944360,AMERICAN FUNDSTARS FINANCIAL GROUP LLC,00870982,1 PARK PLAZA,SUITE 210,IRVINE,CA,92614,DCPA,2121 Ave of the Stars,Century City,CALIFORNIA,90067,Certified Public Accountant,09-30-2024,0002013816-24-000070,xml
3103,0001945534,INTER&CO SECURITIES LLC,00870985,"501 BRICKELL KEY DRIVE, SUITE 201",,MIAMI,FL,33131,,,,,,,,,paper
3104,0001946649,"LOCKTON RE CAPITAL MARKETS, LLC",00870988,261 FIFTH AVENUE,10TH FLOOR,NEW YORK,NY,10016,,,,,,,,,paper
3105,0001946919,"AUGMENT CAPITAL, LLC",00870989,1204 SAN ANTONIO STREET,SECOND FLOOR,AUSTIN,TX,78701,Sanville  Company LLC,2617 Huntington Pike,Huntington Valley,PENNSYLVANIA,19006,Certified Public Accountant,09-30-2024,0002013816-24-000078,xml
3106,0001947163,CITADEL SECURITIES SWAP DEALER LLC,00870990,830 BRICKELL PLAZA,,MIAMI,FL,33131,PricewaterhouseCoopers LLP,1 North Wacker Drive,Chicago,ILLINOIS,60606,Certified Public Accountant,12-31-2024,0001947163-25-000003,xml
3107,0001947629,RFQ-HUB AMERICAS LLC,00870991,"1633 BROADWAY, 41ST FL",,NEW YORK,NY,10019,PricewaterhouseCoopers LLP,300 Madison Avenue,New York,NEW YORK,10017,Certified Public Accountant,12-31-2024,0001947629-25-000001,xml
3108,0001947630,"OM PARTNERS, LLC",00870992,8 CROOKED STICK LANE,,BRENTWOOD,TN,37027,Nawrocki Smith LLP,100 Motor Parkway,Hauppauge,NEW YORK,11788,Certified Public Accountant,06-30-2025,0002013816-25-000097,xml
3109,0001949241,BRANT STREET CAPITAL INC.,00870997,130 KING STREET WEST,SUITE 2600,"TORONTO, ONTARIO",,M5X 1C7,,,,,,,,,not_submitted
3110,0001949799,"TRB CAPITAL MARKETS, LLC",00870999,6770 WEST EXPRESSWAY 83,,HARLINGEN,TX,78552,"Forvis Mazars, LLP","8200 W. Interstate10, Suite 900",San Antonio,TEXAS,78230,Certified Public Accountant,12-31-2024,0001949799-25-000003,xml
3111,0001950039,"ASPIDA FINANCIAL DISTRIBUTORS, LLC",00871001,2327 ENGLERT DR,2327,DURHAM,NC,27713,,,,,,,,,not_submitted
3112,0001950187,VERITAS CAPITAL SECURITIES L.L.C.,00871002,"9 WEST 57TH ST, FLOOR 32 ND",,NEW YORK,NY,10019,RSM US LP,"4 Times Square,141 West 42nd ST, 19th FL",New York,NEW YORK,10036,Certified Public Accountant,12-31-2024,0001950187-25-000002,xml
3113,0001950189,PINE DISTRIBUTORS LLC,00871004,501 S. CHERRY STREET,SUITE 610,DENVER,CO,80246,Kreischer Miller LLP,100 Witmer Road,Horsham,PENNSYLVANIA,19044,Certified Public Accountant,12-31-2024,0001950189-25-000002,xml
3114,0001950517,NORTHVIEW ADVISORS LLC,00871005,300 COLE ST,,AUSTIN,TX,78737,FERRARA CPA,100 HORIZON CENTER BLVD,HAMILTON,NEW JERSEY,08619,Certified Public Accountant,12-31-2024,0001950517-25-000001,xml
3115,0001951216,"TRIPLE P SECURITIES, LLC",00871006,300 N LA SALLE ST.,STE. 1420,CHICAGO,IL,60654,"Michael Coglianese, CPA P.C.",125 E. Lake Street,Bloomingdale,ILLINOIS,60108,Certified Public Accountant,12-31-2024,0002013816-25-000059,xml
3116,0001951561,WEMATCH.LIVE LLC,00871007,75 BROAD STREET,SUITE 640,NEW YORK,NY,10004,CROW LLC,485 Lexington Avenue,New York,NEW YORK,10017,Certified Public Accountant,03-31-2024,0001951561-24-000003,xml
3117,0001951954,AIME CAPITAL MARKETS LLC,00871008,445 NORTHERN BLVD,STE 28,GREAT NECK,NY,11021,TAAD LLP,"20955 Pathfinder Road, Suite 370",Diamond Bar,CALIFORNIA,91765,Certified Public Accountant,12-31-2024,0001951954-25-000001,xml
3118,0001952253,NATISA SECURITIES LLC,00871010,11221 SUMMERDALE ST,,WESTCHESTER,IL,60154,"Michael Coglianese CPA, P.C.",125 E. Lake Street,Bloomingdale,ILLINOIS,60108,Certified Public Accountant,09-30-2024,0001952253-24-000005,xml
3119,0001954107,"ALL OPTIONS USA, LLC",00871016,114 W 7TH ST,SUITE 1200,AUSTIN,TX,78701,Moss Adams LLP,14555 Dallas Parkway,Dallas,TEXAS,75254,Certified Public Accountant,12-31-2024,0001954107-25-000005,xml
3120,0001954283,"PRETIUM SECURITIES, LLC",00871017,60 COLUMBUS CIRCLE,19TH FLOOR,NEW YORK,NY,10023,Pricewaterhouse Coopers LLP,300 Madison Ave,New York,NEW YORK,10017,Certified Public Accountant,12-31-2024,0001954283-25-000005,xml
3121,0001954284,AUDACITY CAPITAL PARTNERS LLC,00871018,"10866 WILSHIRE BLVD, 4TH FLOOR",,LOS ANGELES,CA,90024,,,,,,,,,paper
3122,0001954891,"GCG SECURITIES, LLC",00871019,"189 TOWNSEND STREET, STE 200",,BIRMINGHAM,MI,48009,Cropper Accountancy Corporation,"2700 Ygnacio Valley Rd, Ste 270",Walnut Creek,CALIFORNIA,94598,Certified Public Accountant,12-31-2024,0001954891-25-000001,xml
3123,0001955173,"REDSWAN MARKETS, LLC",00871020,4201 MAIN ST,SUITE 300,HOUSTON,TX,77002,,,,,,,,,paper
3124,0001955397,ST GLOBAL MARKETS USA LLC,00871021,45 N. STATION PLAZA,STE 209,GREAT NECK,NY,11021,YSL  Associates,"11 Broadway, Suite 700",New York,NEW YORK,10004,Certified Public Accountant,12-31-2024,0001955397-25-000001,xml
3125,0001955626,KNOWN GROWTH LLC,00871022,31 HUDSON YARDS,11TH FLOOR,NEW YORK,NY,10001,,,,,,,,,paper
3126,0001956802,"RYAN TAX CAPITAL, LLC",00871024,"ONE ROCKEFELLER PLAZA, 20TH FLOOR",9TH FLOOR,NEW YORK,NY,10020,,,,,,,,,paper
3127,0001956803,KENNEDY LEWIS CAPITAL MARKETS LLC,00871025,"225 LIBERTY STREET, 42ND FLOOR",SUITE 1400,NEW YORK,NY,10281,,,,,,,,,not_submitted
3128,0001956991,"TIDAL PARTNERS, LLC",00871026,260 HOMER AVENUE,SUITE 101,PALO ALTO,CA,94301,RSM US LLP,"30S Wacker Dr, Suite 3300",Chicago,ILLINOIS,60606,Certified Public Accountant,12-31-2024,0001956991-25-000002,xml
3129,0001958711,"PAVE SECURITIES, LLC",00871031,171 MADISON AVE,SUITE 1500,NEW YORK,NY,10016,CohnReznick LLP,1301 Avenue of the Americas,New York,NEW YORK,10019,Certified Public Accountant,12-31-2024,0001958711-25-000001,xml
3130,0001959563,MAIN STREET SECURITIES LLC,00871034,2810 SOUTH 1ST STREET,SUITE 2,AUSTIN,TX,78704,,,,,,,,,paper
3131,0001961253,CV SECURITIES LLC,00871038,810 N TUMBLEWEED TR,,AUSTIN,TX,78733,"Goldman  Company, CPA's, P.C.",3535 Roswell Road,Marietta,GEORGIA,30062,Certified Public Accountant,12-31-2024,0001961253-25-000001,xml
3132,0001961630,"DREAM STREET SECURITIES, LLC",00871039,739 N. MAIN STREET,UNIT 100,LOS ANGELES,CA,90039,Sanville  Company LLC,2617 Huntington Pike,Huntington Valley,PENNSYLVANIA,19006,Certified Public Accountant,12-31-2024,0002013816-25-000009,xml
3133,0001963345,"WITHUM CAPITAL, LLC",00871044,"200 JEFFERSON PARK, SUITE 400",,WHIPPANY,NJ,07981,YSL  Associates LLC,"11 Broadway, Suite 700",New York,NEW YORK,10004,Certified Public Accountant,06-30-2025,0001963345-25-000003,xml
3134,0001963455,"MOMENT MARKETS, LLC",00871045,101 GREENWICH ST,9D,NEW YORK,NY,10006,,,,,,,,,paper
3135,0001963784,EAGLE POINT SECURITIES LLC,00871048,600 STEAMBOAT ROAD,SUITE 202,GREENWICH,CT,06830,"Forvis Mazars, LLP",910 E St. Louis Street Suite 400,Springfield,MONTANA,65806,Certified Public Accountant,12-31-2024,0001963784-25-000001,xml
3136,0001964945,MERCURY INVESTMENT SERVICES LLC,00871052,548 MARKET ST,PMB 17471,SAN FRANCISCO,CA,94104-5401,"Michael Coglianese CPA, P.C.",125 E. Lake St.,Bloomingdale,ILLINOIS,60108,Certified Public Accountant,12-31-2024,0001964945-25-000001,xml
3137,0001965120,BERNSTEIN INSTITUTIONAL SERVICES LLC,00871053,245 PARK AVE,,NEW YORK,NY,10167,"PriceWaterhouseCoopers, LLP","150 3rd Avenue South, Suite 1400","Nashville, TN 37203",TENNESSEE,37201,Certified Public Accountant,12-31-2024,0001965120-25-000006,xml
3138,0001965300,"LIVINGFREE SECURITIES, LLC",00871055,443 N. CLARK STREET,,CHICAGO,IL,60654,"Plante Moran, PLLC",10 South Riverside Plaza,Chicago,ILLINOIS,60606,Certified Public Accountant,03-31-2025,0001965300-25-000002,xml
3139,0001965824,CAPITOLIS GLOBAL BROKER DEALER LLC,00871056,"11 W. 42ND STREET, 15TH FLOOR",,NEW YORK,NY,10036,,,,,,,,,not_submitted
3140,0001965825,COMPOSER SECURITIES LLC,00871057,427 MIDDLETON WAY,BOX # 901,CHESAPEAKE,VA,23322,,,,,,,,,paper
3141,0001966206,ABN AMRO CAPITAL MARKETS (USA) LLC,00871059,250 PARK AVENUE,SUITE 911,NEW YORK,NY,10177,EY,1 Manhattan West,New York,NEW YORK,10001,Certified Public Accountant,12-31-2024,0001966206-25-000002,xml
3142,0001966207,ALTITUDE CAPITAL GROUP LLC,00871060,260 NEWPORT CENTER DRIVE,SUITE 100,NEWPORT BEACH,CA,92660,,,,,,,,,paper
3143,0001967256,KINGSROCK SECURITIES LLC,00871064,"900 THIRD AVENUE, SUITE 100",,NEW YORK,NY,10022,,,,,,,,,paper
3144,0001968288,NOMAD INVESTMENT SERVICES,00871067,1111 LINCOLN ROAD,SUITE 660,MIAMI BEACH,FL,33139,,,,,,,,,not_submitted
3145,0001969979,CREEKSTONE CAPITAL LLC,00871073,1211 NATCHEZ RD,,FRANKLIN,TN,37069,"Sanville  Company, LLC","325 N. St. Paul Street, Suite 3100",Dallas,TEXAS,75101,Certified Public Accountant,09-30-2024,0001969979-24-000005,xml
3146,0001969980,"AMERIFLEX GROUP SECURITIES, INC.",00871074,8475 W. SUNSET ROAD,SUITE 102,LAS VEGAS,NV,89113,,,,,,,,,paper
3147,0001970831,CLEANSOURCE SECURITIES LLC,00871077,1942 EAST 7TH STREET,SUITE 350,CHARLOTTE,NC,28204,"Rubio CPA, PC","3500 Lenox Road NE, Suite 1500",Atlanta,GEORGIA,30326,Certified Public Accountant,12-31-2024,0001970831-25-000004,xml
3148,0001972017,OPENYIELD TRADING LLC,00871081,205 EAST 42ND ST,SUITE 1935,NEW YORK,NY,10017,,,,,,,,,paper
3149,0001972218,3WIRE ADVISORY LLC,00871082,1717 PENNSYLVANIA AVENUE NW,SUITE 300,WASHINGTON,DC,20006,"DeMarco Sciaccotta Wilkens  Dunleavy, LLP",20646 Abbey Woods Ct N Suite 201,Frankfort,ILLINOIS,60423,Certified Public Accountant,12-31-2024,0001972218-25-000003,xml
3150,0001972939,BALANZ CAPITAL USA LLC,00871085,2811 PONCE DE LEON BLVD,SUITE 710,CORAL GABLES,FL,33134,,,,,,,,,not_submitted
3151,0001973258,FN REALTY ADVISORS LLC,00871086,"151 BODMAN PLACE, SUITE 201",,RED BANK,NJ,07701,,,,,,,,,paper
3152,0001973481,"HMP CAPITAL, LLC",00871088,1211 W. 22ND STREET,,OAK BROOK,IL,60523,,,,,,,,,not_submitted
3153,0001974131,"AMPLIFY COMMUNITY INVESTMENT PARTNERS, LLC",00871089,1688 MERIDIAN AVENUE,SUITE 700,MIAMI BEACH,FL,33139,,,,,,,,,not_submitted
3154,0001974317,MOONFARE SECURITIES USA LLC,00871091,12TH E 49TH STREET,FLOOR 11,NEW YORK,NY,10017,"RUBIO CPA, PC",3500 Lenox Road NE Suite 1500,Atlanta,GEORGIA,30326,Certified Public Accountant,12-31-2024,0001974317-25-000003,xml
3155,0001974318,ARTA FINANCE SECURITIES LLC,00871092,153 CASTRO STREET,SUITE 200,MOUNTAIN VIEW,CA,94041,,,,,,,,,not_submitted
3156,0001974486,"ENVESTNET SECURITIES, INC.",00871093,1000 CHESTERBROOK BLVD,SUITE 250,BERWYN,PA,19312,KPMG LLP,200 East Randolph,Chicago,ILLINOIS,60601,Certified Public Accountant,12-31-2024,0001974486-25-000004,xml
3157,0001974886,CADZ SECURITIES INC,00871094,309 BONTONA AVENUE,,FT LAUDERDALE,FL,33301,,,,,,,,,not_submitted
3158,0001974887,1031 SECURITIES INC.,00871095,25300 WEST 13 MILE RD,,FRANKLIN,MI,48025,David Lundgren  Company,505 North Mur-Len Road,Olathe,KANSAS,66062,Certified Public Accountant,12-31-2024,0001974887-25-000008,xml
3159,0001975811,ERUDITE TRADING LLC,00871096,800 BRICKELL AVENUE,SUITE 200-201,MIAMI,FL,33131,Michael Coglianese CPA P.C.,125 Lake Street,Bloomingdale,ILLINOIS,60108,Certified Public Accountant,12-31-2024,0001975811-25-000004,xml
3160,0001975812,"THIRD LAKE ASSOCIATES, LLC",00871097,"1600 EAST 8TH AVENUE,",SUITE A-208,TAMPA,FL,33605,,,,,,,,,paper
3161,0001975814,"JW & CO. SECURITIES, LLC",00871099,5700 S ASPEN CT,,GREENWOOD VILLAGE,CO,80121,,,,,,,,,not_submitted
3162,0001976197,"C.R. LLOYD INVESTMENT SERVICES, LLC",00871100,150 E 4TH PLACE,SUITE 600,SIOUX FALLS,SD,57104,,,,,,,,,not_submitted
3163,0001976642,CONSELLO FINANCIAL LLC,00871101,590 MADISON AVENUE,26TH FLOOR,NEW YORK,NY,10022,,,,,,,,,paper
3164,0001977141,4170 SECURITIES LLC,00871102,372 WEST ONTARIO STREET,SUITE 400,CHICAGO,IL,60654,RSM US LLP,30 South Wacker Drive Suite 3300,Chicago,ILLINOIS,60606,Certified Public Accountant,12-31-2024,0001977141-25-000007,xml
3165,0001977455,EDG CAPITAL LLC,00871103,1743 S SIDEWINDER DRIVE,SUITE 110,PARK CITY,UT,84060,,,,,,,,,paper
3166,0001978712,HOVEY CAPITAL PARTNERS LLC,00871105,1900 GLADES ROAD,SUITE 500-65 4TH FLOOR,BOCA RATON,FL,33431,"Phillip V. George, PLLC",5179 CR 1026,Celeste,TEXAS,75423,Certified Public Accountant,12-31-2024,0001978712-25-000003,xml
3167,0001981472,"PRAXESS SECURITIES, LLC",00871110,3102 WEST END AVENUE SUITE 400,,NASHVILLE,TN,37203,,,,,,,,,paper
3168,0001981473,ZOE SECURITIES LLC,00871111,666 THIRD AVE,6TH FLOOR,NEW YORK,NY,10017,"Citrin Cooperman  Company, LLP",50 Rockefeller Plaza,New York,NEW YORK,10020,Certified Public Accountant,12-31-2024,0001981473-25-000001,xml
3169,0001982553,"MODERN PRIVATE EQUITY PARTNERS, LLC",00871116,2847 LONG BRANCH ROAD,,SPENCER,TN,38585,,,,,,,,,paper
3170,0001983137,ENVOY SECURITIES LLC,00871118,"1422 S TRYON ST, STE 300",,CHARLOTTE,NC,28203,GreerWalker LLP,227 West Trade St.,Charlotte,NORTH CAROLINA,28202,Certified Public Accountant,12-31-2024,0001983137-25-000002,xml
3171,0001984101,KWM SECURITIES LLC,00871123,3500 CAPITAL OF TEXAS HWY,#2332,AUSTIN,TX,78746,,,,,,,,,not_submitted
3172,0001984372,BLUE QUARTZ INVESTMENTS LLC,00871126,6424 DASH POINT BLVD NE,,TACOMA,WA,98422,,,,,,,,,not_submitted
3173,0001984615,"TWO SIGMA EXECUTION SERVICES, LLC",00871128,100 AVENUE OF THE AMERICAS,2ND FLOOR,NEW YORK,NY,10013,,,,,,,,,paper
3174,0001985346,"ACRISURE RE CORPORATE ADVISORY & SOLUTIONS, LLC",00871130,1 LIBERTY PLAZA,,NEW YORK,NY,10006,,,,,,,,,paper
3175,0001986513,FULL COURT CAPITAL SECURITIES LLC,00871131,30 HEADLEY PLACE,,MAPLEWOOD,NJ,07040,,,,,,,,,paper
3176,0001987740,"ARKAP MARKETS, LLC",00871132,"2827 PEACHTREE ROAD, SUITE 510",,ATLANTA,GA,30305,DAVID LUNDGREN AND COMPANY,505 NORTH MUR-LEN ROAD,OLATHE,KANSAS,66062,Certified Public Accountant,12-31-2024,0001987740-25-000003,xml
3177,0001988646,SILVERBOX SECURITIES LLC,00871136,511 RIVER STREET E,BOX 2420,KETCHUM,ID,83340,Cropper Accountancy,2700 Ygnacio Valley Road,Walnut Creek,CALIFORNIA,94598,Certified Public Accountant,12-31-2024,0001988646-25-000004,xml
3178,0001989235,IFAST SECURITIES US CORPORATION,00871137,10 COLLYER QUAY,#26-01 OCEAN FINANCIAL CENTRE,SINGAPORE,,049315,,,,,,,,,paper
3179,0001990187,PARK PLACE CAPITAL SECURITIES CORP.,00871138,2728 19TH PLACE SOUTH,SUITE 140,HOMEWOOD,AL,35209,DHLC CPAs Advisors,"510 Office Park Drive, Suite 100",Birmingham,ALABAMA,35223,Certified Public Accountant,12-31-2024,0001990187-25-000003,xml
3180,0001990372,"TTBD, LLC",00871139,"850 THIRD AVENUE, 15TH FLOOR",,NEW YORK,NY,10022,,,,,,,,,paper
3181,0001990515,"VESTRA ADVISORS, LLC",00871140,5201 E. BLUE LAGOON DRIVE,8TH FLOOR,MIAMI,FL,33126,,,,,,,,,not_submitted
3182,0001990672,AEC TRANSACTION SERVICES LLC,00871142,28 WEST 44TH ST,SUITE 815,NEW YORK,NY,10036,"McBee  Co., P.C.",718 Paulus Avenue,Dallas,TEXAS,75214,Certified Public Accountant,12-31-2024,0001310705-25-000002,xml
3183,0001991010,ELSEWARE FINANCIAL SERVICES LLC,00871144,37 W 39TH ST #1004,,NEW YORK,NY,10018,YSL Associates,11 Broadway,New York,NEW YORK,10004,Certified Public Accountant,12-31-2024,0001991010-25-000004,xml
3184,0001991819,"DEVON PARK SECURITIES, LLC",00871146,"12012 SOUTH SHORE BOULEVARD, SUITE 201",,WELLINGTON,FL,33414,YSL  Associates LLC,"11 Broadway, Suite 700",New York,NEW YORK,10004,Certified Public Accountant,12-31-2024,0001991819-25-000003,xml
3185,0001992183,"TRIUMPH CAPITAL MARKETS, LLC",00871147,150 NORTH RIVERSIDE PLAZA,SUITE 5200,CHICAGO,IL,60606,"Forvis Mazars, LLP",60 Crossways Park Drive West,Woodbury,NEW YORK,11797,Certified Public Accountant,12-31-2024,0001992183-25-000002,xml
3186,0001993021,WILTON RE DISTRIBUTORS LLC,00871151,4840 N. RIVER BLVD NE,SUITE 400,CEDAR RAPIDS,IA,52411,Deloitte  Touche LLP,695 East Main Street,Stamford,CONNECTICUT,06901,Certified Public Accountant,12-31-2024,0001993021-25-000003,xml
3187,0001993387,AMERAUDI INVESTMENT SERVICES LLC,00871153,19 E. 54TH STREET,,NEW YORK,NY,10022,,,,,,,,,not_submitted
3188,0001993388,"K2 CAPITAL ASSET MANAGEMENT, LLC",00871154,150 MOTOR PARKWAY SUITE 228,,HAUPPAUGE,NY,11788,,,,,,,,,not_submitted
3189,0001993563,FLOWW PRIVATE MARKETS US INC.,00871155,1111 BRICKELL AVENUE,"SABADELL FINANCIAL CENTER, SUITE 2725",MIAMI,FL,33131,"Forvis Mazars, LLP",60 Crossways Park Drive West,Woodbury,NEW YORK,11797,Certified Public Accountant,08-31-2025,0001993563-25-000004,xml
3190,0001994264,"WEDBUSH & CO., LLC",00871158,"142 WEST 57TH STREET, 12TH FLOOR",,NEW YORK,NY,10019,Ernst  Young LLP,One Manhattan West,New York,NEW YORK,10001,Certified Public Accountant,06-30-2025,0001994264-25-000011,xml
3191,0001994377,FORTRESS WEALTH SOLUTIONS LLC,00871159,1345 AVENUE OF THE AMERICAS,45TH FLOOR,NEW YORK,NY,10105,,,,,,,,,paper
3192,0001994379,CUATRO CAPITAL SECURITIES LLC,00871161,1959 CALLE LOIZA,SUITE 203,SAN JUAN,PR,00911,"Sanville  Company, LLC",325 North Saint Paul St.,Dallas,TEXAS,75201,Certified Public Accountant,12-31-2024,0001994379-25-000004,xml
3193,0001994798,ONEDIGITAL SECURITIES LLC,00871162,11101 SWITZER ROAD,SUITE 200,OVERLAND PARK,KS,66210,,,,,,,,,not_submitted
3194,0001995631,ORE CAP ADVISORS L.L.C.,00871165,112 DEARBORN AVE,,RYE,NY,10580,,,,,,,,,not_submitted
3195,0001995815,"BEEHIVE TRADING, LLC",00871168,25 BROADWAY,"10 TH FL, SUITE 1046",NEW YORK,NY,10004,Victor Mokuolu CFA PLLC,8990 Kirby Suite 220,Houston,TEXAS,77054,Certified Public Accountant,12-31-2024,0001995815-25-000001,xml
3196,0001996539,BROOKFIELD SECURITIES LLC,00871170,250 VESEY STREET,15TH FLOOR,NEW YORK,NY,10281,Deloitte  Touche LLP,30 Rockefeller Plaza,New York,NEW YORK,10112,Certified Public Accountant,12-31-2024,0001507736-25-000002,xml
3197,0001997409,"UPHORIZON, LLC",00871171,13636 VENTURA BLVD,#268,SHERMAN OAKS,CA,91423,"DCPA, Inc.",2121 Avenue of the Stars,Century City,CALIFORNIA,90067,Certified Public Accountant,06-30-2025,0002013816-25-000095,xml
3198,0001998205,IWPF SECURITIES LLC,00871173,429 LENOX AVENUE,SUITE 416,MIAMI BEACH,FL,33139,,,,,,,,,not_submitted
3199,0001998470,"AGENTIS CAPITAL MARKETS US, LLC",00871174,1270-999 WEST HASTINGS STREET,,"VANCOUVER, BC",,V6C 2W2,Moss Adams LLP,"14555 Dallas Parkway, Suite 300",Dallas,TEXAS,75254,Certified Public Accountant,09-30-2024,0001998470-25-000004,xml
3200,0001999236,"NORTH CAPITAL AGENCY BROKERAGE, LLC",00871176,"623 E FORT UNION BLVD.,",SUITE 101,SALT LAKE CITY,UT,84047,,,,,,,,,not_submitted
3201,0001999237,"HIGH HILL SECURITIES, LLC",00871177,1041 RUTH'S WAY,,GREENSBORO,GA,30642,,,,,,,,,not_submitted
3202,0002000463,GLOBACAP PRIVATE MARKETS INC.,00871181,12 E 49TH ST.,11TH FLOOR,NEW YORK,NY,10017,"Sanville  Company, LLC",325 North Saint Paul St.,Dallas,TEXAS,75201,Certified Public Accountant,12-31-2024,0002000463-25-000003,xml
3203,0002000464,"TSX ALPHA U.S., INC.",00871182,140 BROADWAY,46TH FLOOR,NEW YORK,NY,10005,KPMG LLC,345 Park Avenue,New York,NEW YORK,10154,Certified Public Accountant,12-31-2024,0002000464-25-000007,xml
3204,0002000647,"GIGASTAR SECURITIES, LLC",00871184,159 N. SANGAMON STREET SUITE 225,,CHICAGO,IL,60607,,,,,,,,,not_submitted
3205,0002000829,"GE VERNOVA CAPITAL MARKETS, LLC",00871185,400 ATLANTIC STREET,,STAMFORD,CT,06901,,,,,,,,,not_submitted
3206,0002001048,XIDAR SECURITIES LLC,00871186,353 NORTH CLARK ST,SUITE 1600,CHICAGO,IL,60654,,,,,,,,,not_submitted
3207,0002001664,"FIFTH WALL SECURITIES, LP",00871188,3455 PEACHTREE ROAD NE,SUITE 500,ATLANTA,GA,30326,"Michael Coglianese CPA, P.C.",1255 E Lake Street,Bloomingdale,ILLINOIS,60108,Certified Public Accountant,12-31-2024,0002001664-25-000004,xml
3208,0002001822,"ITINERANT-GPS US, LLC",00871190,"201 SHIPYARD WAY, SUITE F",,NEWPORT BEACH,CA,92663,"DCPA, Inc.",2121 Avenue of the Stars,Century City,CALIFORNIA,90067,Certified Public Accountant,06-30-2025,0002013816-25-000104,xml
3209,0002002140,"BASEROCK CAPITAL, LLC",00871191,1144 15TH STREET,SUITE 3290,DENVER,CO,80202,,,,,,,,,not_submitted
3210,0002002489,AXOM PARTNERS LLC,00871192,3451 N. TRIUMPH BLVD,SUITE 100,LEHI,UT,84043,Ernst Wintter  Associates LLP,675 Ygnacio Valley Road - Suite A200,Walnut Creek,CALIFORNIA,94546,Certified Public Accountant,12-31-2024,0002002489-25-000005,xml
3211,0002002881,"OPEN LANE CAPITAL ADVISORS, LLC",00871193,"100 CRESCENT COURT, SUITE 700",,DALLAS,TX,75201,"Phillip V. George, PLLC",5179 CR 1026,Celeste,TEXAS,75423,Certified Public Accountant,12-31-2024,0002002881-25-000002,xml
3212,0002003066,BONDXN TECHNOLOGIES LLC,00871194,"165 PASSAIC AVE, SUITE 201",,FAIRFIELD,NJ,07004,"RUBIO CPA, PC",3500 Lenox Road NE Suite 1500,Atlanta,GEORGIA,30326,Certified Public Accountant,12-31-2024,0002003066-25-000004,xml
3213,0002003945,"CAPITAL CONNECT, LLC",00871196,191 SILVER MOSS DRIVE,,VERO BEACH,FL,32963,,,,,,,,,paper
3214,0002003946,22V SECURITIES LLC,00871197,15 ROCKAWAY AVENUE,,GARDEN CITY,NY,11530,,,,,,,,,not_submitted
3215,0002004443,"PARX TRADING, LLC",00871199,33 W. 60TH STREET,SUITE 234,NEW YORK,NY,10023,"Baker Tilly US, LLP",66 Hudson Blvd E,New York,NEW YORK,10001,Certified Public Accountant,12-31-2024,0002004443-25-000003,xml
3216,0002004444,"USMART CAPITAL, LLC",00871200,"477 MADISON AVENUE, 6TH FL",SUITE 631-635C,NEW YORK,NY,10022,,,,,,,,,not_submitted
3217,0002005060,TREND TRADE SECURITIES LLC,00871202,157 S FAIR OAKS AVE.,SUITE# 1018,PASADENA,CA,91105,,,,,,,,,not_submitted
3218,0002007401,"GALICIA CAPITAL US, LLC",00871205,1395 BRICKELL AVE,SUITE 950,MIAMI,FL,33131,Kaufman Rossin,3310 Mary Street,Miami,FLORIDA,33133,Certified Public Accountant,12-31-2024,0002013816-25-000015,xml
3219,0002008222,"WOODWARD PARK SECURITIES, LLC",00871206,"74 WEST LONG LAKE RD, SUITE 205",,BLOOMFIELD HILLS,MI,48304,,,,,,,,,not_submitted
3220,0002011217,"HEG SECURITIES, LLC",00871212,660 STEAMBOAT ROAD,4TH FLOOR,GREENWICH,CT,06830,,,,,,,,,not_submitted
3221,0002012557,"DINARI SECURITIES, LLC",00871215,260 MADISON AVENUE,SUITE 8051,NEW YORK,NY,10016,,,,,,,,,not_submitted
3222,0002013444,"WEALTHFORGE DISTRIBUTORS, LLC",00871216,3015 W. MOORE ST.,SUITE 102,RICHMOND,VA,23230,,,,,,,,,not_submitted
3223,0002013631,ARCHITECT SECURITIES LLC,00871217,8901 N NEW RIVER CANAL RD,APT 15,PLANTATION,FL,33324,,,,,,,,,paper
3224,0002013984,AMVEST CAPITAL SECURITIES LLC,00871218,570 LEXINGTON AVENUE,37TH FLOOR,NEW YORK,NY,10022,,,,,,,,,not_submitted
3225,0002014443,RAM FINANCIAL LLC,00871221,1420 WASHINGTON BLVD,6TH FLOOR,DETROIT,MI,48226,,,,,,,,,not_submitted
3226,0002015357,SINE QUA NON CAPITAL LLC,00871223,9736 RENNES LN,,DELRAY BEACH,FL,33446,Ohab and Company,100 E Sybelia Avenue,Maitland,FLORIDA,32751,Certified Public Accountant,12-31-2024,0002015357-25-000002,xml
3227,0002015358,"IRONLIGHT MARKETS, LLC",00871224,57 VERNON PARKWAY,,MOUNT VERNON,NY,10552,,,,,,,,,not_submitted
3228,0002015820,"SGP SECURITIES, LLC",00871225,"31 HUDSON YARDS, 11TH FLOOR",,NEW YORK,NY,10001,"Goldman  Company, CPA's, P.C.","3535 Roswell Road, Suite 32",Marietta,GEORGIA,30062,Certified Public Accountant,12-31-2024,0002015820-25-000002,xml
3229,0002016968,NETCAPITAL SECURITIES INC.,00871228,1 LINCOLN STREET,,BOSTON,MA,02111,,,,,,,,,paper
3230,0002019261,"GALAXY SECURITIES, LLC",00871232,"300 VESEY STREET, 13TH FLOOR",,NEW YORK,NY,10282,,,,,,,,,not_submitted
3231,0002019262,"STRATOSPHERE CAPITAL, LLC",00871233,223 SECOND AVENEUE,NO. 5A,NEW YORK,NY,10003,,,,,,,,,not_submitted
3232,0002019716,ATTIS SECURITIES LLC,00871235,"260 N JOSEPHINE STREET, SUITE 300",,DENVER,CO,80206,,,,,,,,,not_submitted
3233,0002020119,BIVO FINANCIAL LLC,00871236,14551 LA RINCONADA DR,,LOS GATOS,CA,95032,,,,,,,,,not_submitted
3234,0002020805,WISE US ASSETS INC,00871239,30 W. 26TH ST,SIXTH FLOOR,NEW YORK,NY,10010,,,,,,,,,not_submitted
3235,0002021162,"YORKVILLE SECURITIES, LLC",00871241,1012 SPRINGFIELD AVE,,MOUNTAINSIDE,NJ,07092,,,,,,,,,not_submitted
3236,0002021312,FIRST TURN SECURITIES LLC,00871242,4 EAST SHERIDAN AVE,SUITE 300,OKLAHOMA CITY,OK,73104,,,,,,,,,not_submitted
3237,0002021313,FRONTIER ONE LLC,00871243,1033 SKOKIE BOULEVARD,SUITE 260,NORTHBROOK,IL,60062,"DeMarco Sciaccotta Wilkens  Dunleavy, LLP",20646 Abbey Woods Ct. N.,Frankfort,ILLINOIS,60423,Certified Public Accountant,06-30-2025,0002021313-25-000004,xml
3238,0002021431,ACANTHUS U.S. LIMITED,00871244,10-12 BLANDFORD STREET,,LONDON,,W1U 4AZ,Sanville  Company,325 North Saint Paul St.,Dallas,TEXAS,75201,Certified Public Accountant,07-31-2025,0002021431-25-000004,xml
3239,0002022814,PRIMARYBID SECURITIES INC.,00871247,732 SMITHTOWN BYPASS,SUITE 203,SMITHTOWN,NY,11787,,,,,,,,,not_submitted
3240,0002023267,JP PORTSMOUTH CAPITAL LLC,00871249,"1 WORLD TRADE CENTER, SUITE 86A",,NEW YORK,NY,10007-0089,,,,,,,,,not_submitted
3241,0002025069,"GOURLAY CAPITAL ADVISORS, LLC",00871251,25 EUREKA TERRACE,,STAMFORD,CT,06902,,,,,,,,,not_submitted
3242,0002026077,"COGENT ASSOCIATES, LLC",00871253,73 CENTRAL STREET,,WOODSTOCK,VT,05091,,,,,,,,,not_submitted
3243,0002027501,CS ENHANCED LENDING LLC,00871254,"4 WORLD TRADE CENTER, 150 GREENWICH STRE",,NEW YORK,NY,10007,,,,,,,,,not_submitted
3244,0002028579,"CHANDLER DISTRIBUTION SERVICES, LLC",00871256,"9255 TOWNE CENTRE DRIVE, SUITE 600",,SAN DIEGO,CA,92121,,,,,,,,,not_submitted
3245,0002028805,CAPTIVEX SECURITIES LLC,00871257,P O BOX 63245,SUITE 308 B,PHILADELPHIA,PA,19114,,,,,,,,,not_submitted
3246,0002029588,HIDDEN ROAD PARTNERS CIV US LLC,00871259,10 EAST 40TH STREET,26TH FLOOR,NEW YORK,NY,10016,,,,,,,,,not_submitted
3247,0002029832,M&CO. SECURITIES LLC,00871260,457 LURGAN ROAD,SUITE 1604,NEW HOPE,PA,18938,,,,,,,,,not_submitted
3248,0002031352,MADISON CAPITAL MARKETS LLC,00871262,26 CORPORATE PLAZA DRIVE,SUITE 280,NEWPORT BEACH,CA,92660,,,,,,,,,not_submitted
3249,0002031353,GLOBAL CARRY LLC,00871263,"10 GRAND STREET, STE 1800-B",,BROOKLYN,NY,11211,,,,,,,,,not_submitted
3250,0002031770,INTERCHANGE CLEARING LLC,00871264,1220 MAIN STREET,SUITE 400,VANCOUVER,WA,98660,,,,,,,,,not_submitted
3251,0002032970,CRESTWAVE CAPITAL PARTNERS LLC,00871269,375 SOUTH COUNTY ROAD,SUITE 210,PALM BEACH,FL,33480,,,,,,,,,not_submitted
3252,0002032971,CANGURU CAPITAL ADVISORS,00871270,2182 S EL CAMINO REAL,SUITE 203,OCEANSIDE,CA,92054,,,,,,,,,not_submitted
3253,0002033316,"VESTWELL SECURITIES, LLC",00871272,"360 MADISON AVENUE, 15TH FLOOR",,NEW YORK,NY,10017,,,,,,,,,not_submitted
3254,0002033479,SCRED SECURITIES US LLC,00871275,1012 MARYLAND AVE,FLOOR 13 SUITE A,CAPE MAY,NJ,08204,,,,,,,,,not_submitted
3255,0002033480,"HAVERKAMP INVESTMENTS, INC.",00871276,510 S 17TH ST,STE 104,AMES,IA,50010,,,,,,,,,not_submitted
3256,0002033621,CP CLIENT SOLUTIONS LLC,00871277,321 BROADWAY,5TH FLOOR,SARATOGA SPRINGS,NY,12866,,,,,,,,,not_submitted
3257,0002034108,VOLEON SECURITIES LLC,00871278,"1919 SHATTUCK AVENUE, FLOOR 7",,BERKELEY,CA,94704,,,,,,,,,not_submitted
3258,0002034295,ENTEGRA SECURITIES LLC,00871279,130 WEST 30TH STREET,6A,NEW YORK,NY,10001,,,,,,,,,not_submitted
3259,0002034599,"VISTA EQUITY PARTNERS CAPITAL MARKETS, LLC",00871280,50 HUDSON YARDS,FLOOR 77,NEW YORK,NY,10001,,,,,,,,,not_submitted
3260,0002034600,BPK INTERNATIONAL LLC,00871281,515 NORTH FLAGLER DRIVE,SUITE 350,WEST PALM BEACH,FL,33401,,,,,,,,,not_submitted
3261,0002036690,SEVENPOINT PARTNERS LLC,00871287,60 RIVER ROAD,,SUMMIT,NJ,07901,,,,,,,,,not_submitted
3262,0002036865,ONE VANDERBILT SECURITIES LLC,00871289,"1 VANDERBILT AVENUE, 65TH FLOOR",,NEW YORK,NY,10017,,,,,,,,,not_submitted
3263,0002036997,RETOKENS CAPITAL LLC,00871290,3103 N. PINES ROAD,,SPOKANE VALLEY,WA,99216,,,,,,,,,not_submitted
3264,0002039253,TSA FINANCIAL LLC,00871293,1250 BROADWAY SUITE 2601,APT. 1132,NEW YORK,NY,10001,,,,,,,,,not_submitted
3265,0002042915,"BSG SECURITIES, LLC",00871298,1000 PARKWOOD CIRCLE SE,SUITE 810,ATLANTA,GA,30339,,,,,,,,,not_submitted
3266,0002043058,GOODGAME ADVISORS LLC,00871299,4701 SOQUEL DRIVE,,SOQUEL,CA,95073,,,,,,,,,not_submitted
3267,0002044790,"GUIDELINE SECURITIES, LLC",00871305,1412 CHAPIN AVENUE,,BURLINGAME,CA,94010,,,,,,,,,not_submitted
3268,0002045178,EFCG TRANSACTION SERVICES LLC,00871307,4915 W 31ST AVE,,DENVER,CO,80212,,,,,,,,,not_submitted
3269,0002045383,"ANTHEM SECURITIES, LLC",00871308,"258 FULTON STREET, FLOOR 85",FLOOR 10,NEW YORK,NY,10007,,,,,,,,,not_submitted
3270,0002049331,CENTERLINE CAPITAL PARTNERS LLC,00871313,51 RYANS MILL ROAD,,JAMISON,PA,18929,,,,,,,,,not_submitted
3271,0002052689,BRIDGEWAY SECURITIES CORP,00871318,1 CHISHOLM TRAIL RD,SUITE 450,ROUND ROCK,TX,78681,,,,,,,,,not_submitted
3272,0002056834,VAXA PARTNERS LLC,00871326,540 MADISON AVENUE,,NEW YORK,NY,10022,,,,,,,,,not_submitted
3273,0002057259,TH GLOBAL CAPITAL ADVISORS INC.,00871329,27070 SERRANO WAY,,BONITA SPRINGS,FL,34135,,,,,,,,,not_submitted
3274,0002059293,REPUBLIC CAPITAL GROUP HOLDINGS LLC,00871334,50 ROCKEFELLER PLAZA,SUITE 1250,NEW YORK,NY,10020,,,,,,,,,not_submitted
3275,0002060214,HIGGINBOTHAM SECURITIES LLC,00871338,4424 WEST SAM HOUSTON PKWY N,SUITE 1000,HOUSTON,TX,77041,,,,,,,,,not_submitted
3276,0002062371,AMS BROKERAGE SERVICES LLC,00871341,1700 CITY FARM DRIVE,SUITE B,BATON ROUGE,LA,70806,,,,,,,,,not_submitted
3277,0002063972,WILDRIDGE SECURITIES LLC,00871350,"1100 GLENDON AVE., 17TH FLOOR",,LOS ANGELES,CA,90024,,,,,,,,,not_submitted
3278,0002065275,"MOSAIC ATS, LLC",00871355,875 WASHINGTON STREET,4TH FLOOR,NEW YORK,NY,10014,,,,,,,,,not_submitted
3279,0002065734,ALERA SECURITIES LLC,00871359,"THREE PARKWAY NORTH, SUITE 500",,DEERFIELD,IL,60015,,,,,,,,,not_submitted
