CIK,Name,Form,Date,Path
1348362,Lexaria Bioscience Corp.,D,20251001,edgar/data/1348362/0001348362-25-000017.txt
1409158,SE-Las Colinas,D,20250930,edgar/data/1409158/0001409158-25-000003.txt
1409162,Sequoia Equities - Innsbrook Village Ltd,D,20250930,edgar/data/1409162/0001409162-25-000004.txt
1409162,Sequoia Equities - Innsbrook Village Ltd,D,20251001,edgar/data/1409162/0001409162-25-000005.txt
1621910,Pantheon Resources plc,D,20251001,edgar/data/1621910/0001062993-25-015866.txt
1744729,"Flora Coatings, Inc.",D,20251001,edgar/data/1744729/0001744729-25-000003.txt
1815598,Ginkgo Multifamily OP LP,D,20251001,edgar/data/1815598/0001815598-25-000003.txt
1842497,Frais Cannexion Inc.,D,20251001,edgar/data/1842497/0001842497-25-000006.txt
1866048,CC USRL LP,D,20251001,edgar/data/1866048/0001315863-25-000692.txt
1879942,Hawaiian Bros Inc.,D,20251001,edgar/data/1879942/0001879942-25-000006.txt
1890916,"Palos Surgicenter, LLC",D,20251001,edgar/data/1890916/0001890916-25-000002.txt
1894716,"Quadrant Private Capital Solutions Platform, LP",D,20251001,edgar/data/1894716/0001894716-25-000009.txt
1923943,Terra Rossa Gold Ltd.,D,20251001,edgar/data/1923943/0002060755-25-000046.txt
1937045,"BHC HC Co-Invest III, LLC",D,20251001,edgar/data/1937045/0001231919-25-000270.txt
1979836,Myriad Uranium Corp.,D,20251001,edgar/data/1979836/0001062993-25-015871.txt
2025983,"Service Provider Capital Pacific Northwest Fund I, LP",D,20251001,edgar/data/2025983/0001231919-25-000272.txt
2037428,"Barrel Reserve Technologies, Inc.",D,20251001,edgar/data/2037428/0002037428-25-000003.txt
2045300,Prince Silver Corp.,D,20251001,edgar/data/2045300/0002064835-25-000011.txt
2055508,"Accolade Partners Blockchain IV Feeder, L.P.",D,20251001,edgar/data/2055508/0000904454-25-000471.txt
2055562,"Accolade Partners Blockchain IV, L.P.",D,20251001,edgar/data/2055562/0000904454-25-000471.txt
2062163,"KRISHNA RIVER FUND, LP",D,20251001,edgar/data/2062163/0002062163-25-000003.txt
2062314,EquityZen Growth Technology Fund LLC - Series 2113,D,20251001,edgar/data/2062314/0002062314-25-000002.txt
2062699,EquityZen Growth Technology Fund LLC - Series 2109,D,20251001,edgar/data/2062699/0002062699-25-000002.txt
2065111,Bloom Anduril I a Series of Bloom Opportunities Fund I LLC,D,20251001,edgar/data/2065111/0002065111-25-000002.txt
2067621,"Vector Defense, Inc.",D,20251001,edgar/data/2067621/0002067621-25-000001.txt
2067621,"Vector Defense, Inc.",D,20251001,edgar/data/2067621/0002067621-25-000002.txt
2069953,"Apptronik VIII, a series of Tyrell Ventures Funds, LP",D,20251001,edgar/data/2069953/0002069953-25-000001.txt
2075191,"Project Jupiter Co-Invest Fund, L.P.",D,20251001,edgar/data/2075191/0002075191-25-000001.txt
2076673,EquityZen Growth Technology Fund LLC - Series 2143,D,20251001,edgar/data/2076673/0002076673-25-000001.txt
2077762,"LAM5 SPV, a series of Riverside Ventures Self-Advised, LP",D,20251001,edgar/data/2077762/0002077762-25-000001.txt
2078001,RD Real Estate Opportunity Fund I LP,D,20251001,edgar/data/2078001/0001753926-25-001563.txt
2078536,"Bluehenge Capital SBIC III, L.P.",D,20251001,edgar/data/2078536/0002078536-25-000001.txt
2078763,"Unio Concentrated Equity Fund, LLC",D,20251001,edgar/data/2078763/0001398344-25-018727.txt
2079021,Macquarie Global Infrastructure Fund (USD Feeder) SCSp,D,20251001,edgar/data/2079021/0002079021-25-000001.txt
2079086,"BizBridge Capital, LLC",D,20251001,edgar/data/2079086/0002079086-25-000001.txt
2079787,EquityZen Growth Technology Fund LLC - Series 2152,D,20251001,edgar/data/2079787/0002079787-25-000001.txt
2079789,EquityZen Growth Technology Fund LLC - Series 2150,D,20251001,edgar/data/2079789/0002079789-25-000001.txt
2080058,XFX Holdings Ltd,D,20251001,edgar/data/2080058/0001231919-25-000273.txt
2080522,Anduril II a Series of Bloom Opportunities Fund I LLC,D,20251001,edgar/data/2080522/0002080522-25-000002.txt
2082113,"Pemi Holdings, LLC",D,20251001,edgar/data/2082113/0002082113-25-000001.txt
2082376,"RI-0704 Fund I, a series of DataPower Ventures AL, LP",D,20251001,edgar/data/2082376/0002082376-25-000001.txt
2082741,Honor & Fire LLC,D,20251001,edgar/data/2082741/0002082741-25-000001.txt
2083289,StabledHorses Capital Fund LP,D,20251001,edgar/data/2083289/0002083289-25-000001.txt
2083454,"EnCap Energy Capital Fund VIII MergeCo, L.P.",D,20251001,edgar/data/2083454/0002083454-25-000001.txt
2083460,"EnCap Energy Capital Fund VIII Co-Investors MergeCo, L.P.",D,20251001,edgar/data/2083460/0002083460-25-000002.txt
2083467,Petershill Millennium Investors LLC,D,20251001,edgar/data/2083467/0002083467-25-000001.txt
2083492,Petershill Millennium Investors Offshore LP,D,20251001,edgar/data/2083492/0002083492-25-000001.txt
2083807,Petershill Millennium Investors Offshore B LP,D,20251001,edgar/data/2083807/0002083807-25-000001.txt
2083846,Petershill Millennium Investors C LLC,D,20251001,edgar/data/2083846/0002083846-25-000001.txt
2083902,Petershill Millennium Investors B LLC,D,20251001,edgar/data/2083902/0002083902-25-000001.txt
2084110,"TF Growth I, a series of TF Capital, LP",D,20251001,edgar/data/2084110/0002084110-25-000001.txt
2084494,"Yayati, Inc.",D,20251001,edgar/data/2084494/0002084494-25-000001.txt
2084494,"Yayati, Inc.",D,20251001,edgar/data/2084494/0002084494-25-000002.txt
2084494,"Yayati, Inc.",D,20251001,edgar/data/2084494/0002084494-25-000003.txt
2084494,"Yayati, Inc.",D,20251001,edgar/data/2084494/0002084494-25-000004.txt
2084618,Petershill Millennium Investors Offshore C LP,D,20251001,edgar/data/2084618/0002084618-25-000001.txt
2084810,Delta Seal Technology LLC,D,20251001,edgar/data/2084810/0002084810-25-000001.txt
2085058,"Salta Nona 1818, LLC",D,20251001,edgar/data/2085058/0002085058-25-000001.txt
2085124,Passco Vero Beach DST,D,20251001,edgar/data/2085124/0002085124-25-000001.txt
2085297,"VEEF III Co-Invest 3-A, L.P.",D,20251001,edgar/data/2085297/0002085297-25-000001.txt
2085521,"DaisyChain Capital Fund I, LLC",D,20251001,edgar/data/2085521/0002085521-25-000001.txt
2085583,RMF2 Edgewater Co-Invest LP,D,20251001,edgar/data/2085583/0002085583-25-000001.txt
2085613,"GE-0828 Fund I, a series of Multimodal Ventures, LP",D,20251001,edgar/data/2085613/0002085613-25-000001.txt
2085675,Island Green HAI LP,D,20251001,edgar/data/2085675/0002085675-25-000001.txt
2085937,"NE-0825 Fund I, a series of Riverside Ventures, LP",D,20251001,edgar/data/2085937/0002085937-25-000001.txt
2085986,NLC Health Investors DST,D,20251001,edgar/data/2085986/0000932440-25-000028.txt
2086361,"Ara Infra C-Fiber Co-Investment, LP",D,20251001,edgar/data/2086361/0000950103-25-012596.txt
2086363,"Ara Infra C-Fiber Blocked Co-Investment, LP",D,20251001,edgar/data/2086363/0000950103-25-012597.txt
2086387,Percheron Horsepower-B LP,D,20251001,edgar/data/2086387/0002086387-25-000001.txt
2086388,Percheron Horsepower-A LP,D,20251001,edgar/data/2086388/0002086388-25-000001.txt
2086389,Percheron Horsepower LP,D,20251001,edgar/data/2086389/0002086389-25-000001.txt
2086390,"Goldcrest Capital IV-B, LP",D,20251001,edgar/data/2086390/0002086390-25-000001.txt
2086392,"Goldcrest Capital IV-A, LP",D,20251001,edgar/data/2086392/0002086392-25-000001.txt
2086398,Conception Bio a Series of VUVP Fund LLC,D,20251001,edgar/data/2086398/0002086398-25-000001.txt
2086489,Youngsville Holding LLC,D,20251001,edgar/data/2086489/0001043039-25-000024.txt
2086625,"MO-0905 Fund I, a series of MV Funds, LP",D,20251001,edgar/data/2086625/0002086625-25-000001.txt
2086697,"HC9 Ventures II, L.P.",D,20251001,edgar/data/2086697/0002086697-25-000002.txt
2086809,FOG SWC SCIENCE FUND I a Series of FOG Ventures Fund III LLC,D,20251001,edgar/data/2086809/0002086809-25-000001.txt
2086812,LifeAhead a Series of SLRTE I LLC,D,20251001,edgar/data/2086812/0002086812-25-000001.txt
2086815,2DE 1 a Series of SLRTE I LLC,D,20251001,edgar/data/2086815/0002086815-25-000001.txt
2086852,Venture Capital Plus Portfolio TE 2026 LP,D,20251001,edgar/data/2086852/0001315863-25-000696.txt
2086853,Venture Capital Plus Portfolio GF 2026 LP,D,20251001,edgar/data/2086853/0001315863-25-000694.txt
2086854,Venture Capital Plus Portfolio 2026 LP,D,20251001,edgar/data/2086854/0001315863-25-000693.txt
2086936,RRE25 Cornerstone Tributer Feeder Fund LP,D,20251001,edgar/data/2086936/0002086936-25-000001.txt
2086971,"HC9 Ventures II-R, L.P.",D,20251001,edgar/data/2086971/0002086697-25-000002.txt
2086979,"IV Series 13A, a Series of Ineffable Ventures Series, LLC",D,20251001,edgar/data/2086979/0002086979-25-000001.txt
2087160,Mythworx LLC,D,20251001,edgar/data/2087160/0002087160-25-000001.txt
2087183,"GA-0818 Fund I, a series of Roll Up Vehicles, LP",D,20251001,edgar/data/2087183/0002087183-25-000001.txt
2087187,Kilele Health Inc.,D,20251001,edgar/data/2087187/0002087187-25-000001.txt
2087271,"Sine Strategic Group, Inc.",D,20251001,edgar/data/2087271/0002087271-25-000001.txt
2087275,"Gresham Town Fair Venture, LLC",D,20251001,edgar/data/2087275/0002087275-25-000001.txt
2087418,One Mind Catalyst Fund LLC,D,20251001,edgar/data/2087418/0000935836-25-000616.txt
2087423,"Siloam Vision, Inc.",D,20251001,edgar/data/2087423/0002087423-25-000001.txt
2087423,"Siloam Vision, Inc.",D,20251001,edgar/data/2087423/0002087423-25-000002.txt
2087423,"Siloam Vision, Inc.",D,20251001,edgar/data/2087423/0002087423-25-000003.txt
2087423,"Siloam Vision, Inc.",D,20251001,edgar/data/2087423/0002087423-25-000004.txt
2087490,APCW 2025 Parent LLC,D,20251001,edgar/data/2087490/0002087490-25-000001.txt
2087491,"JeffValenzia, LLC",D,20251001,edgar/data/2087491/0001214659-25-014430.txt
2087529,Silicon Road Seed Fund II L.P.,D,20251001,edgar/data/2087529/0002087529-25-000001.txt
2087551,Income Co-Investment Portfolio A 2025 LP,D,20251001,edgar/data/2087551/0001315863-25-000691.txt
2087568,Silicon Road Opportunity Fund I L.P.,D,20251001,edgar/data/2087568/0002087568-25-000001.txt
2087659,"Arden HSF Co-Investment, LLC",D,20251001,edgar/data/2087659/0002087659-25-000001.txt
2087673,"CRM REIT 2, LLC",D,20251001,edgar/data/2087673/0002087673-25-000001.txt
2087728,Barings Developed Europe Real Estate Debt Fund I SCSp,D,20251001,edgar/data/2087728/0002087728-25-000001.txt
2087737,"Square One Labs Fund, Limited Partnership",D,20251001,edgar/data/2087737/0002087737-25-000001.txt
2087913,"IV Series 15A, a Series of Ineffable Ventures Series, LLC",D,20251001,edgar/data/2087913/0002087913-25-000001.txt
2087982,Five Sixty Associates LLC,D,20251001,edgar/data/2087982/0000905148-25-003466.txt
2088002,MarcyPen Opportunities Fund II KE SPV LP,D,20251001,edgar/data/2088002/0000905148-25-003467.txt
2088087,S2K/Miller CLT DST,D,20251001,edgar/data/2088087/0002063351-25-000008.txt
2088096,"Cima Investment Group, LLC",D,20251001,edgar/data/2088096/0002088096-25-000001.txt
2088127,IA BiomeSense a series of Irish Angels 2020 LLC,D,20251001,edgar/data/2088127/0002088127-25-000001.txt
2088345,"Corrum Capital Entertainment Lending II-B, LP",D,20251001,edgar/data/2088345/0002088345-25-000002.txt
2088372,"Infrrd, Inc.",D,20251001,edgar/data/2088372/0002088372-25-000001.txt
2088447,"Equitybee 22-17715, a Series of Equitybee cFund Master LLC",D,20251001,edgar/data/2088447/0002088447-25-000001.txt
2088504,"Space Factory 2025, a series of Capital Factory SPVs, LP",D,20251001,edgar/data/2088504/0002088504-25-000001.txt
2088533,"GL-0827 Fund III, a series of Zachary Ginsburg Funds, LP",D,20251001,edgar/data/2088533/0002088533-25-000001.txt
2088562,"Equitybee 22-21729, a Series of Equitybee cFund Master LLC",D,20251001,edgar/data/2088562/0002088562-25-000001.txt
2088563,"Equitybee 22-14663, a Series of Equitybee cFund Master LLC",D,20251001,edgar/data/2088563/0002088563-25-000001.txt
2088564,"Equitybee 22-36823, a Series of Equitybee cFund Master LLC",D,20251001,edgar/data/2088564/0002088564-25-000001.txt
2088565,"Equitybee 22-27269, a Series of Equitybee cFund Master LLC",D,20251001,edgar/data/2088565/0002088565-25-000001.txt
2088566,"Equitybee 22-98161, a Series of Equitybee cFund Master LLC",D,20251001,edgar/data/2088566/0002088566-25-000001.txt
2088684,"Molokai Investment Partnership, LP",D,20251001,edgar/data/2088684/0002088684-25-000001.txt
2088688,Excalibur Metals Corp.,D,20251001,edgar/data/2088688/0001683168-25-007361.txt
2088701,EDITIDE LLC,D,20251001,edgar/data/2088701/0002088701-25-000002.txt
2088705,"Platinum Advance Principals, L.P.",D,20251001,edgar/data/2088705/0002088705-25-000001.txt
2088775,Healthcare Investments ISNP LLC,D,20251001,edgar/data/2088775/0001140361-25-036916.txt
2088813,Alder Point Real Assets Fund FE LP,D,20251001,edgar/data/2088813/0002088813-25-000001.txt
2088891,"Founder's Box Fund I, L.P.",D,20251001,edgar/data/2088891/0002088891-25-000001.txt
2088945,FXG TN KY FF LLC,D,20251001,edgar/data/2088945/0002088945-25-000001.txt
2088960,Leach John Peter,D,20251001,edgar/data/2088960/0002088960-25-000002.txt
2088984,"Ample-TE-04091 Fund I, a series of AngelList Funds 2025, LP",D,20251001,edgar/data/2088984/0002088984-25-000001.txt
2088997,Delight Holding LLC,D,20251001,edgar/data/2088997/0002088997-25-000001.txt
2089034,Niobrara Merlin Co-Investment Vehicle LP,D,20251001,edgar/data/2089034/0000950103-25-012630.txt
2089080,Janus Henderson Equity Long/Short Fund LLC,D,20251001,edgar/data/2089080/0002089080-25-000001.txt
2089114,CMSP Investment Vehicle 1 LP,D,20251001,edgar/data/2089114/0002089114-25-000001.txt
2089119,Auterion Group Inc.,D,20251001,edgar/data/2089119/0002089119-25-000002.txt
2089126,PennantPark Private Income Fund,D,20251001,edgar/data/2089126/0000945621-25-000902.txt
2089139,"Avero Capital Fund I, LLC",D,20251001,edgar/data/2089139/0002089139-25-000001.txt
2089159,NH Capital Fund I LLC,D,20251001,edgar/data/2089159/0002089159-25-000001.txt
2089178,"KRA13 SPV, a series of Riverside Ventures Self-Advised, LP",D,20251001,edgar/data/2089178/0002089178-25-000001.txt
2089190,Marathon M2 LLC,D,20251001,edgar/data/2089190/0002089190-25-000001.txt
2089191,SUPERCYCLE GENESIS PARTNERS LIMITED PARTNERSHIP,D,20251001,edgar/data/2089191/0002089191-25-000001.txt
2089276,"Palmetto Street Realty, LLC",D,20251001,edgar/data/2089276/0002089276-25-000001.txt
2089287,"Sky Partners II, LP",D,20251001,edgar/data/2089287/0001193125-25-226702.txt
2089318,"CCI Skyryse SPV, L.P.",D,20251001,edgar/data/2089318/0002089318-25-000001.txt
2089348,"SEVA Fund, LLP",D,20251001,edgar/data/2089348/0002089348-25-000001.txt
2089396,"ESG Holdco, LLC",D,20251001,edgar/data/2089396/0002089396-25-000001.txt
2089417,"UP Ventures SPV P, LLC",D,20251001,edgar/data/2089417/0002089417-25-000001.txt
2089435,Tailwater Fund V SMA LP,D,20251001,edgar/data/2089435/0002089435-25-000002.txt
2089445,"Tayeh Capital Group Fund I, L.P.",D,20251001,edgar/data/2089445/0002089445-25-000001.txt
2089457,178 Maple Street LLC,D,20251001,edgar/data/2089457/0002089457-25-000001.txt
2089497,"Series Fund P, a series of UM Pre-IPO POrtfolio Fund II LLC",D,20251001,edgar/data/2089497/0002089497-25-000001.txt
2089550,Secret Soup Co.,D,20251001,edgar/data/2089550/0002089550-25-000001.txt
2089552,"Waterway Owner, LLC",D,20251001,edgar/data/2089552/0002089552-25-000001.txt
2089555,SUPREME LIGHTS CANDLE INC.,D,20251001,edgar/data/2089555/0002089555-25-000001.txt
2089564,"Rimrock Total Return Strategies (Cayman) Fund, Ltd.",D,20251001,edgar/data/2089564/0002089564-25-000001.txt
2089565,Arise Baker Vista LLC,D,20251001,edgar/data/2089565/0002089565-25-000001.txt
2089587,"RIMROCK TOTAL RETURN STRATEGIES FUND, L.P.",D,20251001,edgar/data/2089587/0002089587-25-000001.txt
2089590,"Royal Oak Recycling Holdings, LLC",D,20251001,edgar/data/2089590/0002089590-25-000001.txt
2089638,JZ Fixed Income Fund LLC,D,20251001,edgar/data/2089638/0002089638-25-000001.txt
2089711,"MDCP NC Co-Invest, L.P.",D,20251001,edgar/data/2089711/0002089711-25-000001.txt
1128189,"ProtoKinetix, Inc.",D,20251002,edgar/data/1128189/0001128189-25-000007.txt
1526491,G2 Goldfields Inc.,D,20251002,edgar/data/1526491/0001062993-25-015893.txt
1634707,Seegrid Corp,D,20251002,edgar/data/1634707/0001634707-25-000002.txt
1649975,"Resource Management Service, LLC",D,20251002,edgar/data/1649975/0001649975-25-000002.txt
1668492,CleanFiber Inc.,D,20251002,edgar/data/1668492/0001668492-25-000003.txt
1668492,CleanFiber Inc.,D,20251002,edgar/data/1668492/0001668492-25-000005.txt
1698022,"Farmers & Merchants Bancshares, Inc.",D,20251002,edgar/data/1698022/0001698022-25-000003.txt
1711272,Minera Alamos Inc.,D,20251002,edgar/data/1711272/0000912282-25-001015.txt
1743249,"Craig Dielman Flex Holdings, LLC",D,20251002,edgar/data/1743249/0001743249-25-000004.txt
1781162,Momentus Inc.,D,20251002,edgar/data/1781162/0001781162-25-000034.txt
1816722,"Ansa Biotechnologies, Inc.",D,20251002,edgar/data/1816722/0001231919-25-000275.txt
1841908,SR RetailTech Fund I L.P.,D,20251002,edgar/data/1841908/0001841908-25-000003.txt
1914714,Leashtech Inc.,D,20251002,edgar/data/1914714/0001914714-25-000003.txt
1932104,Momentix Capital Corp,D,20251002,edgar/data/1932104/0001062993-25-015881.txt
1947908,"AGIF I Partners, LLC",D,20251002,edgar/data/1947908/0001947908-25-000005.txt
1948069,"AGIF I Investors, LLC",D,20251002,edgar/data/1948069/0001948069-25-000005.txt
1950258,Field Effect Software Inc.,D,20251002,edgar/data/1950258/0001950258-25-000003.txt
1976550,"Parento, Inc.",D,20251002,edgar/data/1976550/0001976550-25-000002.txt
1979108,"Energy Revenue America, Inc.",D,20251002,edgar/data/1979108/0001979108-25-000003.txt
1996493,Sucro Ltd,D,20251002,edgar/data/1996493/0001062993-25-015898.txt
2008362,"MES Employee Holdings, LLC",D,20251002,edgar/data/2008362/0002008362-25-000003.txt
2015499,"Hedge Health, Co.",D,20251002,edgar/data/2015499/0002015499-25-000002.txt
2023866,"Augment Collective, LLC",D,20251002,edgar/data/2023866/0002023866-25-000028.txt
2023866,"Augment Collective, LLC",D,20251002,edgar/data/2023866/0002023866-25-000029.txt
2036861,TF Technology Investments LLC,D,20251002,edgar/data/2036861/0002036861-25-000002.txt
2048474,"StoryPath, LLC",D,20251002,edgar/data/2048474/0002048474-25-000002.txt
2049626,Pontosense Inc.,D,20251002,edgar/data/2049626/0002049626-25-000002.txt
2050811,"OS BIG, Inc.",D,20251002,edgar/data/2050811/0002050811-25-000003.txt
2071273,"SBMAR25, LLC",D,20251002,edgar/data/2071273/0002071273-25-000001.txt
2071908,TF Technology Investments I LLC,D,20251002,edgar/data/2071908/0002071908-25-000002.txt
2072230,TF Technology Investments XI LLC,D,20251002,edgar/data/2072230/0002072230-25-000001.txt
2074852,"Bell Park 318, LLC",D,20251002,edgar/data/2074852/0002074852-25-000001.txt
2075789,"Agnikul SPV, a series of Gold Dragon, LP",D,20251002,edgar/data/2075789/0002075789-25-000001.txt
2075943,"Fund I, a series of Netwrk Ventures, LP",D,20251002,edgar/data/2075943/0002075943-25-000001.txt
2076592,"Hugh's Chophouse, LLC",D,20251002,edgar/data/2076592/0002076592-25-000001.txt
2077409,OKEANOS VENTURE PARTNERS II LLC-SERIES 160,D,20251002,edgar/data/2077409/0002077409-25-000001.txt
2077421,OKEANOS VENTURE PARTNERS II LLC-SERIES 158,D,20251002,edgar/data/2077421/0002077421-25-000001.txt
2078742,TDG Strategic Opportunities I LP,D,20251002,edgar/data/2078742/0001013594-25-001176.txt
2080344,"F4 Ventures Fund II, LP",D,20251002,edgar/data/2080344/0002080344-25-000001.txt
2081819,EOC Partners Fund - G II LP,D,20251002,edgar/data/2081819/0002081819-25-000001.txt
2081820,EOC Partners Fund - C II LP,D,20251002,edgar/data/2081820/0002081820-25-000001.txt
2082373,"Netwrk-DE-0711 Fund I, a series of AngelList Funds 2025, LP",D,20251002,edgar/data/2082373/0002082373-25-000001.txt
2082383,"UN-0628 Fund I, a series of Alderbrook Ventures, LP",D,20251002,edgar/data/2082383/0002082383-25-000001.txt
2082442,"NI-0629 Fund II, a series of Grant Park Ventures, LP",D,20251002,edgar/data/2082442/0002082442-25-000001.txt
2083201,"Sourdough Ventures Fund I, LP",D,20251002,edgar/data/2083201/0002083201-25-000001.txt
2084089,"PE-0719 Fund I, a series of Duke Capital Investments Venture Funds, LP",D,20251002,edgar/data/2084089/0002084089-25-000001.txt
2084093,"DO-0722 Fund I, a series of The Angel Group Syndicates, LP",D,20251002,edgar/data/2084093/0002084093-25-000001.txt
2084104,"AA-0803 Fund III, a series of Zachary Ginsburg Funds, LP",D,20251002,edgar/data/2084104/0002084104-25-000001.txt
2084198,"OSP Co-Invest II, LP - AFS Series",D,20251002,edgar/data/2084198/0000950142-25-002657.txt
2084917,Hamilton Lane Unlevered Senior Loan Solution - Parallel SO IX LP,D,20251002,edgar/data/2084917/0002084917-25-000001.txt
2084993,"TE-0731 Fund IV, a series of Red Beard Ventures Syndicates, LP",D,20251002,edgar/data/2084993/0002084993-25-000001.txt
2085157,"After Services, a series of Angel Cake SPV Master, LLC",D,20251002,edgar/data/2085157/0002085157-25-000001.txt
2085243,"CIG GENEVA INVESTORS, LLC",D,20251002,edgar/data/2085243/0002085243-25-000002.txt
2085859,"Bettor Capital Fund II, LP",D,20251002,edgar/data/2085859/0002085859-25-000001.txt
2085871,"Bettor Capital Fund II-A, LP",D,20251002,edgar/data/2085871/0002085871-25-000001.txt
2086065,"PA-0903 Fund I, a series of Umami Capital, LP",D,20251002,edgar/data/2086065/0002086065-25-000001.txt
2086584,Edge Total Intelligence Inc.,D,20251002,edgar/data/2086584/0001062993-25-015880.txt
2086678,Summit Point Digital 1 LP,D,20251002,edgar/data/2086678/0002086678-25-000001.txt
2086865,SC LD Fund 2 LLC,D,20251002,edgar/data/2086865/0002086865-25-000001.txt
2087116,Spring Rock Venture Partners VI LP,D,20251002,edgar/data/2087116/0002087116-25-000001.txt
2087182,"RU-0715 Fund II, a series of AX-RN-Funds, LP",D,20251002,edgar/data/2087182/0002087182-25-000001.txt
2087310,"Elements West Condos, LLC",D,20251002,edgar/data/2087310/0002087310-25-000001.txt
2087357,"L Catterton Middle Market, L.P.",D,20251002,edgar/data/2087357/0002087357-25-000001.txt
2087522,HZ Legends DST,D,20251002,edgar/data/2087522/0002087522-25-000001.txt
2087534,"Sheena Friends Club, LLC",D,20251002,edgar/data/2087534/0002087534-25-000001.txt
2087565,BrainKube Inc,D,20251002,edgar/data/2087565/0002087565-25-000003.txt
2087604,Main Pass 14 3-D Joint Venture,D,20251002,edgar/data/2087604/0001654954-25-011400.txt
2087710,Hetairos Co-Investment L.P.,D,20251002,edgar/data/2087710/0002087710-25-000001.txt
2087950,"Merit 38, LLC",D,20251002,edgar/data/2087950/0001437749-25-030247.txt
2087957,AlgoQuant Capital SPC - AlgoQuant Multi-Strategy Fund SP,D,20251002,edgar/data/2087957/0002087957-25-000001.txt
2087973,"Court Square Capital Partners ART Co-Invest, L.P.",D,20251002,edgar/data/2087973/0002087973-25-000001.txt
2087980,WUSC Co-Invest AB,D,20251002,edgar/data/2087980/0001012975-25-000594.txt
2088121,"ALF Project HB, LLC",D,20251002,edgar/data/2088121/0002088121-25-000001.txt
2088156,"WP Fund II, LLC",D,20251002,edgar/data/2088156/0002088156-25-000001.txt
2088354,"Good Dad Gang, Inc.",D,20251002,edgar/data/2088354/0002088354-25-000001.txt
2088360,HYFIX SPATIAL INTELLIGENCE Inc,D,20251002,edgar/data/2088360/0002088360-25-000001.txt
2088451,"Shrav Mehta Investments Burst V, a series of Shrav Mehta Investments, LP",D,20251002,edgar/data/2088451/0002088451-25-000001.txt
2088475,"Radian Capital Partners IV, L.P.",D,20251002,edgar/data/2088475/0001012975-25-000593.txt
2088498,"NO-0820 Fund I, a series of Karman Ventures, LP",D,20251002,edgar/data/2088498/0002088498-25-000001.txt
2088511,"M1, a series of Ventioneers Advised Funds, LP",D,20251002,edgar/data/2088511/0002088511-25-000001.txt
2088604,Nexus Commodities US Fund Ltd,D,20251002,edgar/data/2088604/0001315863-25-000699.txt
2088621,Thea Venture Partners SPV 1 a Series of CGF2021 LLC,D,20251002,edgar/data/2088621/0002088621-25-000001.txt
2088647,"THREE LIONS HONDO, LP",D,20251002,edgar/data/2088647/0002088647-25-000001.txt
2088738,Nexus Commodities International Fund Ltd,D,20251002,edgar/data/2088738/0001315863-25-000700.txt
2088802,DCM BLACKROCK EQUITY AS A SERIES OF DCM ONSHORE FUNDS LLC,D,20251002,edgar/data/2088802/0002088802-25-000001.txt
2088806,"Electroflow Technologies, Inc.",D,20251002,edgar/data/2088806/0002088806-25-000002.txt
2088861,"Bond Communications, Inc.",D,20251002,edgar/data/2088861/0002088861-25-000001.txt
2088876,"Crestland Capital, L.P.",D,20251002,edgar/data/2088876/0002088876-25-000001.txt
2088998,"Redemption Road Studios, Inc.",D,20251002,edgar/data/2088998/0002088998-25-000001.txt
2089005,CapitalPad Funds LLC - Series 7,D,20251002,edgar/data/2089005/0002089005-25-000001.txt
2089006,CapitalPad Funds LLC - Series 6,D,20251002,edgar/data/2089006/0002089006-25-000001.txt
2089031,"HY-0818 Fund I, a series of Hustle&Trust Investments, LP",D,20251002,edgar/data/2089031/0002089031-25-000001.txt
2089032,"KA-0228 Fund I, a series of Roll Up Vehicles, LP",D,20251002,edgar/data/2089032/0002089032-25-000001.txt
2089046,"Hutchinson - The Landing, LLC",D,20251002,edgar/data/2089046/0002089046-25-000001.txt
2089055,Granville Peak LLC,D,20251002,edgar/data/2089055/0002089055-25-000001.txt
2089099,VR 2025 Fulshear Church Limited Partnership,D,20251002,edgar/data/2089099/0002089099-25-000001.txt
2089100,VR A 2025 Fulshear Church Limited Partnership,D,20251002,edgar/data/2089100/0002089100-25-000001.txt
2089118,"BlankMetal.ai, Inc.",D,20251002,edgar/data/2089118/0001437749-25-030233.txt
2089151,Alto Labs LLC,D,20251002,edgar/data/2089151/0002089151-25-000001.txt
2089262,Solimar Capital Partners Funds LLC - Series 2,D,20251002,edgar/data/2089262/0002089262-25-000001.txt
2089266,"RSNPG 401 Partners, LLC",D,20251002,edgar/data/2089266/0002089266-25-000001.txt
2089272,1789 CAPITAL LAKEHOUSE II LP,D,20251002,edgar/data/2089272/0002089272-25-000001.txt
2089279,Sassafras Syndicate I a Series of CGF2021 LLC,D,20251002,edgar/data/2089279/0002089279-25-000001.txt
2089280,Riviera Partners 2025 EXA a Series of CGF2021 LLC,D,20251002,edgar/data/2089280/0002089280-25-000001.txt
2089281,Firestorm Labs SPV Sep 2025 a Series of CGF2021 LLC,D,20251002,edgar/data/2089281/0002089281-25-000001.txt
2089282,Cheersy to That Jun 2025 a Series of CGF2021 LLC,D,20251002,edgar/data/2089282/0002089282-25-000001.txt
2089322,Goga Innovation Ventures I a Series of CGF2021 LLC,D,20251002,edgar/data/2089322/0002089322-25-000001.txt
2089323,Florence Capital SPV XV LLC a Series of Florence Cap LLC,D,20251002,edgar/data/2089323/0002089323-25-000001.txt
2089324,"Fire Defense, Sep 2025 a Series of CGF2021 LLC",D,20251002,edgar/data/2089324/0002089324-25-000001.txt
2089325,So&So Denovo F&F July 2025 a Series of CGF2021 LLC,D,20251002,edgar/data/2089325/0002089325-25-000001.txt
2089326,Sunflower Aug 2025 a Series of CGF2021 LLC,D,20251002,edgar/data/2089326/0002089326-25-000001.txt
2089327,Slkrd TMDH Jun 2025 a Series of CGF2021 LLC,D,20251002,edgar/data/2089327/0002089327-25-000001.txt
2089328,ZMF Lumber 1 a Series of CGF2021 LLC,D,20251002,edgar/data/2089328/0002089328-25-000001.txt
2089329,Perseus 2025 a Series of What If Ventures Master LLC,D,20251002,edgar/data/2089329/0002089329-25-000001.txt
2089344,Gm Echo Ltd,D,20251002,edgar/data/2089344/0002089344-25-000001.txt
2089345,"MIC5 SPV, a series of Riverside Ventures Self-Advised, LP",D,20251002,edgar/data/2089345/0002089345-25-000001.txt
2089351,octra 199x Cap Ltd,D,20251002,edgar/data/2089351/0002089351-25-000001.txt
2089352,octra Dragon Lair Ltd,D,20251002,edgar/data/2089352/0002089352-25-000001.txt
2089354,Hyperbeat Hypurrcollective Ltd,D,20251002,edgar/data/2089354/0002089354-25-000001.txt
2089355,Good Bacteria CC Ltd,D,20251002,edgar/data/2089355/0002089355-25-000001.txt
2089358,Reservoir Dragon Lair Ltd,D,20251002,edgar/data/2089358/0002089358-25-000001.txt
2089360,Enclave 199x Cap Ltd,D,20251002,edgar/data/2089360/0002089360-25-000001.txt
2089364,OpenGradient chainyoda's jedis Ltd,D,20251002,edgar/data/2089364/0002089364-25-000001.txt
2089366,Bitlayer BitVM chainyoda's jedis Ltd,D,20251002,edgar/data/2089366/0002089366-25-000001.txt
2089368,375ai Moonrock Cap Ltd,D,20251002,edgar/data/2089368/0002089368-25-000001.txt
2089374,"Lucinda Capital, a Series of Decile Start Fund, LP",D,20251002,edgar/data/2089374/0002089374-25-000001.txt
2089377,Aalo Atomics CC Ltd,D,20251002,edgar/data/2089377/0002089377-25-000001.txt
2089386,"BGPT Maverick, L.P.",D,20251002,edgar/data/2089386/0002089386-25-000001.txt
2089403,"CardFlow Financial, Inc.",D,20251002,edgar/data/2089403/0002075443-25-000001.txt
2089413,Wrengate L.P.,D,20251002,edgar/data/2089413/0002089413-25-000001.txt
2089421,"proChain Ventures, a Series of Decile Start Fund, LP",D,20251002,edgar/data/2089421/0002089421-25-000001.txt
2089442,"BR Skytop Multifamily, DST",D,20251002,edgar/data/2089442/0002089442-25-000001.txt
2089530,"Shady Lake Lenders, LLC",D,20251002,edgar/data/2089530/0002089530-25-000001.txt
2089532,Fermata 1 LLC,D,20251002,edgar/data/2089532/0002089532-25-000001.txt
2089549,Atlantic Labs 4 GmbH & Co. KG,D,20251002,edgar/data/2089549/0001013594-25-001175.txt
2089553,Kinnerton Hill Co-Investment Fund I LP,D,20251002,edgar/data/2089553/0000902664-25-004258.txt
2089557,ReBrand Consulting Services LLC,D,20251002,edgar/data/2089557/0002089557-25-000001.txt
2089559,LRC Special Opportunities LLC - Series 5,D,20251002,edgar/data/2089559/0002089559-25-000001.txt
2089562,WM Alternatives KKR North America XIV Feeder Fund L.P.,D,20251002,edgar/data/2089562/0002089562-25-000001.txt
2089595,"Tulea Health, Inc.",D,20251002,edgar/data/2089595/0002089595-25-000001.txt
2089596,Beam Reach GP Partners I LLC,D,20251002,edgar/data/2089596/0002089596-25-000001.txt
2089598,LRC Special Opportunities LLC - Series 3,D,20251002,edgar/data/2089598/0002089598-25-000001.txt
2089600,LRC Special Opportunities LLC - Series 4,D,20251002,edgar/data/2089600/0002089600-25-000001.txt
2089602,LRC Special Opportunities LLC - Series 1,D,20251002,edgar/data/2089602/0002089602-25-000001.txt
2089604,LRC Special Opportunities LLC - Series 2,D,20251002,edgar/data/2089604/0002089604-25-000001.txt
2089654,"MG NewCo, Inc.",D,20251002,edgar/data/2089654/0001437749-25-030241.txt
2089682,LocalPlay TV Inc,D,20251002,edgar/data/2089682/0002089682-25-000001.txt
2089723,"Accufy Diagnostics, Inc.",D,20251002,edgar/data/2089723/0002089723-25-000001.txt
2089753,Litquidity Venutes Fund LLC - Series 30,D,20251002,edgar/data/2089753/0002089753-25-000001.txt
2089764,Granite NNN Fund I LLC,D,20251002,edgar/data/2089764/0002089764-25-000001.txt
2089773,Path to Freedom Fund LLC,D,20251002,edgar/data/2089773/0002089773-25-000001.txt
2089774,5736-5742 Virginia LLC,D,20251002,edgar/data/2089774/0002089774-25-000001.txt
2089781,"EW Gateway, LLC",D,20251002,edgar/data/2089781/0002089781-25-000001.txt
2089798,"Delaney SL Fund, LLC",D,20251002,edgar/data/2089798/0002089798-25-000001.txt
2089804,"8VC CBSB, LLC",D,20251002,edgar/data/2089804/0002089804-25-000001.txt
2089833,"Main Line Flip Fund, LLC",D,20251002,edgar/data/2089833/0002089833-25-000001.txt
2089843,"APP Parent Holdings, LLC",D,20251002,edgar/data/2089843/0002089843-25-000002.txt
2089863,"Number Tree Capital, LP",D,20251002,edgar/data/2089863/0002089863-25-000001.txt
2089873,29 North LLC,D,20251002,edgar/data/2089873/0002089873-25-000001.txt
2089882,"Particle Dynamics Holdings, Inc.",D,20251002,edgar/data/2089882/0002089882-25-000001.txt
2089888,Collektion Investments III LLC,D,20251002,edgar/data/2089888/0002089888-25-000001.txt
1597846,Greenpro Capital Corp.,D,20251003,edgar/data/1597846/0001493152-25-016772.txt
1620971,Liqid Inc.,D,20251003,edgar/data/1620971/0001620971-25-000002.txt
1657800,ESGold Corp.,D,20251003,edgar/data/1657800/0001062993-25-015903.txt
1661454,"Icelandic Provisions, Inc.",D,20251003,edgar/data/1661454/0001661454-25-000002.txt
1672436,PROTEUS MOTION INC.,D,20251003,edgar/data/1672436/0001104659-25-096606.txt
1682056,Silver Storm Mining Ltd.,D,20251003,edgar/data/1682056/0001682056-25-000004.txt
1775126,"Fund FG-BXW, a series of Forge Investments LLC",D,20251003,edgar/data/1775126/0001775126-25-000003.txt
1780731,"Sunrise New Energy Co., Ltd.",D,20251003,edgar/data/1780731/0001213900-25-096130.txt
1829823,"CAVU Private Opportunity Fund, LLC",D,20251003,edgar/data/1829823/0001829823-25-000002.txt
1860686,"Final Offer, LLC",D,20251003,edgar/data/1860686/0001860686-25-000004.txt
1930743,"FirstClose, Inc.",D,20251003,edgar/data/1930743/0001930743-25-000002.txt
1952065,"Apex Technology, Inc.",D,20251003,edgar/data/1952065/0001213900-25-095601.txt
2002409,"Tactive Advisors, LLC",D,20251003,edgar/data/2002409/0002002409-25-000003.txt
2030551,"AutoScheduler.AI, Inc.",D,20251003,edgar/data/2030551/0002030551-25-000005.txt
2045647,Saturday Landscapes LLC,D,20251003,edgar/data/2045647/0002045647-25-000002.txt
2055822,BIRD RIVER RESOURCES INC.,D,20251003,edgar/data/2055822/0001062993-25-015925.txt
2057638,"Bayview MSR Opportunity Domestic 3, L.P.",D,20251003,edgar/data/2057638/0000902664-25-004294.txt
2058239,"Bayview MSR Opportunity Domestic 2, L.P.",D,20251003,edgar/data/2058239/0000902664-25-004296.txt
2061550,Constellation Wealth Capital Fund II-A LP,D,20251003,edgar/data/2061550/0002061595-25-000003.txt
2061595,Constellation Wealth Capital Fund II LP,D,20251003,edgar/data/2061595/0002061595-25-000003.txt
2061908,Equity Resource Fund A 2025 LP,D,20251003,edgar/data/2061908/0002061908-25-000003.txt
2062253,EquityZen Growth Technology Fund LLC - Series 2102,D,20251003,edgar/data/2062253/0002062253-25-000002.txt
2062947,Equity Resource Fund C 2025 LP,D,20251003,edgar/data/2062947/0002062947-25-000003.txt
2062949,Equity Resource Fund B 2025 LP,D,20251003,edgar/data/2062949/0002062949-25-000003.txt
2066746,Long Chicago 2025 LP,D,20251003,edgar/data/2066746/0002066746-25-000001.txt
2075408,Monolith Venture Fund II L.P.,D,20251003,edgar/data/2075408/0001231919-25-000279.txt
2075643,"TMAM/Pathway Global Opportunities USD Fund X, LP",D,20251003,edgar/data/2075643/0002075643-25-000001.txt
2075784,"TGOF Offshore USD X, LP",D,20251003,edgar/data/2075784/0002075784-25-000001.txt
2076109,"Aldaron Partners OS I, LP",D,20251003,edgar/data/2076109/0002076109-25-000001.txt
2077272,Axcelus Financial Life Insurance Co Separate Account VL 483,D,20251003,edgar/data/2077272/0002077272-25-000001.txt
2077856,MVP LS FUND DXCIII LLC,D,20251003,edgar/data/2077856/0002077856-25-000001.txt
2078154,Friends of Vince LLC,D,20251003,edgar/data/2078154/0002078154-25-000001.txt
2078158,"BreachRx SPV1, LLC",D,20251003,edgar/data/2078158/0002078158-25-000001.txt
2078159,"Zenno Angel SPV, LLC",D,20251003,edgar/data/2078159/0002078159-25-000001.txt
2079059,"Kudo Income Fund, LLC",D,20251003,edgar/data/2079059/0002079059-25-000001.txt
2079243,Vault Fund II LP,D,20251003,edgar/data/2079243/0001231919-25-000282.txt
2079461,"Tokenova a series of GBV Partners Master Series, LLC",D,20251003,edgar/data/2079461/0002079461-25-000001.txt
2079797,EquityZen Growth Technology Fund II LLC - Series 31,D,20251003,edgar/data/2079797/0002079797-25-000001.txt
2079924,"Founders First Change Catalyst Fund II, LLC",D,20251003,edgar/data/2079924/0002079924-25-000001.txt
2080112,Vend Park Corp,D,20251003,edgar/data/2080112/0001231919-25-000280.txt
2080927,"AVSF - HavocAI 2025, LLC",D,20251003,edgar/data/2080927/0002080927-25-000001.txt
2081050,EIP Frontier Fund II (Lux Feeder) SCSp,D,20251003,edgar/data/2081050/0001012975-25-000599.txt
2081051,EIP Frontier Fund II (Lux) SCSp,D,20251003,edgar/data/2081051/0001012975-25-000598.txt
2081052,EIP Frontier Fund II LP,D,20251003,edgar/data/2081052/0001012975-25-000597.txt
2081656,"FrontierX VII, LP",D,20251003,edgar/data/2081656/0002081656-25-000001.txt
2081660,"Varana Select TEI I, LP",D,20251003,edgar/data/2081660/0002081660-25-000001.txt
2081663,"VSC Ventures PL10, LLC",D,20251003,edgar/data/2081663/0002081663-25-000001.txt
2081671,Ellerra Fund I SPV LLC,D,20251003,edgar/data/2081671/0002081671-25-000001.txt
2081672,"Georgina Dry Water Holdings SPV l, LLC",D,20251003,edgar/data/2081672/0002081672-25-000001.txt
2083374,"CY-0819 Fund III, a series of Companyon Sidecar, LP",D,20251003,edgar/data/2083374/0002083374-25-000001.txt
2083655,DCP Federal MOB LLC,D,20251003,edgar/data/2083655/0002083655-25-000001.txt
2083916,"Quiet Select AM, LP",D,20251003,edgar/data/2083916/0002083916-25-000004.txt
2084058,"CO-0801 Fund II, a series of Hustle Fund Angel Squad, LP",D,20251003,edgar/data/2084058/0002084058-25-000001.txt
2084167,Raylsfusion Ltd.,D,20251003,edgar/data/2084167/0002084167-25-000002.txt
2084250,26N North Star LP,D,20251003,edgar/data/2084250/0002084250-25-000001.txt
2084619,AGS Health Private Ltd,D,20251003,edgar/data/2084619/0002084619-25-000001.txt
2084619,AGS Health Private Ltd,D,20251003,edgar/data/2084619/0002084619-25-000002.txt
2084707,"ACP Flexibles I, L.P.",D,20251003,edgar/data/2084707/0001012975-25-000602.txt
2084719,BY Capital 2 Select GmbH & Co. KG,D,20251003,edgar/data/2084719/0002084719-25-000001.txt
2084720,Gaingels Tesoro LLC,D,20251003,edgar/data/2084720/0002084720-25-000001.txt
2084874,"GR-0825 Fund I, a series of JJ Fliegelman Funds, LP",D,20251003,edgar/data/2084874/0002084874-25-000001.txt
2085214,F1 AUTO GROUP CORP.,D,20251003,edgar/data/2085214/0002085214-25-000002.txt
2085312,"Lakehouse Venture Partners Strategic Opportunities XVI, LP",D,20251003,edgar/data/2085312/0001470831-25-000246.txt
2085336,Glade Brook Private Investors LII LP,D,20251003,edgar/data/2085336/0000929638-25-003735.txt
2085451,Unreasonable Craif LLC,D,20251003,edgar/data/2085451/0002085451-25-000001.txt
2085529,HI-MUSREF JAX REIT LP,D,20251003,edgar/data/2085529/0002085529-25-000001.txt
2085706,"BDT & MSD RSLP Feeder A, L.P.",D,20251003,edgar/data/2085706/0002085706-25-000001.txt
2085777,"dMission Ventures, L.P.",D,20251003,edgar/data/2085777/0002085777-25-000001.txt
2086135,Parataxis Quantitative Fund LP,D,20251003,edgar/data/2086135/0002086135-25-000001.txt
2086180,Inland Jersey City Multifamily DST,D,20251003,edgar/data/2086180/0002086180-25-000001.txt
2086273,"PA-0810 Fund II, a series of Roll Up Vehicles, LP",D,20251003,edgar/data/2086273/0002086273-25-000001.txt
2086583,"Dreeze, Inc.",D,20251003,edgar/data/2086583/0002086583-25-000001.txt
2086692,"Stag Amazon, LLC",D,20251003,edgar/data/2086692/0001654954-25-011441.txt
2086715,"MCG Links Car Wash Portfolio I, DST",D,20251003,edgar/data/2086715/0002086715-25-000001.txt
2086738,5401 CT Ave LLC,D,20251003,edgar/data/2086738/0002086738-25-000001.txt
2086819,"EIV Capital Fund V-A, LP",D,20251003,edgar/data/2086819/0002086819-25-000002.txt
2086889,"Nantucket Lighthouse II, Inc.",D,20251003,edgar/data/2086889/0002086889-25-000001.txt
2086898,"STRLING RD SNT SPV I, LLC",D,20251003,edgar/data/2086898/0002086898-25-000002.txt
2086964,"HE-0903 Fund I, a series of Unpopular VC, LP",D,20251003,edgar/data/2086964/0002086964-25-000001.txt
2087144,"EFG Four Well Project, LP",D,20251003,edgar/data/2087144/0001654954-25-011425.txt
2087165,Constellation Wealth Capital Fund II (CWC) LP,D,20251003,edgar/data/2087165/0002061595-25-000003.txt
2087189,"MER7 SPV, a series of Riverside Ventures Self-Advised, LP",D,20251003,edgar/data/2087189/0002087189-25-000001.txt
2087298,"Elevate Music Fund IV US Blocker, LLC",D,20251003,edgar/data/2087298/0002087298-25-000004.txt
2087349,Par Cove Inv LLC,D,20251003,edgar/data/2087349/0002087349-25-000001.txt
2087420,Keensight Isto Co-Investment SLP,D,20251003,edgar/data/2087420/0002087420-25-000001.txt
2087464,Kimmeridge SoTex Feeder Fund II LP,D,20251003,edgar/data/2087464/0000902664-25-004291.txt
2087637,"Bain Capital Insurance Dedicated Fund X Series of the SALI Multi-Series Fund, L.P.",D,20251003,edgar/data/2087637/0002087637-25-000001.txt
2087764,"EQT Exeter Industrial VI REIT II, LLC",D,20251003,edgar/data/2087764/0002087764-25-000001.txt
2087789,"Shore Search Partners Fund II-A, L.P.",D,20251003,edgar/data/2087789/0002087789-25-000002.txt
2087790,"Shore Search Partners Fund II, L.P.",D,20251003,edgar/data/2087790/0002087790-25-000002.txt
2087791,"Shore Capital Healthcare Partners Fund VI-B, L.P.",D,20251003,edgar/data/2087791/0002087791-25-000002.txt
2087792,"Shore Capital Healthcare Partners Fund VI-A, L.P.",D,20251003,edgar/data/2087792/0002087792-25-000002.txt
2087793,"Shore Capital Healthcare Partners Fund VI, L.P.",D,20251003,edgar/data/2087793/0002087793-25-000002.txt
2087818,Krown Technologies LLC,D,20251003,edgar/data/2087818/0002087818-25-000001.txt
2087854,Parataxis Korea Fund IV LLC,D,20251003,edgar/data/2087854/0002087854-25-000001.txt
2087972,Inland Oklahoma Student Housing DST,D,20251003,edgar/data/2087972/0002087972-25-000001.txt
2087975,Quantum Real Estate Co LLC,D,20251003,edgar/data/2087975/0002087975-25-000001.txt
2087976,Quantum Acquisition Co LLC,D,20251003,edgar/data/2087976/0002087976-25-000002.txt
2087993,SOF Electricity Holdings Cayman LLC,D,20251003,edgar/data/2087993/0002087993-25-000001.txt
2088042,C R Burrell LLC,D,20251003,edgar/data/2088042/0002088042-25-000002.txt
2088117,117 S. Broad Parent LLC,D,20251003,edgar/data/2088117/0002088117-25-000001.txt
2088271,"Black Rhino Companies, Inc.",D,20251003,edgar/data/2088271/0002088271-25-000001.txt
2088303,"Studios on Van Buren Holding, LLC",D,20251003,edgar/data/2088303/0001099910-25-000228.txt
2088319,"Harvest & Homes Tennessee IV, LLC",D,20251003,edgar/data/2088319/0001099910-25-000226.txt
2088330,"MCM - PALMETTO, LLC",D,20251003,edgar/data/2088330/0002088330-25-000001.txt
2088331,"Helion Strategies Meridian Fund, LLC",D,20251003,edgar/data/2088331/0002088331-25-000001.txt
2088390,"Hoagie Investor Holdings, LLC",D,20251003,edgar/data/2088390/0002088390-25-000001.txt
2088441,Weaver Creek Ranch LLC,D,20251003,edgar/data/2088441/0002088441-25-000001.txt
2088554,"Fundrise Opportunistic Credit Fund II, LLC",D,20251003,edgar/data/2088554/0002088554-25-000001.txt
2088556,MCW MOVIE LLC,D,20251003,edgar/data/2088556/0002088556-25-000001.txt
2088577,"FCP Fund VI Avondale Coinvestment, L.P.",D,20251003,edgar/data/2088577/0002088577-25-000001.txt
2088741,Encore Global Partners Ltd,D,20251003,edgar/data/2088741/0000902664-25-004292.txt
2088771,"Curated Equities Urban Infill Fund I, LLC",D,20251003,edgar/data/2088771/0002088771-25-000001.txt
2088783,BC Partners XII LE - 3 SCSp,D,20251003,edgar/data/2088783/0002088783-25-000001.txt
2088996,Coastal Edge Fund LLC,D,20251003,edgar/data/2088996/0002088996-25-000001.txt
2089021,"Bain Capital Insurance Dedicated Fund VIII Series of the SALI Multi-Series Fund, L.P.",D,20251003,edgar/data/2089021/0002089021-25-000001.txt
2089083,Kensana Health Inc.,D,20251003,edgar/data/2089083/0002089083-25-000001.txt
2089127,PIPE SPV I LLC,D,20251003,edgar/data/2089127/0002089127-25-000001.txt
2089186,ABN Australia LLC,D,20251003,edgar/data/2089186/0002089186-25-000001.txt
2089292,PIPE SPV II LLC,D,20251003,edgar/data/2089292/0002089292-25-000001.txt
2089332,NSSK Maples 2025 L.P.,D,20251003,edgar/data/2089332/0002089332-25-000001.txt
2089411,"Marlinspike Disruptive Technology Fund II QP, LP",D,20251003,edgar/data/2089411/0002089411-25-000001.txt
2089433,NSSK IV (INTL) Investment L.P.,D,20251003,edgar/data/2089433/0002089433-25-000001.txt
2089452,RH Fund 34 LLC,D,20251003,edgar/data/2089452/0002089452-25-000001.txt
2089468,"2025 Amenity Holdings, LLC",D,20251003,edgar/data/2089468/0002089468-25-000001.txt
2089481,"H&W Investment Holdco FL-1, LC",D,20251003,edgar/data/2089481/0002089481-25-000001.txt
2089517,"Imperium Blue Health Investors, LLC",D,20251003,edgar/data/2089517/0002089517-25-000001.txt
2089569,Argenta Silver Corp.,D,20251003,edgar/data/2089569/0002064835-25-000012.txt
2089585,"COLT CAPITAL INVESTMENTS, LLC",D,20251003,edgar/data/2089585/0002089585-25-000001.txt
2089648,SCP Oranje Holdco LLC,D,20251003,edgar/data/2089648/0002089648-25-000001.txt
2089652,BW M-Labs LP,D,20251003,edgar/data/2089652/0000919574-25-005969.txt
2089665,NSSK Global 2025 L.P.,D,20251003,edgar/data/2089665/0002089665-25-000001.txt
2089689,J Blue ABS Capital Partners II LP,D,20251003,edgar/data/2089689/0002089689-25-000001.txt
2089699,DW Rockies 16 LP,D,20251003,edgar/data/2089699/0002089699-25-000001.txt
2089732,NAVIGATORBIT INC.,D,20251003,edgar/data/2089732/0002089732-25-000001.txt
2089734,"Menlo Ventures 2025 - Allocate Access, L.P.",D,20251003,edgar/data/2089734/0001012975-25-000603.txt
2089754,BPEA Fund IX - iCapital Lux Access Fund,D,20251003,edgar/data/2089754/0002089754-25-000001.txt
2089756,"Storage Units Ground Lease Zephyrhills, LLC",D,20251003,edgar/data/2089756/0002089756-25-000001.txt
2089803,"NRE SC LOFTS INVESTORS, LLC",D,20251003,edgar/data/2089803/0002089803-25-000001.txt
2089808,Sabanera Private Equity Fund LLC - DBR Series 2,D,20251003,edgar/data/2089808/0002089808-25-000001.txt
2089832,New Age Financial Invest LLC,D,20251003,edgar/data/2089832/0002089832-25-000001.txt
2089850,"Series D, a series of UM AI & Frontier Technology Fund LLC",D,20251003,edgar/data/2089850/0002089850-25-000001.txt
2089871,Blue Owl Real Estate Exchange IV DST,D,20251003,edgar/data/2089871/0002089871-25-000001.txt
2089902,uShape Fitness Inc,D,20251003,edgar/data/2089902/0002089902-25-000001.txt
2089942,Golden Seeds PolyGone Systems LLC,D,20251003,edgar/data/2089942/0002089942-25-000001.txt
2089944,Golden Seeds Every Body Eat LLC,D,20251003,edgar/data/2089944/0002089944-25-000001.txt
2089995,"SCYTHER CAPITAL, LLC",D,20251003,edgar/data/2089995/0002089995-25-000001.txt
2090000,"R-Squared Ventures III, LP",D,20251003,edgar/data/2090000/0002090000-25-000001.txt
2090024,Denny Terrace Investors LLC,D,20251003,edgar/data/2090024/0002090024-25-000001.txt
2090064,OwnEZ Fund V LP,D,20251003,edgar/data/2090064/0002090064-25-000001.txt
2090114,Verava Inc.,D,20251003,edgar/data/2090114/0002090114-25-000001.txt
890821,"Enveric Biosciences, Inc.",D,20251003,edgar/data/890821/0000890821-25-000004.txt
1113336,CNB FINANCIAL SERVICES INC,D,20251003,edgar/data/1113336/0001113336-25-000003.txt
1262086,"HighVista Venture Capital V, LP",D,20251003,edgar/data/1262086/0001012975-25-000605.txt
1677090,"Happier Camper, Inc.",D,20251006,edgar/data/1677090/0001677090-25-000002.txt
1680930,"SWIMLANE, INC.",D,20251006,edgar/data/1680930/0001680930-25-000002.txt
1701572,GREEN MATTERS TECHNOLOGIES INC.,D,20251006,edgar/data/1701572/0001701572-25-000004.txt
1723464,BIOHARVEST SCIENCES INC.,D,20251006,edgar/data/1723464/0001723464-25-000007.txt
1724977,"OPEN DOORS PARTNERS, LLC",D,20251006,edgar/data/1724977/0001724977-25-000011.txt
1817417,Immersed Inc.,D,20251006,edgar/data/1817417/0001817417-25-000005.txt
1838432,AtomBeam Technologies Inc.,D,20251006,edgar/data/1838432/0001838432-25-000006.txt
1851853,"Inmedix, Inc.",D,20251006,edgar/data/1851853/0001851853-25-000002.txt
1866146,Interra Copper Corp.,D,20251006,edgar/data/1866146/0001866146-25-000003.txt
1911530,"United Members Title, LLC",D,20251006,edgar/data/1911530/0001911530-25-000002.txt
1937332,"TRANSFORMATION CAPITAL CO-INVESTMENT FUND III, L.P.",D,20251006,edgar/data/1937332/0001231919-25-000283.txt
1937453,First American Uranium Inc.,D,20251006,edgar/data/1937453/0002060755-25-000047.txt
1944740,"BoldHue, Inc.",D,20251006,edgar/data/1944740/0001944740-25-000004.txt
1962602,"Malbon Golf, Inc.",D,20251006,edgar/data/1962602/0000898432-25-000782.txt
1977665,"Investcorp US Real Estate Employee Co-Investment Incentive, L.P.",D,20251006,edgar/data/1977665/0001977665-25-000004.txt
1992208,Pickle & Hops LLC,D,20251006,edgar/data/1992208/0001992208-25-000003.txt
1994732,"SHORE CAPITAL REAL ESTATE PARTNERS FUND II-CV, L.P.",D,20251006,edgar/data/1994732/0001994732-25-000002.txt
2017031,TXSE Group Inc.,D,20251006,edgar/data/2017031/0002017031-25-000002.txt
2038941,"MRP Evergreen Income Fund, LP",D,20251006,edgar/data/2038941/0001315863-25-000719.txt
2056295,Ecliptic LLC,D,20251006,edgar/data/2056295/0002056295-25-000002.txt
2061772,"BancTech Ventures II, LP",D,20251006,edgar/data/2061772/0002061772-25-000002.txt
2075629,SP VENTURE 4 LOGIC OPEN SEED A SERIES OF SMART PAIRING VENTURES LLC,D,20251006,edgar/data/2075629/0002075629-25-000001.txt
2078162,"Quadrance Capital SPV I, LLC",D,20251006,edgar/data/2078162/0002078162-25-000001.txt
2080220,"CFG - Elevance One, L.P.",D,20251006,edgar/data/2080220/0002080220-25-000002.txt
2080485,"MESH LIGHT Fund I, L.P.",D,20251006,edgar/data/2080485/0001231919-25-000285.txt
2081645,"CB ILM Holdco, LLC",D,20251006,edgar/data/2081645/0002081645-25-000001.txt
2082924,EAC VINTAGE 2025 A SERIES OF EAC MASTER LLC,D,20251006,edgar/data/2082924/0002082924-25-000001.txt
2085036,"Hell & Heaven Spirits, Inc.",D,20251006,edgar/data/2085036/0002085036-25-000002.txt
2085811,Wealth Co Bharat Value IFSC Fund,D,20251006,edgar/data/2085811/0002085811-25-000001.txt
2086370,"MTEPE SPV1 Seekr AI, LLC",D,20251006,edgar/data/2086370/0002086370-25-000001.txt
2086402,GA Land 2 2025 LLC,D,20251006,edgar/data/2086402/0002086402-25-000001.txt
2086578,"MTEPE SPV II xAI & Perplexity, LLC",D,20251006,edgar/data/2086578/0002086578-25-000001.txt
2086845,MEDINA VENTURE HOLDINGS LLC,D,20251006,edgar/data/2086845/0002086845-25-000001.txt
2087039,CREC Baton Rouge LLC,D,20251006,edgar/data/2087039/0002087039-25-000001.txt
2087702,BH DK Fund Ltd,D,20251006,edgar/data/2087702/0000905148-25-003524.txt
2087709,"BH DK Fund, L.P.",D,20251006,edgar/data/2087709/0000905148-25-003523.txt
2087738,"Equity Partners II, Inc.",D,20251006,edgar/data/2087738/0002087738-25-000001.txt
2087991,MFP West Mobile 2025 JV LLC,D,20251006,edgar/data/2087991/0002087991-25-000001.txt
2088059,"Alpine Montana Funding 100, LLC",D,20251006,edgar/data/2088059/0000950166-25-000027.txt
2088061,"Aestus Capital Fund III, L.P.",D,20251006,edgar/data/2088061/0002088061-25-000001.txt
2088123,Star Therapeutics LLC,D,20251006,edgar/data/2088123/0002088123-25-000001.txt
2088150,"Edge Partners LLC, Series L Base Power",D,20251006,edgar/data/2088150/0002088150-25-000001.txt
2088237,"CHP Rail Co-Invest, LP",D,20251006,edgar/data/2088237/0002088237-25-000001.txt
2088283,"Regent Street Co-Investment Fund 2025, LLC",D,20251006,edgar/data/2088283/0001437749-25-030519.txt
2088413,"GPIF Summit Rock Partners, LP",D,20251006,edgar/data/2088413/0002088413-25-000001.txt
2088482,"Dominion Senior Living of Birmingham, LLC",D,20251006,edgar/data/2088482/0002088482-25-000001.txt
2088489,"Cloud9 Capital II, LP",D,20251006,edgar/data/2088489/0002088489-25-000001.txt
2088499,"Alka Oaks Partners, LLC",D,20251006,edgar/data/2088499/0002088499-25-000001.txt
2088520,AVEM FJS Holding LLC,D,20251006,edgar/data/2088520/0002088520-25-000001.txt
2088637,"AJRX III, LLC",D,20251006,edgar/data/2088637/0002088637-25-000001.txt
2088816,GID Commercial Real Estate Credit Fund LP,D,20251006,edgar/data/2088816/0002088816-25-000001.txt
2088961,"SAS Global Fund I, LP",D,20251006,edgar/data/2088961/0001231919-25-000286.txt
2089084,Ibex Mobility Revolution VC II LP,D,20251006,edgar/data/2089084/0002089084-25-000001.txt
2089113,"Tinge, Inc.",D,20251006,edgar/data/2089113/0002089113-25-000001.txt
2089156,"DeenVest Capital, LLC",D,20251006,edgar/data/2089156/0002089156-25-000001.txt
2089170,Embedded Ventures 2025-II LLC,D,20251006,edgar/data/2089170/0002089170-25-000001.txt
2089310,"AA Kraken, LLC",D,20251006,edgar/data/2089310/0002089310-25-000001.txt
2089357,"KRI Multifamily Real Estate Fund VII, LLC",D,20251006,edgar/data/2089357/0001493152-25-017051.txt
2089395,Tap Root Capital SMF I-A LP,D,20251006,edgar/data/2089395/0002089395-25-000002.txt
2089439,"Milhaus QOZF Silverheels, LLC",D,20251006,edgar/data/2089439/0002089439-25-000001.txt
2089440,"Milhaus QOZF Rockies, LLC",D,20251006,edgar/data/2089440/0002089440-25-000001.txt
2089576,"Audeo Ventures Plata SPV IV, LLC",D,20251006,edgar/data/2089576/0002089576-25-000001.txt
2089612,QCP SPV I LLC,D,20251006,edgar/data/2089612/0002089612-25-000001.txt
2089615,Quadrance Capital SPV II LLC,D,20251006,edgar/data/2089615/0002089615-25-000001.txt
2089639,Ibex Mobility Revolution VC II (Offshore) LP,D,20251006,edgar/data/2089639/0002089639-25-000001.txt
2089741,"Evergreen Ventures Real Estate Fund, L.P., Series A",D,20251006,edgar/data/2089741/0002089741-25-000001.txt
2089780,"Estacado IOS Fund I, LP",D,20251006,edgar/data/2089780/0002089780-25-000001.txt
2089806,"APF1 Arden Member, LLC",D,20251006,edgar/data/2089806/0002089806-25-000001.txt
2089809,Tikal by Play Money a Series of Clutch Capital LLC,D,20251006,edgar/data/2089809/0002089809-25-000001.txt
2089810,LCP Columbus 14th LLC,D,20251006,edgar/data/2089810/0002089810-25-000001.txt
2089811,Dyme Medical by Play Money II a Series of Clutch Capital LLC,D,20251006,edgar/data/2089811/0002089811-25-000001.txt
2089818,Edited Capital by Play Money a Series of Clutch Capital LLC,D,20251006,edgar/data/2089818/0002089818-25-000001.txt
2089820,Liquid Death by Play Money a Series of Clutch Capital LLC,D,20251006,edgar/data/2089820/0002089820-25-000001.txt
2089821,Ghia by Girl Math Capital a Series of Clutch Capital LLC,D,20251006,edgar/data/2089821/0002089821-25-000001.txt
2089834,ACE Swiss Tech Outliers SCSp,D,20251006,edgar/data/2089834/0002089834-25-000001.txt
2089859,BBVC Anth I a Series of CGF2021 LLC,D,20251006,edgar/data/2089859/0002089859-25-000001.txt
2089869,Multifactor Jul 2025 a Series of CGF2021 LLC,D,20251006,edgar/data/2089869/0002089869-25-000001.txt
2089883,Kilele Series Seed EC SPV Sep 2025 a Series of CGF2021 LLC,D,20251006,edgar/data/2089883/0002089883-25-000001.txt
2089885,CP Partners Sunny Benefits Series A a Series of CGF2021 LLC,D,20251006,edgar/data/2089885/0002089885-25-000001.txt
2089891,ST I a Series of Fourth Realm Investments LLC,D,20251006,edgar/data/2089891/0002089891-25-000001.txt
2089893,CogScAi Sept 2025 a Series of MoVi Capital Partners LLC,D,20251006,edgar/data/2089893/0002089893-25-000001.txt
2089894,IGC Reverse Venture Fund - Dyme a Series of CGF2021 LLC,D,20251006,edgar/data/2089894/0002089894-25-000001.txt
2089895,Coconut Cult III a Series of Republic Deal Room Master Fund LLC,D,20251006,edgar/data/2089895/0002089895-25-000001.txt
2089897,Verdant Ventures RS2025 a Series of CGF2021 LLC,D,20251006,edgar/data/2089897/0002089897-25-000001.txt
2089899,KCA OpenAI Tender a Series of CGF2021 LLC,D,20251006,edgar/data/2089899/0002089899-25-000001.txt
2089901,Cyrus Arbor SPV II a Series of JDY Holdings LLC,D,20251006,edgar/data/2089901/0002089901-25-000001.txt
2089903,Oscar AI Jul 2025 a Series of CGF2021 LLC,D,20251006,edgar/data/2089903/0002089903-25-000001.txt
2089904,Pari Passu 825 a Series of Pari Passu Master II LLC,D,20251006,edgar/data/2089904/0002089904-25-000001.txt
2089906,GVG I a Series of Genius Ventures Growth Fund 0 LLC,D,20251006,edgar/data/2089906/0002089906-25-000001.txt
2089909,MadSci Heinz Venture SPV I Jul 2025 a Series of CGF2021 LLC,D,20251006,edgar/data/2089909/0002089909-25-000001.txt
2089943,BAGVC Cohere D Extension a Series of CGF2021 LLC,D,20251006,edgar/data/2089943/0002089943-25-000001.txt
2089953,NTC RMR ORTHO SPV II Jun 2025 a Series of CGF2021 LLC,D,20251006,edgar/data/2089953/0002089953-25-000001.txt
2089955,DeepResponse Sep 2025 a Series of CGF2021 LLC,D,20251006,edgar/data/2089955/0002089955-25-000001.txt
2089967,Araknode Inc,D,20251006,edgar/data/2089967/0002089967-25-000001.txt
2089989,Check The Box Theatricals Ltd Liability Co,D,20251006,edgar/data/2089989/0002089989-25-000001.txt
2089996,"Snowhawk Partridge Coinvest B, LP",D,20251006,edgar/data/2089996/0002089996-25-000001.txt
2090004,GENERAL PROXIMITY A SERIES OF VUVP FUND LLC,D,20251006,edgar/data/2090004/0002090004-25-000001.txt
2090008,ADREX Diversified 10 DST,D,20251006,edgar/data/2090008/0002090008-25-000001.txt
2090025,"Clearwater Private Opportunity Fund IX, LLC",D,20251006,edgar/data/2090025/0001566114-25-000080.txt
2090030,PrairieVault LTD,D,20251006,edgar/data/2090030/0002090030-25-000001.txt
2090036,"Axiom Quantitative Investments, LP",D,20251006,edgar/data/2090036/0002090036-25-000001.txt
2090039,IntBlt INC,D,20251006,edgar/data/2090039/0002090039-25-000001.txt
2090069,Flowtex Trident 2 Joint Venture,D,20251006,edgar/data/2090069/0002090069-25-000001.txt
2090084,ShipIn Systems Inc.,D,20251006,edgar/data/2090084/0002090084-25-000001.txt
2090103,J73 Series of Ehrenberg Chesler Capital Partners LLC,D,20251006,edgar/data/2090103/0002090103-25-000001.txt
2090109,"Sadoxis Capital Management, LLC",D,20251006,edgar/data/2090109/0002090109-25-000001.txt
2090115,Granada Partners IV L.P.,D,20251006,edgar/data/2090115/0002090115-25-000001.txt
2090134,MIH 300 Market LLC,D,20251006,edgar/data/2090134/0002090134-25-000001.txt
2090141,"Central Peak 2024, LLC",D,20251006,edgar/data/2090141/0002090141-25-000001.txt
2090146,"Koolpad, Inc.",D,20251006,edgar/data/2090146/0002090146-25-000001.txt
2090147,"18 South Boniface Lane, LLC",D,20251006,edgar/data/2090147/0002090147-25-000001.txt
2090150,SociallyCurrent AI Inc.,D,20251006,edgar/data/2090150/0002090150-25-000001.txt
1095435,AlphaTON Capital Corp,D,20251007,edgar/data/1095435/0001123292-25-000517.txt
1141513,POMERADO OUTPATIENT SURGICAL CENTER LP,D,20251007,edgar/data/1141513/0001141513-25-000002.txt
1314152,"JLL Income Property Trust, Inc.",D,20251007,edgar/data/1314152/0001314152-25-000158.txt
1377167,"Financial Gravity Companies, Inc.",D,20251007,edgar/data/1377167/0001683168-25-007446.txt
1419828,GS Finance Corp.,D,20251007,edgar/data/1419828/0000950103-25-012934.txt
1481232,RPCA Financial Ventures QP L.P.,D,20251007,edgar/data/1481232/0001481232-25-000002.txt
1481234,RPCA Financial Ventures L.P.,D,20251007,edgar/data/1481234/0001481234-25-000003.txt
1524326,Enduro Metals Corp.,D,20251007,edgar/data/1524326/0001062993-25-015965.txt
1528032,RPCA Opportunistic Financial Ventures L.P.,D,20251007,edgar/data/1528032/0001528032-25-000002.txt
1533998,DarioHealth Corp.,D,20251007,edgar/data/1533998/0001104659-25-097499.txt
1679049,"International Seaways, Inc.",D,20251007,edgar/data/1679049/0001104659-25-097583.txt
1725569,Axcap Ventures Inc.,D,20251007,edgar/data/1725569/0002060755-25-000048.txt
1731146,"McGregor Bancshares, Inc.",D,20251007,edgar/data/1731146/0001731146-25-000002.txt
1754334,Austin Housing Conservancy Fund LP,D,20251007,edgar/data/1754334/0001754334-25-000003.txt
1759518,"Gear Up Sports, Inc.",D,20251007,edgar/data/1759518/0001759518-25-000005.txt
1769780,"Wisetack, Inc.",D,20251007,edgar/data/1769780/0001769780-25-000002.txt
1782107,"Onconetix, Inc.",D,20251007,edgar/data/1782107/0001465818-25-000010.txt
1790415,"Vizgen, Inc.",D,20251007,edgar/data/1790415/0001790415-25-000005.txt
1804134,"SCA-Denver Physicians Holdings, LLC",D,20251007,edgar/data/1804134/0001804134-25-000004.txt
1806351,"Self Fund Health Plan, Inc.",D,20251007,edgar/data/1806351/0001806351-25-000003.txt
1829033,"NewView ND SPV, LLC",D,20251007,edgar/data/1829033/0001829033-25-000003.txt
1845816,"Cosmos Pharmaceuticals, Inc.",D,20251007,edgar/data/1845816/0001845816-25-000003.txt
1850309,"Creative Planning Employee Investment, LLC",D,20251007,edgar/data/1850309/0001014108-25-000062.txt
1867911,"AceLab, Inc.",D,20251007,edgar/data/1867911/0001867911-25-000003.txt
1868866,SILVER HAMMER MINING CORP,D,20251007,edgar/data/1868866/0001062993-25-015940.txt
1902716,"Case Status, Inc.",D,20251007,edgar/data/1902716/0001902716-25-000005.txt
1904060,"Blue Current, Inc.",D,20251007,edgar/data/1904060/0000950157-25-000844.txt
1952008,Westwin Elements Inc,D,20251007,edgar/data/1952008/0001952008-25-000004.txt
1995215,Acervus Fund LP,D,20251007,edgar/data/1995215/0001995215-25-000002.txt
1999278,"Laurenzo's Management Company, LLC",D,20251007,edgar/data/1999278/0001999278-25-000003.txt
2012246,"Hunting Land Rentals By Owner, Inc.",D,20251007,edgar/data/2012246/0002012246-25-000002.txt
2012695,"Primary Bioscience, Inc.",D,20251007,edgar/data/2012695/0002012695-25-000004.txt
2015653,"Green Corridors International, Inc.",D,20251007,edgar/data/2015653/0002015653-25-000005.txt
2033066,Tradepost Markets Inc.,D,20251007,edgar/data/2033066/0002033066-25-000003.txt
2037018,FoxEyes Corp,D,20251007,edgar/data/2037018/0002037018-25-000004.txt
2037018,FoxEyes Corp,D,20251007,edgar/data/2037018/0002037018-25-000005.txt
2042656,Blackstone Investment Group LLC,D,20251007,edgar/data/2042656/0002042656-25-000003.txt
2047250,"Cornerstone Jazz Collective, LLC",D,20251007,edgar/data/2047250/0002047250-25-000002.txt
2064308,"Notable Capital Growth, L.L.C.",D,20251007,edgar/data/2064308/0001231919-25-000289.txt
2067739,Prime Benefit Group LLC,D,20251007,edgar/data/2067739/0001104659-25-097502.txt
2068392,"Investcorp US PE Employee Co-Investment Program Incentive, L.P.",D,20251007,edgar/data/2068392/0002068392-25-000004.txt
2075941,"Fund I, a series of 26 Class Fund, LP",D,20251007,edgar/data/2075941/0002075941-25-000001.txt
2075942,"Fund I, a series of PaperJet Ventures, LP",D,20251007,edgar/data/2075942/0002075942-25-000001.txt
2075954,"CYC Income Fund III, LP",D,20251007,edgar/data/2075954/0002075954-25-000003.txt
2077949,"Breakthrough Properties Growth Portfolio II, L.P.",D,20251007,edgar/data/2077949/0002062357-25-000038.txt
2078953,D8taOps Inc.,D,20251007,edgar/data/2078953/0002078953-25-000002.txt
2079544,Grafine Capital II LP,D,20251007,edgar/data/2079544/0002079544-25-000001.txt
2079753,"Vista Ridge Store, LLC",D,20251007,edgar/data/2079753/0001096906-25-001652.txt
2080285,Omni Instrument Inc.,D,20251007,edgar/data/2080285/0002080285-25-000001.txt
2080631,Vintage X (Core) Offshore LP,D,20251007,edgar/data/2080631/0002080631-25-000001.txt
2080632,Vintage X (Core) LP,D,20251007,edgar/data/2080632/0002080632-25-000001.txt
2080758,"Carnelian Acquisition & Development, L.P.",D,20251007,edgar/data/2080758/0002080758-25-000001.txt
2081160,DTF Orbiter Fund 1 LP,D,20251007,edgar/data/2081160/0002081160-25-000001.txt
2081579,"F Street Normal, LLC",D,20251007,edgar/data/2081579/0001042167-25-000053.txt
2081637,Trillium Lane LLC,D,20251007,edgar/data/2081637/0002081637-25-000001.txt
2082374,"SE-0707 Fund I, a series of MyAsiaVC, LP",D,20251007,edgar/data/2082374/0002082374-25-000002.txt
2082438,"GA-0628 Fund II, a series of Roll Up Vehicles, LP",D,20251007,edgar/data/2082438/0002082438-25-000001.txt
2082447,"Silent Capital XXIV, a Series of Silent Capital Holdings, LP",D,20251007,edgar/data/2082447/0002082447-25-000001.txt
2082957,"BA-0820 Fund II, a series of Not Boring Ventures, LP",D,20251007,edgar/data/2082957/0002082957-25-000001.txt
2083018,"MESH OPTICS Fund I, L.P.",D,20251007,edgar/data/2083018/0001231919-25-000288.txt
2083110,"Fast-PR-0622 Fund II, a series of AngelList Funds 2025, LP",D,20251007,edgar/data/2083110/0002083110-25-000001.txt
2083271,"Lightview FSS SPV, LP",D,20251007,edgar/data/2083271/0001012975-25-000610.txt
2083309,"UN-0618 Fund II, a series of Roll Up Vehicles, LP",D,20251007,edgar/data/2083309/0002083309-25-000001.txt
2083383,"Founders-FE-0728 Fund I, a series of AngelList Funds 2025, LP",D,20251007,edgar/data/2083383/0002083383-25-000001.txt
2083609,"VY-0525 Fund I, a series of Roll Up Vehicles, LP",D,20251007,edgar/data/2083609/0002083609-25-000001.txt
2083672,"MAI-Jade, LLC",D,20251007,edgar/data/2083672/0002083672-25-000001.txt
2084053,"TF Fund CRU, a series of TF Capital, LP",D,20251007,edgar/data/2084053/0002084053-25-000001.txt
2084152,"CO-0812 Fund I, a series of MV Funds, LP",D,20251007,edgar/data/2084152/0002084152-25-000001.txt
2084308,"SE-0619 Fund II, a series of JKA Venture Funds, LP",D,20251007,edgar/data/2084308/0002084308-25-000001.txt
2084627,"TH-0803 Fund II, a series of Planet Positive, LP",D,20251007,edgar/data/2084627/0002084627-25-000001.txt
2085056,"United Remediation Technology, LLC",D,20251007,edgar/data/2085056/0002085056-25-000001.txt
2085174,"WISCO Flexible High Yield Income Fund, LLC",D,20251007,edgar/data/2085174/0002085174-25-000001.txt
2085674,"SP, a series of Shrug Opportunities, LP",D,20251007,edgar/data/2085674/0002085674-25-000001.txt
2086044,Wareham Road RT LLC,D,20251007,edgar/data/2086044/0002086044-25-000001.txt
2086580,S3T Fund I LLC,D,20251007,edgar/data/2086580/0002086580-25-000001.txt
2086648,"Cynosure {-} Checketts Sports Capital Fund I, LP",D,20251007,edgar/data/2086648/0002086648-25-000001.txt
2086659,"Creative Planning Holdco, LLC",D,20251007,edgar/data/2086659/0001014108-25-000062.txt
2086992,"MA-0813 Fund I, a series of BBGV SPV, LP",D,20251007,edgar/data/2086992/0002086992-25-000001.txt
2087000,Mama's Boy SF 1 LLC,D,20251007,edgar/data/2087000/0002087000-25-000001.txt
2087051,AXA IM Prime Infra Secondaries I Fund SCSp,D,20251007,edgar/data/2087051/0002087051-25-000001.txt
2087109,Gaingels Sonic Incytes 2025 LLC,D,20251007,edgar/data/2087109/0002087109-25-000001.txt
2087172,"AS-0519 Fund I, a series of Armenian Founders, LP",D,20251007,edgar/data/2087172/0002087172-25-000001.txt
2087215,"BL-0905 Fund I, a series of Ventioneers Funds, LP",D,20251007,edgar/data/2087215/0002087215-25-000001.txt
2087234,"HY-0909 Fund I, a series of Zachary Ginsburg Funds, LP",D,20251007,edgar/data/2087234/0002087234-25-000001.txt
2087660,West Central Street RT LLC,D,20251007,edgar/data/2087660/0002087660-25-000001.txt
2087797,"Typhon Advisors, LLC",D,20251007,edgar/data/2087797/0002087797-25-000001.txt
2088083,"Godwin-JW Holdings, LLC",D,20251007,edgar/data/2088083/0002088083-25-000001.txt
2088145,"AR-0910 Fund I, a series of MV Funds, LP",D,20251007,edgar/data/2088145/0002088145-25-000001.txt
2088384,"Pierview Capital Opportunity Fund I, LLC",D,20251007,edgar/data/2088384/0002088384-25-000001.txt
2088456,"Highbury Holdings XVIII, LP",D,20251007,edgar/data/2088456/0001231919-25-000287.txt
2088481,Gaingels Revel Pharmaceuticals LLC,D,20251007,edgar/data/2088481/0002088481-25-000001.txt
2088595,AIREX Portfolio 10 DST,D,20251007,edgar/data/2088595/0002088595-25-000001.txt
2088774,"Ornis Investments, S.L.P.",D,20251007,edgar/data/2088774/0002088774-25-000001.txt
2088820,FirstLook Venture Co.,D,20251007,edgar/data/2088820/0002088820-25-000001.txt
2088886,"Future-FU-0908 Fund I, a series of AngelList Funds 2025, LP",D,20251007,edgar/data/2088886/0002088886-25-000001.txt
2088906,"Agallas Equities RE Fund I, LP",D,20251007,edgar/data/2088906/0002088906-25-000001.txt
2089088,Type One Pluto LLC,D,20251007,edgar/data/2089088/0002089088-25-000001.txt
2089130,"Chicago Partners Diversified Tax Aware Fund, LLC",D,20251007,edgar/data/2089130/0001213900-25-097071.txt
2089286,Nowadays II SPV LLC,D,20251007,edgar/data/2089286/0002089286-25-000001.txt
2089400,"1200 West Carroll Investments, LLC",D,20251007,edgar/data/2089400/0002089400-25-000001.txt
2089406,ParaFi Venture Fund III LP,D,20251007,edgar/data/2089406/0002089406-25-000001.txt
2089419,"ELECTRIC SOLIDUS, INC.",D,20251007,edgar/data/2089419/0002089419-25-000001.txt
2089431,"ReLoomVR, Inc.",D,20251007,edgar/data/2089431/0002089431-25-000001.txt
2089437,"Milhaus QOZF Aggregator, LLC",D,20251007,edgar/data/2089437/0002089437-25-000001.txt
2089438,"Milhaus, LLC",D,20251007,edgar/data/2089438/0002089438-25-000001.txt
2089560,KittyHawk Heavy GAMA DAT III LLC,D,20251007,edgar/data/2089560/0002089560-25-000001.txt
2089591,"Hill to Pine Services, LLC",D,20251007,edgar/data/2089591/0002089591-25-000001.txt
2089619,"FO-0907 Fund I, a series of Syntax Ventures, LP",D,20251007,edgar/data/2089619/0002089619-25-000001.txt
2089721,"Cycle Up Investment, LLC",D,20251007,edgar/data/2089721/0002089721-25-000001.txt
2089728,HA Phoenixville 2 JV LLC,D,20251007,edgar/data/2089728/0002089728-25-000001.txt
2089770,Notable Finance LLC,D,20251007,edgar/data/2089770/0002089770-25-000001.txt
2089795,CES Properties Fund LV (Kirkland Stuart 4) LLC,D,20251007,edgar/data/2089795/0002089795-25-000001.txt
2089852,"164 Ridgeline E&H SPV, LLC",D,20251007,edgar/data/2089852/0002089852-25-000001.txt
2089918,"VE-0731 Fund I, a series of Seldon Lab, LP",D,20251007,edgar/data/2089918/0002089918-25-000001.txt
2089954,Carter Federal Credit Union,D,20251007,edgar/data/2089954/0002080612-25-000004.txt
2089997,Meritus Partners VCC - Absolute Alpha,D,20251007,edgar/data/2089997/0002089997-25-000001.txt
2090005,NATILUS IV A SERIES OF VUVP FUND LLC,D,20251007,edgar/data/2090005/0002090005-25-000001.txt
2090023,"681 Jackson Property, LLC",D,20251007,edgar/data/2090023/0002090023-25-000001.txt
2090060,"Pipe Force AI, Inc.",D,20251007,edgar/data/2090060/0002090060-25-000001.txt
2090060,"Pipe Force AI, Inc.",D,20251007,edgar/data/2090060/0002090060-25-000002.txt
2090060,"Pipe Force AI, Inc.",D,20251007,edgar/data/2090060/0002090060-25-000003.txt
2090068,"Fusion Encore Hollywood, LLC",D,20251007,edgar/data/2090068/0001683168-25-007441.txt
2090072,"Tribe Natural Frontier Fund II, L.P.",D,20251007,edgar/data/2090072/0001814554-25-000131.txt
2090075,HVP Hazel LP,D,20251007,edgar/data/2090075/0002090075-25-000001.txt
2090126,Knoxus.AI Ltd,D,20251007,edgar/data/2090126/0002090126-25-000001.txt
2090130,CGMI Acquisition Co LLC,D,20251007,edgar/data/2090130/0002090130-25-000001.txt
2090133,Amble Activewear,D,20251007,edgar/data/2090133/0002090133-25-000002.txt
2090137,FRONTIERVAULT INC,D,20251007,edgar/data/2090137/0002090137-25-000001.txt
2090155,"LSC-Latham NY, DST",D,20251007,edgar/data/2090155/0002090155-25-000001.txt
2090177,SWC DF I a Series of SLRTE I LLC,D,20251007,edgar/data/2090177/0002090177-25-000001.txt
2090179,Redwood a Series of SLRTE I LLC,D,20251007,edgar/data/2090179/0002090179-25-000001.txt
2090182,CW Fintech Fund I a Series of SLRTE I LLC,D,20251007,edgar/data/2090182/0002090182-25-000001.txt
2090187,DEFENSE FUND a Series of FOG Ventures Fund III LLC,D,20251007,edgar/data/2090187/0002090187-25-000001.txt
2090188,ACFJ Ventures III a Series of SLRTE I LLC,D,20251007,edgar/data/2090188/0002090188-25-000001.txt
2090189,GEN AI 2 a Series of FOG Ventures Fund III LLC,D,20251007,edgar/data/2090189/0002090189-25-000001.txt
2090191,SMALL WORLD CAPITAL FINTECH FUND II a Series of SLRTE I LLC,D,20251007,edgar/data/2090191/0002090191-25-000001.txt
2090238,REDWOODX INC,D,20251007,edgar/data/2090238/0002090238-25-000001.txt
2090252,"VA-0317 Fund I, a series of Roll Up Vehicles, LP",D,20251007,edgar/data/2090252/0002090252-25-000001.txt
2090277,"230 E Ohio JV, LLC",D,20251007,edgar/data/2090277/0002090277-25-000001.txt
2090284,"Fufild, Inc.",D,20251007,edgar/data/2090284/0002090284-25-000001.txt
2090303,MoSe Pathwater 2025 SPV LLC,D,20251007,edgar/data/2090303/0002090303-25-000001.txt
2090310,Lioncrest Capital Strategies Ltd,D,20251007,edgar/data/2090310/0002090310-25-000001.txt
2090434,Duplicants Corp,D,20251007,edgar/data/2090434/0002090434-25-000001.txt
2090463,City Storage Rocky Mount LLC,D,20251007,edgar/data/2090463/0002090463-25-000001.txt
2090473,Nolina Investors LP,D,20251007,edgar/data/2090473/0002090473-25-000001.txt
2090509,Emphatic Partner Capital I L.P.,D,20251007,edgar/data/2090509/0000935836-25-000630.txt
2090528,AI Planning Logic Inc,D,20251007,edgar/data/2090528/0002090528-25-000001.txt
1177703,"Amwins Holding Company, LLC",D,20251008,edgar/data/1177703/0001177703-25-000003.txt
1264806,SEA LTD,D,20251008,edgar/data/1264806/0001264806-25-000002.txt
1574251,Mati Therapeutics Inc.,D,20251008,edgar/data/1574251/0001574251-25-000003.txt
1607852,TRENDLINES GROUP LTD.,D,20251008,edgar/data/1607852/0001607852-25-000002.txt
1622253,"NuCurrent, Inc.",D,20251008,edgar/data/1622253/0001622253-25-000002.txt
1641505,Analytics for Life Inc.,D,20251008,edgar/data/1641505/0001641505-25-000004.txt
1677309,"Elpis Opportunity Fund, LP",D,20251008,edgar/data/1677309/0001677309-25-000005.txt
1702956,"Cirius Therapeutics, Inc.",D,20251008,edgar/data/1702956/0000905729-25-000168.txt
1741910,"LevelField Financial, Inc.",D,20251008,edgar/data/1741910/0001741910-25-000004.txt
1770334,Inseer Inc.,D,20251008,edgar/data/1770334/0001770334-25-000004.txt
1796886,"ObjectiveHealth, Inc.",D,20251008,edgar/data/1796886/0001796886-25-000005.txt
1798056,Reconnaissance Energy Africa Ltd.,D,20251008,edgar/data/1798056/0001798056-25-000004.txt
1816808,"Moov Financial, Inc.",D,20251008,edgar/data/1816808/0001816808-25-000004.txt
1818685,"OKEANOS HOLDINGS, INC.",D,20251008,edgar/data/1818685/0001818685-25-000007.txt
1829334,"Supabase, Inc.",D,20251008,edgar/data/1829334/0001829334-25-000004.txt
1839552,"NCWFC, LLC",D,20251008,edgar/data/1839552/0001839552-25-000002.txt
1863718,"KCAP RE Fund III, LLC",D,20251008,edgar/data/1863718/0001863718-25-000002.txt
1864903,"LINCOLNSHIRE POWERHOUSE HOLDINGS, LLC",D,20251008,edgar/data/1864903/0001104659-25-097661.txt
1884094,Automated Fruit Scouting Inc.,D,20251008,edgar/data/1884094/0001884094-25-000002.txt
1911149,JuneBrain Inc.,D,20251008,edgar/data/1911149/0001911149-25-000003.txt
1916715,Markd Insurtech Fund LP,D,20251008,edgar/data/1916715/0001916715-25-000008.txt
1944297,"Cyvl, Inc.",D,20251008,edgar/data/1944297/0001944297-25-000002.txt
1946783,H.O.L.D. LLC,D,20251008,edgar/data/1946783/0001946783-25-000002.txt
1967843,"Capital Square Apartment Operating Partnership, L.P.",D,20251008,edgar/data/1967843/0001967843-25-000004.txt
1967843,"Capital Square Apartment Operating Partnership, L.P.",D,20251008,edgar/data/1967843/0001967843-25-000005.txt
1976849,"KCAP RE Fund Xll, LP",D,20251008,edgar/data/1976849/0001976849-25-000002.txt
1994156,"Neon Pink, LP",D,20251008,edgar/data/1994156/0001994156-25-000002.txt
2005766,"Patrons Holdings, Inc.",D,20251008,edgar/data/2005766/0002005766-25-000003.txt
2006262,"Brain Jar Games, Inc.",D,20251008,edgar/data/2006262/0002006262-25-000002.txt
2014387,GDB Investors LP,D,20251008,edgar/data/2014387/0002014387-25-000002.txt
2014390,GDB Investors Offshore LP,D,20251008,edgar/data/2014390/0002014390-25-000002.txt
2031900,"YA-0720 Fund VI, a series of Unpopular VC, LP",D,20251008,edgar/data/2031900/0002031900-25-000002.txt
2054313,OneAM U.S. Inc.,D,20251008,edgar/data/2054313/0002054313-25-000005.txt
2057883,"Supervest Investments, LLC, Series B",D,20251008,edgar/data/2057883/0002057883-25-000002.txt
2066123,Hudson Housing Tax Credit Fund CXVIII LLC,D,20251008,edgar/data/2066123/0002066123-25-000001.txt
2079943,ATOMIC FUNDS LLC,D,20251008,edgar/data/2079943/0002079943-25-000002.txt
2080635,Vintage X (Flagship)/Vintage Infrastructure Partners II Access LLC,D,20251008,edgar/data/2080635/0002080635-25-000001.txt
2081628,Rithm Perpetual Life Residential Trust,D,20251008,edgar/data/2081628/0000905148-25-003549.txt
2081726,"Meandros-BL-0125 Fund I, a series of AngelList Funds 2025, LP",D,20251008,edgar/data/2081726/0002081726-25-000001.txt
2082483,"OP-0628 Fund I, a series of Executive Venture, LP",D,20251008,edgar/data/2082483/0002082483-25-000001.txt
2083141,"Subatomic AI, Inc.",D,20251008,edgar/data/2083141/0001042167-25-000054.txt
2084781,"LEP Red Rock Co-Invest Fund, L.P.",D,20251008,edgar/data/2084781/0002084783-25-000003.txt
2084783,"LEP Red Rock Fund, L.P.",D,20251008,edgar/data/2084783/0002084783-25-000003.txt
2084784,"LEP Red Rock Fund (A), L.P.",D,20251008,edgar/data/2084784/0002084783-25-000003.txt
2084873,"CO-0821 Fund I, a series of AUM VC Fund, LP",D,20251008,edgar/data/2084873/0002084873-25-000001.txt
2084980,"MCJ-BA-0819 Fund I, a series of AngelList Funds 2025, LP",D,20251008,edgar/data/2084980/0002084980-25-000001.txt
2085401,Glade Brook Private Investors LIII LP,D,20251008,edgar/data/2085401/0000929638-25-003849.txt
2085463,"Metro Management Aggregator, LLC",D,20251008,edgar/data/2085463/0002085463-25-000001.txt
2085568,Prasino Inc,D,20251008,edgar/data/2085568/0002085568-25-000001.txt
2085873,"Quiet Select BC, LP",D,20251008,edgar/data/2085873/0002085873-25-000001.txt
2086165,All Seas Capital II USD SCSp,D,20251008,edgar/data/2086165/0000945621-25-000935.txt
2086176,All Seas Capital II SCSp,D,20251008,edgar/data/2086176/0000945621-25-000936.txt
2086251,"TymbreIQ, LLC",D,20251008,edgar/data/2086251/0001458754-25-000005.txt
2086604,"CA-0819 Fund I, a series of Roll Up Vehicles, LP",D,20251008,edgar/data/2086604/0002086604-25-000001.txt
2086613,"BA-0803 Fund I, a series of Roll Up Vehicles, LP",D,20251008,edgar/data/2086613/0002086613-25-000001.txt
2086730,HCV 025 LLC,D,20251008,edgar/data/2086730/0002086730-25-000001.txt
2086735,"ThirdLaw Molecular, Inc.",D,20251008,edgar/data/2086735/0001470831-25-000252.txt
2087338,"BL-0829 Fund I, a series of Nucleation Capital, LP",D,20251008,edgar/data/2087338/0002087338-25-000001.txt
2087569,Manticore BMS Fund Ltd,D,20251008,edgar/data/2087569/0001315863-25-000723.txt
2087741,Blue Owl Asset Special Opportunities Feeder Fund (Cayman) IX LP,D,20251008,edgar/data/2087741/0002087741-25-000001.txt
2087805,Sauce Opportunity Fund,D,20251008,edgar/data/2087805/0001470831-25-000251.txt
2087829,South Suburban Litho LLC,D,20251008,edgar/data/2087829/0002087829-25-000001.txt
2087909,Gaingels Glyphic Bio 2025 LLC,D,20251008,edgar/data/2087909/0002087909-25-000001.txt
2087974,"Blue Forge, Inc.",D,20251008,edgar/data/2087974/0002087974-25-000001.txt
2088010,"QP-49th Street Industrial, LLC",D,20251008,edgar/data/2088010/0002088010-25-000001.txt
2088032,Rama LF Investment LP,D,20251008,edgar/data/2088032/0002088032-25-000001.txt
2088104,Renatural Inc.,D,20251008,edgar/data/2088104/0002088104-25-000001.txt
2088124,Gaingels Kodif LLC,D,20251008,edgar/data/2088124/0002088124-25-000001.txt
2088157,"SMT Web3, Inc.",D,20251008,edgar/data/2088157/0002088157-25-000001.txt
2088176,Nosh Holdings Inc,D,20251008,edgar/data/2088176/0002088176-25-000002.txt
2088280,Type One AGI LLC,D,20251008,edgar/data/2088280/0002088280-25-000001.txt
2088412,"M&R Technology, Inc.",D,20251008,edgar/data/2088412/0002088412-25-000001.txt
2088528,"CBIO SPV Series A, L.P.",D,20251008,edgar/data/2088528/0002088528-25-000001.txt
2088760,"PAD TUCSON, LLC",D,20251008,edgar/data/2088760/0002088760-25-000001.txt
2088866,"Spearfish Group, Inc.",D,20251008,edgar/data/2088866/0002088866-25-000001.txt
2088888,"NewDays, Inc.",D,20251008,edgar/data/2088888/0002088888-25-000001.txt
2088957,EIG14T EHW Fund XV LLC,D,20251008,edgar/data/2088957/0002088957-25-000001.txt
2088969,Arrow SB25 Co-Investment SCSp,D,20251008,edgar/data/2088969/0002088969-25-000001.txt
2089085,Type One X2 LLC,D,20251008,edgar/data/2089085/0002089085-25-000001.txt
2089086,Type One Vulcan LLC,D,20251008,edgar/data/2089086/0002089086-25-000001.txt
2089087,Type One Mars 1-1 LLC,D,20251008,edgar/data/2089087/0002089087-25-000001.txt
2089108,"Millennia Capital Fund II, LP",D,20251008,edgar/data/2089108/0002089108-25-000001.txt
2089195,KHP Cheetah SPV LP,D,20251008,edgar/data/2089195/0002089195-25-000001.txt
2089218,"4040 Hwy 36 TX, LLC",D,20251008,edgar/data/2089218/0002089218-25-000001.txt
2089311,"SGV39, a Series of SGV I, LLC",D,20251008,edgar/data/2089311/0002089311-25-000001.txt
2089320,"21769 LORAIN ROAD ASSOCIATES, LLC",D,20251008,edgar/data/2089320/0002089320-25-000001.txt
2089359,"Tributer V&C Development Company, LLC",D,20251008,edgar/data/2089359/0002089359-25-000001.txt
2089380,Libertyville Land Investors LLC,D,20251008,edgar/data/2089380/0002089380-25-000001.txt
2089405,"IEQ Capital Access Fund - BX GP Stakes I CV, L.P.",D,20251008,edgar/data/2089405/0002089405-25-000001.txt
2089423,"Greystar Credit Opportunities Fund II CoInv, LP",D,20251008,edgar/data/2089423/0000945621-25-000929.txt
2089519,"NorthCoast Mezzanine SBIC IV, LP",D,20251008,edgar/data/2089519/0002089519-25-000001.txt
2089724,"Cold Cycle Coffee, Inc.",D,20251008,edgar/data/2089724/0002089724-25-000001.txt
2089776,"Operator Collective Activate Fund, L.P.",D,20251008,edgar/data/2089776/0002089776-25-000001.txt
2089875,"USRC EAST ATLANTA, LLC",D,20251008,edgar/data/2089875/0002089875-25-000001.txt
2089935,"CO-0915 Fund I, a series of Hamatha Ventures, LP",D,20251008,edgar/data/2089935/0002089935-25-000001.txt
2089947,"Enumera 2025 Bridge II, a Series of Rainier Opportunities, LP",D,20251008,edgar/data/2089947/0002089947-25-000001.txt
2090012,"Periodic, LLC",D,20251008,edgar/data/2090012/0002090012-25-000001.txt
2090044,"Rimrock Hotel Pool 1, LLC",D,20251008,edgar/data/2090044/0002090044-25-000001.txt
2090061,"LD-0925 Fund II, a series of Trajectory Capital Syndicate Master, LP",D,20251008,edgar/data/2090061/0002090061-25-000001.txt
2090085,NP-G REIT I LLC,D,20251008,edgar/data/2090085/0002090085-25-000001.txt
2090091,"Manulife Senior Debt Fund - CO, L.P.",D,20251008,edgar/data/2090091/0002081111-25-000019.txt
2090092,Gen Labs Ltd,D,20251008,edgar/data/2090092/0002090092-25-000001.txt
2090214,OpenAI Fund a Series of CGF2021 LLC,D,20251008,edgar/data/2090214/0002090214-25-000001.txt
2090223,Preamble Capital a Series of CGF2021 LLC,D,20251008,edgar/data/2090223/0002090223-25-000001.txt
2090274,"KSC NSH Core, LLC",D,20251008,edgar/data/2090274/0002090274-25-000001.txt
2090295,Havelock Logistics (West 1) Assets LLC,D,20251008,edgar/data/2090295/0002090295-25-000001.txt
2090329,"Rauch Capital Burst CLXXIII, a series of Rauch Capital Burst, LP",D,20251008,edgar/data/2090329/0002090329-25-000001.txt
2090336,"Fund I, a series of Altar Ventures, LP",D,20251008,edgar/data/2090336/0002090336-25-000001.txt
2090345,Odyssey Middle Holdings LLC,D,20251008,edgar/data/2090345/0002090345-25-000001.txt
2090348,Odyssey Management Holdings LLC,D,20251008,edgar/data/2090348/0002090348-25-000001.txt
2090356,"Eiger Funding (PCC) Ltd for the account of its protected cell, Cell 18 - Yosemite",D,20251008,edgar/data/2090356/0001012975-25-000614.txt
2090377,BeamASA2Prop Fund LLC,D,20251008,edgar/data/2090377/0002090377-25-000001.txt
2090421,"Spru Poly, LLC",D,20251008,edgar/data/2090421/0002090421-25-000001.txt
2090431,"At Last Joshua Tree, LLC",D,20251008,edgar/data/2090431/0002090431-25-000002.txt
2090454,Velocis Maple Grove BTR DST,D,20251008,edgar/data/2090454/0002090454-25-000001.txt
2090467,"TALH II Employee CIV, LLC",D,20251008,edgar/data/2090467/0001398344-25-018986.txt
2090474,"40acres & a BTC, Inc.",D,20251008,edgar/data/2090474/0002090474-25-000001.txt
2090506,"HMW1, LP",D,20251008,edgar/data/2090506/0002090506-25-000001.txt
2090546,"MGF Partners II, L.P. - Bain Capital Asia Fund VI Series",D,20251008,edgar/data/2090546/0002090546-25-000003.txt
2090556,"Syntax I, a series of Wefunds LLC",D,20251008,edgar/data/2090556/0002090556-25-000001.txt
2090557,"Syntax QP I, a series of Wefunds LLC",D,20251008,edgar/data/2090557/0002090557-25-000001.txt
2090563,"Wayside Cottonwood, LLC",D,20251008,edgar/data/2090563/0002090563-25-000001.txt
2090567,"Jeffries Cottonwood, LLC",D,20251008,edgar/data/2090567/0002090567-25-000001.txt
2090569,"HVG Cottonwood Associates, LLC",D,20251008,edgar/data/2090569/0002090569-25-000001.txt
2090589,NSSK International 2025 L.P.,D,20251008,edgar/data/2090589/0002090589-25-000001.txt
2090597,"ClearChartAI, Inc.",D,20251008,edgar/data/2090597/0002090597-25-000001.txt
2090620,"Targa Partners Master, LP",D,20251008,edgar/data/2090620/0002090620-25-000001.txt
2090627,WAGMI 174 - WAGMI Master LLC,D,20251008,edgar/data/2090627/0002090627-25-000001.txt
2090631,GE PRE Lakeside LLC,D,20251008,edgar/data/2090631/0002090631-25-000001.txt
2090643,Darya LRF LLC,D,20251008,edgar/data/2090643/0002090643-25-000001.txt
2090651,Canary Gold Corp.,D,20251008,edgar/data/2090651/0002090651-25-000001.txt
2090679,"Post Candlewood CI, LLC",D,20251008,edgar/data/2090679/0002090679-25-000001.txt
2090693,Dextra Continuation Opportunities LP,D,20251008,edgar/data/2090693/0002090693-25-000001.txt
2090713,Space Angels LXXXV LLC,D,20251008,edgar/data/2090713/0002090713-25-000001.txt
2090721,KD.SPUR LLC,D,20251008,edgar/data/2090721/0002090721-25-000001.txt
2090779,"Rinascera Therapeutics, Inc.",D,20251008,edgar/data/2090779/0002090779-25-000001.txt
2090781,Rockwall Reserve Logistics SPE LLC,D,20251008,edgar/data/2090781/0002090781-25-000001.txt
2090827,Torngat Metals Ltd,D,20251008,edgar/data/2090827/0002090827-25-000001.txt
1259494,INTECH U.S. LARGE CAP GROWTH FUND LLC,D,20251009,edgar/data/1259494/0001259494-25-000003.txt
1274172,PARENT CAPITAL CORP.,D,20251009,edgar/data/1274172/0001274172-25-000002.txt
1333427,INTECH U.S. Broad Large Cap Growth Fund LLC,D,20251009,edgar/data/1333427/0001333427-25-000003.txt
1386302,Intech U.S. Broad Equity Plus Fund LLC,D,20251009,edgar/data/1386302/0001386302-25-000003.txt
1434728,"Global Water Resources, Inc.",D,20251009,edgar/data/1434728/0001434728-25-000293.txt
1465893,"BluPanda, LLC",D,20251009,edgar/data/1465893/0001465893-25-000002.txt
1505497,"BioRestorative Therapies, Inc.",D,20251009,edgar/data/1505497/0001021771-25-000134.txt
1595978,INTECH International Large Cap Core Fund LLC,D,20251009,edgar/data/1595978/0001595978-25-000004.txt
1614940,"Abernathey Holdings, LLC",D,20251009,edgar/data/1614940/0001437749-25-030747.txt
1664276,"Banc3 Holdings, Inc.",D,20251009,edgar/data/1664276/0001664276-25-000002.txt
1688126,Crypto Co,D,20251009,edgar/data/1688126/0001493152-25-017531.txt
1693624,"Amgine Technologies (US), Inc.",D,20251009,edgar/data/1693624/0001693624-25-000004.txt
1720966,BluStream Corp,D,20251009,edgar/data/1720966/0001720966-25-000005.txt
1726441,"BlastPoint, Inc.",D,20251009,edgar/data/1726441/0000898432-25-000820.txt
1777607,MyndTec Inc.,D,20251009,edgar/data/1777607/0001062993-25-016003.txt
1783453,"DeNexus, Inc.",D,20251009,edgar/data/1783453/0001783453-25-000003.txt
1829789,"SEP MBH, LP",D,20251009,edgar/data/1829789/0001829789-25-000004.txt
1839290,AU Gold Corp.,D,20251009,edgar/data/1839290/0000912282-25-001052.txt
1846228,"Bonumose, Inc.",D,20251009,edgar/data/1846228/0001846228-25-000002.txt
1878243,"Sorcero, Inc.",D,20251009,edgar/data/1878243/0001878243-25-000002.txt
1898567,"FOURSQUARE FINANCIAL SOLUTIONS LOAN FUND, INC.",D,20251009,edgar/data/1898567/0001898567-25-000002.txt
1921158,Bitfufu Inc.,D,20251009,edgar/data/1921158/0001213900-25-097585.txt
1924141,Rare Earth Technologies Inc.,D,20251009,edgar/data/1924141/0001924141-25-000003.txt
1963220,PROOF III UMTI LLC,D,20251009,edgar/data/1963220/0001963220-25-000004.txt
1976619,"CURADEL SURGICAL INNOVATIONS, INC.",D,20251009,edgar/data/1976619/0001976619-25-000003.txt
1992818,ZOOZ Power Ltd.,D,20251009,edgar/data/1992818/0001231919-25-000294.txt
2009806,011235813 Inc.,D,20251009,edgar/data/2009806/0002009806-25-000005.txt
2025422,"OTTO dms, Inc.",D,20251009,edgar/data/2025422/0002025422-25-000002.txt
2030484,PGSF VIII USD Feeder (Luxembourg) SCSp,D,20251009,edgar/data/2030484/0000929638-25-003865.txt
2047430,"Aromha, Inc.",D,20251009,edgar/data/2047430/0002047430-25-000005.txt
2048454,GoldenTree Private Credit Fund II (Cayman) UL LP,D,20251009,edgar/data/2048454/0000950142-25-002733.txt
2050354,CAMBIUM CAPITAL JUNIPER LP,D,20251009,edgar/data/2050354/0002050354-25-000003.txt
2059171,"SPAR Ventures I, L.P.",D,20251009,edgar/data/2059171/0001104659-25-098374.txt
2060256,GRANADA FUND I LLC,D,20251009,edgar/data/2060256/0002060256-25-000003.txt
2067830,"FL-0424 Fund I, a series of Andrew Tan Investments, LP",D,20251009,edgar/data/2067830/0002067830-25-000001.txt
2068736,Requity Income Fund LP,D,20251009,edgar/data/2068736/0002068736-25-000001.txt
2071347,"Premier Cavalier Access Fund III, L.P.",D,20251009,edgar/data/2071347/0002071347-25-000002.txt
2076333,"American Ventures LLC, Series XI Jewel Digital",D,20251009,edgar/data/2076333/0002076333-25-000001.txt
2077168,Forward Science Holding Inc.,D,20251009,edgar/data/2077168/0002077168-25-000003.txt
2077420,OKEANOS VENTURE PARTNERS II LLC-SERIES 159,D,20251009,edgar/data/2077420/0002077420-25-000001.txt
2079456,SpireAI N Squared Fund LP,D,20251009,edgar/data/2079456/0002079456-25-000001.txt
2079632,AQR Flex 1 Series LLC - Series C8,D,20251009,edgar/data/2079632/0001405086-25-000268.txt
2079642,AQR Flex 1 Series LLC - Series F8,D,20251009,edgar/data/2079642/0001405086-25-000269.txt
2080926,"AVSF - Ballers 2025, LLC",D,20251009,edgar/data/2080926/0002080926-25-000001.txt
2081614,"AR-0718 Fund I, a series of Roll Up Vehicles, LP",D,20251009,edgar/data/2081614/0002081614-25-000001.txt
2082013,"FU-0730 Fund I, a series of Roll Up Vehicles, LP",D,20251009,edgar/data/2082013/0002082013-25-000001.txt
2082284,"WO-0731 Fund I, a series of Seldon Lab, LP",D,20251009,edgar/data/2082284/0002082284-25-000001.txt
2082423,"WA-0622 Fund I, a series of Roll Up Vehicles, LP",D,20251009,edgar/data/2082423/0002082423-25-000001.txt
2082439,"RO-0626 Fund I, a series of Climate Collective, LP",D,20251009,edgar/data/2082439/0002082439-25-000001.txt
2082687,"Altimer Capital Private Credit Fund I-A, LP",D,20251009,edgar/data/2082687/0001123292-25-000526.txt
2082945,"CA-0723 Fund I, a series of Arka Venture Fund Management, LP",D,20251009,edgar/data/2082945/0002082945-25-000001.txt
2083603,"RO-0514 Fund I, a series of Roll Up Vehicles, LP",D,20251009,edgar/data/2083603/0002083603-25-000001.txt
2083612,"Nipun EM Alpha Plus Fund, Ltd.",D,20251009,edgar/data/2083612/0002083612-25-000001.txt
2083988,"Sapphire Co-Invest Fund, L.P.",D,20251009,edgar/data/2083988/0002083988-25-000002.txt
2084052,"GLE2 SPV, a series of Riverside Ventures Self-Advised, LP",D,20251009,edgar/data/2084052/0002084052-25-000001.txt
2084079,"AT-0602 Fund I, a series of Chris Golda Investments, LP",D,20251009,edgar/data/2084079/0002084079-25-000001.txt
2084098,"SO-0725 Fund II, a series of MV Funds, LP",D,20251009,edgar/data/2084098/0002084098-25-000001.txt
2084471,"HE-0825 Fund II, a series of Karman Ventures, LP",D,20251009,edgar/data/2084471/0002084471-25-000001.txt
2084595,"QU-0808 Fund I, a series of Climate Collective, LP",D,20251009,edgar/data/2084595/0002084595-25-000001.txt
2084674,"BL-0827 Fund I, a series of Exitfund Venture, LP",D,20251009,edgar/data/2084674/0002084674-25-000001.txt
2084675,"CR-0825 Fund I, a series of HyperGuap, LP",D,20251009,edgar/data/2084675/0002084675-25-000001.txt
2084678,"FR-0818 Fund I, a series of MAVW Venture Funds, LP",D,20251009,edgar/data/2084678/0002084678-25-000001.txt
2084907,"TI-0820 Fund I, a series of The Fund Series, LP",D,20251009,edgar/data/2084907/0002084907-25-000001.txt
2084971,"DE-0814 Fund I, a series of Valhalla Ventures SPV, LP",D,20251009,edgar/data/2084971/0002084971-25-000001.txt
2084987,"EL-0725 Fund I, a series of Climate Collective, LP",D,20251009,edgar/data/2084987/0002084987-25-000001.txt
2085192,"ST-0725 Fund III, a series of Umami Capital, LP",D,20251009,edgar/data/2085192/0002085192-25-000001.txt
2085344,"AVSF - Higgsfield 2025, LLC",D,20251009,edgar/data/2085344/0002085344-25-000001.txt
2085638,Nightengale One LLC,D,20251009,edgar/data/2085638/0002085638-25-000001.txt
2085648,"PS-0829 Fund II, a series of Dark Arts Opportunities, LP",D,20251009,edgar/data/2085648/0002085648-25-000001.txt
2085727,Sprout CI LP,D,20251009,edgar/data/2085727/0002085727-25-000001.txt
2085936,"CO-0903 Fund I, a series of Exitfund Venture, LP",D,20251009,edgar/data/2085936/0002085936-25-000001.txt
2086066,"TR-0828 Fund I, a series of Leore Avidar Burst, LP",D,20251009,edgar/data/2086066/0002086066-25-000001.txt
2086299,"RE-0821 Fund I, a series of JMWTX Investments, LP",D,20251009,edgar/data/2086299/0002086299-25-000001.txt
2086528,"Class 3 Technologies, Inc.",D,20251009,edgar/data/2086528/0002086528-25-000001.txt
2086610,"VA-0814 Fund I, a series of Roll Up Vehicles, LP",D,20251009,edgar/data/2086610/0002086610-25-000001.txt
2086616,"Belief-SU-0905 Fund I, a series of AngelList Funds 2025, LP",D,20251009,edgar/data/2086616/0002086616-25-000001.txt
2086618,"Geometry-VA-0904 Fund I, a series of AngelList Funds 2025, LP",D,20251009,edgar/data/2086618/0002086618-25-000001.txt
2086627,"GA-0813 Fund I, a series of Roll Up Vehicles, LP",D,20251009,edgar/data/2086627/0002086627-25-000001.txt
2086633,"SeedRadar-MO-0906 Fund I, a series of AngelList Funds 2025, LP",D,20251009,edgar/data/2086633/0002086633-25-000001.txt
2086789,Roseland Investco LLC,D,20251009,edgar/data/2086789/0002086789-25-000001.txt
2086872,"PO-0808 Fund II, a series of Roll Up Vehicles, LP",D,20251009,edgar/data/2086872/0002086872-25-000001.txt
2086877,"AU-0828 Fund I, a series of Roll Up Vehicles, LP",D,20251009,edgar/data/2086877/0002086877-25-000001.txt
2086965,"PH-0830 Fund I, a series of Jolt VC, LP",D,20251009,edgar/data/2086965/0002086965-25-000001.txt
2087065,Too Successful Corp.,D,20251009,edgar/data/2087065/0001079973-25-001583.txt
2087073,"MO-0908 Fund I, a series of Exitfund Venture, LP",D,20251009,edgar/data/2087073/0002087073-25-000001.txt
2087077,"VO-0722 Fund I, a series of Jolt VC, LP",D,20251009,edgar/data/2087077/0002087077-25-000001.txt
2087167,"HO-0718 Fund II, a series of Sarah Jahnke, LP",D,20251009,edgar/data/2087167/0002087167-25-000001.txt
2087171,"BL-0913 Fund I, a series of 99 Tartans Alumni Angels, LP",D,20251009,edgar/data/2087171/0002087171-25-000001.txt
2087193,"MA-0711 Fund I, a series of Hustle&Trust Investments, LP",D,20251009,edgar/data/2087193/0002087193-25-000001.txt
2087235,"VE-0905 Fund I, a series of Exitfund Venture, LP",D,20251009,edgar/data/2087235/0002087235-25-000001.txt
2087356,"L Catterton Growth VI, L.P.",D,20251009,edgar/data/2087356/0002087356-25-000001.txt
2087414,"2120 Capital Fund I, LP",D,20251009,edgar/data/2087414/0002087414-25-000001.txt
2087951,Minerva RMC II LLC,D,20251009,edgar/data/2087951/0002087951-25-000001.txt
2087990,"RE-0914 Fund I, a series of Avlok Capital, LP",D,20251009,edgar/data/2087990/0002087990-25-000001.txt
2088030,"FL-0908 Fund I, a series of Roll Up Vehicles, LP",D,20251009,edgar/data/2088030/0002088030-25-000001.txt
2088163,"SU-0916 Fund II, a series of SaxeCap, LP",D,20251009,edgar/data/2088163/0002088163-25-000001.txt
2088189,"SEP Evanston, LP",D,20251009,edgar/data/2088189/0002088189-25-000001.txt
2088208,"LD-0925 Fund I, a series of Capital Trajectory Syndicate, LP",D,20251009,edgar/data/2088208/0002088208-25-000001.txt
2088210,"SE-0912 Fund I, a series of MV Funds, LP",D,20251009,edgar/data/2088210/0002088210-25-000001.txt
2088215,"Evoke Ash West Town Investor, LLC",D,20251009,edgar/data/2088215/0002088215-25-000001.txt
2088267,Regency CSP Fund III LLC,D,20251009,edgar/data/2088267/0002088267-25-000001.txt
2088357,z1 Zenith Capital Fund LP,D,20251009,edgar/data/2088357/0002088357-25-000001.txt
2088418,VXI Capital Fund II LP,D,20251009,edgar/data/2088418/0001470831-25-000253.txt
2088444,"Zigg CR Opportunity III, LLC",D,20251009,edgar/data/2088444/0002088444-25-000001.txt
2088515,"TR-0731 Fund I, a series of Roll Up Vehicles, LP",D,20251009,edgar/data/2088515/0002088515-25-000001.txt
2088530,"Recurve Burst II, a series of Recurve III, LP",D,20251009,edgar/data/2088530/0002088530-25-000001.txt
2088691,"Care.Life Technologies, Inc.",D,20251009,edgar/data/2088691/0002088691-25-000001.txt
2088691,"Care.Life Technologies, Inc.",D,20251009,edgar/data/2088691/0002088691-25-000002.txt
2088890,"AS-0905 Fund I, a series of Roll Up Vehicles, LP",D,20251009,edgar/data/2088890/0002088890-25-000001.txt
2088892,Three Bedroom House Ltd Liability Co,D,20251009,edgar/data/2088892/0002088892-25-000001.txt
2088939,Beau Off-Broadway Ltd Liability Co,D,20251009,edgar/data/2088939/0002088939-25-000001.txt
2088950,"E3-0917 Fund I, a series of SaxeCap, LP",D,20251009,edgar/data/2088950/0002088950-25-000001.txt
2089001,"Grinich Investments Burst XXVIII, a series of Grinich Investments II, LP",D,20251009,edgar/data/2089001/0002089001-25-000001.txt
2089111,Proem Dislocated Opportunities Fund I LP,D,20251009,edgar/data/2089111/0001315863-25-000726.txt
2089203,Nordwand Special Opportunities III LLC,D,20251009,edgar/data/2089203/0002089203-25-000001.txt
2089388,"BBCP 215 DETROIT STREET, LLC",D,20251009,edgar/data/2089388/0002089388-25-000001.txt
2089428,"SILVEROAK COMMERCIAL CAPITAL, LLC",D,20251009,edgar/data/2089428/0002089428-25-000001.txt
2089450,"TA-0909 Fund III, a series of NDSPV Investments, LP",D,20251009,edgar/data/2089450/0002089450-25-000001.txt
2089526,MONTICELLOAM FUNDING LLC SERIES SH-92,D,20251009,edgar/data/2089526/0002089526-25-000001.txt
2089566,Maran SPV1 LP,D,20251009,edgar/data/2089566/0002089566-25-000001.txt
2089575,Hercules Evergreen Fund LP,D,20251009,edgar/data/2089575/0002089575-25-000001.txt
2089620,"HE-0828 Fund II, a series of Zachary Ginsburg Funds, LP",D,20251009,edgar/data/2089620/0002089620-25-000001.txt
2089666,"Midnight Sun Partners, L.P.",D,20251009,edgar/data/2089666/0002089666-25-000001.txt
2089674,MONTICELLOAM FUNDING SH-90 LLC,D,20251009,edgar/data/2089674/0002089674-25-000001.txt
2089691,NJ Turf Academy LLC,D,20251009,edgar/data/2089691/0002089691-25-000001.txt
2089705,"Amend Surgical Buying Group, LLC",D,20251009,edgar/data/2089705/0002089705-25-000001.txt
2089709,"Real Estate Opportunities Fund V, LLC",D,20251009,edgar/data/2089709/0002089709-25-000001.txt
2089733,Acion Japan Engagement US Feeder Fund,D,20251009,edgar/data/2089733/0002089733-25-000001.txt
2089760,"Signet State College Investment, LLC",D,20251009,edgar/data/2089760/0002089760-25-000001.txt
2089813,"SM-APF1 Greens Member, LLC",D,20251009,edgar/data/2089813/0002089813-25-000001.txt
2089828,"Tenacity Capital Fund I, LP",D,20251009,edgar/data/2089828/0002089828-25-000001.txt
2089849,"AE Co-Investment Partners Fund III-Y-2, LP",D,20251009,edgar/data/2089849/0002089849-25-000001.txt
2089960,"Calypso Curate, Inc.",D,20251009,edgar/data/2089960/0002089960-25-000001.txt
2089961,"Amberjack Essentials Fund I (Parallel), L.P.",D,20251009,edgar/data/2089961/0000950103-25-013044.txt
2089962,"Amberjack Essentials Fund I, L.P.",D,20251009,edgar/data/2089962/0000950103-25-013043.txt
2090016,"Playground Genesis, L.P.",D,20251009,edgar/data/2090016/0001231919-25-000296.txt
2090038,"St. Dominique SMS SPV, LP",D,20251009,edgar/data/2090038/0002090038-25-000001.txt
2090139,Dellora Investments Offshore Fund Ltd.,D,20251009,edgar/data/2090139/0002090139-25-000001.txt
2090151,FDC Secondary LLC,D,20251009,edgar/data/2090151/0002090151-25-000001.txt
2090192,STP Cap V a Series of CGF2021 LLC,D,20251009,edgar/data/2090192/0002090192-25-000001.txt
2090195,Nomi Capital Quantum Fund a Series of CGF2021 LLC,D,20251009,edgar/data/2090195/0002090195-25-000001.txt
2090196,"Rosy Soil, PBC Jul 2025 a Series of CGF2021 LLC",D,20251009,edgar/data/2090196/0002090196-25-000001.txt
2090197,MDC LSE 1 a Series of CGF2021 LLC,D,20251009,edgar/data/2090197/0002090197-25-000001.txt
2090198,Franzy Ciao a Series of CGF2021 LLC,D,20251009,edgar/data/2090198/0002090198-25-000001.txt
2090199,Clear Skies AWM Fund II Aug 2025 a Series of CGF2021 LLC,D,20251009,edgar/data/2090199/0002090199-25-000001.txt
2090201,PPVP Growth Fund II a Series of Pari Passu Master II LLC,D,20251009,edgar/data/2090201/0002090201-25-000001.txt
2090202,Redouble SPV Sep 2024 a Series of CGF2021 LLC,D,20251009,edgar/data/2090202/0002090202-25-000001.txt
2090203,Offe Market Aug 2025 a Series of CGF2021 LLC,D,20251009,edgar/data/2090203/0002090203-25-000001.txt
2090204,Hullbot Jul 2025 a Series of CGF2021 LLC,D,20251009,edgar/data/2090204/0002090204-25-000001.txt
2090205,DCP SPV I a Series of CGF2021 LLC,D,20251009,edgar/data/2090205/0002090205-25-000001.txt
2090206,Skol United a Series of CGF2021 LLC,D,20251009,edgar/data/2090206/0002090206-25-000001.txt
2090207,CAN - Vitrivax - Series B a Series of CGF2021 LLC,D,20251009,edgar/data/2090207/0002090207-25-000001.txt
2090237,"AU-0317 Fund II, a series of Roll Up Vehicles, LP",D,20251009,edgar/data/2090237/0002090237-25-000001.txt
2090293,SAINVUS TOPCO LLC,D,20251009,edgar/data/2090293/0002090293-25-000003.txt
2090301,Atlantic Capital Fund LLC,D,20251009,edgar/data/2090301/0002090301-25-000001.txt
2090382,"First Round Capital X Partners Fund, L.P.",D,20251009,edgar/data/2090382/0002090382-25-000001.txt
2090412,PRE LAKESIDE INVESTORS LP,D,20251009,edgar/data/2090412/0002090412-25-000001.txt
2090415,"Alder Vale Holdings, L.P.",D,20251009,edgar/data/2090415/0002090415-25-000001.txt
2090445,Midtown SB Fund II LP,D,20251009,edgar/data/2090445/0002090445-25-000001.txt
2090450,"Mosaic Ventures Fund I, L.P.",D,20251009,edgar/data/2090450/0001231919-25-000295.txt
2090475,"OAI Fund I, a series of Altra Venture Partners II, LP",D,20251009,edgar/data/2090475/0002090475-25-000001.txt
2090514,"Coast Fibers, Inc.",D,20251009,edgar/data/2090514/0002090514-25-000001.txt
2090552,"AlphaKeys K6 Private Investors, L.P.",D,20251009,edgar/data/2090552/0002090552-25-000001.txt
2090560,"Eurostep Parent, LLC",D,20251009,edgar/data/2090560/0002090560-25-000001.txt
2090584,"Tree Line Income, LP",D,20251009,edgar/data/2090584/0002090584-25-000001.txt
2090592,"BMP Perfume Spot Holdco, LLC",D,20251009,edgar/data/2090592/0002090592-25-000001.txt
2090596,"Seneca Project, LLC",D,20251009,edgar/data/2090596/0002090596-25-000001.txt
2090596,"Seneca Project, LLC",D,20251009,edgar/data/2090596/0002090596-25-000002.txt
2090629,AGDF20 LP,D,20251009,edgar/data/2090629/0000929638-25-003868.txt
2090641,"Petra 61st Industrial, LLC",D,20251009,edgar/data/2090641/0002090641-25-000001.txt
2090719,HITMAN MUSIC UNIVERSAL INC,D,20251009,edgar/data/2090719/0002090719-25-000001.txt
2090774,North40 Capital Growth Fund I LLC,D,20251009,edgar/data/2090774/0002090774-25-000001.txt
2090775,CIFCOIN GLOBAL FINANCE INC.,D,20251009,edgar/data/2090775/0002090775-25-000001.txt
2090776,Handa Fund 4 LLC,D,20251009,edgar/data/2090776/0002090776-25-000001.txt
2090792,"Hago Capital Equity Fund, LLC",D,20251009,edgar/data/2090792/0002090792-25-000001.txt
2090833,Pioneer Co-Invest L.P.,D,20251009,edgar/data/2090833/0002090833-25-000001.txt
2090839,"Clara Partners Alpha, L.P.",D,20251009,edgar/data/2090839/0002090839-25-000001.txt
2090847,Cavall Holdings LLC,D,20251009,edgar/data/2090847/0002090847-25-000001.txt
2090903,Tybee Apartments LLC,D,20251009,edgar/data/2090903/0002090903-25-000001.txt
2090904,YSC Storage Fund II LP,D,20251009,edgar/data/2090904/0002090904-25-000001.txt
2090926,"Pathfinder La Mesa Holdings, LLC",D,20251009,edgar/data/2090926/0002090926-25-000001.txt
2090930,"Applied Absolute Return Fund, LLC",D,20251009,edgar/data/2090930/0002090930-25-000001.txt
2090931,"RED SHIELD, L.P.",D,20251009,edgar/data/2090931/0002090931-25-000001.txt
2090942,HF White Plains NNN LLC,D,20251009,edgar/data/2090942/0002090942-25-000001.txt
2090974,"PI 615 Rudder Road, LLC",D,20251009,edgar/data/2090974/0002090974-25-000001.txt
2091072,Next Bite Ventures LLC,D,20251009,edgar/data/2091072/0002091072-25-000001.txt
2091172,"BridgeTek, Inc.",D,20251009,edgar/data/2091172/0002091172-25-000001.txt
1407583,Bunker Hill Mining Corp.,D,20251010,edgar/data/1407583/0001493152-25-017696.txt
1408534,"First Guaranty Bancshares, Inc.",D,20251010,edgar/data/1408534/0001408534-25-000076.txt
1421198,INTECH GLOBAL ALL COUNTRY ENHANCED INDEX FUND LLC,D,20251010,edgar/data/1421198/0001421198-25-000002.txt
1520975,"Ekotrope, Inc.",D,20251010,edgar/data/1520975/0001520975-25-000003.txt
1585608,"Jaguar Health, Inc.",D,20251010,edgar/data/1585608/0001193125-25-237111.txt
1596224,Viken Detection Corp,D,20251010,edgar/data/1596224/0001596224-25-000003.txt
1683408,Rocky Shore Gold Ltd.,D,20251010,edgar/data/1683408/0001062993-25-016020.txt
1685409,"SKYRYSE, INC.",D,20251010,edgar/data/1685409/0001685409-25-000005.txt
1704238,"Somatix, Inc.",D,20251010,edgar/data/1704238/0001704238-25-000002.txt
1711711,SANDGLASS OPPORTUNITY FUND L.P.,D,20251010,edgar/data/1711711/0001711711-25-000002.txt
1754180,FORTE GROUP HOLDINGS INC.,D,20251010,edgar/data/1754180/0001754180-25-000003.txt
1790169,Flora Growth Corp.,D,20251010,edgar/data/1790169/0000912282-25-001056.txt
1790169,Flora Growth Corp.,D,20251010,edgar/data/1790169/0000912282-25-001058.txt
1791344,"Carver Edison, Inc.",D,20251010,edgar/data/1791344/0001791344-25-000005.txt
1794409,"Eckard Land & Acquisition, LLC",D,20251010,edgar/data/1794409/0001794409-25-000002.txt
1807887,Laser Photonics Corp,D,20251010,edgar/data/1807887/0001493152-25-017821.txt
1812360,FOXO TECHNOLOGIES INC.,D,20251010,edgar/data/1812360/0001553997-25-000024.txt
1820832,"AeroShield Materials, Inc.",D,20251010,edgar/data/1820832/0001820832-25-000003.txt
1840495,American Stories Entertainment Inc.,D,20251010,edgar/data/1840495/0001096906-25-001667.txt
1877730,"VRTKL, INC.",D,20251010,edgar/data/1877730/0001877730-25-000003.txt
1880567,"Bowie Capital Offshore Partners, Ltd.",D,20251010,edgar/data/1880567/0001880567-25-000003.txt
1886400,"Integral Urgent Care Zeta, LLC",D,20251010,edgar/data/1886400/0001886400-25-000002.txt
1886402,"Integral Urgent Care Epsilon, LLC",D,20251010,edgar/data/1886402/0001886402-25-000002.txt
1902649,BlackRock Private Credit Fund,D,20251010,edgar/data/1902649/0000950172-25-000191.txt
1920294,REZOLVE AI PLC,D,20251010,edgar/data/1920294/0001920294-25-000005.txt
1944674,"Eckard TX Holdings, LLC",D,20251010,edgar/data/1944674/0001944674-25-000002.txt
1956033,"OSP Gannett Holdings, LLC",D,20251010,edgar/data/1956033/0000950172-25-000190.txt
1964095,"Firestorm Labs, Inc.",D,20251010,edgar/data/1964095/0001964095-25-000004.txt
1975746,"Airloom Energy, Inc.",D,20251010,edgar/data/1975746/0001975746-25-000003.txt
1987454,Flo Technology Inc,D,20251010,edgar/data/1987454/0001814554-25-000136.txt
1990354,Waystar Holding Corp.,D,20251010,edgar/data/1990354/0001990354-25-000017.txt
2001557,"Innventure, Inc.",D,20251010,edgar/data/2001557/0001140361-25-037936.txt
2007783,"OK Stone Engineering, Inc.",D,20251010,edgar/data/2007783/0002007783-25-000002.txt
2017742,FOLLOWONE INC,D,20251010,edgar/data/2017742/0001493152-25-017764.txt
2022895,"Archive Intelligence, Inc.",D,20251010,edgar/data/2022895/0002022895-25-000003.txt
2023181,Human Intel Institute,D,20251010,edgar/data/2023181/0002023181-25-000003.txt
2024047,"Sprinter Spirits, Inc.",D,20251010,edgar/data/2024047/0002024047-25-000002.txt
2025960,"Kyber Knight Capital 2, L.P.",D,20251010,edgar/data/2025960/0001231919-25-000305.txt
2036879,"Arrow Bridging SCSp, SICAV-RAIF",D,20251010,edgar/data/2036879/0002036879-25-000002.txt
2041105,SPARKSERV INC.,D,20251010,edgar/data/2041105/0002041105-25-000002.txt
2051331,"TuringDream, Inc.",D,20251010,edgar/data/2051331/0002051331-25-000004.txt
2054506,Oration Inc.,D,20251010,edgar/data/2054506/0002054506-25-000004.txt
2067241,Washington Harbour Sandbox LLC,D,20251010,edgar/data/2067241/0002067241-25-000001.txt
2068787,"EL-0417 Fund I, a series of Cool Climate Collective, LP",D,20251010,edgar/data/2068787/0002068787-25-000001.txt
2069885,1 XCF Incubator LLC,D,20251010,edgar/data/2069885/0002069885-25-000002.txt
2074695,"LS Affiliates & Partners 2025, L.P.",D,20251010,edgar/data/2074695/0001012975-25-000630.txt
2077097,"American Ventures LLC, Series XIV JFB",D,20251010,edgar/data/2077097/0002077097-25-000001.txt
2078868,"FreeFall 5G, Inc.",D,20251010,edgar/data/2078868/0001062993-25-016026.txt
2079172,Kantor Private Opportunities IX LP,D,20251010,edgar/data/2079172/0000950172-25-000188.txt
2080054,"Series 52-1, a series of StartEngine Private LLC",D,20251010,edgar/data/2080054/0002080054-25-000001.txt
2080076,Stonepeak Carrera (Co-Invest) Holdings II (CYM) LP,D,20251010,edgar/data/2080076/0002080076-25-000001.txt
2080161,"Acadian Global Equity Dynamic Extension Fund, LLC",D,20251010,edgar/data/2080161/0002080161-25-000001.txt
2080388,WH Strategic Opportunities Fund VI LP,D,20251010,edgar/data/2080388/0002080388-25-000001.txt
2080951,"CB Madison IV, LP",D,20251010,edgar/data/2080951/0002080951-25-000001.txt
2081502,Regal Tactical Opportunities (Offshore) US Feeder Fund,D,20251010,edgar/data/2081502/0002081502-25-000001.txt
2082261,"AE-0603 Fund I, a series of Roll Up Vehicles, LP",D,20251010,edgar/data/2082261/0002082261-25-000001.txt
2082464,"WE-0716 Fund II, a series of Roll Up Vehicles, LP",D,20251010,edgar/data/2082464/0002082464-25-000001.txt
2082946,"BA-0725 Fund I, a series of Umami Capital, LP",D,20251010,edgar/data/2082946/0002082946-25-000002.txt
2083111,SPC Mountain Ridge LLC,D,20251010,edgar/data/2083111/0002083111-25-000001.txt
2083362,"UP 14 Pryor Holdings, LLC",D,20251010,edgar/data/2083362/0002083362-25-000001.txt
2084046,"Physical Dream, Inc.",D,20251010,edgar/data/2084046/0002084046-25-000001.txt
2084049,"Pax-AS-0731 Fund I, a series of AngelList Funds 2025, LP",D,20251010,edgar/data/2084049/0002084049-25-000001.txt
2084095,"Alexandre-JU-0723 Fund I, a series of AngelList Funds 2025, LP",D,20251010,edgar/data/2084095/0002084095-25-000001.txt
2084306,"SONORA ESTATES, L.P.",D,20251010,edgar/data/2084306/0002084306-25-000002.txt
2084541,Corfu Mountain Ridge LLC,D,20251010,edgar/data/2084541/0002084541-25-000001.txt
2084567,ECM Fund 61 LLC,D,20251010,edgar/data/2084567/0002084567-25-000001.txt
2084582,"LAM6 SPV, a series of Riverside Ventures Self-Advised, LP",D,20251010,edgar/data/2084582/0002084582-25-000001.txt
2085268,"BA-0813 Fund I, a series of Contrary Capital AL, LP",D,20251010,edgar/data/2085268/0002085268-25-000001.txt
2085293,"EASTEX PALMETTO ESTATES, L.P.",D,20251010,edgar/data/2085293/0002085293-25-000002.txt
2085342,"AVSF - Valar Atomics 2025, LLC",D,20251010,edgar/data/2085342/0002085342-25-000001.txt
2085404,Focus Senior Housing Fund III LP,D,20251010,edgar/data/2085404/0002085404-25-000001.txt
2085620,"Digital Garland 2C REIT, LLC",D,20251010,edgar/data/2085620/0002085805-25-000002.txt
2085621,"Digital Garland 2B REIT, LLC",D,20251010,edgar/data/2085621/0002085805-25-000002.txt
2085622,"Digital Filigree REIT, LLC",D,20251010,edgar/data/2085622/0002085805-25-000002.txt
2085623,"Digital Sterling 2 REIT, LLC",D,20251010,edgar/data/2085623/0002085805-25-000002.txt
2085624,"Digital Lafayette 2045 REIT, LLC",D,20251010,edgar/data/2085624/0002085805-25-000002.txt
2085707,"Network of Virtual Physicians, Inc.",D,20251010,edgar/data/2085707/0002085707-25-000004.txt
2085720,Magnolia Opportunities LLC Series 4,D,20251010,edgar/data/2085720/0002085720-25-000001.txt
2085803,"Digital Grizzly REIT, LLC",D,20251010,edgar/data/2085803/0002085805-25-000002.txt
2085804,"Digital Totowa 2 REIT, LLC",D,20251010,edgar/data/2085804/0002085805-25-000002.txt
2085805,"Digital Collins 908 REIT, LLC",D,20251010,edgar/data/2085805/0002085805-25-000002.txt
2085843,"CA Resources Fund (U.S. Tax-Exempt), L.P. Series FCO VI Co-Invest",D,20251010,edgar/data/2085843/0000929638-25-003874.txt
2086094,"SL-0822 Fund I, a series of JMWTX Investments, LP",D,20251010,edgar/data/2086094/0002086094-25-000001.txt
2086605,"CA-0827 Fund II, a series of RH Network Ventures, LP",D,20251010,edgar/data/2086605/0002086605-25-000001.txt
2086645,"Blue Vista Diversified Storage Solutions Fund, LP",D,20251010,edgar/data/2086645/0002086645-25-000001.txt
2086967,"CO-0903 Fund I, a series of Hustle Fund Angel Squad, LP",D,20251010,edgar/data/2086967/0002086967-25-000001.txt
2087104,"FR Ascent Feeder Alternative, L.P.",D,20251010,edgar/data/2087104/0002087104-25-000001.txt
2087111,"First Reserve Ascent Opportunities Fund, L.P.",D,20251010,edgar/data/2087111/0002087111-25-000001.txt
2087124,"First Reserve Ascent Opportunities Feeder Fund, L.P.",D,20251010,edgar/data/2087124/0002087124-25-000001.txt
2087262,"SPV-PR-0905 Fund I, a series of AngelList Funds 2025, LP",D,20251010,edgar/data/2087262/0002087262-25-000001.txt
2087571,SQ Student Housing Partners II LP,D,20251010,edgar/data/2087571/0002087571-25-000001.txt
2087886,"Limitless Mountain Ridge, LLC",D,20251010,edgar/data/2087886/0002087886-25-000001.txt
2088005,BIP IV Iceman Co-Investment L.P.,D,20251010,edgar/data/2088005/0002088005-25-000001.txt
2088212,"EX-0912 Fund I, a series of InvestInData, LP",D,20251010,edgar/data/2088212/0002088212-25-000001.txt
2088230,"Jubarte-PS-0915 Fund II, a series of AngelList Funds 2025, LP",D,20251010,edgar/data/2088230/0002088230-25-000001.txt
2088555,"Arrowrock U.S. Industrial Fund V, LP",D,20251010,edgar/data/2088555/0002088555-25-000001.txt
2088758,"FD Stonewater STAR Evergreen Fund D, L.P.",D,20251010,edgar/data/2088758/0000906791-25-000007.txt
2088759,"FD Stonewater STAR Evergreen Fund C, L.P.",D,20251010,edgar/data/2088759/0000906791-25-000005.txt
2088789,"Acadian All-Country World ex-U.S. Equity Dynamic Extension Fund, LLC",D,20251010,edgar/data/2088789/0002088789-25-000001.txt
2088981,"DE-0918 Fund I, a series of MV Funds, LP",D,20251010,edgar/data/2088981/0002088981-25-000001.txt
2089007,"Thrivent White Rose Fund XVI Fund of Funds, L.P.",D,20251010,edgar/data/2089007/0000905148-25-003575.txt
2089008,"Thrivent White Rose Fund XVI Equity Direct, L.P.",D,20251010,edgar/data/2089008/0000905148-25-003574.txt
2089009,"Thrivent White Rose Real Estate Fund VI, L.P.",D,20251010,edgar/data/2089009/0000905148-25-003577.txt
2089010,"Thrivent White Rose Endurance Fund IV, L.P.",D,20251010,edgar/data/2089010/0000905148-25-003570.txt
2089157,"Ultranative SPV 4 MAPS PBC, LLC",D,20251010,edgar/data/2089157/0002089157-25-000001.txt
2089187,"Trout Holdings, L.P.",D,20251010,edgar/data/2089187/0000905148-25-003579.txt
2089196,"ALG Mountain Ridge, LLC",D,20251010,edgar/data/2089196/0002089196-25-000001.txt
2089225,"Council Oaks SPV II-B, LP",D,20251010,edgar/data/2089225/0002089226-25-000001.txt
2089226,"Council Oaks SPV II-A, LP",D,20251010,edgar/data/2089226/0002089226-25-000001.txt
2089227,"Council Oaks SPV III, LP",D,20251010,edgar/data/2089227/0002089227-25-000001.txt
2089312,Advaita Capital Fund IIIA LP,D,20251010,edgar/data/2089312/0002089312-25-000001.txt
2089443,"Periscope Harbor Partners, LLC",D,20251010,edgar/data/2089443/0002089443-25-000001.txt
2089617,Silver Springs Capital Group LLC,D,20251010,edgar/data/2089617/0002089617-25-000001.txt
2089675,RNTREC No. 1 LLC,D,20251010,edgar/data/2089675/0002089675-25-000001.txt
2089742,Lucky Ox LLC,D,20251010,edgar/data/2089742/0002089742-25-000004.txt
2089782,"Atlantic Ridge Fund I-A, LP",D,20251010,edgar/data/2089782/0002089782-25-000001.txt
2089785,"Atlantic Ridge Fund I Executive, LP",D,20251010,edgar/data/2089785/0002089785-25-000001.txt
2089807,Rithm Property Trust II REIT Inc.,D,20251010,edgar/data/2089807/0002089807-25-000001.txt
2089830,"Atlantic Ridge Fund I, LP",D,20251010,edgar/data/2089830/0002089830-25-000001.txt
2089870,"RCP SMALL & EMERGING FUND IV, LP",D,20251010,edgar/data/2089870/0002089870-25-000001.txt
2090031,Savior Brain Inc.,D,20251010,edgar/data/2090031/0002090031-25-000001.txt
2090118,Silverton Financial LLC,D,20251010,edgar/data/2090118/0002090118-25-000001.txt
2090285,SAINVUS LLC,D,20251010,edgar/data/2090285/0002090285-25-000002.txt
2090292,"Significance 1 Iron Partners, LP",D,20251010,edgar/data/2090292/0002090292-25-000001.txt
2090357,Linus Health 2025 SPV a Series of CGF2021 LLC,D,20251010,edgar/data/2090357/0002090357-25-000001.txt
2090359,HPC-002-I a Series of Hyperparameter Opportunities LLC,D,20251010,edgar/data/2090359/0002090359-25-000001.txt
2090360,Features Opp Fund Prana 2025Q2 a Series of CGF2021 LLC,D,20251010,edgar/data/2090360/0002090360-25-000001.txt
2090361,LLMVENTURES 2025 a Series of CGF2021 LLC,D,20251010,edgar/data/2090361/0002090361-25-000001.txt
2090363,"SPHB Investors, LLC",D,20251010,edgar/data/2090363/0002090363-25-000001.txt
2090411,Meshflow SOL III LLC,D,20251010,edgar/data/2090411/0002090411-25-000001.txt
2090433,"HSREP X F2, L.P.",D,20251010,edgar/data/2090433/0002090433-25-000001.txt
2090447,Birdseye Global Inc.,D,20251010,edgar/data/2090447/0002090447-25-000001.txt
2090591,Envision Health Technologies Inc,D,20251010,edgar/data/2090591/0002090591-25-000001.txt
2090595,"Mindworks Technologies, Inc.",D,20251010,edgar/data/2090595/0002090595-25-000001.txt
2090625,Reliable Residence Inc,D,20251010,edgar/data/2090625/0002090625-25-000001.txt
2090682,TheHouse x 655 Las Lomas Holding Co LLC,D,20251010,edgar/data/2090682/0002090682-25-000001.txt
2090691,"H o M Opportunity III, LLC",D,20251010,edgar/data/2090691/0001096906-25-001670.txt
2090721,KD.SPUR LLC,D,20251010,edgar/data/2090721/0002090721-25-000002.txt
2090732,"SU-0117 Fund III, a series of Roll Up Vehicles, LP",D,20251010,edgar/data/2090732/0002090732-25-000001.txt
2090743,"3Spoke Capital - HOW1-1, LP",D,20251010,edgar/data/2090743/0002090743-25-000001.txt
2090754,Excavate FPC LP,D,20251010,edgar/data/2090754/0000919574-25-006076.txt
2090778,"AeroRx Therapeutics, Inc.",D,20251010,edgar/data/2090778/0001231919-25-000297.txt
2090783,Invest Clearly Inc.,D,20251010,edgar/data/2090783/0002090783-25-000001.txt
2090830,"Bincar, LLC",D,20251010,edgar/data/2090830/0002090830-25-000001.txt
2090832,"Hill Creek Commons, LLC",D,20251010,edgar/data/2090832/0002090832-25-000001.txt
2090835,avra SPV IV LP,D,20251010,edgar/data/2090835/0002090835-25-000001.txt
2090920,JS OPPORTUNITY FUND LLC SERIES Q31,D,20251010,edgar/data/2090920/0002090920-25-000001.txt
2090924,"Endeavor Catalyst V, L.P.",D,20251010,edgar/data/2090924/0000898432-25-000826.txt
2090938,PharmassetX Inc.,D,20251010,edgar/data/2090938/0002090938-25-000001.txt
2090950,ZP Morrisville LLC,D,20251010,edgar/data/2090950/0002090950-25-000001.txt
2090986,Kinetic Studio Inc.,D,20251010,edgar/data/2090986/0002090986-25-000001.txt
2090986,Kinetic Studio Inc.,D,20251010,edgar/data/2090986/0002090986-25-000002.txt
2091030,NDH Opportunity Funds LLC - Series 1,D,20251010,edgar/data/2091030/0002091030-25-000001.txt
2091057,NDH Opportunity Funds LLC - Series 2,D,20251010,edgar/data/2091057/0002091057-25-000001.txt
2091059,Atlas Midco Ltd,D,20251010,edgar/data/2091059/0000950172-25-000189.txt
2091060,"Machine I, a Series of E1 VC, LLC",D,20251010,edgar/data/2091060/0002091060-25-000001.txt
2091060,"Machine I, a Series of E1 VC, LLC",D,20251010,edgar/data/2091060/0002091060-25-000002.txt
2091064,Atlas Topco Ltd,D,20251010,edgar/data/2091064/0000950172-25-000189.txt
2091078,"Mount Stone 2024, LLC",D,20251010,edgar/data/2091078/0002091078-25-000001.txt
2091079,Atlas Bidco Ltd,D,20251010,edgar/data/2091079/0000950172-25-000189.txt
2091112,Duende DB SPV XII a Series of Duende Capital LLC,D,20251010,edgar/data/2091112/0002091112-25-000001.txt
2091113,Turris SAFE Sep 2025 a Series of CGF2021 LLC,D,20251010,edgar/data/2091113/0002091113-25-000001.txt
2091116,American DeepTech ARPA S S12 a Series of CGF2021 LLC,D,20251010,edgar/data/2091116/0002091116-25-000001.txt
2091117,Bay Compute a Series of CGF2021 LLC,D,20251010,edgar/data/2091117/0002091117-25-000001.txt
2091118,TITAN (L-2) a Series of Entrada Ventures II Master LLC,D,20251010,edgar/data/2091118/0002091118-25-000001.txt
2091122,Katch MWEST SPV1 Aug 2025 a Series of CGF2021 LLC,D,20251010,edgar/data/2091122/0002091122-25-000001.txt
2091123,Oraion Jun 2025 a Series of CGF2021 LLC,D,20251010,edgar/data/2091123/0002091123-25-000001.txt
2091127,"SPCX SYND III, a Series of 2H Opportunities, LLC",D,20251010,edgar/data/2091127/0002091127-25-000001.txt
2091132,"Platinum Sun Principals International (Cayman), L.P.",D,20251010,edgar/data/2091132/0002091132-25-000001.txt
2091161,"Sequoia Capital Growth Partners Fund XI, L.P.",D,20251010,edgar/data/2091161/0002062357-25-000040.txt
2091184,Flatiron Minerals LLC,D,20251010,edgar/data/2091184/0002091184-25-000001.txt
2091192,LCP MX EB-5 Lender LLC,D,20251010,edgar/data/2091192/0002091192-25-000001.txt
2091203,"Just Cobuild, Co",D,20251010,edgar/data/2091203/0001062993-25-016021.txt
2091265,Turkey Hills Investments LLC,D,20251010,edgar/data/2091265/0002091265-25-000001.txt
771266,KOPIN CORP,D,20251010,edgar/data/771266/0001493152-25-017812.txt
1141284,ACTELIS NETWORKS INC,D,20251014,edgar/data/1141284/0001213900-25-098761.txt
1141284,ACTELIS NETWORKS INC,D,20251014,edgar/data/1141284/0001213900-25-098762.txt
1319161,Warner Music Group Corp.,D,20251014,edgar/data/1319161/0002062357-25-000044.txt
1357971,Energy Services of America CORP,D,20251014,edgar/data/1357971/0001437749-25-030901.txt
1363364,Baker Brothers Life Sciences LP,D,20251014,edgar/data/1363364/0001104659-25-099348.txt
1427901,Gold Strike Resources Corp.,D,20251014,edgar/data/1427901/0002060755-25-000050.txt
1560143,WYTEC INTERNATIONAL INC,D,20251014,edgar/data/1560143/0001065949-25-000028.txt
1619280,HCIF Offshore LP,D,20251014,edgar/data/1619280/0001104659-25-099351.txt
1622223,"CVA Investment Fund, LP",D,20251014,edgar/data/1622223/0001622223-25-000002.txt
1655210,"BEYOND MEAT, INC.",D,20251014,edgar/data/1655210/0001655210-25-000194.txt
1714963,"Helia Care, Inc.",D,20251014,edgar/data/1714963/0001714963-25-000003.txt
1724863,"Medmo, Inc.",D,20251014,edgar/data/1724863/0001231919-25-000311.txt
1729623,First Mutual Holding Co.,D,20251014,edgar/data/1729623/0001729623-25-000003.txt
1755802,"One Roq Spirits, LLC",D,20251014,edgar/data/1755802/0001755802-25-000005.txt
1775042,"Hockey Parent Holdings, L.P.",D,20251014,edgar/data/1775042/0001775042-25-000012.txt
1792694,Affinia Therapeutics Inc.,D,20251014,edgar/data/1792694/0001231919-25-000313.txt
1797475,"Kilo Hedged Commodity Credit Fund, LP",D,20251014,edgar/data/1797475/0001797475-25-000003.txt
1811660,"Intento, Inc.",D,20251014,edgar/data/1811660/0001811660-25-000002.txt
1812747,"BlackBoiler, Inc.",D,20251014,edgar/data/1812747/0001812747-25-000002.txt
1815624,"GelMEDIX, Inc.",D,20251014,edgar/data/1815624/0001815624-25-000005.txt
1819319,"IMAGEN DENTAL PARTNERS, LLC",D,20251014,edgar/data/1819319/0001819319-25-000064.txt
1820190,Scilex Holding Co,D,20251014,edgar/data/1820190/0001193125-25-238985.txt
1847209,"Hydra Host, Inc.",D,20251014,edgar/data/1847209/0001847209-25-000003.txt
1878313,"MAIA Biotechnology, Inc.",D,20251014,edgar/data/1878313/0001493152-25-018014.txt
1884784,"LFP Soil Enrichment Fund, LP",D,20251014,edgar/data/1884784/0001884784-25-000002.txt
1887982,"Stewards Spectrum Fund, LLC",D,20251014,edgar/data/1887982/0001887982-25-000002.txt
1899952,Spearbit Labs Inc.,D,20251014,edgar/data/1899952/0001899952-25-000003.txt
1900805,"uplift labs, inc.",D,20251014,edgar/data/1900805/0001900805-25-000002.txt
1910175,Indapta Therapeutics Inc.,D,20251014,edgar/data/1910175/0001910175-25-000003.txt
1916759,"FlyUSA, Inc.",D,20251014,edgar/data/1916759/0001916759-25-000002.txt
1918792,"T SQRD, Inc.",D,20251014,edgar/data/1918792/0001918792-25-000003.txt
1938569,Palomino Laboratories Inc.,D,20251014,edgar/data/1938569/0001493152-25-017841.txt
1951732,Mesh Digital Services Inc.,D,20251014,edgar/data/1951732/0001951732-25-000004.txt
1963920,"Calculum, Inc.",D,20251014,edgar/data/1963920/0001963920-25-000003.txt
1968346,Astra Exploration Inc.,D,20251014,edgar/data/1968346/0001062993-25-016040.txt
1979084,"Kineticos Disruptor Fund XM11, LLC",D,20251014,edgar/data/1979084/0001979084-25-000002.txt
1981123,Polygraf Inc.,D,20251014,edgar/data/1981123/0001981123-25-000004.txt
1984977,Leerink Aggregator LP,D,20251014,edgar/data/1984977/0000950172-25-000196.txt
1986230,Nuclearn Inc.,D,20251014,edgar/data/1986230/0001986230-25-000002.txt
2003006,"Brooklyn Dumpling Parent Holdings, Inc.",D,20251014,edgar/data/2003006/0001062993-25-016041.txt
2003006,"Brooklyn Dumpling Parent Holdings, Inc.",D,20251014,edgar/data/2003006/0001062993-25-016042.txt
2004801,Arkea Bio Corp.,D,20251014,edgar/data/2004801/0002004801-25-000002.txt
2010469,FirstHive Tech Corp,D,20251014,edgar/data/2010469/0001042167-25-000055.txt
2017424,Self Bill Pro LLC,D,20251014,edgar/data/2017424/0002017424-25-000002.txt
2017572,"Champion Wellness Holdings, LLC",D,20251014,edgar/data/2017572/0002017572-25-000002.txt
2032320,Venerable Ventures Ltd.,D,20251014,edgar/data/2032320/0002064835-25-000017.txt
2039381,Long River Global Equity Fund,D,20251014,edgar/data/2039381/0002039381-25-000002.txt
2040676,"Wilshire Bridgewater Managed Alpha (Ireland) Fund, a sub fund of Wilshire Solutions ICAV",D,20251014,edgar/data/2040676/0002040676-25-000005.txt
2040678,Wilshire Bridgewater Managed Alpha Fund Ltd,D,20251014,edgar/data/2040678/0002040678-25-000004.txt
2057882,"Supervest Investments, LLC, Series D",D,20251014,edgar/data/2057882/0002057882-25-000002.txt
2057884,"Supervest Investments, LLC, Series E",D,20251014,edgar/data/2057884/0002057884-25-000002.txt
2061951,Morrison Value Add II SCSp,D,20251014,edgar/data/2061951/0002061951-25-000003.txt
2061998,MVA II (US Parallel) LP,D,20251014,edgar/data/2061998/0002061998-25-000003.txt
2062333,Beyond The Checkout Inc.,D,20251014,edgar/data/2062333/0002062333-25-000012.txt
2064003,Vardera Labs Inc.,D,20251014,edgar/data/2064003/0002064003-25-000002.txt
2070396,"WorkHack, Inc.",D,20251014,edgar/data/2070396/0002070396-25-000002.txt
2075049,"Nassau Street Ventures Fund 8, LLC",D,20251014,edgar/data/2075049/0002075049-25-000001.txt
2076685,EquityZen Growth Technology Fund LLC - Series 2134,D,20251014,edgar/data/2076685/0002076685-25-000001.txt
2077406,"DVB Capital Partners Clearwater, LLC",D,20251014,edgar/data/2077406/0002077406-25-000001.txt
2078255,"Apollo Accord Co-Investors VII (A), L.P.",D,20251014,edgar/data/2078255/0000950142-25-002745.txt
2078875,"Peachtree Special Situations Fund I, L.P.",D,20251014,edgar/data/2078875/0002078875-25-000002.txt
2078875,"Peachtree Special Situations Fund I, L.P.",D,20251014,edgar/data/2078875/0002078875-25-000003.txt
2079783,EquityZen Growth Technology Fund LLC - Series 2156,D,20251014,edgar/data/2079783/0002079783-25-000001.txt
2079791,EquityZen Growth Technology Fund LLC - Series 2148,D,20251014,edgar/data/2079791/0002079791-25-000001.txt
2080374,"DV Energy Special Opportunities Fund I, LP",D,20251014,edgar/data/2080374/0002080374-25-000004.txt
2081155,Lumora Clinic Services LLC,D,20251014,edgar/data/2081155/0002081155-25-000001.txt
2081607,"V29 Capital Continuation Vehicle, L.P.",D,20251014,edgar/data/2081607/0000950142-25-002777.txt
2082069,"Living Tale Series Productions, LLC",D,20251014,edgar/data/2082069/0001085146-25-005949.txt
2082148,"V29 Capital Continuation Vehicle (Offshore), L.P.",D,20251014,edgar/data/2082148/0000950142-25-002774.txt
2082161,Donum Charitable Lending Fund 1 LLC,D,20251014,edgar/data/2082161/0002082161-25-000001.txt
2082937,"Rise Mountain Ridge Partners, LLC",D,20251014,edgar/data/2082937/0002082937-25-000001.txt
2083104,"Investment Solutions Lead Edge 2025 Access Fund, LP",D,20251014,edgar/data/2083104/0002083104-25-000001.txt
2083520,"Green Steel Enviornmental, Inc.",D,20251014,edgar/data/2083520/0002083520-25-000001.txt
2084669,"AR-0814 Fund I, a series of Andrew Tan Investments, LP",D,20251014,edgar/data/2084669/0002084669-25-000001.txt
2085227,"CCP Trinity Aquifer, LLC - REH",D,20251014,edgar/data/2085227/0002085227-25-000001.txt
2086445,Noogenesis Capital Partners LP,D,20251014,edgar/data/2086445/0001013594-25-001211.txt
2086542,VCI INTERMEDIATE TOPCO 1 LLC,D,20251014,edgar/data/2086542/0001012975-25-000631.txt
2087065,Too Successful Corp.,D,20251014,edgar/data/2087065/0001079973-25-001597.txt
2087219,Get Outdoor App Tech LLC,D,20251014,edgar/data/2087219/0000892712-25-000120.txt
2087518,"PGIM Credit Secondaries (Rated Feeder Fund) I, L.P.",D,20251014,edgar/data/2087518/0002087518-25-000001.txt
2087519,"PGIM Credit Secondaries Fund I, L.P.",D,20251014,edgar/data/2087519/0002087519-25-000001.txt
2087839,Hurricane Hunter Global Strategies Fund 1 LP,D,20251014,edgar/data/2087839/0000919574-25-006114.txt
2087847,"BCG North Texas Industrial, LLC",D,20251014,edgar/data/2087847/0002087847-25-000001.txt
2087897,Portfolia Women's Health Fund IV LLC,D,20251014,edgar/data/2087897/0002087897-25-000001.txt
2087933,"Infra IV, a Series of E1 VC, LLC",D,20251014,edgar/data/2087933/0002087933-25-000001.txt
2088092,"Dynasty AI Opportunity I, L.P.",D,20251014,edgar/data/2088092/0001012975-25-000632.txt
2088111,"Endurus Court Place, LLC",D,20251014,edgar/data/2088111/0002088111-25-000001.txt
2088154,"NTT DCR US REIT, LLC",D,20251014,edgar/data/2088154/0002088154-25-000001.txt
2088218,PRIVATE INVESTMENT OPPORTUNITY FUND LLC - SERIES SKY,D,20251014,edgar/data/2088218/0002088218-25-000001.txt
2088535,"BBH Harriman Series, LLC - Venture Capital 2025 Series",D,20251014,edgar/data/2088535/0002088535-25-000001.txt
2088536,BBH Harriman Series Unit Trust - Venture Capital 2025 Sub-Trust,D,20251014,edgar/data/2088536/0002088536-25-000001.txt
2088695,"SWC SCP Cedar Mill, LLC",D,20251014,edgar/data/2088695/0002088695-25-000001.txt
2088735,NOVA-DartPoints Co-Invest LP,D,20251014,edgar/data/2088735/0002088735-25-000001.txt
2088904,"Homekick, Inc.",D,20251014,edgar/data/2088904/0002088904-25-000001.txt
2089228,D1 Private Co-Investment Fund Onshore LP,D,20251014,edgar/data/2089228/0000950142-25-002804.txt
2089229,D1 Private Co-Investment Fund Offshore LP,D,20251014,edgar/data/2089229/0000950142-25-002803.txt
2089230,D1 Private Fund Offshore LP,D,20251014,edgar/data/2089230/0000950142-25-002805.txt
2089231,D1 Private Fund Onshore LP,D,20251014,edgar/data/2089231/0000950142-25-002806.txt
2089265,Bitcoin Well Inc.,D,20251014,edgar/data/2089265/0002089265-25-000003.txt
2089289,Quiet T2 LP,D,20251014,edgar/data/2089289/0002089289-25-000001.txt
2089314,CF Westshore Multifamily DST,D,20251014,edgar/data/2089314/0002089314-25-000001.txt
2089370,ShelfCycle Inc.,D,20251014,edgar/data/2089370/0001470831-25-000257.txt
2089432,Vylit Inc.,D,20251014,edgar/data/2089432/0002089432-25-000001.txt
2089492,"S Capital Opportunity B Fund, L.P. - Series Three",D,20251014,edgar/data/2089492/0002089492-25-000001.txt
2089570,Harlem Box Braids Development Ltd Liability Co,D,20251014,edgar/data/2089570/0002089570-25-000001.txt
2089578,"Morfoo, LLC",D,20251014,edgar/data/2089578/0002089578-25-000001.txt
2089816,Vireon Group Inc.,D,20251014,edgar/data/2089816/0002089816-25-000001.txt
2089837,Aaroh Fund I - A Scheme of Aaroh Capital Trust,D,20251014,edgar/data/2089837/0002089837-25-000001.txt
2089881,"Independent Access Partners Venture Fund II, LLC",D,20251014,edgar/data/2089881/0002089881-25-000001.txt
2089971,Quinbrook III SCSp,D,20251014,edgar/data/2089971/0002089971-25-000001.txt
2089983,4DX VENTURES X1 LP,D,20251014,edgar/data/2089983/0002081111-25-000021.txt
2090045,"Neoster Global, Inc.",D,20251014,edgar/data/2090045/0002090045-25-000001.txt
2090052,"Cyberstarts Opportunity Fund II, L.P.",D,20251014,edgar/data/2090052/0002090052-25-000001.txt
2090079,"Endeavour OM, LP",D,20251014,edgar/data/2090079/0002090079-25-000001.txt
2090088,"Gaston Oloyo, LP",D,20251014,edgar/data/2090088/0002090088-25-000005.txt
2090090,"MOG Apkudo Investment IV, LLC",D,20251014,edgar/data/2090090/0002090090-25-000001.txt
2090106,Bergamot Front Row Fund I LP,D,20251014,edgar/data/2090106/0002090106-25-000001.txt
2090110,GreenLyne Inc.,D,20251014,edgar/data/2090110/0001231919-25-000312.txt
2090159,QUALITY LIVING FUND LLC,D,20251014,edgar/data/2090159/0002090159-25-000001.txt
2090180,NB Breton Hill Multi-Style Premia Fund LP,D,20251014,edgar/data/2090180/0000905148-25-003588.txt
2090420,"Fortress Energy Partners V, LP",D,20251014,edgar/data/2090420/0002090420-25-000001.txt
2090436,Bracco Loan Opportunity Fund LP,D,20251014,edgar/data/2090436/0000902664-25-004387.txt
2090437,VVI I Jaycar LP,D,20251014,edgar/data/2090437/0002090437-25-000001.txt
2090456,Lakestar CF I LP,D,20251014,edgar/data/2090456/0002090456-25-000001.txt
2090524,"PhiFund2, LP",D,20251014,edgar/data/2090524/0002090524-25-000001.txt
2090554,Antares Ventures Fund VCC - Antares Ventures I,D,20251014,edgar/data/2090554/0002090554-25-000001.txt
2090572,Redwood Crystal Lake Central Park Drive IL P2 LLC,D,20251014,edgar/data/2090572/0002090572-25-000001.txt
2090608,"Production Network, Inc.",D,20251014,edgar/data/2090608/0002090608-25-000001.txt
2090616,Rudolph/Libbe Companies Inc.,D,20251014,edgar/data/2090616/0002090616-25-000001.txt
2090636,"Conquiro, Inc.",D,20251014,edgar/data/2090636/0002090636-25-000001.txt
2090644,Charger Investment Partners Catalyst Fund LP,D,20251014,edgar/data/2090644/0002090644-25-000001.txt
2090652,MERIT SPE 7 LLC,D,20251014,edgar/data/2090652/0002090652-25-000001.txt
2090675,"MPC FED 2025 NMTC Fund II, LLC",D,20251014,edgar/data/2090675/0000908834-25-000300.txt
2090848,"7 Star Investments, LLC",D,20251014,edgar/data/2090848/0002090848-25-000001.txt
2090907,Fortress European NPL & Asset Recovery Fund III (Dollar A) LP,D,20251014,edgar/data/2090907/0002090907-25-000001.txt
2090909,Fortress European NPL & Asset Recovery Fund III L.P.,D,20251014,edgar/data/2090909/0002090909-25-000001.txt
2090915,"Unicorn Select M, L.P.",D,20251014,edgar/data/2090915/0000950172-25-000194.txt
2090923,JS VENTURE FUND LLC SERIES A33,D,20251014,edgar/data/2090923/0002090923-25-000001.txt
2090941,Highland Legacy Capital LLC,D,20251014,edgar/data/2090941/0002090941-25-000001.txt
2091008,VI Last Energy SPV II a series of Vineyard Master LLC,D,20251014,edgar/data/2091008/0002091008-25-000001.txt
2091027,"Atlas Access Fund, L.P.",D,20251014,edgar/data/2091027/0002091027-25-000001.txt
2091037,"NROC Security, Inc.",D,20251014,edgar/data/2091037/0002091037-25-000001.txt
2091086,8188 Partners XVIII Sept 2025 a Series of CGF2021 LLC,D,20251014,edgar/data/2091086/0002091086-25-000001.txt
2091087,Moringa x Canva I a Series of Moringa Capital Ventures LLC,D,20251014,edgar/data/2091087/0002091087-25-000001.txt
2091089,April Leonis a Series of CGF2021 LLC,D,20251014,edgar/data/2091089/0002091089-25-000001.txt
2091090,Groq Ven III Jul 2025 a Series of Ventioneers Partners LLC,D,20251014,edgar/data/2091090/0002091090-25-000001.txt
2091091,Spencer Friends for ONO a Series of CGF2021 LLC,D,20251014,edgar/data/2091091/0002091091-25-000001.txt
2091093,Forrest AI Sep 2025 a Series of CGF2021 LLC,D,20251014,edgar/data/2091093/0002091093-25-000001.txt
2091094,AGC Mistral a Series of AGC AI Nexus Fund LLC,D,20251014,edgar/data/2091094/0002091094-25-000001.txt
2091095,Mistral AI T1V SPV Sep 2025 a Series of CGF2021 LLC,D,20251014,edgar/data/2091095/0002091095-25-000001.txt
2091098,Luna PreSeed a Series of CGF2021 LLC,D,20251014,edgar/data/2091098/0002091098-25-000001.txt
2091099,Pally AI T1V X Gaingels Sep 2025 a Series of CGF2021 LLC,D,20251014,edgar/data/2091099/0002091099-25-000001.txt
2091101,s20 SPV VIII a Series of CGF2021 LLC,D,20251014,edgar/data/2091101/0002091101-25-000001.txt
2091102,BJG 3 a Series of CGF2021 LLC,D,20251014,edgar/data/2091102/0002091102-25-000001.txt
2091103,T2D3 GROQ SEP 2025 a Series of CGF2021 LLC,D,20251014,edgar/data/2091103/0002091103-25-000001.txt
2091105,AOA Dx Series A Tranche 1 a Series of TBD Angels Master LLC,D,20251014,edgar/data/2091105/0002091105-25-000001.txt
2091106,Conteur Capital Break Sports a Series of CGF2021 LLC,D,20251014,edgar/data/2091106/0002091106-25-000001.txt
2091108,Project Dawnforge BSV a Series of CGF2021 LLC,D,20251014,edgar/data/2091108/0002091108-25-000001.txt
2091109,Ultranative 0.16 a Series of Ultranative Ventures I LLC,D,20251014,edgar/data/2091109/0002091109-25-000001.txt
2091110,xps.vc Jun 2025 a Series of CGF2021 LLC,D,20251014,edgar/data/2091110/0002091110-25-000001.txt
2091114,"CEJ Scottsdale Airpark Corporate Center, LLC",D,20251014,edgar/data/2091114/0000912282-25-001077.txt
2091153,Dahls Landscape & Design LLC,D,20251014,edgar/data/2091153/0002091153-25-000003.txt
2091158,"Kasko Fund I, LLC",D,20251014,edgar/data/2091158/0002091158-25-000001.txt
2091204,"YourSpace America QOF IV, LLC",D,20251014,edgar/data/2091204/0002091204-25-000001.txt
2091208,LotusGroup IncomePlus Fund IV LP,D,20251014,edgar/data/2091208/0002091208-25-000001.txt
2091238,"AH-DTS-00024732, LLC",D,20251014,edgar/data/2091238/0002091238-25-000001.txt
2091273,"McWilliams Capital Fund, LP",D,20251014,edgar/data/2091273/0002091273-25-000001.txt
2091342,ACP Opportunities VI Sep 2025 a Series of CGF2021 LLC,D,20251014,edgar/data/2091342/0002091342-25-000001.txt
2091344,Arete Newbury US Feeder Fund,D,20251014,edgar/data/2091344/0001315863-25-000732.txt
2091358,Arkhouse Value Fund VIII LP,D,20251014,edgar/data/2091358/0002091358-25-000001.txt
2091410,Naiad Inc.,D,20251014,edgar/data/2091410/0002091410-25-000001.txt
2091431,Uibit Global Exchange Inc.,D,20251014,edgar/data/2091431/0002091431-25-000001.txt
2091466,"San Antonio Note Fund, LLC",D,20251014,edgar/data/2091466/0002091466-25-000001.txt
2091472,"Pureflow US, LLC",D,20251014,edgar/data/2091472/0002091472-25-000001.txt
2091487,"SPI Chisholm Trail Equity DE, LLC",D,20251014,edgar/data/2091487/0002091487-25-000001.txt
2091490,"Pinegrove Capital Partners I Access, L.P.",D,20251014,edgar/data/2091490/0002091490-25-000001.txt
2091515,Winston Pointe LBC LLC,D,20251014,edgar/data/2091515/0002091515-25-000001.txt
2091518,Camco REPP 2 Feeder SCSp,D,20251014,edgar/data/2091518/0001123292-25-000541.txt
2091531,"Fresenius Medical Care Conshohocken Home, LLC",D,20251014,edgar/data/2091531/0002091531-25-000001.txt
2091539,GeoLiv Green Hill Apartments LLC,D,20251014,edgar/data/2091539/0002091539-25-000001.txt
2091558,"Oglethorpe Landing PH2, LLC",D,20251014,edgar/data/2091558/0002091558-25-000001.txt
1279740,ONASSIS HOLDINGS CORP.,D,20251015,edgar/data/1279740/0001279740-25-000004.txt
1368845,TINKA RESOURCES Ltd,D,20251015,edgar/data/1368845/0001368845-25-000002.txt
1563190,"Compass, Inc.",D,20251015,edgar/data/1563190/0001563190-25-000188.txt
1678825,Krista Software Inc.,D,20251015,edgar/data/1678825/0001678825-25-000002.txt
1700363,Andium Inc.,D,20251015,edgar/data/1700363/0001700363-25-000005.txt
1705558,"First Oklahoma Holdings, Inc.",D,20251015,edgar/data/1705558/0001705558-25-000003.txt
1753326,"Enhanced Compliance Solutions, Inc.",D,20251015,edgar/data/1753326/0001753326-25-000002.txt
1779338,"GMO Amplified Equity Dislocation Solution Fund, L.P.",D,20251015,edgar/data/1779338/0001779338-25-000002.txt
1812173,Vicarious Surgical Inc.,D,20251015,edgar/data/1812173/0001213900-25-099163.txt
1826666,"Steward Holdings (US), Inc.",D,20251015,edgar/data/1826666/0001826666-25-000003.txt
1833141,CYBIN INC.,D,20251015,edgar/data/1833141/0000912282-25-001082.txt
1837168,"DPR CONSTRUCTION, INC.",D,20251015,edgar/data/1837168/0001837168-25-000002.txt
1837168,"DPR CONSTRUCTION, INC.",D,20251015,edgar/data/1837168/0001837168-25-000003.txt
1864592,"Unwired Broadband Holdings, LLC",D,20251015,edgar/data/1864592/0002080612-25-000005.txt
1869920,AOA DX Inc.,D,20251015,edgar/data/1869920/0001869920-25-000002.txt
1873965,Belhaven Biopharma Inc.,D,20251015,edgar/data/1873965/0001231919-25-000318.txt
1882999,Ascribe Bioscience Inc.,D,20251015,edgar/data/1882999/0001882999-25-000002.txt
1904601,"COWBOY CLEAN FUELS, LLC",D,20251015,edgar/data/1904601/0001904601-25-000003.txt
1911135,"Defiant Engineering, LLC",D,20251015,edgar/data/1911135/0001911135-25-000003.txt
1911135,"Defiant Engineering, LLC",D,20251015,edgar/data/1911135/0001911135-25-000004.txt
1920199,Peer Global Inc.,D,20251015,edgar/data/1920199/0001920199-25-000005.txt
1920482,"Finerpoint, Inc.",D,20251015,edgar/data/1920482/0001920482-25-000003.txt
1926580,"Transformer TX Holdings, LLC",D,20251015,edgar/data/1926580/0001123292-25-000547.txt
1946504,"Bardot, Inc.",D,20251015,edgar/data/1946504/0001946504-25-000002.txt
1957309,UMT Mack LP,D,20251015,edgar/data/1957309/0001957309-25-000002.txt
1959019,DWC Fund I LLC,D,20251015,edgar/data/1959019/0001959019-25-000004.txt
1965248,Even Labs Inc.,D,20251015,edgar/data/1965248/0001965248-25-000002.txt
1967336,"Clean Cause, Inc.",D,20251015,edgar/data/1967336/0001967336-25-000002.txt
1990485,Glade Brook Private Investors XL LP,D,20251015,edgar/data/1990485/0000929638-25-003899.txt
2002312,Glade Brook Private Investors XLI LP,D,20251015,edgar/data/2002312/0000929638-25-003896.txt
2010233,"AVID Group, Inc.",D,20251015,edgar/data/2010233/0002010233-25-000002.txt
2026971,"West Street LP V Co-Investment Partners (C), L.P.",D,20251015,edgar/data/2026971/0002026971-25-000002.txt
2032512,"Collect Awesome, Inc.",D,20251015,edgar/data/2032512/0002032512-25-000004.txt
2041066,Glade Brook Private Investors XLIII LP,D,20251015,edgar/data/2041066/0000929638-25-003894.txt
2054167,Glade Brook Private Investors XLV LP,D,20251015,edgar/data/2054167/0000929638-25-003895.txt
2066452,"Boxer Offshore Fund, LP",D,20251015,edgar/data/2066452/0002066452-25-000001.txt
2069931,"General Atlantic (USU-2) Coinvest, L.P.",D,20251015,edgar/data/2069931/0000950142-25-002816.txt
2070439,PE Sapphire Ventures VII Onshore Feeder Fund L.P.,D,20251015,edgar/data/2070439/0002070439-25-000003.txt
2070572,PE Sapphire Ventures VII Offshore Feeder Fund L.P.,D,20251015,edgar/data/2070572/0002070572-25-000004.txt
2071852,"Next Gen Professionals, LLC",D,20251015,edgar/data/2071852/0001008886-25-000270.txt
2073187,NatGold Digital Ltd.,D,20251015,edgar/data/2073187/0002073187-25-000005.txt
2073806,"FUELUP, CORP.",D,20251015,edgar/data/2073806/0002073806-25-000002.txt
2075296,V42 Fund I a series of V42 Master LLC,D,20251015,edgar/data/2075296/0002075296-25-000001.txt
2075532,Snowcap Compute Inc.,D,20251015,edgar/data/2075532/0001231919-25-000315.txt
2075778,"SMSbiotech, Inc.",D,20251015,edgar/data/2075778/0002075778-25-000001.txt
2077496,Salute Sub REIT IV LLC,D,20251015,edgar/data/2077496/0002077496-25-000001.txt
2077497,Salute Sub REIT II LLC,D,20251015,edgar/data/2077497/0002077497-25-000001.txt
2077498,Salute Sub REIT I LLC,D,20251015,edgar/data/2077498/0002077498-25-000001.txt
2077853,MVP LS FUND DXCIV LLC,D,20251015,edgar/data/2077853/0002077853-25-000001.txt
2078368,894 N Grand Ave Atlanta LLC,D,20251015,edgar/data/2078368/0002078368-25-000001.txt
2078369,987 S Stingaree Drive Crystal Beach TX LLC,D,20251015,edgar/data/2078369/0002078369-25-000001.txt
2078383,1654 Veterans Blvd Sevierville TN LLC,D,20251015,edgar/data/2078383/0002078383-25-000003.txt
2078388,"5903 Median Rd Austin, LLC",D,20251015,edgar/data/2078388/0002078388-25-000001.txt
2078391,"8400 Maine Drive, LLC",D,20251015,edgar/data/2078391/0002078391-25-000001.txt
2078737,Salute Sub REIT III LLC,D,20251015,edgar/data/2078737/0002078737-25-000001.txt
2079155,FCO VI Coinvestment Fund (G) L.P.,D,20251015,edgar/data/2079155/0002079155-25-000001.txt
2079156,FCO VI Coinvestment Fund (A) L.P.,D,20251015,edgar/data/2079156/0002079156-25-000001.txt
2079347,"7wire Ventures Fund III, L.P.",D,20251015,edgar/data/2079347/0002079347-25-000001.txt
2079348,"7wire Ventures Fund III-A, L.P.",D,20251015,edgar/data/2079348/0002079348-25-000001.txt
2080747,"Craft Exchange Pod - Glidepath, LLC",D,20251015,edgar/data/2080747/0002080747-25-000002.txt
2081771,"American South Real Estate Fund III, LP",D,20251015,edgar/data/2081771/0000906791-25-000013.txt
2081856,"MCM - BIG BEN REALTY, LLC",D,20251015,edgar/data/2081856/0002081856-25-000004.txt
2082323,"Oaktree Direct Lending Evergreen Fund, L.P.",D,20251015,edgar/data/2082323/0002082323-25-000001.txt
2082324,"Oaktree Direct Lending Evergreen Acquisition Fund Feeder, L.P.",D,20251015,edgar/data/2082324/0002082324-25-000001.txt
2082325,"Oaktree Direct Lending Evergreen Fund Feeder, L.P.",D,20251015,edgar/data/2082325/0002082325-25-000001.txt
2082326,"Oaktree Direct Lending Evergreen Acquisition Fund, L.P.",D,20251015,edgar/data/2082326/0002082326-25-000001.txt
2082428,"IN-07091 Fund II, a series of Roll Up Vehicles, LP",D,20251015,edgar/data/2082428/0002082428-25-000001.txt
2082435,"AL-0621 Fund I, a series of Roll Up Vehicles, LP",D,20251015,edgar/data/2082435/0002082435-25-000001.txt
2083421,QCP OPPORTUNITY FUND III GMBH & CO. KG,D,20251015,edgar/data/2083421/0002083421-25-000001.txt
2084008,"American South Real Estate Fund III (Parallel), LP",D,20251015,edgar/data/2084008/0000906791-25-000013.txt
2084116,"PSI1 SPV, a series of Riverside Ventures Self-Advised, LP",D,20251015,edgar/data/2084116/0002084116-25-000001.txt
2084542,World Spire Consulting LLC,D,20251015,edgar/data/2084542/0001477932-25-007575.txt
2084565,"Anorak Ventures Fund III, L.P.",D,20251015,edgar/data/2084565/0002084565-25-000001.txt
2084852,Atlas Investor VII LP LP,D,20251015,edgar/data/2084852/0000950166-25-000029.txt
2084853,Atlas Capital Investors VII LP,D,20251015,edgar/data/2084853/0000950166-25-000029.txt
2084855,Atlas Capital Investors VII Parallel LP,D,20251015,edgar/data/2084855/0000950166-25-000029.txt
2084885,"SL-0728 Gaingels Fund I, a series of 2022 Ventures Early, LP",D,20251015,edgar/data/2084885/0002084885-25-000001.txt
2085028,"PE THL Fund X Offshore Feeder Fund, L.P.",D,20251015,edgar/data/2085028/0002085028-25-000001.txt
2085116,"Riverside Resources Holdings IV, LP",D,20251015,edgar/data/2085116/0002085116-25-000001.txt
2085323,Solution Energy Pty Ltd,D,20251015,edgar/data/2085323/0002085323-25-000003.txt
2085356,Door Test Inc.,D,20251015,edgar/data/2085356/0002085356-25-000001.txt
2086069,"RAM1, a series of Riverside Ventures Self-Advised, LP",D,20251015,edgar/data/2086069/0002086069-25-000001.txt
2086270,"PA-0910 Fund I, a series of MV Funds, LP",D,20251015,edgar/data/2086270/0002086270-25-000001.txt
2086848,"BurklandSaaS.vc, LP - D4",D,20251015,edgar/data/2086848/0002086848-25-000001.txt
2086849,"Climate Venture Capital, LP - E4",D,20251015,edgar/data/2086849/0002086849-25-000001.txt
2086849,"Climate Venture Capital, LP - E4",D,20251015,edgar/data/2086849/0002086849-25-000002.txt
2086850,"Duro Ventures, LP - F1",D,20251015,edgar/data/2086850/0002086850-25-000001.txt
2086917,"REFASHIOND Ventures Seed Fund, LP - E2",D,20251015,edgar/data/2086917/0002086917-25-000001.txt
2086923,"Rolling Fun GP, LP - D4",D,20251015,edgar/data/2086923/0002086923-25-000001.txt
2086926,"Paradox Capital, LP - E4",D,20251015,edgar/data/2086926/0002086926-25-000001.txt
2086927,"Mentors Fund II, LP - E2",D,20251015,edgar/data/2086927/0002086927-25-000001.txt
2086972,HyperSpectral Corp.,D,20251015,edgar/data/2086972/0001231919-25-000316.txt
2086972,HyperSpectral Corp.,D,20251015,edgar/data/2086972/0001231919-25-000319.txt
2086981,VCA Fund II Rated Feeder LLC,D,20251015,edgar/data/2086981/0001012975-25-000638.txt
2087057,"Avlok Capital, LP - F2",D,20251015,edgar/data/2087057/0002087057-25-000001.txt
2087072,"MO-0904 Fund I, a series of Armenian Founders, LP",D,20251015,edgar/data/2087072/0002087072-25-000001.txt
2087080,"Kepler Operator Fund, LP - E4",D,20251015,edgar/data/2087080/0002087080-25-000001.txt
2087145,"ProCap Velocity Fund, LP - B3",D,20251015,edgar/data/2087145/0002087145-25-000001.txt
2087185,"SK-0821 Fund II, a series of Roll Up Vehicles, LP",D,20251015,edgar/data/2087185/0002087185-25-000001.txt
2087252,"Ride Home Fund, LP - E1",D,20251015,edgar/data/2087252/0002087252-25-000001.txt
2087258,"Nucleation Capital, LP - E2",D,20251015,edgar/data/2087258/0002087258-25-000001.txt
2087264,"Schox Venture Capital, LP - F2",D,20251015,edgar/data/2087264/0002087264-25-000001.txt
2087265,"CapitalX, LP - F2",D,20251015,edgar/data/2087265/0002087265-25-000001.txt
2087265,"CapitalX, LP - F2",D,20251015,edgar/data/2087265/0002087265-25-000002.txt
2087266,"CapitalX QP, LP - F2",D,20251015,edgar/data/2087266/0002087265-25-000001.txt
2087266,"CapitalX QP, LP - F2",D,20251015,edgar/data/2087266/0002087265-25-000002.txt
2087397,Shoppes at Westpark LLC,D,20251015,edgar/data/2087397/0002087397-25-000001.txt
2087904,Talson SV Series LP-Talson SOFR Plus Series,D,20251015,edgar/data/2087904/0002087904-25-000001.txt
2087905,"Talson Insurance CUSV Series, LP-Low Fixed Income with Equity Series",D,20251015,edgar/data/2087905/0002087905-25-000001.txt
2087906,"Talson Insurance CUSV Series, LP-High Fixed Income with Equity Series",D,20251015,edgar/data/2087906/0002087906-25-000001.txt
2087907,"Talson Insurance CUSV Series, LP-Fixed Income Series",D,20251015,edgar/data/2087907/0002087907-25-000001.txt
2088073,King Therapeutics LLC,D,20251015,edgar/data/2088073/0002088073-25-000001.txt
2088193,BID III Posigen Co-Invest (U) LP,D,20251015,edgar/data/2088193/0002088193-25-000001.txt
2088211,"SE-0909 Fund II, a series of Red Beard Ventures Syndicates, LP",D,20251015,edgar/data/2088211/0002088211-25-000001.txt
2088396,"Wasatch Preferred Capital QP, LLC",D,20251015,edgar/data/2088396/0000912282-25-001083.txt
2088501,"Nava-JO-0916 Fund I, a series of AngelList Funds 2025, LP",D,20251015,edgar/data/2088501/0002088501-25-000001.txt
2088526,"LI-0828 Fund I, a series of Roll Up Vehicles, LP",D,20251015,edgar/data/2088526/0002088526-25-000001.txt
2088529,"UP-0915 Fund I, a series of AX-RN-Funds, LP",D,20251015,edgar/data/2088529/0002088529-25-000001.txt
2088676,"Reinforced Ventures Subscription Fund, LP - E1",D,20251015,edgar/data/2088676/0002088676-25-000001.txt
2088677,"Mystic Ventures, LP - E1",D,20251015,edgar/data/2088677/0002088677-25-000001.txt
2088897,"AI-0918 Fund I, a series of MV Funds, LP",D,20251015,edgar/data/2088897/0002088897-25-000001.txt
2088986,"PA-0910 Fund I, a series of Roll Up Vehicles, LP",D,20251015,edgar/data/2088986/0002088986-25-000001.txt
2088988,"AS-0912 Gaingels Fund I, a series of Zachary Ginsburg Funds, LP",D,20251015,edgar/data/2088988/0002088988-25-000001.txt
2089000,"Fund M-II, a series of SCVC Advisors, LP",D,20251015,edgar/data/2089000/0002089000-25-000001.txt
2089013,"FCP VENTURE X QP LLC, SERIES XI",D,20251015,edgar/data/2089013/0002089013-25-000001.txt
2089222,"Riverside Resources Holdings IV QP, LP",D,20251015,edgar/data/2089222/0002089222-25-000001.txt
2089264,"FreeUp Storage St Marys Industrial Drive, LLC",D,20251015,edgar/data/2089264/0002089264-25-000001.txt
2089349,NC Melange Bronco LP,D,20251015,edgar/data/2089349/0002089349-25-000001.txt
2089402,DRW Canton Fund LP,D,20251015,edgar/data/2089402/0002089402-25-000001.txt
2089547,"Agility, Inc.",D,20251015,edgar/data/2089547/0002089547-25-000002.txt
2089572,"MP Legacy-6 Investors, LLC",D,20251015,edgar/data/2089572/0002089572-25-000001.txt
2089606,MELANGE BRONCO BR GAF COINVEST LP,D,20251015,edgar/data/2089606/0002089606-25-000001.txt
2089607,MELANGE BRONCO BR MF Bond COINVEST LP,D,20251015,edgar/data/2089607/0002089607-25-000001.txt
2089608,"MELANGE BRONCO BR SIP COINVEST, LP",D,20251015,edgar/data/2089608/0002089608-25-000001.txt
2089831,Froneri HoldCo S.a r.l.,D,20251015,edgar/data/2089831/0002089831-25-000001.txt
2089854,"Burnt Island Ventures 2025 SPV I, LP",D,20251015,edgar/data/2089854/0002081111-25-000022.txt
2089856,"DV Monarch 2025-2 NMTC Fund, LLC",D,20251015,edgar/data/2089856/0002089856-25-000001.txt
2089934,"TH-0925 Fund VII, a series of Heron Rock AL Access Funds, LP",D,20251015,edgar/data/2089934/0002089934-25-000001.txt
2089978,"Prysm Pine Investment Opportunities II, L.P.",D,20251015,edgar/data/2089978/0002089978-25-000001.txt
2090029,"Tobias Harris Homeownership Initiative, L3C",D,20251015,edgar/data/2090029/0002090029-25-000001.txt
2090031,Savior Brain Inc.,D,20251015,edgar/data/2090031/0002090031-25-000002.txt
2090031,Savior Brain Inc.,D,20251015,edgar/data/2090031/0002090031-25-000003.txt
2090055,"AUGUREY VENTURES I, SERIES CRUSOE B",D,20251015,edgar/data/2090055/0002090055-25-000001.txt
2090056,"AUGUREY VENTURES II, SERIES CRUSOE B",D,20251015,edgar/data/2090056/0002090056-25-000001.txt
2090057,AUGUREY VENTURES III - SERIES CRUSOE B,D,20251015,edgar/data/2090057/0002090057-25-000001.txt
2090058,AUGUREY VENTURES IV - SERIES CRUSOE B,D,20251015,edgar/data/2090058/0002090058-25-000001.txt
2090066,"MicroRefrigeration, Inc.",D,20251015,edgar/data/2090066/0002090066-25-000001.txt
2090190,Astermont Inc.,D,20251015,edgar/data/2090190/0002090190-25-000001.txt
2090305,"BA Select Insurance Series of the SALI Multi-Series Fund, L.P.",D,20251015,edgar/data/2090305/0002090305-25-000001.txt
2090331,"TE-0923 Fund I, a series of Climate Collective, LP",D,20251015,edgar/data/2090331/0002090331-25-000001.txt
2090365,"Solution Energy, Inc.",D,20251015,edgar/data/2090365/0002090365-25-000001.txt
2090379,REX CAPITAL FUND LP,D,20251015,edgar/data/2090379/0002090379-25-000001.txt
2090409,Orosur Mining Inc.,D,20251015,edgar/data/2090409/0001062993-25-016048.txt
2090477,"STORYTELLER PARTNERS 2025, LLC",D,20251015,edgar/data/2090477/0001140361-25-038164.txt
2090578,Vintage X (Flagship)/West Street Strategic Solutions II Access LLC,D,20251015,edgar/data/2090578/0002090578-25-000002.txt
2090611,"ANTH Fund IV, a series of Altra FrontierTech Investments I, LP",D,20251015,edgar/data/2090611/0002090611-25-000001.txt
2090719,HITMAN MUSIC UNIVERSAL INC,D,20251015,edgar/data/2090719/0002090719-25-000004.txt
2090722,Not Ready for New York Ltd Liability Co,D,20251015,edgar/data/2090722/0002090722-25-000001.txt
2090824,FlowMode Inc.,D,20251015,edgar/data/2090824/0002090824-25-000001.txt
2090840,Style Media Corp,D,20251015,edgar/data/2090840/0002090840-25-000001.txt
2090889,"Chronicle Bio, Inc.",D,20251015,edgar/data/2090889/0002090889-25-000001.txt
2090892,"Zuno Medical, Inc.",D,20251015,edgar/data/2090892/0002090892-25-000001.txt
2090927,"Viking Partners Fund VI-Q, LLC",D,20251015,edgar/data/2090927/0002090927-25-000001.txt
2090928,Buligo Fund IV INDIV LP,D,20251015,edgar/data/2090928/0001104659-25-099758.txt
2090933,Buligo Fund V INDIV LP,D,20251015,edgar/data/2090933/0001104659-25-099759.txt
2090936,"Norwalk Outdoors, LLC",D,20251015,edgar/data/2090936/0002090936-25-000001.txt
2091070,"BDT & MSD Insurance Fund Series of the SALI Multi-Series Fund, L.P.",D,20251015,edgar/data/2091070/0002091070-25-000001.txt
2091152,"Azura TV I, LP",D,20251015,edgar/data/2091152/0001814554-25-000138.txt
2091155,"East Sands Dixon MHP, LLC",D,20251015,edgar/data/2091155/0002091155-25-000001.txt
2091214,Lyric-Pineapple Feeder LP,D,20251015,edgar/data/2091214/0002091215-25-000001.txt
2091215,Lyric-Pineapple LP,D,20251015,edgar/data/2091215/0002091215-25-000001.txt
2091253,"Dauntless-LI-0926 Fund I, a series of AngelList Funds 2025, LP",D,20251015,edgar/data/2091253/0002091253-25-000001.txt
2091294,Pineapple Icon RBN LP,D,20251015,edgar/data/2091294/0002091215-25-000001.txt
2091296,"LYLA Concierge, Inc.",D,20251015,edgar/data/2091296/0002091296-25-000002.txt
2091298,Lyric-Pineapple Warehouse LP,D,20251015,edgar/data/2091298/0002091215-25-000001.txt
2091336,"ATP Fund II, a series of ATP AI Ventures, LP",D,20251015,edgar/data/2091336/0002091336-25-000001.txt
2091339,"Gemenon Mineral Fund VI, LLC",D,20251015,edgar/data/2091339/0002076908-25-000005.txt
2091360,"CAIS Vista Foundation Fund V (Offshore), L.P.",D,20251015,edgar/data/2091360/0002091360-25-000001.txt
2091363,Axios Select Growth QP Fund LP,D,20251015,edgar/data/2091363/0002091363-25-000001.txt
2091365,"DHVP SPV 4, a series of AngelList Funds 2025, LP",D,20251015,edgar/data/2091365/0002091365-25-000001.txt
2091368,"KV IX Access, L.P.",D,20251015,edgar/data/2091368/0002091368-25-000001.txt
2091374,Two Sigma Beacon Access LLC,D,20251015,edgar/data/2091374/0002091374-25-000001.txt
2091383,Bridgeport Access Cayman III SPC - Optima Inflation Fund SP,D,20251015,edgar/data/2091383/0002091383-25-000001.txt
2091419,FS-35-1 a series of FinSight Special Opportunities Fund VI LLC,D,20251015,edgar/data/2091419/0002091419-25-000001.txt
2091420,FS-35 a series of FinSight Special Opportunities Fund VI LLC,D,20251015,edgar/data/2091420/0002091420-25-000001.txt
2091422,FS-34 a series of FinSight Special Opportunities Fund VI LLC,D,20251015,edgar/data/2091422/0002091422-25-000001.txt
2091423,FS-33-1 a series of FinSight Special Opportunities Fund VI LLC,D,20251015,edgar/data/2091423/0002091423-25-000001.txt
2091425,FS-31-1 a series of FinSight Special Opportunities Fund VI LLC,D,20251015,edgar/data/2091425/0002091425-25-000001.txt
2091427,FS-29-1 a series of FinSight Special Opportunities Fund VI LLC,D,20251015,edgar/data/2091427/0002091427-25-000001.txt
2091491,PACIFICA SILVER CORP.,D,20251015,edgar/data/2091491/0002091491-25-000001.txt
2091491,PACIFICA SILVER CORP.,D,20251015,edgar/data/2091491/0002091491-25-000002.txt
2091503,Benarative co,D,20251015,edgar/data/2091503/0002091503-25-000001.txt
2091509,"Cowrie Creek, Inc.",D,20251015,edgar/data/2091509/0002091509-25-000001.txt
2091527,"Series 58-1, a series of StartEngine Private LLC",D,20251015,edgar/data/2091527/0002091527-25-000001.txt
2091530,"Fornidos Home Systems, Inc.",D,20251015,edgar/data/2091530/0002091530-25-000001.txt
2091534,H Venture Partners Brand Fund II-B LP,D,20251015,edgar/data/2091534/0002091534-25-000001.txt
2091537,"Viola Ventures Secondary SPV, L.P.",D,20251015,edgar/data/2091537/0002091537-25-000001.txt
2091540,DES MSF Holdings Ltd,D,20251015,edgar/data/2091540/0002091540-25-000001.txt
2091584,Oilfield Outpost II LLC,D,20251015,edgar/data/2091584/0002091584-25-000001.txt
2091594,Don't Tell My Wife Stables 2025 LLC,D,20251015,edgar/data/2091594/0002091594-25-000001.txt
2091597,Provincetown Outer Harbor Productions Ltd Liability Co,D,20251015,edgar/data/2091597/0002091597-25-000001.txt
2091611,"Perplexity T1, a series of Onicorns, LLC",D,20251015,edgar/data/2091611/0002091611-25-000001.txt
2091612,"Onicorns, LLC",D,20251015,edgar/data/2091612/0002091612-25-000001.txt
2091658,"Adaptiiv Medical Technologies US, Inc.",D,20251015,edgar/data/2091658/0002091658-25-000001.txt
2091659,"Series 21-4, a series of StartEngine Private LLC",D,20251015,edgar/data/2091659/0002091659-25-000001.txt
2091665,"Mojo Ventures Fund I, LP",D,20251015,edgar/data/2091665/0002091665-25-000001.txt
2091668,"F Street Yuma, LLC",D,20251015,edgar/data/2091668/0001042167-25-000056.txt
2091673,DiPaoli & Endrizzi LLC,D,20251015,edgar/data/2091673/0002091673-25-000001.txt
2091675,"Green Light Beverage, Inc.",D,20251015,edgar/data/2091675/0002091675-25-000001.txt
2091675,"Green Light Beverage, Inc.",D,20251015,edgar/data/2091675/0002091675-25-000002.txt
2091684,"Hempel MP Holdings II, LLC",D,20251015,edgar/data/2091684/0002091684-25-000001.txt
2091685,Hawk-Storage & Bays Davenport FL LLC,D,20251015,edgar/data/2091685/0002091685-25-000001.txt
2091688,HB Barkley Partners LLC,D,20251015,edgar/data/2091688/0002091688-25-000002.txt
2091691,CRZ Fund LLC,D,20251015,edgar/data/2091691/0002091691-25-000001.txt
2091695,Scavtopia LLC,D,20251015,edgar/data/2091695/0002091695-25-000001.txt
2091697,"ZMD Acquisitions, LLC",D,20251015,edgar/data/2091697/0002091697-25-000001.txt
2091698,Zing Coach Inc.,D,20251015,edgar/data/2091698/0002091698-25-000001.txt
2091701,"LexMed, Inc.",D,20251015,edgar/data/2091701/0002091701-25-000001.txt
2091703,Stride Development Public Benefit Corp,D,20251015,edgar/data/2091703/0002091703-25-000001.txt
2091705,Society Hill Capital Partners LLC,D,20251015,edgar/data/2091705/0002091705-25-000001.txt
2091711,"Peregrine Howard Aeroflight, LP",D,20251015,edgar/data/2091711/0002091711-25-000001.txt
2091726,"InvestX Series (OPN-U4), a Series of InvestX Master LLC",D,20251015,edgar/data/2091726/0002091726-25-000001.txt
2091728,ExchangeRight Essential Income 6 DST,D,20251015,edgar/data/2091728/0002091728-25-000001.txt
2091761,"Hamilton Lane Private Secondaries IDF Series of the SALI Multi-Series Fund, L.P.",D,20251015,edgar/data/2091761/0002091761-25-000001.txt
2091763,Slice Sports Fund I LP,D,20251015,edgar/data/2091763/0002091763-25-000001.txt
2091770,2425 DURANT PARTNERS LLC,D,20251015,edgar/data/2091770/0002091770-25-000001.txt
2091785,"RGV Hospital Holdings, LLC",D,20251015,edgar/data/2091785/0002091785-25-000001.txt
2091814,Held RE Holdings LLC,D,20251015,edgar/data/2091814/0001140361-25-038189.txt
2091828,Influxious Inc,D,20251015,edgar/data/2091828/0002091828-25-000001.txt
2091852,DCODE CAPITAL ONENAV HOLDINGS LLC,D,20251015,edgar/data/2091852/0002091852-25-000001.txt
2091878,MBODI A SERIES OF VUVP FUND LLC,D,20251015,edgar/data/2091878/0002091878-25-000001.txt
2091895,"Annie Labs, Inc.",D,20251015,edgar/data/2091895/0002091895-25-000001.txt
744452,APPLIED DNA SCIENCES INC,D,20251015,edgar/data/744452/0001104659-25-099416.txt
1625978,"Accend Group Holdings, Inc.",D,20251016,edgar/data/1625978/0001625978-25-000003.txt
1663509,"Sift Media, Inc.",D,20251016,edgar/data/1663509/0001663509-25-000002.txt
1720553,Phenom Resources Corp.,D,20251016,edgar/data/1720553/0001720553-25-000005.txt
1759976,"Super73, Inc.",D,20251016,edgar/data/1759976/0001759976-25-000002.txt
1778258,"Bot Image, Inc.",D,20251016,edgar/data/1778258/0001778258-25-000003.txt
1785091,Birdcall Holdings LLC,D,20251016,edgar/data/1785091/0001785091-25-000005.txt
1807063,"IMMUNOPROFILE, LLC",D,20251016,edgar/data/1807063/0001807063-25-000002.txt
1820902,MedVector Corp,D,20251016,edgar/data/1820902/0001820902-25-000010.txt
1858510,"TS Investors, LLC",D,20251016,edgar/data/1858510/0001858510-25-000003.txt
1880271,Muenster Milling Holdings LP,D,20251016,edgar/data/1880271/0001880271-25-000002.txt
1882749,Neurava Inc.,D,20251016,edgar/data/1882749/0001882749-25-000003.txt
1884089,"Aeon Industries, Inc.",D,20251016,edgar/data/1884089/0001884089-25-000003.txt
1888098,CoLab AI Inc.,D,20251016,edgar/data/1888098/0001888098-25-000004.txt
1902451,Cole Capital Fund PCC Ltd - Cell B: Oracles Capital,D,20251016,edgar/data/1902451/0001902451-25-000003.txt
1907066,"MH Management Holdco, LLC",D,20251016,edgar/data/1907066/0000950142-25-002819.txt
1914067,"IEP ELEVATE II EXECUTIVE FUND, L.P.",D,20251016,edgar/data/1914067/0001914067-25-000002.txt
1932386,"SightStream Biotherapeutics, Inc.",D,20251016,edgar/data/1932386/0001932386-25-000003.txt
1943737,"Pheast Therapeutics, Inc.",D,20251016,edgar/data/1943737/0001231919-25-000321.txt
1967838,EIWA HOLDINGS CORP,D,20251016,edgar/data/1967838/0001967838-25-000002.txt
1988015,"Harvest Thermal, Inc.",D,20251016,edgar/data/1988015/0001988015-25-000004.txt
1988439,"AMESA, Inc.",D,20251016,edgar/data/1988439/0001231919-25-000324.txt
1989669,"BlueWhale Bio, Inc.",D,20251016,edgar/data/1989669/0001989669-25-000002.txt
1994751,Eight Series Fund LLC,D,20251016,edgar/data/1994751/0001994751-25-000004.txt
2023906,Big B Corp,D,20251016,edgar/data/2023906/0002023906-25-000004.txt
2026648,Leegen Investment LLC,D,20251016,edgar/data/2026648/0002026648-25-000002.txt
2037859,Reed AI Ventures Inc.,D,20251016,edgar/data/2037859/0002037859-25-000003.txt
2051258,"Patlytics, Inc.",D,20251016,edgar/data/2051258/0002051258-25-000005.txt
2055607,"Delta-S Energy, Inc.",D,20251016,edgar/data/2055607/0002055607-25-000004.txt
2071441,Self-Storage Tech LLC,D,20251016,edgar/data/2071441/0002071441-25-000001.txt
2072403,"Evergen 14 Lender, LLC",D,20251016,edgar/data/2072403/0002072403-25-000001.txt
2076030,Vadera Capital Corp,D,20251016,edgar/data/2076030/0002076030-25-000008.txt
2076921,Summit Royalty Corp.,D,20251016,edgar/data/2076921/0002076921-25-000001.txt
2077156,"New Harbor Capital Fund IV-A, LP",D,20251016,edgar/data/2077156/0002077156-25-000001.txt
2077157,"New Harbor Capital Fund IV, LP",D,20251016,edgar/data/2077157/0002077157-25-000001.txt
2078019,Exodus Wealth LLC,D,20251016,edgar/data/2078019/0002078019-25-000003.txt
2079118,"Sovereign Fund V, LLC",D,20251016,edgar/data/2079118/0002079118-25-000002.txt
2080555,"Acretrader 267, LLC",D,20251016,edgar/data/2080555/0002080555-25-000002.txt
2080829,"Sycamore Studios, LLC",D,20251016,edgar/data/2080829/0001062993-25-016142.txt
2082481,"JE-0623 Gaingels Fund I, a series of AngelList-GP-Funds-I, LP",D,20251016,edgar/data/2082481/0002082481-25-000001.txt
2082798,"Formentera South Texas CIV, LP",D,20251016,edgar/data/2082798/0002082798-25-000001.txt
2083215,"Incline Precision Fund, L.P.",D,20251016,edgar/data/2083215/0002083215-25-000001.txt
2083228,"IEP Precision Executive Fund, L.P.",D,20251016,edgar/data/2083228/0002083228-25-000001.txt
2083659,AFH CASA COLIBRI LP,D,20251016,edgar/data/2083659/0002083659-25-000001.txt
2084353,"Big 4 Properties Founders Fund, L.P.",D,20251016,edgar/data/2084353/0002084353-25-000003.txt
2084518,Private Equity Portfolio 2026 LP,D,20251016,edgar/data/2084518/0001315863-25-000734.txt
2084519,Private Equity Portfolio GF 2026 LP,D,20251016,edgar/data/2084519/0001315863-25-000735.txt
2084520,Private Equity Portfolio TE 2026 LP,D,20251016,edgar/data/2084520/0001315863-25-000736.txt
2084523,Venture Capital Portfolio 2026 LP,D,20251016,edgar/data/2084523/0001315863-25-000737.txt
2084524,Venture Capital Portfolio GF 2026 LP,D,20251016,edgar/data/2084524/0001315863-25-000738.txt
2084525,Venture Capital Portfolio TE 2026 LP,D,20251016,edgar/data/2084525/0001315863-25-000739.txt
2084575,Domestic Metals Corp.,D,20251016,edgar/data/2084575/0002084575-25-000001.txt
2084741,Glide Path Solutions 2026 LP,D,20251016,edgar/data/2084741/0001315863-25-000743.txt
2084742,Glide Path Solutions GF 2026 LP,D,20251016,edgar/data/2084742/0001315863-25-000744.txt
2084896,"PI-0814 Fund III, a series of Shor Capital, LP",D,20251016,edgar/data/2084896/0002084896-25-000001.txt
2085078,"CP Axcend SPV, LLC",D,20251016,edgar/data/2085078/0002085078-25-000001.txt
2086000,"AVSF - Hello Patient 2025, LLC",D,20251016,edgar/data/2086000/0002086000-25-000001.txt
2086220,Recursive Investments LP,D,20251016,edgar/data/2086220/0002086220-25-000001.txt
2086362,"Lightyear Feeder Fund VI, L.P",D,20251016,edgar/data/2086362/0000950103-25-013271.txt
2086480,"WCM Hoff Continuation Fund, L.P.",D,20251016,edgar/data/2086480/0000950142-25-002821.txt
2086534,Echo Co-Invest III L.P.,D,20251016,edgar/data/2086534/0002086534-25-000004.txt
2086552,Echo Co-Invest II L.P.,D,20251016,edgar/data/2086552/0002086552-25-000003.txt
2086553,Echo Buyout II L.P.,D,20251016,edgar/data/2086553/0002086553-25-000003.txt
2086554,Echo Buyout L.P.,D,20251016,edgar/data/2086554/0002086554-25-000005.txt
2086846,"Balaji Rolling Fund, LP - C4",D,20251016,edgar/data/2086846/0002086846-25-000002.txt
2086847,"Balaji Rolling Fund QP, LP - C4",D,20251016,edgar/data/2086847/0002086846-25-000002.txt
2086851,"F.Inc Capital, LP - C4",D,20251016,edgar/data/2086851/0002086851-25-000001.txt
2086864,Private Equity Co-Investment Portfolio TE 2026 LP,D,20251016,edgar/data/2086864/0001315863-25-000742.txt
2086867,Private Equity Co-Investment Portfolio GF 2026 LP,D,20251016,edgar/data/2086867/0001315863-25-000741.txt
2086868,Private Equity Co-Investment Portfolio 2026 LP,D,20251016,edgar/data/2086868/0001315863-25-000740.txt
2086880,Blue Owl GP Stakes VI Hotshot Cayman LP,D,20251016,edgar/data/2086880/0002086880-25-000001.txt
2086881,Blue Owl GP Stakes VI Hotshot I LP,D,20251016,edgar/data/2086881/0002086881-25-000001.txt
2086911,"Davidovs Venture Capital, LP - E1 QP",D,20251016,edgar/data/2086911/0002086915-25-000002.txt
2086915,"Davidovs Venture Capital, LP - E1",D,20251016,edgar/data/2086915/0002086915-25-000002.txt
2086921,"Austen Access Fund QP, LP - E3",D,20251016,edgar/data/2086921/0002086922-25-000002.txt
2086922,"Austen Access Fund, LP - E3",D,20251016,edgar/data/2086922/0002086922-25-000002.txt
2087009,Blue Owl GP Stakes VI Hotshot U.S. LLC,D,20251016,edgar/data/2087009/0002087009-25-000001.txt
2087012,Blue Owl GP Stakes VI Hotshot II LP,D,20251016,edgar/data/2087012/0002087012-25-000001.txt
2087079,"Jude Gomila, LP - F1",D,20251016,edgar/data/2087079/0002087079-25-000001.txt
2087079,"Jude Gomila, LP - F1",D,20251016,edgar/data/2087079/0002087079-25-000002.txt
2087081,"Jude Gomila QP, LP - F1",D,20251016,edgar/data/2087081/0002087079-25-000001.txt
2087081,"Jude Gomila QP, LP - F1",D,20251016,edgar/data/2087081/0002087079-25-000002.txt
2087152,"LeFonds by FrenchFounders, LP - E3",D,20251016,edgar/data/2087152/0002087152-25-000001.txt
2087159,"Science Rolling Fund, LP - E1",D,20251016,edgar/data/2087159/0002087159-25-000001.txt
2087163,"Masad Capital, LP - C4",D,20251016,edgar/data/2087163/0002087163-25-000001.txt
2087217,Singh Capital Rolling Fund - D1,D,20251016,edgar/data/2087217/0002087217-25-000001.txt
2087236,"Jibe Ventures, LP - E4",D,20251016,edgar/data/2087236/0002087236-25-000002.txt
2087237,"Jibe Ventures QP, LP - E4",D,20251016,edgar/data/2087237/0002087236-25-000002.txt
2087239,"Kamal Ravikant Capital, LP - F1",D,20251016,edgar/data/2087239/0002087239-25-000003.txt
2087240,"Kamal Ravikant Capital QP, LP - F1",D,20251016,edgar/data/2087240/0002087239-25-000003.txt
2087242,"Accelerator Ventures Rolling Fund, LP - E3",D,20251016,edgar/data/2087242/0002087242-25-000001.txt
2087244,"Alter VC Fund, LP - E1",D,20251016,edgar/data/2087244/0002087244-25-000001.txt
2087245,"Coelius Capital Rolling Fund, LP - F1",D,20251016,edgar/data/2087245/0002087245-25-000001.txt
2087247,"Capital Factory Ventures, LP - E3",D,20251016,edgar/data/2087247/0002087247-25-000001.txt
2087282,"10X Capital / Gaingels Diversity Fund, LP - E1",D,20251016,edgar/data/2087282/0002087282-25-000001.txt
2087285,"Ravikant Capital, LP - F4",D,20251016,edgar/data/2087285/0002087285-25-000002.txt
2087286,"Ravikant Capital QP, LP - F4",D,20251016,edgar/data/2087286/0002087285-25-000002.txt
2087360,"HC Growth Fund I, LP",D,20251016,edgar/data/2087360/0002087360-25-000001.txt
2087696,"Grant Park Ventures, LP - E2",D,20251016,edgar/data/2087696/0002087696-25-000001.txt
2087742,500 DEKALB FUNDING L.P.,D,20251016,edgar/data/2087742/0001013594-25-001223.txt
2087810,"CIO Group, LLC",D,20251016,edgar/data/2087810/0002087810-25-000001.txt
2087857,2424 STATE 2 FUNDING L.P.,D,20251016,edgar/data/2087857/0001013594-25-001224.txt
2087874,Gigaverse Games Inc.,D,20251016,edgar/data/2087874/0002087874-25-000002.txt
2088062,"Mekiri Bio, Inc.",D,20251016,edgar/data/2088062/0002088062-25-000002.txt
2088075,Blue Owl Real Estate Credit CMBS (D) LP,D,20251016,edgar/data/2088075/0002088075-25-000001.txt
2088180,NOYACK VENTURE CAPITAL LLC,D,20251016,edgar/data/2088180/0001493152-25-018219.txt
2088417,ROBRA Solutions LLC,D,20251016,edgar/data/2088417/0001079973-25-001619.txt
2088426,DP36 LLC,D,20251016,edgar/data/2088426/0002088426-25-000001.txt
2088525,"PE-08211 Fund I, a series of Roll Up Vehicles, LP",D,20251016,edgar/data/2088525/0002088525-25-000001.txt
2088663,"MH Management Holdco II, LLC",D,20251016,edgar/data/2088663/0000950142-25-002819.txt
2088667,"Triangle Tweener Fund QP, LP - D4",D,20251016,edgar/data/2088667/0002088668-25-000001.txt
2088667,"Triangle Tweener Fund QP, LP - D4",D,20251016,edgar/data/2088667/0002088668-25-000002.txt
2088668,"Triangle Tweener Fund, LP - D4",D,20251016,edgar/data/2088668/0002088668-25-000001.txt
2088668,"Triangle Tweener Fund, LP - D4",D,20251016,edgar/data/2088668/0002088668-25-000002.txt
2088669,"Ligature Rolling Fund QP, LP - E2",D,20251016,edgar/data/2088669/0002088669-25-000001.txt
2088670,"Ligature Rolling Fund, LP - E2",D,20251016,edgar/data/2088670/0002088669-25-000001.txt
2088671,"Unpopular Ventures Preferred QP, LP - E4",D,20251016,edgar/data/2088671/0002088672-25-000002.txt
2088672,"Unpopular Ventures Preferred, LP - E4",D,20251016,edgar/data/2088672/0002088672-25-000002.txt
2088673,New Founding Venture Fund LP - C1,D,20251016,edgar/data/2088673/0002088673-25-000001.txt
2088674,"Zachary Ginsburg Funds, LP - C2",D,20251016,edgar/data/2088674/0002088674-25-000001.txt
2088675,"Agent Venture Fund, LP - A4",D,20251016,edgar/data/2088675/0002088675-25-000001.txt
2088678,"Fund Explore I QP, LP - D3",D,20251016,edgar/data/2088678/0002088679-25-000004.txt
2088679,"Fund Explore I, LP - D3",D,20251016,edgar/data/2088679/0002088679-25-000001.txt
2088679,"Fund Explore I, LP - D3",D,20251016,edgar/data/2088679/0002088679-25-000004.txt
2088838,Blackstone Infrastructure Odyssey Co-Invest L.P.,D,20251016,edgar/data/2088838/0002088838-25-000001.txt
2088928,"Cameron High Grove Farms II, LLC",D,20251016,edgar/data/2088928/0002088928-25-000001.txt
2089026,"CH-0918 Fund I, a series of StageNext Fund, LP",D,20251016,edgar/data/2089026/0002089026-25-000001.txt
2089198,DCM DOF VII Fund LLC,D,20251016,edgar/data/2089198/0002089198-25-000001.txt
2089460,"LA-0918 Fund III, a series of Heron Rock AL Access Funds, LP",D,20251016,edgar/data/2089460/0002089460-25-000001.txt
2089786,"VV Capital Fund I, a series of Decile SPV, LLC",D,20251016,edgar/data/2089786/0002089786-25-000002.txt
2089836,TDR Capital Celadon Co-Investment L.P.,D,20251016,edgar/data/2089836/0002089836-25-000001.txt
2089846,"Vistria Agua CV, LP",D,20251016,edgar/data/2089846/0000904454-25-000489.txt
2089946,"Vistria Agua CV (FT), LP",D,20251016,edgar/data/2089946/0000904454-25-000489.txt
2090014,DCM NM SEF II Fund LLC,D,20251016,edgar/data/2090014/0002090014-25-000001.txt
2090143,"SLM Class A Investors, LLC",D,20251016,edgar/data/2090143/0002090143-25-000001.txt
2090306,BW Oak Creek LLC,D,20251016,edgar/data/2090306/0000892712-25-000125.txt
2090419,Streamline Technologies Inc.,D,20251016,edgar/data/2090419/0002090419-25-000001.txt
2090516,Phoenix Ecommerce Technologies Inc,D,20251016,edgar/data/2090516/0002090516-25-000001.txt
2090521,Berry Street Enhanced Fund LP,D,20251016,edgar/data/2090521/0000945621-25-000974.txt
2090782,Coatue CT 162 LP,D,20251016,edgar/data/2090782/0000919574-25-006133.txt
2090816,ELGH BALTERRA 590 ACRES LLC,D,20251016,edgar/data/2090816/0002090816-25-000001.txt
2090882,M2M Avondale Commons LLC,D,20251016,edgar/data/2090882/0002090882-25-000001.txt
2090885,Reef Turbine 1 LLC,D,20251016,edgar/data/2090885/0002090885-25-000001.txt
2091010,Baxter Bozeman Holdings LLLP,D,20251016,edgar/data/2091010/0002091010-25-000001.txt
2091015,Vanta Group Inc.,D,20251016,edgar/data/2091015/0002091015-25-000001.txt
2091073,Mission Strategic Growth Fund LP,D,20251016,edgar/data/2091073/0002091073-25-000001.txt
2091075,DJS KY LLC,D,20251016,edgar/data/2091075/0002091075-25-000001.txt
2091135,"Freedom Income & Growth Fund, LLC",D,20251016,edgar/data/2091135/0002091135-25-000001.txt
2091145,ERH KY LLC,D,20251016,edgar/data/2091145/0002091145-25-000001.txt
2091169,RPC25 Kensington Lenders LLC,D,20251016,edgar/data/2091169/0002091169-25-000001.txt
2091191,"Formentera III Monon, LP",D,20251016,edgar/data/2091191/0002091191-25-000001.txt
2091457,"TS OBL Fund, LLC",D,20251016,edgar/data/2091457/0001654954-25-011880.txt
2091520,"Sovereign Fund V Blocker, LLC",D,20251016,edgar/data/2091520/0002091520-25-000002.txt
2091552,"BCG SFR Diversity Fund, LLC",D,20251016,edgar/data/2091552/0002091552-25-000001.txt
2091560,"BDT & MSD Senior Lending Partners, L.P.",D,20251016,edgar/data/2091560/0002091560-25-000001.txt
2091561,Celestia Diagnostics Inc.,D,20251016,edgar/data/2091561/0002091561-25-000001.txt
2091569,"Eldred Rock Keepers Fund, LP",D,20251016,edgar/data/2091569/0002091569-25-000001.txt
2091571,"ME-0405 Fund I, a series of Roll Up Vehicles, LP",D,20251016,edgar/data/2091571/0002091571-25-000001.txt
2091591,"BDT & MSD Senior Lending Partners Feeder, L.P.",D,20251016,edgar/data/2091591/0002091591-25-000001.txt
2091626,"GEM Alpha Fund, LP",D,20251016,edgar/data/2091626/0002091626-25-000001.txt
2091672,"ASP SPV, LP",D,20251016,edgar/data/2091672/0000945621-25-000975.txt
2091675,"Green Light Beverage, Inc.",D,20251016,edgar/data/2091675/0002091675-25-000003.txt
2091682,Palmas Uphold SPV LLC a series of Palmas SPV LLC,D,20251016,edgar/data/2091682/0001096906-25-001693.txt
2091686,ICG European Direct Lending X SCSp,D,20251016,edgar/data/2091686/0002091686-25-000001.txt
2091689,"Woodford Partnership 86, LP",D,20251016,edgar/data/2091689/0002091689-25-000001.txt
2091693,"TheGoodEarCompany, Inc.",D,20251016,edgar/data/2091693/0002091693-25-000001.txt
2091707,"Spoke Lake City 106, LLC",D,20251016,edgar/data/2091707/0002091707-25-000001.txt
2091709,Code II Sep 2025 a Series of CGF2021 LLC,D,20251016,edgar/data/2091709/0002091709-25-000001.txt
2091722,Five18 Strategic Ventures Inc.,D,20251016,edgar/data/2091722/0002091722-25-000002.txt
2091752,GSBackers Ursa Major Fund I a Series of CGF2021 LLC,D,20251016,edgar/data/2091752/0002091752-25-000001.txt
2091753,Terra AI - StoryHouse Sep 2025 a Series of CGF2021 LLC,D,20251016,edgar/data/2091753/0002091753-25-000001.txt
2091825,Galaxy Plus Fund LLC - Typhon Athena Quant Feeder Fund (593),D,20251016,edgar/data/2091825/0002091825-25-000001.txt
2091839,Engine Bridge Capital LP,D,20251016,edgar/data/2091839/0002091839-25-000001.txt
2091851,Crown Arkoma #2 Joint Venture,D,20251016,edgar/data/2091851/0002091851-25-000001.txt
2091854,McFarlane Lake Mining Ltd,D,20251016,edgar/data/2091854/0001062993-25-016134.txt
2091854,McFarlane Lake Mining Ltd,D,20251016,edgar/data/2091854/0001062993-25-016135.txt
2091855,SSF21 LLC,D,20251016,edgar/data/2091855/0002091855-25-000001.txt
2091862,"TTG Aggregator, LLC",D,20251016,edgar/data/2091862/0002091862-25-000003.txt
2091866,Newbrook Capital Autumn Park Investors LLC,D,20251016,edgar/data/2091866/0002091866-25-000001.txt
2091871,DEEPREAD INC.,D,20251016,edgar/data/2091871/0002091871-25-000001.txt
2091897,AP Vitality Seed Apr 2025 a Series of Anthropy Master LLC,D,20251016,edgar/data/2091897/0002091897-25-000001.txt
2091898,U&I Ventures SPV Vivid Sep 2025 a Series of CGF2021 LLC,D,20251016,edgar/data/2091898/0002091898-25-000001.txt
2091899,Rebellion Ventures AIO Series A a Series of CGF2021 LLC,D,20251016,edgar/data/2091899/0002091899-25-000001.txt
2091900,Spearfish Aug 2025 a Series of CGF2021 LLC,D,20251016,edgar/data/2091900/0002091900-25-000001.txt
2091901,DCP SPV V a Series of CGF2021 LLC,D,20251016,edgar/data/2091901/0002091901-25-000001.txt
2091902,Cachai Jun 2025 a Series of CGF2021 LLC,D,20251016,edgar/data/2091902/0002091902-25-000001.txt
2091903,Global AI Sep 2025 a Series of CGF2021 LLC,D,20251016,edgar/data/2091903/0002091903-25-000001.txt
2091904,Antares Cyrus SPV I Sept 2025 a Series of JDY Holdings LLC,D,20251016,edgar/data/2091904/0002091904-25-000001.txt
2091905,Cursor SPV1 Emerging Global a Series of CGF2021 LLC,D,20251016,edgar/data/2091905/0002091905-25-000001.txt
2091906,IGX 2.6 a Series of CGF2021 LLC,D,20251016,edgar/data/2091906/0002091906-25-000001.txt
2091907,Neurava SPV Aug 2025 a Series of CGF2021 LLC,D,20251016,edgar/data/2091907/0002091907-25-000001.txt
2091908,Lasagna Nova Series B Sep 2025 a Series of CGF2021 LLC,D,20251016,edgar/data/2091908/0002091908-25-000001.txt
2091909,PPVP Growth A a Series of Pari Passu Master II LLC,D,20251016,edgar/data/2091909/0002091909-25-000001.txt
2091910,IGC Cognixion a Series of CGF2021 LLC,D,20251016,edgar/data/2091910/0002091910-25-000001.txt
2091911,Ginko Jan 2025 a Series of Cherub SPV LLC,D,20251016,edgar/data/2091911/0002091911-25-000001.txt
2091912,Ultranative 0.14 a Series of Ultranative Ventures I LLC,D,20251016,edgar/data/2091912/0002091912-25-000001.txt
2091936,"Luna Parent, Inc.",D,20251016,edgar/data/2091936/0002091936-25-000001.txt
2091937,Wellings Sembra Sidecar I LLC,D,20251016,edgar/data/2091937/0002091937-25-000001.txt
2091942,C3 Kentucky LLC,D,20251016,edgar/data/2091942/0002091942-25-000001.txt
2091943,DHK KY LLC,D,20251016,edgar/data/2091943/0002091943-25-000001.txt
2091964,CCV-DIMENSIONLABS-2025 LLC,D,20251016,edgar/data/2091964/0002091964-25-000001.txt
2091965,CCV-CycleLabs-2024 LLC,D,20251016,edgar/data/2091965/0002091965-25-000001.txt
2091966,CCV-StreetMetrics-2025 LLC,D,20251016,edgar/data/2091966/0002091966-25-000001.txt
2091967,CCV-Redeam-2024 LLC,D,20251016,edgar/data/2091967/0002091967-25-000001.txt
2091968,CCV-Autonoma-2024 LLC,D,20251016,edgar/data/2091968/0002091968-25-000001.txt
2091969,CCV-Adwerx-2024 LLC,D,20251016,edgar/data/2091969/0002091969-25-000001.txt
2091980,"Horizon II, a Series of E1 VC, LLC",D,20251016,edgar/data/2091980/0002091980-25-000001.txt
2091989,"Pryme Infil, Inc.",D,20251016,edgar/data/2091989/0002091989-25-000001.txt
2092001,AeroNimble Corp,D,20251016,edgar/data/2092001/0002092001-25-000001.txt
2092010,"Viking Partners Fund VI, LLC",D,20251016,edgar/data/2092010/0002092010-25-000001.txt
2092013,Appian EM Fund LP,D,20251016,edgar/data/2092013/0002092013-25-000001.txt
2092015,Protos Fund LP - Series 6,D,20251016,edgar/data/2092015/0000935836-25-000640.txt
2092026,Grow Fund US LLC,D,20251016,edgar/data/2092026/0002092026-25-000001.txt
2092043,Dawncoin Ltd,D,20251016,edgar/data/2092043/0002092043-25-000001.txt
2092044,TerraLuma Capital LLC,D,20251016,edgar/data/2092044/0002092044-25-000001.txt
2092129,"LenderSquared, inc",D,20251016,edgar/data/2092129/0002092129-25-000001.txt
2092136,PESWA FEEDER I A SERIES OF MASTER FUND I LLC,D,20251016,edgar/data/2092136/0002092136-25-000001.txt
2092139,"Airways Holdings, Inc.",D,20251016,edgar/data/2092139/0002092139-25-000001.txt
2092182,"Sherman Real Estate Fund XVI, LLC",D,20251016,edgar/data/2092182/0002092182-25-000001.txt
2092215,"Exceedio Acquisition, LLC",D,20251016,edgar/data/2092215/0002080612-25-000006.txt
2092231,Greetings from Vienna LLC,D,20251016,edgar/data/2092231/0002092231-25-000001.txt
2092245,"RunAnywhere, Inc.",D,20251016,edgar/data/2092245/0002092245-25-000001.txt
1560258,"electroCore, Inc.",D,20251017,edgar/data/1560258/0001493152-25-018446.txt
1560258,"electroCore, Inc.",D,20251017,edgar/data/1560258/0001493152-25-018447.txt
1598981,SKYX Platforms Corp.,D,20251017,edgar/data/1598981/0001493152-25-018511.txt
1681339,Jennison Global Opportunity Fund of the Prudential Trust Co Institutional Business Trust,D,20251017,edgar/data/1681339/0001681339-25-000002.txt
1683553,"SPRUCE BIOSCIENCES, INC.",D,20251017,edgar/data/1683553/0001683553-25-000003.txt
1842566,"Airship AI Holdings, Inc.",D,20251017,edgar/data/1842566/0001161697-25-000365.txt
1859017,Metrolla Inc.,D,20251017,edgar/data/1859017/0001859017-25-000002.txt
1917011,Hi & Mighty LLC,D,20251017,edgar/data/1917011/0001917011-25-000011.txt
1934568,Iconic Holdings Topco L.P.,D,20251017,edgar/data/1934568/0001934568-25-000004.txt
1942295,Accelsius Holdings LLC,D,20251017,edgar/data/1942295/0001140361-25-038489.txt
1960833,"CIBA HEALTH, INC.",D,20251017,edgar/data/1960833/0001960833-25-000004.txt
1995245,"Fund II, a series of Explorer.gg, LP",D,20251017,edgar/data/1995245/0001995245-25-000002.txt
2024739,Intangible Technology Inc.,D,20251017,edgar/data/2024739/0002024739-25-000003.txt
2026331,"Adoreal, Inc.",D,20251017,edgar/data/2026331/0002026331-25-000002.txt
2031487,Paragon Square Inc.,D,20251017,edgar/data/2031487/0002031487-25-000003.txt
2051214,GSF 2025-AXMF1 REIT LLC,D,20251017,edgar/data/2051214/0002051214-25-000002.txt
2055076,"CO-0125 Fund IV, a series of Roll Up Vehicles, LP",D,20251017,edgar/data/2055076/0002055076-25-000002.txt
2072028,CSP Parent LLC,D,20251017,edgar/data/2072028/0002072028-25-000003.txt
2074389,"QHP Sapphire SPV, L.P.",D,20251017,edgar/data/2074389/0002074389-25-000001.txt
2076235,Balfour Beatty plc,D,20251017,edgar/data/2076235/0002076235-25-000002.txt
2078081,Kuzana Inc,D,20251017,edgar/data/2078081/0002078081-25-000020.txt
2080705,"Resonant Venture Capital Fund II, LP",D,20251017,edgar/data/2080705/0002080705-25-000001.txt
2082005,"MCM - WATAUGA, LLC",D,20251017,edgar/data/2082005/0002082005-25-000004.txt
2082063,Copenhagen Infrastructure Green Credit Fund II USD SCSp,D,20251017,edgar/data/2082063/0002082063-25-000002.txt
2082128,Copenhagen Infrastructure Green Credit Fund II USD Blocker Feeder SCSp,D,20251017,edgar/data/2082128/0002082128-25-000002.txt
2082255,"LO-0523 Fund I, a series of Roll Up Vehicles, LP",D,20251017,edgar/data/2082255/0002082255-25-000001.txt
2083614,Bristol Village IWC HPI LLC,D,20251017,edgar/data/2083614/0002083614-25-000001.txt
2083827,"Costella Kirsch SBIC, LP",D,20251017,edgar/data/2083827/0001123292-25-000566.txt
2084153,"AQ-0729 Fund II, a series of Umami Capital, LP",D,20251017,edgar/data/2084153/0002084153-25-000001.txt
2084299,Secondaries Portfolio 2026 LP,D,20251017,edgar/data/2084299/0001315863-25-000760.txt
2084300,Secondaries Portfolio GF 2026 LP,D,20251017,edgar/data/2084300/0001315863-25-000761.txt
2084301,Secondaries Portfolio TE 2026 LP,D,20251017,edgar/data/2084301/0001315863-25-000762.txt
2084512,Private Credit Portfolio 2026 LP,D,20251017,edgar/data/2084512/0001315863-25-000746.txt
2084513,Private Credit Portfolio GF 2026 LP,D,20251017,edgar/data/2084513/0001315863-25-000747.txt
2084514,Private Credit Portfolio TE 2026 LP,D,20251017,edgar/data/2084514/0001315863-25-000748.txt
2084515,Private Diversifiers Portfolio 2026 LP,D,20251017,edgar/data/2084515/0001315863-25-000749.txt
2084516,Private Diversifiers Portfolio GF 2026 LP,D,20251017,edgar/data/2084516/0001315863-25-000750.txt
2084517,Private Diversifiers Portfolio TE 2026 LP,D,20251017,edgar/data/2084517/0001315863-25-000751.txt
2084521,Private Real Return Portfolio 2026 LP,D,20251017,edgar/data/2084521/0001315863-25-000752.txt
2084522,Private Total Return Portfolio 2026 LP,D,20251017,edgar/data/2084522/0001315863-25-000753.txt
2084743,Glide Path Solutions TE 2026 LP,D,20251017,edgar/data/2084743/0001315863-25-000745.txt
2085326,GP Interests Portfolio 2026 LP,D,20251017,edgar/data/2085326/0001315863-25-000763.txt
2085438,"BBE Keystone Fund, LP",D,20251017,edgar/data/2085438/0002085438-25-000001.txt
2085461,Real Assets Portfolio 2026 LP,D,20251017,edgar/data/2085461/0001315863-25-000754.txt
2085588,Real Assets Portfolio GF 2026 LP,D,20251017,edgar/data/2085588/0001315863-25-000755.txt
2085590,Real Assets Portfolio TE 2026 LP,D,20251017,edgar/data/2085590/0001315863-25-000756.txt
2085592,Real Estate Portfolio 2026 LP,D,20251017,edgar/data/2085592/0001315863-25-000757.txt
2085593,Real Estate Portfolio GF 2026 LP,D,20251017,edgar/data/2085593/0001315863-25-000758.txt
2085595,Real Estate Portfolio TE 2026 LP,D,20251017,edgar/data/2085595/0001315863-25-000759.txt
2085612,"AL-0829 Fund I, a series of Sajid Rahman Angel Funds, LP",D,20251017,edgar/data/2085612/0002085612-25-000001.txt
2085645,"Kearny Jackson BSP Opportunity, a series of Kearny Jackson BSP, LP",D,20251017,edgar/data/2085645/0002085645-25-000001.txt
2086016,"AVSF - Quilt 2025, LLC",D,20251017,edgar/data/2086016/0002086016-25-000001.txt
2086134,YAKEEY INC.,D,20251017,edgar/data/2086134/0002086134-25-000001.txt
2086177,"Bahari Analytics, Inc.",D,20251017,edgar/data/2086177/0002086177-25-000001.txt
2086227,Blue Owl Funding Partners II LP,D,20251017,edgar/data/2086227/0002086227-25-000001.txt
2086651,"CRU1 SPV, a series of Riverside Ventures Self-Advised, LP",D,20251017,edgar/data/2086651/0002086651-25-000001.txt
2086806,Income Co-Investment Portfolio TE 2026 LP,D,20251017,edgar/data/2086806/0001315863-25-000766.txt
2086859,Income Co-Investment Portfolio GF 2026 LP,D,20251017,edgar/data/2086859/0001315863-25-000765.txt
2086860,Income Co-Investment Portfolio 2026 LP,D,20251017,edgar/data/2086860/0001315863-25-000764.txt
2086987,"ZE-0730 Fund II, a series of Contrary Capital AL, LP",D,20251017,edgar/data/2086987/0002086987-25-000001.txt
2087003,"CAZ Co-Investment Opportunities Fund, L.P. - ARMADA Portfolio",D,20251017,edgar/data/2087003/0002087003-25-000001.txt
2087074,"GH-0908 Fund I, a series of Exitfund Venture, LP",D,20251017,edgar/data/2087074/0002087074-25-000001.txt
2087174,"DE-0910 Fund I, a series of Exitfund Venture, LP",D,20251017,edgar/data/2087174/0002087174-25-000001.txt
2087272,"Jude Gomila, LP - E4",D,20251017,edgar/data/2087272/0002087272-25-000001.txt
2087281,"Jude Gomila QP, LP - E4",D,20251017,edgar/data/2087281/0002087272-25-000001.txt
2088146,"AL-0910 Fund I, a series of Ventioneers Funds, LP",D,20251017,edgar/data/2088146/0002088146-25-000001.txt
2088266,"Gator Co-Invest LI, L.P.",D,20251017,edgar/data/2088266/0002088266-25-000001.txt
2088642,Carcetti Capital Corp.,D,20251017,edgar/data/2088642/0000950142-25-002830.txt
2088973,"TH-0506 Fund I, a series of Vaark Syndicate II, LP",D,20251017,edgar/data/2088973/0002088973-25-000001.txt
2089371,"Series Access, a series of TE Holdings I LLC",D,20251017,edgar/data/2089371/0002089371-25-000001.txt
2089685,Tidal Diagnostic Solutions Inc.,D,20251017,edgar/data/2089685/0002089685-25-000001.txt
2089792,"AP WF Hemnes Co-Investment, LP",D,20251017,edgar/data/2089792/0002089792-25-000002.txt
2090048,CM Investments III LLC - CM Interconnection Fund I LLC,D,20251017,edgar/data/2090048/0002090048-25-000001.txt
2090171,Janus Henderson Equity Long/Short Fund Ltd,D,20251017,edgar/data/2090171/0002090171-25-000001.txt
2090215,"SWORD Industrial Partners, LLC",D,20251017,edgar/data/2090215/0002090215-25-000001.txt
2090353,"PO-0926 Fund I, a series of Umami Capital, LP",D,20251017,edgar/data/2090353/0002090353-25-000001.txt
2090376,"Tabletop Tycoon, Inc.",D,20251017,edgar/data/2090376/0002090376-25-000001.txt
2090392,"ML Windmill MF REIT, LLC",D,20251017,edgar/data/2090392/0002090392-25-000001.txt
2090405,"Uncommon Group Fund I, LP",D,20251017,edgar/data/2090405/0002090405-25-000001.txt
2090517,"CJN Salvage 1 Feeder, LP",D,20251017,edgar/data/2090517/0002090517-25-000001.txt
2090580,Insiders SPV I LP,D,20251017,edgar/data/2090580/0002090580-25-000001.txt
2090614,"Rauch Capital Burst CLXXIV, a series of Rauch Capital Burst, LP",D,20251017,edgar/data/2090614/0002090614-25-000001.txt
2090696,"VistaVia Wealth Fund I, LLC",D,20251017,edgar/data/2090696/0002090696-25-000001.txt
2090716,"Recap Financial Ventures, LLC",D,20251017,edgar/data/2090716/0002090716-25-000001.txt
2090873,"QodeX Quantum, Inc.",D,20251017,edgar/data/2090873/0002090873-25-000001.txt
2091019,"AIScientists, Inc.",D,20251017,edgar/data/2091019/0002091019-25-000002.txt
2091131,Aegis Marine Shipmanagement Inc.,D,20251017,edgar/data/2091131/0001376474-25-000849.txt
2091232,"Comvest Credit Partners VII Co-Invest Fund (Ontario) Feeder, L.P.",D,20251017,edgar/data/2091232/0002091232-25-000001.txt
2091240,"Comvest Credit Partners VII Co-Invest Fund Master, L.P.",D,20251017,edgar/data/2091240/0002091240-25-000001.txt
2091370,"CUR8 SYND I, a Series of 2H Opportunities, LLC",D,20251017,edgar/data/2091370/0002091370-25-000001.txt
2091416,Fortescue Park H LLC,D,20251017,edgar/data/2091416/0002091416-25-000001.txt
2091522,Viva Private Investments LLC - Series B,D,20251017,edgar/data/2091522/0001012975-25-000645.txt
2091529,"Kauai Condos EB5 Phase One, LLC",D,20251017,edgar/data/2091529/0002091529-25-000001.txt
2091702,ZunePok Ltd,D,20251017,edgar/data/2091702/0002091702-25-000001.txt
2091777,"Premier Calypso Access Fund, L.P.",D,20251017,edgar/data/2091777/0002091777-25-000001.txt
2091835,Arcus European Infrastructure Fund 4 (C) SCSp,D,20251017,edgar/data/2091835/0002091838-25-000001.txt
2091836,Kensington Park BGOG LLC,D,20251017,edgar/data/2091836/0002091836-25-000001.txt
2091837,Arcus European Infrastructure Fund 4 (B) SCSp,D,20251017,edgar/data/2091837/0002091838-25-000001.txt
2091838,Arcus European Infrastructure Fund 4 SCSp,D,20251017,edgar/data/2091838/0002091838-25-000001.txt
2091874,HBV IC Investors LP,D,20251017,edgar/data/2091874/0002091874-25-000001.txt
2091889,"Stovex Global, Inc.",D,20251017,edgar/data/2091889/0002091889-25-000001.txt
2091916,Chirp Enterprises Inc.,D,20251017,edgar/data/2091916/0002091916-25-000001.txt
2091925,"KRKN 2025, a Series of Carbyne Capital Master, LLC",D,20251017,edgar/data/2091925/0002091925-25-000001.txt
2091926,Arbor Capital Partners LLC,D,20251017,edgar/data/2091926/0002091926-25-000001.txt
2091979,"Horizon I, a Series of E1 VC, LLC",D,20251017,edgar/data/2091979/0002091979-25-000001.txt
2091980,"Horizon II, a Series of E1 VC, LLC",D,20251017,edgar/data/2091980/0002091980-25-000002.txt
2091995,"Sleuth Insights, Inc.",D,20251017,edgar/data/2091995/0002091995-25-000001.txt
2092038,TriUnity Multi Asset Fund 2025 LLC,D,20251017,edgar/data/2092038/0002092038-25-000001.txt
2092041,"Redwood SCP Healthcare VI, LLC",D,20251017,edgar/data/2092041/0002092041-25-000001.txt
2092052,"Fan Health Network, LLC",D,20251017,edgar/data/2092052/0001062993-25-016166.txt
2092074,"Redwood SCP Search Partners II, LLC",D,20251017,edgar/data/2092074/0002092074-25-000001.txt
2092086,Ascend Endurance SPV Sep 2025 a Series of CGF2021 LLC,D,20251017,edgar/data/2092086/0002092086-25-000001.txt
2092087,Extellis Sep 2025 a Series of CGF2021 LLC,D,20251017,edgar/data/2092087/0002092087-25-000001.txt
2092089,DiversiFi Ventures Cursor AI a Series of CGF2021 LLC,D,20251017,edgar/data/2092089/0002092089-25-000001.txt
2092118,Pry Cap Ltd,D,20251017,edgar/data/2092118/0002092118-25-000001.txt
2092147,"Collab Air Fund I, L.P.",D,20251017,edgar/data/2092147/0001231919-25-000329.txt
2092153,Calculus Growth Fund LLC,D,20251017,edgar/data/2092153/0002092153-25-000001.txt
2092174,"Biovantix Biotechnology, Inc",D,20251017,edgar/data/2092174/0001683168-25-007628.txt
2092174,"Biovantix Biotechnology, Inc",D,20251017,edgar/data/2092174/0001683168-25-007630.txt
2092223,Produce Now Farming Inc,D,20251017,edgar/data/2092223/0002092223-25-000001.txt
2092228,"EN-0410 Fund I, a series of Roll Up Vehicles, LP",D,20251017,edgar/data/2092228/0002092228-25-000001.txt
2092236,"STUF SYND II, a Series of 2H Opportunities, LLC",D,20251017,edgar/data/2092236/0002092236-25-000001.txt
2092237,"STUF SYND I, a Series of 2H Opportunities, LLC",D,20251017,edgar/data/2092237/0002092237-25-000001.txt
2092238,"DPV OAI VI, a Series of DataPower Ventures LLC",D,20251017,edgar/data/2092238/0002092238-25-000001.txt
2092239,"DPV XAI VI, a Series of DataPower Ventures LLC",D,20251017,edgar/data/2092239/0002092239-25-000001.txt
2092246,"CS1031 The Villages at Miami Gardens BFR Housing, DST",D,20251017,edgar/data/2092246/0002092246-25-000001.txt
2092254,C6 Partners II Opportunities CFH LP,D,20251017,edgar/data/2092254/0002092254-25-000001.txt
2092276,"Sycamore Film Fund, LLC",D,20251017,edgar/data/2092276/0001062993-25-016171.txt
2092278,Carolina Collective Rental LLC,D,20251017,edgar/data/2092278/0002092278-25-000001.txt
2092290,"Tokidoki Brewing, LLC",D,20251017,edgar/data/2092290/0002092290-25-000001.txt
2092292,EQITOU LTD.,D,20251017,edgar/data/2092292/0002092292-25-000001.txt
2092324,South Crest Holdings LLC,D,20251017,edgar/data/2092324/0002092324-25-000001.txt
2092325,BlueCrest USD Capital Management Ltd,D,20251017,edgar/data/2092325/0002092325-25-000001.txt
2092327,"ZING SYND I, a Series of 2H Opportunities, LLC",D,20251017,edgar/data/2092327/0002092327-25-000001.txt
2092328,"Oracle I, a Series of E1 VC, LLC",D,20251017,edgar/data/2092328/0002092328-25-000001.txt
2092362,"Bloc Wines, Inc.",D,20251017,edgar/data/2092362/0002092362-25-000001.txt
2092398,"Northlake 35 Land JV, LLC",D,20251017,edgar/data/2092398/0002092398-25-000001.txt
2092399,"Northlake Land Co-Investment, LLC",D,20251017,edgar/data/2092399/0002092399-25-000001.txt
2092457,"Scribe Social, Co.",D,20251017,edgar/data/2092457/0002092457-25-000001.txt
1312331,TEXAKOMA EXPLORATION & PRODUCTION LLC,D,20251020,edgar/data/1312331/0001312331-25-000006.txt
1395159,FRIENDSHIP BRIDGE,D,20251020,edgar/data/1395159/0001395159-25-000002.txt
1561428,"Approved Colleges, LLC",D,20251020,edgar/data/1561428/0001561428-25-000002.txt
1628634,"Fountains of Hope, LLC",D,20251020,edgar/data/1628634/0001628634-25-000006.txt
1637038,"Cleveland Diagnostics, Inc.",D,20251020,edgar/data/1637038/0001637038-25-000003.txt
1653561,"Midwest BankCentre, Inc.",D,20251020,edgar/data/1653561/0001014108-25-000064.txt
1729900,"Arlington Surgery Center, LLC",D,20251020,edgar/data/1729900/0001729900-25-000002.txt
1740062,"OrbitalRx, Inc.",D,20251020,edgar/data/1740062/0001740062-25-000003.txt
1741495,"Vergent Bioscience, Inc.",D,20251020,edgar/data/1741495/0001741495-25-000004.txt
1750214,"Membrion, Inc.",D,20251020,edgar/data/1750214/0001750214-25-000005.txt
1750214,"Membrion, Inc.",D,20251020,edgar/data/1750214/0001750214-25-000006.txt
1769334,Downstream Perennial Offshore Fund Ltd,D,20251020,edgar/data/1769334/0001769334-25-000002.txt
1778258,"Bot Image, Inc.",D,20251020,edgar/data/1778258/0001778258-25-000004.txt
1778258,"Bot Image, Inc.",D,20251020,edgar/data/1778258/0001778258-25-000005.txt
1814250,"inSoma Bio, Inc.",D,20251020,edgar/data/1814250/0001814250-25-000002.txt
1819319,"IMAGEN DENTAL PARTNERS, LLC",D,20251020,edgar/data/1819319/0002092586-25-000002.txt
1835476,"Pacific Diabetes Technologies, Inc.",D,20251020,edgar/data/1835476/0001835476-25-000003.txt
1869981,"Olympic Investment, L.P.",D,20251020,edgar/data/1869981/0001869981-25-000002.txt
1876971,GROUP 11 TECHNOLOGIES INC.,D,20251020,edgar/data/1876971/0001876971-25-000002.txt
1888607,"Prescribe FIT, Inc.",D,20251020,edgar/data/1888607/0001888607-25-000003.txt
1905656,NORTLOV SECURITIES LLC,D,20251020,edgar/data/1905656/0001905656-25-000003.txt
1929904,"First Encore Income Fund, LP",D,20251020,edgar/data/1929904/0001929904-25-000002.txt
1939427,Liberia Organic Cocoa & Agricultural Co,D,20251020,edgar/data/1939427/0001939427-25-000005.txt
1942677,AMAI INC.,D,20251020,edgar/data/1942677/0001942677-25-000005.txt
1944095,MOAT BIOTECHNOLOGY Corp,D,20251020,edgar/data/1944095/0001944095-25-000002.txt
1944399,"Earlyworks Co., Ltd.",D,20251020,edgar/data/1944399/0001213900-25-100071.txt
1947017,Rising Wealth Fund LP,D,20251020,edgar/data/1947017/0001947017-25-000003.txt
1951313,MRE Open-End Fund LP,D,20251020,edgar/data/1951313/0001951313-25-000002.txt
1957350,Bespoken Spirits Inc.,D,20251020,edgar/data/1957350/0001957350-25-000002.txt
1978468,"HB-WIN 2023 SonoVascular Series, a series of HB-WIN LLC",D,20251020,edgar/data/1978468/0001978468-25-000002.txt
1990410,"MAE HEALTH, INC.",D,20251020,edgar/data/1990410/0001990410-25-000004.txt
2019875,"Corner Therapeutics, Inc.",D,20251020,edgar/data/2019875/0002019875-25-000004.txt
2023866,"Augment Collective, LLC",D,20251020,edgar/data/2023866/0002023866-25-000030.txt
2023866,"Augment Collective, LLC",D,20251020,edgar/data/2023866/0002023866-25-000031.txt
2054672,"LongeVC Fund II, LP",D,20251020,edgar/data/2054672/0002054672-25-000002.txt
2059236,"Madison Rumney Opportunity Fund, LLC",D,20251020,edgar/data/2059236/0002059236-25-000002.txt
2061375,Vector Research Group LLC,D,20251020,edgar/data/2061375/0002061375-25-000008.txt
2062469,WiseTech Inc.,D,20251020,edgar/data/2062469/0002062469-25-000003.txt
2064197,"CB General Partner Commitment Fund XI, LP",D,20251020,edgar/data/2064197/0002064197-25-000001.txt
2064320,"CB Staff Fund XI, LP",D,20251020,edgar/data/2064320/0002064320-25-000001.txt
2079668,"TOSS-4, a series of ALEXTAR VC, LLC",D,20251020,edgar/data/2079668/0002079668-25-000001.txt
2081237,"Groma Boston Growth Fund III, LP",D,20251020,edgar/data/2081237/0002081237-25-000001.txt
2081370,AlphaHealth Inc,D,20251020,edgar/data/2081370/0002081370-25-000001.txt
2083148,"Neurava Investments I, LP",D,20251020,edgar/data/2083148/0002083148-25-000001.txt
2083802,Axcel Elevate I K/S,D,20251020,edgar/data/2083802/0002083802-25-000001.txt
2083803,Axcel Elevate I K/S 2,D,20251020,edgar/data/2083803/0002083803-25-000001.txt
2083818,"Soundcore Fund III DD CI, LP",D,20251020,edgar/data/2083818/0002083818-25-000001.txt
2084056,"AU-0616 Fund I, a series of Not Boring Ventures, LP",D,20251020,edgar/data/2084056/0002084056-25-000001.txt
2086640,"Encompass More Currency Alpha Fund, LP",D,20251020,edgar/data/2086640/0002086640-25-000001.txt
2087190,"AS-0909 Fund I, a series of The Fund Series, LP",D,20251020,edgar/data/2087190/0002087190-25-000001.txt
2087300,Global Atlantic Ivy Co-Invest Vehicle III ESC Feeder L.P.,D,20251020,edgar/data/2087300/0002062357-25-000048.txt
2087457,"AVSF - The Snow League 2025, LLC",D,20251020,edgar/data/2087457/0002087457-25-000001.txt
2087560,Global Atlantic Ivy Co-Invest Vehicle III Rated Feeder L.P.,D,20251020,edgar/data/2087560/0002062357-25-000052.txt
2087560,Global Atlantic Ivy Co-Invest Vehicle III Rated Feeder L.P.,D,20251020,edgar/data/2087560/0002062357-25-000053.txt
2087566,Global Atlantic Ivy Co-Invest Vehicle III Feeder L.P.,D,20251020,edgar/data/2087566/0002062357-25-000050.txt
2088109,TCW Star ABF Investment Grade Core Fund LP,D,20251020,edgar/data/2088109/0002062357-25-000055.txt
2088126,IA Jawa 108x0 a Series of IrishAngels 2025 LLC,D,20251020,edgar/data/2088126/0002088126-25-000001.txt
2089074,"MPC Federal 2025 Historic ICF 1, LLC",D,20251020,edgar/data/2089074/0000908834-25-000303.txt
2089987,DiversiFi Ventures Anduril SPV I LLC,D,20251020,edgar/data/2089987/0002089987-25-000001.txt
2090050,"Blue Ice Ventures SPV I, a series of Blue Ice Venture Funds, LP",D,20251020,edgar/data/2090050/0002090050-25-000001.txt
2090695,"Bonaccord Capital Partners III-A, LP",D,20251020,edgar/data/2090695/0000905148-25-003632.txt
2090761,Gaingels Neuma LLC,D,20251020,edgar/data/2090761/0002090761-25-000001.txt
2090869,EAM Litigation Finance Fund I LP,D,20251020,edgar/data/2090869/0001636587-25-000054.txt
2091139,"GC VG Ventures, LP",D,20251020,edgar/data/2091139/0002091139-25-000001.txt
2091234,"Okeanos Venture Partners II, LLC - Series 162",D,20251020,edgar/data/2091234/0002091234-25-000001.txt
2091459,JTMSSP LLC,D,20251020,edgar/data/2091459/0002091459-25-000001.txt
2091510,"WE-1003 Fund I, a series of FriedRichGauss, LP",D,20251020,edgar/data/2091510/0002091510-25-000001.txt
2091572,"Ironfist Therapeutics, Inc.",D,20251020,edgar/data/2091572/0002091572-25-000001.txt
2091717,"BCC Multifamily Advantage Fund I, LP",D,20251020,edgar/data/2091717/0002091717-25-000001.txt
2091823,"Blackfish Alpha, LP",D,20251020,edgar/data/2091823/0002091823-25-000001.txt
2091826,Blackfish Alpha Offshore Ltd.,D,20251020,edgar/data/2091826/0002091826-25-000001.txt
2091847,"Vicora, Inc.",D,20251020,edgar/data/2091847/0002091847-25-000001.txt
2091864,Kincaid Fund Ltd.,D,20251020,edgar/data/2091864/0002091864-25-000001.txt
2091887,"Bronco Investment Vehicle, L.P.",D,20251020,edgar/data/2091887/0002091887-25-000001.txt
2091890,LayerV LLC,D,20251020,edgar/data/2091890/0002091890-25-000001.txt
2091927,"TPG Twin Brook Mammoth Fund, L.P.",D,20251020,edgar/data/2091927/0002091927-25-000001.txt
2091930,Purple Pigeon Capital LLC,D,20251020,edgar/data/2091930/0002091930-25-000001.txt
2091932,"Bonaccord Capital Partners III, LP",D,20251020,edgar/data/2091932/0000905148-25-003633.txt
2091934,DFI ANNA NEC LLC,D,20251020,edgar/data/2091934/0002091934-25-000001.txt
2091944,"Nanopower Medicine, Inc.",D,20251020,edgar/data/2091944/0002091944-25-000001.txt
2091947,JCAP OL SPV,D,20251020,edgar/data/2091947/0002091947-25-000001.txt
2092000,Signal 7 Tactical Sentiment Fund LP,D,20251020,edgar/data/2092000/0002092000-25-000001.txt
2092039,First In Ventures Fund 3 SBIC Critical Technologies LP,D,20251020,edgar/data/2092039/0002081111-25-000025.txt
2092172,Mobilitas Co-Investment LP,D,20251020,edgar/data/2092172/0002092172-25-000001.txt
2092200,Platform Innovations Inc.,D,20251020,edgar/data/2092200/0002092200-25-000001.txt
2092244,PI SQUARE VENTURES LLC,D,20251020,edgar/data/2092244/0002092244-25-000001.txt
2092282,OPC 100 LLC,D,20251020,edgar/data/2092282/0002092282-25-000001.txt
2092435,"TP KCB SoCal Investment Fund, LLC",D,20251020,edgar/data/2092435/0002092435-25-000001.txt
2092439,"W26 OZ FUND 1, LLC",D,20251020,edgar/data/2092439/0002092439-25-000001.txt
2092441,W26 Partners LLC,D,20251020,edgar/data/2092441/0002092441-25-000001.txt
2092444,JIMMY'S JOURNAL LLC,D,20251020,edgar/data/2092444/0002092444-25-000001.txt
2092471,"Council Oaks SPV IV, LP",D,20251020,edgar/data/2092471/0002092471-25-000001.txt
2092479,"Opportunity TV, Inc.",D,20251020,edgar/data/2092479/0002092479-25-000001.txt
2092508,Axivra Ltd,D,20251020,edgar/data/2092508/0002092508-25-000001.txt
2092552,"Groq D-3, a Series of A Master Series, LLC",D,20251020,edgar/data/2092552/0002092552-25-000001.txt
2092557,AZI Felspar St 1210 LP,D,20251020,edgar/data/2092557/0002092557-25-000001.txt
2092567,ARC Westport CT JV LLC,D,20251020,edgar/data/2092567/0002092567-25-000001.txt
2092570,"Snowfox Solutions, LLC",D,20251020,edgar/data/2092570/0002092570-25-000001.txt
2092585,HCSPV LLC,D,20251020,edgar/data/2092585/0002092585-25-000001.txt
2092586,"Imagen Koopah Support Services, LLC",D,20251020,edgar/data/2092586/0002092586-25-000002.txt
2092651,"AIRE 204, LLC",D,20251020,edgar/data/2092651/0001042167-25-000057.txt
2092677,"Hickory AI, Inc.",D,20251020,edgar/data/2092677/0002092677-25-000001.txt
2092731,Bradenton Storage LLC,D,20251020,edgar/data/2092731/0002092731-25-000001.txt
911513,BLUE RIDGE DAY SURGERY CENTER L P,D,20251020,edgar/data/911513/0000911513-25-000003.txt
1737842,"Intiva Token, Inc.",D,20251021,edgar/data/1737842/0001737842-25-000002.txt
1758045,Hest Corp,D,20251021,edgar/data/1758045/0001758045-25-000005.txt
1759495,"LiquidX, Inc.",D,20251021,edgar/data/1759495/0001759495-25-000003.txt
1787336,"Corumat, Inc.",D,20251021,edgar/data/1787336/0001787336-25-000004.txt
1839347,Sybal Corp,D,20251021,edgar/data/1839347/0001839347-25-000003.txt
1871678,"MedTex Elucid Coinvest SPV, LLC",D,20251021,edgar/data/1871678/0001871678-25-000002.txt
1918043,Westward Gold Inc.,D,20251021,edgar/data/1918043/0001062993-25-016227.txt
1925281,"Level Wins, LLC",D,20251021,edgar/data/1925281/0001925281-25-000004.txt
1933352,"BAQS, Inc.",D,20251021,edgar/data/1933352/0001933352-25-000002.txt
1957325,EAG Holdings LP,D,20251021,edgar/data/1957325/0001957325-25-000003.txt
1958252,"knownwell, inc.",D,20251021,edgar/data/1958252/0001231919-25-000336.txt
1979207,UrgentIQ Inc.,D,20251021,edgar/data/1979207/0001979207-25-000002.txt
1979396,Planck Holdings LLC - Series 6714,D,20251021,edgar/data/1979396/0001979396-25-000002.txt
1979416,Planck Holdings LLC - Series 6989,D,20251021,edgar/data/1979416/0001979416-25-000002.txt
1992816,"Fireroad Holdings, Inc.",D,20251021,edgar/data/1992816/0001992816-25-000002.txt
2001527,n3xt inc,D,20251021,edgar/data/2001527/0002001527-25-000006.txt
2016056,IGNITEDATA (DELAWARE) INC.,D,20251021,edgar/data/2016056/0002016056-25-000002.txt
2021997,"Harbright 2024 SonoVascular Series, a series of Harbright LLC",D,20251021,edgar/data/2021997/0002021997-25-000002.txt
2030522,"Marwynn Holdings, Inc.",D,20251021,edgar/data/2030522/0001709409-25-000018.txt
2032687,LEGACY OPPORTUNITY FUND LLC/TX,D,20251021,edgar/data/2032687/0002032687-25-000003.txt
2034978,"Specialty Cups, Inc.",D,20251021,edgar/data/2034978/0002034978-25-000002.txt
2038185,"Jabez Biosciences, Inc.",D,20251021,edgar/data/2038185/0001213900-25-100637.txt
2038185,"Jabez Biosciences, Inc.",D,20251021,edgar/data/2038185/0001213900-25-100745.txt
2042408,"Green Cabbage, Inc.",D,20251021,edgar/data/2042408/0002042408-25-000002.txt
2058637,Tap Root Capital Fund I LP,D,20251021,edgar/data/2058637/0002058637-25-000005.txt
2062312,EquityZen Growth Technology Fund LLC - Series 2114,D,20251021,edgar/data/2062312/0002062312-25-000002.txt
2065254,INVEXT BARIENDO SEED A SERIES OF INVEXT LLC,D,20251021,edgar/data/2065254/0002065254-25-000001.txt
2070429,"Mangusta Capital Fund I, L.P.",D,20251021,edgar/data/2070429/0002070429-25-000003.txt
2071444,"RevolverCap Partners Fund III (Cayman), L.P.",D,20251021,edgar/data/2071444/0001315863-25-000767.txt
2071803,"RevolverCap Partners Fund III, L.P.",D,20251021,edgar/data/2071803/0001315863-25-000768.txt
2073307,"Polaris Partners XI, L.P.",D,20251021,edgar/data/2073307/0002073307-25-000003.txt
2076477,"MSMBA Fund I, a series of MSMBA Funds, LP",D,20251021,edgar/data/2076477/0002076477-25-000001.txt
2076830,"BoxGroup Leaven, LP",D,20251021,edgar/data/2076830/0001470831-25-000269.txt
2077002,ASK Absolute Return Fund,D,20251021,edgar/data/2077002/0000929638-25-003934.txt
2077045,"BoxGroup Seven, LP",D,20251021,edgar/data/2077045/0001470831-25-000268.txt
2077855,MVP LS FUND DXCII LLC,D,20251021,edgar/data/2077855/0002077855-25-000001.txt
2078928,"Vine Ventures III-A, LP",D,20251021,edgar/data/2078928/0002078928-25-000001.txt
2078929,"Vine Ventures III-B, LP",D,20251021,edgar/data/2078929/0002078928-25-000001.txt
2079094,"SC- House Protocol SPV a series of Allocations Funds, LLC",D,20251021,edgar/data/2079094/0002079094-25-000001.txt
2079516,2Pi Inc.,D,20251021,edgar/data/2079516/0002079516-25-000001.txt
2080931,"AVSF - ProRata 2025, LLC",D,20251021,edgar/data/2080931/0002080931-25-000001.txt
2081611,"CA-0729 Fund II, a series of Roll Up Vehicles, LP",D,20251021,edgar/data/2081611/0002081611-25-000001.txt
2082453,"AS-0706 Fund I, a series of Roll Up Vehicles, LP",D,20251021,edgar/data/2082453/0002082453-25-000001.txt
2082951,"CA-0603 Fund II, a series of Liberty 225, LP",D,20251021,edgar/data/2082951/0002082951-25-000001.txt
2084352,"Neurava Investments II, LP",D,20251021,edgar/data/2084352/0002084352-25-000001.txt
2084480,IRONVALE CAPITAL SA LTD.,D,20251021,edgar/data/2084480/0002084480-25-000011.txt
2084640,"ID-0730 Fund II, a series of Smolboon AL, LP",D,20251021,edgar/data/2084640/0002084640-25-000001.txt
2085025,"PE Integrum II Offshore Feeder Fund, L.P.",D,20251021,edgar/data/2085025/0002085025-25-000001.txt
2085026,"PE Integrum II Onshore Feeder Fund, L.P.",D,20251021,edgar/data/2085026/0002085026-25-000001.txt
2085432,"Honey Run Retreats, LLC",D,20251021,edgar/data/2085432/0002085432-25-000001.txt
2085501,EquityZen Growth Technology Fund LLC - Series 2171,D,20251021,edgar/data/2085501/0002085501-25-000001.txt
2085897,AGP DC MINATO LP,D,20251021,edgar/data/2085897/0002085897-25-000003.txt
2085904,1617 50 FUNDING L.P.,D,20251021,edgar/data/2085904/0001013594-25-001233.txt
2086297,"RE-0903 Fund II, a series of Roll Up Vehicles, LP",D,20251021,edgar/data/2086297/0002086297-25-000001.txt
2086306,"RE-0904 Fund I, a series of Ryan Bowie Ventures, LP",D,20251021,edgar/data/2086306/0002086306-25-000001.txt
2086606,"VA-0818 Fund II, a series of Roll Up Vehicles, LP",D,20251021,edgar/data/2086606/0002086606-25-000001.txt
2086932,"Fin Capital Flagship III - SBIC, LP",D,20251021,edgar/data/2086932/0001123292-25-000574.txt
2087066,Anvita Capital Fund LLC,D,20251021,edgar/data/2087066/0002087066-25-000001.txt
2087218,CRC CRF VII (B) SPC - CRC CRF VII Series 2025 (B) SP,D,20251021,edgar/data/2087218/0001315863-25-000769.txt
2087328,"B1-0903 Fund I, a series of Sajid Rahman Angel Funds, LP",D,20251021,edgar/data/2087328/0002087328-25-000001.txt
2087443,"ECV IL V, L.P.",D,20251021,edgar/data/2087443/0001470831-25-000267.txt
2087444,"ECV IL OPP III, L.P.",D,20251021,edgar/data/2087444/0001470831-25-000266.txt
2087651,"EVE Partners Fund I, LP",D,20251021,edgar/data/2087651/0002087651-25-000001.txt
2087680,"EVE Partners Fund I-A, LP",D,20251021,edgar/data/2087680/0002087680-25-000001.txt
2087714,AC Europe SCSp,D,20251021,edgar/data/2087714/0002087714-25-000001.txt
2087726,Abdiel Investments LP,D,20251021,edgar/data/2087726/0002087726-25-000001.txt
2087829,South Suburban Litho LLC,D,20251021,edgar/data/2087829/0002087829-25-000002.txt
2087969,WAGMI 172 - WAGMI Master LLC,D,20251021,edgar/data/2087969/0002087969-25-000001.txt
2088358,"HPA 2025 CD Investment, LLC",D,20251021,edgar/data/2088358/0002088358-25-000001.txt
2088715,"OD-0915 Fund V, a series of MV Funds, LP",D,20251021,edgar/data/2088715/0002088715-25-000001.txt
2088723,"LY-0902 Fund I, a series of Arka Venture Fund Management, LP",D,20251021,edgar/data/2088723/0002088723-25-000001.txt
2088784,Ares Master Employee Co-Invest IV Onshore LP,D,20251021,edgar/data/2088784/0002088784-25-000001.txt
2088785,Ares Master Employee Co-Invest IV Onshore A LP,D,20251021,edgar/data/2088785/0002088785-25-000001.txt
2088786,Ares Master Employee Co-Invest IV Offshore LP,D,20251021,edgar/data/2088786/0002088786-25-000001.txt
2088787,Ares Master Employee Co-Invest IV Offshore B LP,D,20251021,edgar/data/2088787/0002088787-25-000001.txt
2088817,"DoveHill Industrial Investors 1, LLC",D,20251021,edgar/data/2088817/0002088817-25-000001.txt
2088889,"Hawk 2025, L.P.",D,20251021,edgar/data/2088889/0002088889-25-000001.txt
2088955,"DH Sabal House, LLC",D,20251021,edgar/data/2088955/0002088955-25-000001.txt
2088956,DH WBI LLC,D,20251021,edgar/data/2088956/0002088956-25-000001.txt
2089260,CL Advisors - DVI LP,D,20251021,edgar/data/2089260/0002089260-25-000001.txt
2089500,"Fuel Venture Capital Replit #1, LLC a Protected Series of Fuel Venture Capital Co-Invest Series, LLC",D,20251021,edgar/data/2089500/0002089500-25-000001.txt
2089797,Citrinitas Capital Management Inc.,D,20251021,edgar/data/2089797/0002089797-25-000001.txt
2089841,"Ideate Better, Inc.",D,20251021,edgar/data/2089841/0002089841-25-000001.txt
2090254,"NE-0924 Fund I, a series of Zachary Ginsburg Funds, LP",D,20251021,edgar/data/2090254/0002090254-25-000001.txt
2090458,Demand AI Group Inc,D,20251021,edgar/data/2090458/0002090458-25-000001.txt
2090768,"RO-09271 Fund I, a series of Roll Up Vehicles, LP",D,20251021,edgar/data/2090768/0002090768-25-000001.txt
2090871,"Enhance Investors SPV, L.P.",D,20251021,edgar/data/2090871/0002090871-25-000001.txt
2090874,"Gores Partners SPV 1, L.P.",D,20251021,edgar/data/2090874/0002090874-25-000001.txt
2090884,Blackwater Capital Group Master Fund LP,D,20251021,edgar/data/2090884/0002090884-25-000001.txt
2090929,Roots Unbound Holdings LLC,D,20251021,edgar/data/2090929/0002090929-25-000001.txt
2091016,MM Knox Holdings LLC,D,20251021,edgar/data/2091016/0002091016-25-000001.txt
2091017,Sunshine Silver Mining & Refining Co,D,20251021,edgar/data/2091017/0002091017-25-000001.txt
2091492,Valhalla Capital Partners Dynamo SPV 1 LLC,D,20251021,edgar/data/2091492/0001376474-25-000853.txt
2091545,Kora Holdings VII (C) LLC,D,20251021,edgar/data/2091545/0000902664-25-004488.txt
2091580,Kora Holdings VIII (C) LLC,D,20251021,edgar/data/2091580/0000902664-25-004487.txt
2091706,"PW Apartments, LLC",D,20251021,edgar/data/2091706/0002091706-25-000001.txt
2091716,Raveum Inc.,D,20251021,edgar/data/2091716/0002091716-25-000001.txt
2091775,"SE 10900 Red Circle (Minnetonka), DST",D,20251021,edgar/data/2091775/0002091775-25-000001.txt
2091783,"Founders Future II US, LP",D,20251021,edgar/data/2091783/0002091783-25-000001.txt
2091795,"Park Golf UTSA, LP",D,20251021,edgar/data/2091795/0002091795-25-000001.txt
2091858,"DLK CAPITAL FEEDER FUND, LP",D,20251021,edgar/data/2091858/0002091858-25-000001.txt
2091875,"GH Bluebird Holdings, Inc.",D,20251021,edgar/data/2091875/0002091875-25-000001.txt
2091888,"Zaida Partners, LP",D,20251021,edgar/data/2091888/0002091888-25-000001.txt
2091929,"Qoral, Inc.",D,20251021,edgar/data/2091929/0002091929-25-000001.txt
2092027,WAGMI 175 - WAGMI Master LLC,D,20251021,edgar/data/2092027/0002092027-25-000001.txt
2092077,IC-SB Rio Rancho LP,D,20251021,edgar/data/2092077/0002092077-25-000001.txt
2092083,"Patriot Disability Advocates, Inc.",D,20251021,edgar/data/2092083/0002092083-25-000001.txt
2092243,Blue Jay Gold Corp.,D,20251021,edgar/data/2092243/0000912282-25-001103.txt
2092270,"NAO Cooperative Capital, Inc.",D,20251021,edgar/data/2092270/0002092270-25-000001.txt
2092359,"A3-0325 Fund I, a series of Roll Up Vehicles, LP",D,20251021,edgar/data/2092359/0002092359-25-000001.txt
2092360,"AS-0930 Fund II, a series of Zachary Ginsburg Funds, LP",D,20251021,edgar/data/2092360/0002092360-25-000001.txt
2092364,"Blue Marlin Therapeutics, Inc.",D,20251021,edgar/data/2092364/0002092364-25-000001.txt
2092367,"DoveHill Industrial Investors 2, LLC",D,20251021,edgar/data/2092367/0002092367-25-000001.txt
2092394,SimplyWise SPV I Sep 2025 a Series of CGF2021 LLC,D,20251021,edgar/data/2092394/0002092394-25-000001.txt
2092403,"Launchbay Secondary Growth Fund, L.P.",D,20251021,edgar/data/2092403/0002092403-25-000001.txt
2092431,DealSage Inc.,D,20251021,edgar/data/2092431/0002092431-25-000001.txt
2092454,"NGP CE Co-Invest, L.P.",D,20251021,edgar/data/2092454/0002092454-25-000001.txt
2092473,Apptroniks Oct 2025 a Series of Moreno VC LLC,D,20251021,edgar/data/2092473/0002092473-25-000001.txt
2092475,"VectorEdge Fund, LP",D,20251021,edgar/data/2092475/0002092475-25-000001.txt
2092477,Anima Iris Jun 2025 a Series of CGF2021 LLC,D,20251021,edgar/data/2092477/0002092477-25-000001.txt
2092480,SegTax II a Series of CGF2021 LLC,D,20251021,edgar/data/2092480/0002092480-25-000001.txt
2092560,"Levery, Inc.",D,20251021,edgar/data/2092560/0002092560-25-000001.txt
2092581,"Equitybee 22-93185, a Series of Equitybee cFund Master LLC",D,20251021,edgar/data/2092581/0002092581-25-000001.txt
2092599,"Persian Road II, LP",D,20251021,edgar/data/2092599/0002092599-25-000001.txt
2092600,"Rauch Capital Burst CLXXVIII, a series of Rauch Capital Burst, LP",D,20251021,edgar/data/2092600/0002092600-25-000001.txt
2092601,Elm The Approach Investors LLC,D,20251021,edgar/data/2092601/0002092601-25-000001.txt
2092604,"Rauch Capital Burst CLXXV, a series of Rauch Capital Burst, LP",D,20251021,edgar/data/2092604/0002092604-25-000001.txt
2092622,"PNC LIHTC Fund 101, LLC",D,20251021,edgar/data/2092622/0002092622-25-000001.txt
2092623,"Radiologue Ventures, a Series of Decile Start Fund, LP",D,20251021,edgar/data/2092623/0002092623-25-000001.txt
2092642,"RVC AI Fund IB, a Series of SecondMarket Growth, LLC",D,20251021,edgar/data/2092642/0002092642-25-000001.txt
2092648,HNZLLQ GLOBAL Ltd.,D,20251021,edgar/data/2092648/0002092648-25-000001.txt
2092649,BE Patternview Data LLC,D,20251021,edgar/data/2092649/0002092649-25-000001.txt
2092658,"Ramston Holdings I, L.P.",D,20251021,edgar/data/2092658/0002092658-25-000001.txt
2092659,Valley Forge Capital Balanced L.P.,D,20251021,edgar/data/2092659/0002092659-25-000001.txt
2092664,Elevate Project Echo LLC,D,20251021,edgar/data/2092664/0002092664-25-000001.txt
2092667,CCP Avondale Commons LLC,D,20251021,edgar/data/2092667/0002092667-25-000002.txt
2092677,"Hickory AI, Inc.",D,20251021,edgar/data/2092677/0002092677-25-000002.txt
2092690,"AhuoraXP Fund, LP",D,20251021,edgar/data/2092690/0002092690-25-000001.txt
2092702,"TI-0928 Fund I, a series of Tunitas Ventures, LP",D,20251021,edgar/data/2092702/0002092702-25-000001.txt
2092705,Vy Dynamo 1 LLC,D,20251021,edgar/data/2092705/0002092705-25-000001.txt
2092727,Inland NJ Senior Living DST,D,20251021,edgar/data/2092727/0002092727-25-000001.txt
2092732,Deltex Capital Westside Commons LLC,D,20251021,edgar/data/2092732/0002092732-25-000001.txt
2092803,BESZER LTD,D,20251021,edgar/data/2092803/0002092803-25-000001.txt
2092815,HSR 128 LLC,D,20251021,edgar/data/2092815/0002092815-25-000001.txt
2092816,"ECHO, A SERIES OF Reflect Ventures Master 1 LLC",D,20251021,edgar/data/2092816/0002092816-25-000001.txt
2092819,Knetyc Corp,D,20251021,edgar/data/2092819/0002092819-25-000001.txt
2092824,Heberdev I LP,D,20251021,edgar/data/2092824/0002092824-25-000001.txt
2092825,Criterion Gateway Plaza LLC,D,20251021,edgar/data/2092825/0002092825-25-000001.txt
2092833,"915 Silber Partners, L.L.C.",D,20251021,edgar/data/2092833/0002092833-25-000001.txt
2092835,"Aperture Asset-Based Finance I (DE-G), LP",D,20251021,edgar/data/2092835/0000905148-25-003638.txt
2092872,"Apex MHP Fund III, LP",D,20251021,edgar/data/2092872/0002092872-25-000001.txt
2092876,"Geodesic Fund US, LP",D,20251021,edgar/data/2092876/0002092876-25-000001.txt
2092910,"Almanack Opportunity Fund, LP - Series 5",D,20251021,edgar/data/2092910/0002092910-25-000001.txt
2092913,"TCP Brack Investors, LP",D,20251021,edgar/data/2092913/0002092913-25-000001.txt
2092918,Countryside MHP LLC,D,20251021,edgar/data/2092918/0002092918-25-000001.txt
2092920,"LeadingReach Holdings, LLC",D,20251021,edgar/data/2092920/0000947871-25-000918.txt
2092947,AirTap AI Inc.,D,20251021,edgar/data/2092947/0002092947-25-000001.txt
2092948,Altek Advanced Materials Inc.,D,20251021,edgar/data/2092948/0001062993-25-016245.txt
2092983,Seven Grand Growth Opportunities SPV I LP,D,20251021,edgar/data/2092983/0002092983-25-000001.txt
2092986,"1921 EHP, LLC",D,20251021,edgar/data/2092986/0002092986-25-000001.txt
2093020,HG Vora Opportunistic Capital Fund III B Rated Feeder LP,D,20251021,edgar/data/2093020/0000902664-25-004495.txt
1446159,Predictive Oncology Inc.,D,20251022,edgar/data/1446159/0001446159-25-000003.txt
1446159,Predictive Oncology Inc.,D,20251022,edgar/data/1446159/0001446159-25-000004.txt
1560143,WYTEC INTERNATIONAL INC,D,20251022,edgar/data/1560143/0001065949-25-000029.txt
1585931,Elucid Bioimaging Inc.,D,20251022,edgar/data/1585931/0002080612-25-000007.txt
1606242,Virtuix Holdings Inc.,D,20251022,edgar/data/1606242/0001193125-25-246519.txt
1763479,CARBON AUTONOMOUS ROBOTIC SYSTEMS INC.,D,20251022,edgar/data/1763479/0001763479-25-000005.txt
1777607,MyndTec Inc.,D,20251022,edgar/data/1777607/0001062993-25-016256.txt
1815665,"MarvelBiome, Inc.",D,20251022,edgar/data/1815665/0001815665-25-000002.txt
1816133,Frequency Exchange Corp.,D,20251022,edgar/data/1816133/0001816133-25-000005.txt
1819490,"Shellworks, Inc.",D,20251022,edgar/data/1819490/0001819490-25-000002.txt
1822046,"Hunger Not Impossible, Inc.",D,20251022,edgar/data/1822046/0001822046-25-000002.txt
1850720,"AGITATED SOLUTIONS, INC.",D,20251022,edgar/data/1850720/0001437749-25-031521.txt
1951222,SEALSQ Corp,D,20251022,edgar/data/1951222/0001193805-25-001502.txt
1978428,"UserEvidence, Inc.",D,20251022,edgar/data/1978428/0001978428-25-000002.txt
1978428,"UserEvidence, Inc.",D,20251022,edgar/data/1978428/0001978428-25-000003.txt
1978428,"UserEvidence, Inc.",D,20251022,edgar/data/1978428/0001978428-25-000005.txt
1978428,"UserEvidence, Inc.",D,20251022,edgar/data/1978428/0001978428-25-000006.txt
1988561,"Kernel Foods, Inc.",D,20251022,edgar/data/1988561/0001231919-25-000340.txt
1997858,Zeno Moto Corp,D,20251022,edgar/data/1997858/0001997858-25-000008.txt
2010730,"Eyconis, Inc.",D,20251022,edgar/data/2010730/0002010730-25-000002.txt
2017131,Andson Biotech Inc.,D,20251022,edgar/data/2017131/0002017131-25-000004.txt
2030653,Pacto Medical Inc.,D,20251022,edgar/data/2030653/0002030653-25-000002.txt
2042247,IA Blastpoint a Series of IrishAngels 2023 LLC,D,20251022,edgar/data/2042247/0002042247-25-000002.txt
2058933,"New Industry Fund I, L.P.",D,20251022,edgar/data/2058933/0002058933-25-000003.txt
2061776,"F2 Fund 4, Limited Partnership",D,20251022,edgar/data/2061776/0002061776-25-000005.txt
2062469,WiseTech Inc.,D,20251022,edgar/data/2062469/0002062469-25-000004.txt
2065071,USF Federal Credit Union,D,20251022,edgar/data/2065071/0000919574-25-006214.txt
2070840,Symbio Bioculinary LLC,D,20251022,edgar/data/2070840/0002070840-25-000003.txt
2071786,PCH Fund LP,D,20251022,edgar/data/2071786/0002071786-25-000001.txt
2077281,Quantum Formatics Corp.,D,20251022,edgar/data/2077281/0002077281-25-000001.txt
2078196,"Circulate Health, Inc.",D,20251022,edgar/data/2078196/0002078196-25-000001.txt
2078337,Tailwater Fund V LP,D,20251022,edgar/data/2078337/0002078337-25-000001.txt
2079767,"NEA TS 2025 SPV, L.P.",D,20251022,edgar/data/2079767/0002079767-25-000001.txt
2082259,"RE-0603 Fund I, a series of Roll Up Vehicles, LP",D,20251022,edgar/data/2082259/0002082259-25-000001.txt
2082504,"PIMCO Arculus Onshore Feeder Fund, L.P.",D,20251022,edgar/data/2082504/0002082504-25-000001.txt
2083067,"Starbridge.ai, Inc.",D,20251022,edgar/data/2083067/0002083067-25-000001.txt
2084859,"Terra Southeastern Multifamily Opportunities Fund I, LLC",D,20251022,edgar/data/2084859/0002084859-25-000001.txt
2085027,"PE HH Pre-IPO Onshore Feeder Fund V, L.P.",D,20251022,edgar/data/2085027/0002085027-25-000001.txt
2087311,AMS GP FUND 1 LLC,D,20251022,edgar/data/2087311/0001814554-25-000146.txt
2087765,"InvestX Series (SPX-U6), a Series of InvestX Master LLC",D,20251022,edgar/data/2087765/0002087765-25-000001.txt
2087875,Pawn To Queen Four Ltd Liability Co,D,20251022,edgar/data/2087875/0002087875-25-000001.txt
2087981,"LAM7 SPV, a series of Riverside Ventures Self-Advised, LP",D,20251022,edgar/data/2087981/0002087981-25-000001.txt
2088349,"Rise Equipment Partners, LLC",D,20251022,edgar/data/2088349/0001566114-25-000083.txt
2088350,"RISE NATURAL BLOCKCHAIN FUND I, LLC",D,20251022,edgar/data/2088350/0001566114-25-000084.txt
2088912,Rise Energy Group Inc.,D,20251022,edgar/data/2088912/0001566114-25-000085.txt
2088937,AGP Course 15 Ventures LP,D,20251022,edgar/data/2088937/0002088937-25-000001.txt
2089107,Singularity Access I LLC,D,20251022,edgar/data/2089107/0002089107-25-000001.txt
2089131,"Woodfield QBC Tower 2 Investor, LLC",D,20251022,edgar/data/2089131/0002089131-25-000001.txt
2089135,"WF TP Coconut Road Estero Phase I, LLC",D,20251022,edgar/data/2089135/0002089135-25-000002.txt
2089693,"CO-0923 Fund I, a series of TN Recall Ventures, LP",D,20251022,edgar/data/2089693/0002089693-25-000001.txt
2089858,"Layla Fund II, LP",D,20251022,edgar/data/2089858/0002089858-25-000001.txt
2090227,"TODAIYO, INC.",D,20251022,edgar/data/2090227/0002090227-25-000001.txt
2090408,"FA-0929 Fund I, a series of GTM Syndicates, LP",D,20251022,edgar/data/2090408/0002090408-25-000001.txt
2090613,Magenta Goldenrod Limited Ltd,D,20251022,edgar/data/2090613/0002090613-25-000001.txt
2090690,FORTIFIED CAPITAL DEVELOPMENT FUND LLC,D,20251022,edgar/data/2090690/0002090690-25-000001.txt
2090773,"Viking Maccabee Investors VIII, LLC",D,20251022,edgar/data/2090773/0002090773-25-000001.txt
2090906,"Continental Realty Willowbrook Coinvest, L.P.",D,20251022,edgar/data/2090906/0002090906-25-000001.txt
2091189,"Three Lions Ipswich II, LP",D,20251022,edgar/data/2091189/0002091189-25-000001.txt
2091283,"Eagle Venture Studio MWX SPV, LLC",D,20251022,edgar/data/2091283/0002091283-25-000001.txt
2091507,Global Battery Materials Corp.,D,20251022,edgar/data/2091507/0000912282-25-001109.txt
2091773,"WSHNETWORK, INC.",D,20251022,edgar/data/2091773/0002091773-25-000001.txt
2091778,Arya India Fund,D,20251022,edgar/data/2091778/0002091778-25-000001.txt
2091796,"K5 Tech Fund II, LP - Series 202",D,20251022,edgar/data/2091796/0002091796-25-000001.txt
2091799,Windsor Private Capital US LP,D,20251022,edgar/data/2091799/0002071842-25-000014.txt
2092122,"FUNCTIONAL BEVERAGE HOLDINGS, LLC",D,20251022,edgar/data/2092122/0001096906-25-001702.txt
2092156,"Wasatch Health Structured Capital, LLC",D,20251022,edgar/data/2092156/0000912282-25-001105.txt
2092175,Iris Acton 68 LLC,D,20251022,edgar/data/2092175/0002092175-25-000001.txt
2092288,Golden State Fund 2025 LLC,D,20251022,edgar/data/2092288/0002092288-25-000001.txt
2092307,"Rauch Capital Burst CLXXVI, a series of Rauch Capital Burst, LP",D,20251022,edgar/data/2092307/0002092307-25-000001.txt
2092316,"Oregon Hospitality Lenders, LLC",D,20251022,edgar/data/2092316/0002092316-25-000001.txt
2092336,Telly Sep 2025 a Series of CGF2021 LLC,D,20251022,edgar/data/2092336/0002092336-25-000001.txt
2092338,FF Healthsnap Series B-2 Extension a Series of FF SPV Holdings LLC,D,20251022,edgar/data/2092338/0002092338-25-000001.txt
2092339,Capital Factory Alpha Associates LLC - Series V,D,20251022,edgar/data/2092339/0002092339-25-000001.txt
2092340,DPV Groq I a Series of DataPower Capital Partners LLC,D,20251022,edgar/data/2092340/0002092340-25-000001.txt
2092342,Lucidean a Series of Entrada Ventures II Master LLC,D,20251022,edgar/data/2092342/0002092342-25-000001.txt
2092345,SpaceX-s a Series of GatePass Ventures I LLC,D,20251022,edgar/data/2092345/0002092345-25-000001.txt
2092346,DCP SPV III Sep 2025 a Series of CGF2021 LLC,D,20251022,edgar/data/2092346/0002092346-25-000001.txt
2092347,Cursor SPV T1V Sep 2025 Sep 2025 a Series of CGF2021 LLC,D,20251022,edgar/data/2092347/0002092347-25-000001.txt
2092349,Code I SPV I September 2025 a Series of CGF2021 LLC,D,20251022,edgar/data/2092349/0002092349-25-000001.txt
2092377,Neurable Series A-3 Sep 2025 a Series of CGF2021 LLC,D,20251022,edgar/data/2092377/0002092377-25-000001.txt
2092378,Gilbert SPV DirtAI a Series of CGF2021 LLC,D,20251022,edgar/data/2092378/0002092378-25-000001.txt
2092379,JK Zipline Holdings 2 a Series of CGF2021 LLC,D,20251022,edgar/data/2092379/0002092379-25-000001.txt
2092391,White Fire Cap - Actasys SPV 1 a Series of CGF2021 LLC,D,20251022,edgar/data/2092391/0002092391-25-000001.txt
2092392,WYSJ Zero SPV Sep 2025 a Series of CGF2021 LLC,D,20251022,edgar/data/2092392/0002092392-25-000001.txt
2092393,Wearlinq AngelSchool.vc Jun 2025 a Series of CGF2021 LLC,D,20251022,edgar/data/2092393/0002092393-25-000001.txt
2092450,"TRC Veranda Village Holdings, LLC",D,20251022,edgar/data/2092450/0002092450-25-000001.txt
2092482,SpaceX May 2025 a Series of CGF2021 LLC,D,20251022,edgar/data/2092482/0002092482-25-000001.txt
2092514,EWP Oceana Garage SPV LLC,D,20251022,edgar/data/2092514/0000919574-25-006212.txt
2092521,"DXD SELF STORAGE FUND III QP, LP",D,20251022,edgar/data/2092521/0002092636-25-000002.txt
2092547,Lucerna Global Capital Emerging Market Ex-China Onshore Fund LP,D,20251022,edgar/data/2092547/0002092547-25-000001.txt
2092569,"Platinum Dominion Principals, L.P.",D,20251022,edgar/data/2092569/0002092569-25-000001.txt
2092579,Coastal MHCs Investors LLC,D,20251022,edgar/data/2092579/0002092579-25-000001.txt
2092612,Motor Investment 2025 SPV QP LP,D,20251022,edgar/data/2092612/0002092612-25-000001.txt
2092614,Motor Investment 2025 SPV LP,D,20251022,edgar/data/2092614/0002092614-25-000001.txt
2092636,"DXD SELF STORAGE FUND III, LP",D,20251022,edgar/data/2092636/0002092636-25-000002.txt
2092643,TRAILS END MHC INVESTORS LLC,D,20251022,edgar/data/2092643/0002092643-25-000001.txt
2092654,"PHOTA Anchorage, LLC",D,20251022,edgar/data/2092654/0002092654-25-000001.txt
2092660,"Agellus HighGrove Partners Co-Invest, LP",D,20251022,edgar/data/2092660/0002092660-25-000002.txt
2092672,"Long Journey Activate MegaWatts II, a Series of Long Journey SPVs, LP",D,20251022,edgar/data/2092672/0002092672-25-000001.txt
2092682,"PharmaWaste Ventures, LLC",D,20251022,edgar/data/2092682/0002092682-25-000001.txt
2092685,"Agellus HighGrove Partners Co-Invest Parallel, LP",D,20251022,edgar/data/2092685/0002092660-25-000002.txt
2092700,"Bristol Tampa, LLC",D,20251022,edgar/data/2092700/0002092700-25-000001.txt
2092723,CC COTTONWOOD INVESTORS LLC,D,20251022,edgar/data/2092723/0002092723-25-000001.txt
2092733,"iCapital-Stone Ridge Energy Acquisition Fund Ill Access Fund, L.P.",D,20251022,edgar/data/2092733/0002092733-25-000001.txt
2092739,BLUE SPRINGS MHC LLC,D,20251022,edgar/data/2092739/0002092739-25-000001.txt
2092743,LAKE FISHER INVESTORS LLC,D,20251022,edgar/data/2092743/0002092743-25-000001.txt
2092801,"Opterrix Group, Inc.",D,20251022,edgar/data/2092801/0002092801-25-000001.txt
2092804,"Searchlight SOFII B2 Co-Investment Partners, L.P.",D,20251022,edgar/data/2092804/0002092804-25-000001.txt
2092809,NBCOIN INC,D,20251022,edgar/data/2092809/0002092809-25-000001.txt
2092811,Elon Tribe Foundation,D,20251022,edgar/data/2092811/0002092811-25-000001.txt
2092812,Zeus Group Ltd,D,20251022,edgar/data/2092812/0002092812-25-000001.txt
2092814,HixMaxEx Ltd,D,20251022,edgar/data/2092814/0002092814-25-000001.txt
2092821,"Insignia Capital Partners III, L.P.",D,20251022,edgar/data/2092821/0002092821-25-000001.txt
2092831,"Titan Harbor, Ltd.",D,20251022,edgar/data/2092831/0002092831-25-000001.txt
2092841,"Insignia Capital Partners III-A, L.P.",D,20251022,edgar/data/2092841/0002092841-25-000001.txt
2092844,THERAHEART INC.,D,20251022,edgar/data/2092844/0002092844-25-000002.txt
2092846,WITHOUT LOVE PRODUCTIONS LLC,D,20251022,edgar/data/2092846/0002092846-25-000001.txt
2092855,CQS Global Funds III ICAV,D,20251022,edgar/data/2092855/0002092855-25-000001.txt
2092856,DRUO Holdings Inc.,D,20251022,edgar/data/2092856/0002092856-25-000001.txt
2092874,JHKXWL GLOBAL LTD,D,20251022,edgar/data/2092874/0002092874-25-000001.txt
2092891,S&P 500 Alpha Plus Fund LP,D,20251022,edgar/data/2092891/0002092891-25-000001.txt
2092935,"PACT-Forge Co-Investment Fund, L.P.",D,20251022,edgar/data/2092935/0002092935-25-000001.txt
2092946,TTS Hurst Landing LLC,D,20251022,edgar/data/2092946/0002092946-25-000001.txt
2092953,Rockford Partners,D,20251022,edgar/data/2092953/0002092953-25-000001.txt
2092964,Plutus Discovery West LLC,D,20251022,edgar/data/2092964/0002092964-25-000001.txt
2092985,CFCO Fund 1 LLC,D,20251022,edgar/data/2092985/0002092985-25-000001.txt
2092987,"Thrive Capital Partners X, L.P.",D,20251022,edgar/data/2092987/0001012975-25-000653.txt
2092993,"Kirkland Holdings, LLC",D,20251022,edgar/data/2092993/0002092993-25-000001.txt
2093024,"NextVerse Ventures Fund 1, LP",D,20251022,edgar/data/2093024/0002093024-25-000001.txt
2093026,DUTT Cryptocurrency Exchange Ltd,D,20251022,edgar/data/2093026/0002093026-25-000001.txt
2093027,WEAVERVILLE HILLS LLC,D,20251022,edgar/data/2093027/0002093027-25-000001.txt
2093029,SC3 MHC INVESTORS LLC,D,20251022,edgar/data/2093029/0002093029-25-000001.txt
2093037,"Thrive Capital Partners X Growth, L.P.",D,20251022,edgar/data/2093037/0001012975-25-000654.txt
2093038,"Thrive Capital Partners X Opportunity Fund, L.P.",D,20251022,edgar/data/2093038/0001012975-25-000655.txt
2093056,Flint Hills Strategic Investors Fund XII L.P.,D,20251022,edgar/data/2093056/0002093056-25-000001.txt
2093060,"Equitybee 22-16952, a Series of Equitybee cFund Master LLC",D,20251022,edgar/data/2093060/0002093060-25-000001.txt
2093061,"Equitybee 22-51917, a Series of Equitybee cFund Master LLC",D,20251022,edgar/data/2093061/0002093061-25-000001.txt
2093062,"Equitybee 22-83830, a Series of Equitybee cFund Master LLC",D,20251022,edgar/data/2093062/0002093062-25-000001.txt
2093104,"Hazel Dell Apartments, LLC",D,20251022,edgar/data/2093104/0002093104-25-000001.txt
2093107,"CSP MC Partners, L.P.",D,20251022,edgar/data/2093107/0002093107-25-000001.txt
2093111,"TRC Bedford Holdings, LLC",D,20251022,edgar/data/2093111/0002093111-25-000001.txt
2093154,Inbox LRF LLC,D,20251022,edgar/data/2093154/0002093154-25-000001.txt
2093173,"MCG South End Investors III, LLC",D,20251022,edgar/data/2093173/0002093173-25-000001.txt
2093183,Hauser OS Inc.,D,20251022,edgar/data/2093183/0002093183-25-000001.txt
2093185,CWP Shine Fund III LP,D,20251022,edgar/data/2093185/0000906791-25-000025.txt
2093213,"Crown Investments 4, LLC",D,20251022,edgar/data/2093213/0002093213-25-000001.txt
2093244,Hit Studio Movie LLC,D,20251022,edgar/data/2093244/0002093244-25-000001.txt
2093253,Disruptive Rain Corp.,D,20251022,edgar/data/2093253/0002093253-25-000001.txt
2093257,"GC Television, Inc.",D,20251022,edgar/data/2093257/0002093257-25-000001.txt
2093274,"CAPITAL SOLUTIONS PROVIDERS, LLC",D,20251022,edgar/data/2093274/0002093274-25-000001.txt
2093277,"NHCO Lower Middle Market PE I, LP",D,20251022,edgar/data/2093277/0002093277-25-000001.txt
2093321,"Crown Investments 4S, LLC",D,20251022,edgar/data/2093321/0002093321-25-000001.txt
2093329,"Northstar VC Series 35, a series of Northstar Venture Capital LLC",D,20251022,edgar/data/2093329/0002093329-25-000001.txt
1085921,MICROMEM TECHNOLOGIES INC,D,20251023,edgar/data/1085921/0002064835-25-000019.txt
1402418,Maggiore Fund I LP,D,20251023,edgar/data/1402418/0001402418-25-000002.txt
1419828,GS Finance Corp.,D,20251023,edgar/data/1419828/0000950103-25-013584.txt
1419828,GS Finance Corp.,D,20251023,edgar/data/1419828/0000950103-25-013585.txt
1533851,"HORD COPLAN MACHT, INC.",D,20251023,edgar/data/1533851/0001533851-25-000004.txt
1590715,American Resources Corp,D,20251023,edgar/data/1590715/0001477932-25-007699.txt
1590715,American Resources Corp,D,20251023,edgar/data/1590715/0001477932-25-007700.txt
1671502,"Quoin Pharmaceuticals, Ltd.",D,20251023,edgar/data/1671502/0001104659-25-101869.txt
1685339,Goodhart Partners Longitude Fund SICAV-SIF - Hanjo Fund,D,20251023,edgar/data/1685339/0001685339-25-000003.txt
1693764,"RECODE THERAPEUTICS, INC.",D,20251023,edgar/data/1693764/0000905148-25-003655.txt
1708696,"Instylla, Inc.",D,20251023,edgar/data/1708696/0001708696-25-000004.txt
1745729,"Thoroughcare, Inc.",D,20251023,edgar/data/1745729/0001745729-25-000003.txt
1771706,Vireo Growth Inc.,D,20251023,edgar/data/1771706/0001771706-25-000005.txt
1787871,"Spotter, Inc.",D,20251023,edgar/data/1787871/0001787871-25-000003.txt
1787871,"Spotter, Inc.",D,20251023,edgar/data/1787871/0001787871-25-000004.txt
1787931,"Flipside Crypto, Inc.",D,20251023,edgar/data/1787931/0001787931-25-000006.txt
1793204,"SimplyWise, Inc.",D,20251023,edgar/data/1793204/0001793204-25-000002.txt
1800618,Auxilium Biotechnologies Inc.,D,20251023,edgar/data/1800618/0001800618-25-000002.txt
1806928,Kalshi Inc.,D,20251023,edgar/data/1806928/0001231919-25-000344.txt
1843174,"603 SOUTH MARIPOSA QOF, LLC",D,20251023,edgar/data/1843174/0001843174-25-000002.txt
1847230,Heartwood Biomass Inc.,D,20251023,edgar/data/1847230/0001847230-25-000002.txt
1847955,"Campusknot, Inc.",D,20251023,edgar/data/1847955/0001847955-25-000003.txt
1858994,Regency Silver Corp.,D,20251023,edgar/data/1858994/0001858994-25-000005.txt
1879963,"Kodama Systems, Inc.",D,20251023,edgar/data/1879963/0000898432-25-000841.txt
1900765,Goodhart Partners Longitude Fund SICAV-SIF - Ganbaru Fund,D,20251023,edgar/data/1900765/0001900765-25-000003.txt
1920060,"Givzey, Inc.",D,20251023,edgar/data/1920060/0001920060-25-000002.txt
1920778,"OSP Investors, LLC",D,20251023,edgar/data/1920778/0001920778-25-000005.txt
1924674,Crusoe Inc.,D,20251023,edgar/data/1924674/0001924674-25-000004.txt
1938403,Telemetry Insight Inc,D,20251023,edgar/data/1938403/0001938403-25-000002.txt
1959023,Safe & Green Development Corp,D,20251023,edgar/data/1959023/0001213900-25-101727.txt
1979394,"Pavewise, Inc.",D,20251023,edgar/data/1979394/0001979394-25-000007.txt
1988123,Texture Corp.,D,20251023,edgar/data/1988123/0001988123-25-000002.txt
1997137,"ZetaGig, Inc.",D,20251023,edgar/data/1997137/0001997137-25-000002.txt
2005512,"Otis Topco, L.P.",D,20251023,edgar/data/2005512/0002005512-25-000002.txt
2030866,"ATERNIUM, INC.",D,20251023,edgar/data/2030866/0002030866-25-000004.txt
2044153,NGEx Minerals Ltd.,D,20251023,edgar/data/2044153/0002044153-25-000002.txt
2045779,Lakril Technologies Corp,D,20251023,edgar/data/2045779/0002045779-25-000006.txt
2048316,CONNEXUS TRAVEL A SERIES OF 28 VENTURES MASTER LLC,D,20251023,edgar/data/2048316/0002048316-25-000002.txt
2050445,"Deposely, Inc.",D,20251023,edgar/data/2050445/0002050445-25-000003.txt
2055822,BIRD RIVER RESOURCES INC.,D,20251023,edgar/data/2055822/0001062993-25-016267.txt
2061176,Different Technologies LLC,D,20251023,edgar/data/2061176/0002061176-25-000003.txt
2069096,"Aaron-AL-0320 Fund I, a series of AngelList Funds 2025, LP",D,20251023,edgar/data/2069096/0002069096-25-000001.txt
2070819,"S.T.L. Resources Drilling Fund G, LP",D,20251023,edgar/data/2070819/0002070819-25-000005.txt
2071891,"H Small Cap & Growth IV - Allocate Access, L.P.",D,20251023,edgar/data/2071891/0001012975-25-000657.txt
2073895,"Greenslope Capital Adaptive Alpha Fund, LP",D,20251023,edgar/data/2073895/0002073895-25-000001.txt
2077535,Golden Acquisition Fund LP,D,20251023,edgar/data/2077535/0002077535-25-000001.txt
2077536,Golden Acquisition Fund-A LP,D,20251023,edgar/data/2077536/0002077536-25-000001.txt
2077537,Golden Acquisition Fund-B LP,D,20251023,edgar/data/2077537/0002077537-25-000001.txt
2077538,Golden Acquisition Fund-C LP,D,20251023,edgar/data/2077538/0002077538-25-000001.txt
2078325,"HS Nashville Elliston, LLC",D,20251023,edgar/data/2078325/0001493152-25-019024.txt
2079315,PMH II SPV Sunflower (Cayman) LP,D,20251023,edgar/data/2079315/0002079315-25-000001.txt
2079630,AQR Flex 1 Series LLC - Series C10,D,20251023,edgar/data/2079630/0001405086-25-000286.txt
2080400,"SP-0801 Fund I, a series of Exitfund Venture, LP",D,20251023,edgar/data/2080400/0002080400-25-000001.txt
2080794,Centered Venture Studio LLC,D,20251023,edgar/data/2080794/0002080794-25-000001.txt
2080901,AQR Flex 1 Series LLC - Series E4,D,20251023,edgar/data/2080901/0001405086-25-000285.txt
2082449,"RE-07101 Fund I, a series of Roll Up Vehicles, LP",D,20251023,edgar/data/2082449/0002082449-25-000001.txt
2082473,"KI-0812 Fund I, a series of WV, LP",D,20251023,edgar/data/2082473/0002082473-25-000001.txt
2082602,AQR Flex 1 Series LLC - Series F14,D,20251023,edgar/data/2082602/0001405086-25-000289.txt
2082604,AQR Flex 1 Series LLC - Series F12,D,20251023,edgar/data/2082604/0001405086-25-000288.txt
2082605,AQR Flex 1 Series LLC - Series F11,D,20251023,edgar/data/2082605/0001405086-25-000287.txt
2083195,TACTICAL LASER DEFENSE SYSTEMS Inc.,D,20251023,edgar/data/2083195/0002083195-25-000004.txt
2083873,Stonepeak Global Renewables Fund Co-Invest (NY) II LP,D,20251023,edgar/data/2083873/0002083873-25-000001.txt
2084902,"OT-0801 Fund I, a series of Exitfund Venture, LP",D,20251023,edgar/data/2084902/0002084902-25-000001.txt
2084989,"GE-0825 Fund I, a series of Exitfund Venture, LP",D,20251023,edgar/data/2084989/0002084989-25-000001.txt
2085724,ACOF VI Ascent Holdings LP,D,20251023,edgar/data/2085724/0002085724-25-000002.txt
2086267,"PH-0908 Fund I, a series of Zachary Ginsburg Funds, LP",D,20251023,edgar/data/2086267/0002086267-25-000001.txt
2086638,"Lexington CIP VI-Overage, L.P.",D,20251023,edgar/data/2086638/0002086638-25-000001.txt
2086703,"Lexington CIP VI-Overage (Offshore), L.P.",D,20251023,edgar/data/2086703/0002086703-25-000001.txt
2086863,Argo Mercor Series C SPV LP,D,20251023,edgar/data/2086863/0000905148-25-003651.txt
2087170,"AirAngels II, LP",D,20251023,edgar/data/2087170/0002087170-25-000001.txt
2087624,"EB5 UNITED DRIGGS, LLC",D,20251023,edgar/data/2087624/0001683168-25-007737.txt
2087625,"EB5 UNITED TAHOE, LLC",D,20251023,edgar/data/2087625/0001683168-25-007736.txt
2087627,"NewView Capital Portfolio Select 2025, L.P.",D,20251023,edgar/data/2087627/0002087627-25-000001.txt
2087654,HPI Tremont DST,D,20251023,edgar/data/2087654/0002087654-25-000001.txt
2088024,"Banner VC I, LP",D,20251023,edgar/data/2088024/0002088024-25-000001.txt
2088039,"MU-0912 Fund I, a series of Sajid Rahman Angel Funds, LP",D,20251023,edgar/data/2088039/0002088039-25-000001.txt
2088152,"Triton Therapeutics, Inc.",D,20251023,edgar/data/2088152/0002088152-25-000001.txt
2088427,"FBR MEDICAL, INC.",D,20251023,edgar/data/2088427/0002088427-25-000001.txt
2088514,"MA-0915 Fund I, a series of Zachary Ginsburg Funds, LP",D,20251023,edgar/data/2088514/0002088514-25-000001.txt
2088745,"Greystar Nittany Coinvestment Partners, LP",D,20251023,edgar/data/2088745/0002088745-25-000001.txt
2088746,"Greystar Quaker Coinvestment Partners, LP",D,20251023,edgar/data/2088746/0002088746-25-000001.txt
2089376,"Alamo Bernal Investments, LLC",D,20251023,edgar/data/2089376/0002089376-25-000001.txt
2089409,Nickel Technology Inc.,D,20251023,edgar/data/2089409/0002089409-25-000005.txt
2089556,WH STRATEGIC OPPORTUNITIES FUND VII LP,D,20251023,edgar/data/2089556/0001814554-25-000148.txt
2089703,"PH-0915 Fund I, a series of Roll Up Vehicles, LP",D,20251023,edgar/data/2089703/0002089703-25-000001.txt
2089845,Northern Shore Capital Fund I LP,D,20251023,edgar/data/2089845/0002089845-25-000001.txt
2089862,Northern Shore Capital Fund I-A LP,D,20251023,edgar/data/2089862/0002089862-25-000001.txt
2090313,"MidOcean Structured Equity Solutions Fund B, LP",D,20251023,edgar/data/2090313/0002090315-25-000002.txt
2090315,"MidOcean Structured Equity Solutions Fund A, LP",D,20251023,edgar/data/2090315/0002090315-25-000002.txt
2090398,Asymmetry Labs Inc.,D,20251023,edgar/data/2090398/0002090398-25-000001.txt
2090423,Spartan Market Neutral Fund SP,D,20251023,edgar/data/2090423/0002090423-25-000001.txt
2090483,"Matawin HECM Tactical Opportunity Offshore Fund, L.P.",D,20251023,edgar/data/2090483/0002090483-25-000002.txt
2090484,"Matawin HECM Tactical Opportunity Fund, L.P.",D,20251023,edgar/data/2090484/0002090484-25-000001.txt
2090505,EquityZen Growth Technology Fund LLC - Series 2179,D,20251023,edgar/data/2090505/0002090505-25-000001.txt
2090551,1789 CAPITAL TREEHOUSE LP,D,20251023,edgar/data/2090551/0002090551-25-000001.txt
2090604,Three Sisters Sidecar OI LP,D,20251023,edgar/data/2090604/0002090604-25-000001.txt
2090624,"A&M Capital Secondaries, LP",D,20251023,edgar/data/2090624/0002090624-25-000001.txt
2090715,"One Way Property Restoration Acquisition, LLC",D,20251023,edgar/data/2090715/0002080612-25-000012.txt
2091405,"8VC AI Fund IV, LLC",D,20251023,edgar/data/2091405/0002091405-25-000001.txt
2091574,"CHARIOT CO-INVEST, L.P.",D,20251023,edgar/data/2091574/0002091574-25-000001.txt
2091771,Lvna Disruption Fund I Ltd.,D,20251023,edgar/data/2091771/0000919574-25-006220.txt
2091793,Lvna Disruption US Fund I LP,D,20251023,edgar/data/2091793/0000919574-25-006221.txt
2091818,Azul Investors LP,D,20251023,edgar/data/2091818/0002091818-25-000001.txt
2092072,"Upstart Power Acquisitions, Inc.",D,20251023,edgar/data/2092072/0002092072-25-000001.txt
2092132,"DE Frio, LLC",D,20251023,edgar/data/2092132/0001315863-25-000771.txt
2092180,BAC/CB FULCRUM LLC,D,20251023,edgar/data/2092180/0002092180-25-000001.txt
2092262,"Story Industries, Inc.",D,20251023,edgar/data/2092262/0002092262-25-000001.txt
2092483,"JC Top, LP",D,20251023,edgar/data/2092483/0002092483-25-000001.txt
2092493,"DDT Guarantor, LLC",D,20251023,edgar/data/2092493/0002080612-25-000010.txt
2092505,"Dynamic Drain Technologies Acquisition, LLC",D,20251023,edgar/data/2092505/0002080612-25-000011.txt
2092539,"Dynamic Drain Technologies Holdings, LLC",D,20251023,edgar/data/2092539/0002080612-25-000009.txt
2092542,"DDT Midco, LLC",D,20251023,edgar/data/2092542/0002080612-25-000008.txt
2092544,"Centex Guarantor, LLC",D,20251023,edgar/data/2092544/0002080612-25-000013.txt
2092545,AIIM Offshore Fund,D,20251023,edgar/data/2092545/0002092545-25-000001.txt
2092564,"Exeter Five REIT West, LLC",D,20251023,edgar/data/2092564/0002092564-25-000001.txt
2092577,"Rewind Holdco, LLC",D,20251023,edgar/data/2092577/0002092577-25-000001.txt
2092582,"PodPlay Technologies, Inc.",D,20251023,edgar/data/2092582/0002092582-25-000001.txt
2092626,"Wisdom Ventures Fund II QP, L.P.",D,20251023,edgar/data/2092626/0002092626-25-000001.txt
2092686,Lattis LP,D,20251023,edgar/data/2092686/0002092686-25-000001.txt
2092693,FCP Holdings 02 US LP,D,20251023,edgar/data/2092693/0002092693-25-000001.txt
2092694,"VI-Co-Invest I, L.P.",D,20251023,edgar/data/2092694/0002092694-25-000001.txt
2092716,"Stratus, a series of Angel Cake SPV Master, LLC",D,20251023,edgar/data/2092716/0002092716-25-000001.txt
2092751,Apptronik A-1 Oct 2025 a Series of Witz Ventures LLC,D,20251023,edgar/data/2092751/0002092751-25-000001.txt
2092752,DPV PHY I a Series of DataPower Capital Partners LLC,D,20251023,edgar/data/2092752/0002092752-25-000001.txt
2092758,Agent.Press Sep 2025 a Series of CGF2021 LLC,D,20251023,edgar/data/2092758/0002092758-25-000001.txt
2092759,CustomerIQ SAFE Sep 2025 a Series of CGF2021 LLC,D,20251023,edgar/data/2092759/0002092759-25-000001.txt
2092763,GOC SPV I a Series of Alt Star Partners LLC,D,20251023,edgar/data/2092763/0002092763-25-000001.txt
2092772,FalconX Ventures Solideon Jul25 a Series of CGF2021 LLC,D,20251023,edgar/data/2092772/0002092772-25-000001.txt
2092781,Anduril III a Series of Bloom Opportunities Fund I LLC,D,20251023,edgar/data/2092781/0002092781-25-000001.txt
2092782,DPV Polygraf II a Series of DataPower Capital Partners LLC,D,20251023,edgar/data/2092782/0002092782-25-000001.txt
2092786,"OpenAGI Research Foundation, Inc.",D,20251023,edgar/data/2092786/0002092786-25-000001.txt
2092802,CVC Capital Partners Globetrotter SCSp,D,20251023,edgar/data/2092802/0002092802-25-000001.txt
2092851,"Red Oak Development, Inc.",D,20251023,edgar/data/2092851/0002092851-25-000001.txt
2092867,Trace Labs Inc.,D,20251023,edgar/data/2092867/0002092867-25-000001.txt
2092879,"LumiTerra, Inc.",D,20251023,edgar/data/2092879/0002092879-25-000001.txt
2092940,"Starboard Star Cart Echo I, LLC",D,20251023,edgar/data/2092940/0002092940-25-000001.txt
2092963,"Exeter Five REIT Midwest, LLC",D,20251023,edgar/data/2092963/0002092963-25-000001.txt
2092969,"Exeter Five REIT South, LLC",D,20251023,edgar/data/2092969/0002092969-25-000001.txt
2093013,"Sapienne-LA-1009 Fund I, a series of AngelList Funds 2025, LP",D,20251023,edgar/data/2093013/0002093013-25-000001.txt
2093016,"Rauch Capital Burst CLXXVII, a series of Rauch Capital Burst, LP",D,20251023,edgar/data/2093016/0002093016-25-000001.txt
2093019,"Himalayan Pathfinders, LLC",D,20251023,edgar/data/2093019/0002093019-25-000001.txt
2093091,1789 CAPITAL TREEHOUSE II LP,D,20251023,edgar/data/2093091/0002093091-25-000001.txt
2093132,"Rainier Lucas Preferred Investors, LP",D,20251023,edgar/data/2093132/0002093132-25-000001.txt
2093160,JAM Curative L.P.,D,20251023,edgar/data/2093160/0002093160-25-000001.txt
2093165,Northern Tower Fund II LLC,D,20251023,edgar/data/2093165/0002093165-25-000001.txt
2093191,"Mythos Ventures Fund II, LP",D,20251023,edgar/data/2093191/0002093191-25-000001.txt
2093194,Crystal Lake Investment Holding LLC,D,20251023,edgar/data/2093194/0002093194-25-000001.txt
2093222,"Exeter Five REIT Midsouth, LLC",D,20251023,edgar/data/2093222/0002093222-25-000001.txt
2093228,FT Ventures Platform I LLC,D,20251023,edgar/data/2093228/0002093228-25-000001.txt
2093236,Sky Exchange Ltd,D,20251023,edgar/data/2093236/0002093236-25-000001.txt
2093249,"Seaborne Airlines, Inc.",D,20251023,edgar/data/2093249/0002093249-25-000002.txt
2093255,"Tap Technology, Inc.",D,20251023,edgar/data/2093255/0002093255-25-000001.txt
2093260,"Forthlane Real Assets Cayman Fund, Ltd.",D,20251023,edgar/data/2093260/0002093260-25-000001.txt
2093262,"ADC Holdings, LLC",D,20251023,edgar/data/2093262/0002093262-25-000001.txt
2093269,Driftx Foundation Ltd,D,20251023,edgar/data/2093269/0002093269-25-000001.txt
2093284,"Forthlane Real Assets US Fund, LP",D,20251023,edgar/data/2093284/0002093284-25-000001.txt
2093305,McDonald Chapel Prospect Partners,D,20251023,edgar/data/2093305/0002093305-25-000001.txt
2093324,"Stellar Employees Series EPV V, LLC",D,20251023,edgar/data/2093324/0002080573-25-000002.txt
2093333,CCP KILN GF3 A SERIES OF OREBRO CAPITAL SERIES LLC,D,20251023,edgar/data/2093333/0002093333-25-000001.txt
2093336,Eterneva Angel SPV a Series of Master Fund I LLC,D,20251023,edgar/data/2093336/0002093336-25-000001.txt
2093345,CIC REAL LP,D,20251023,edgar/data/2093345/0002093345-25-000001.txt
2093348,Red Door Opportunity Fund I LP,D,20251023,edgar/data/2093348/0002093348-25-000001.txt
2093351,Q FUND MANAGEMENT GROUP LTD,D,20251023,edgar/data/2093351/0002093351-25-000001.txt
2093371,"AVSF - Rise Egypt 2025, LLC",D,20251023,edgar/data/2093371/0002093371-25-000001.txt
2093373,"APEX CAPITAL FUND, LLC/UT",D,20251023,edgar/data/2093373/0002093373-25-000001.txt
2093377,WHJHYY GROUP Ltd.,D,20251023,edgar/data/2093377/0002093377-25-000001.txt
2093378,Crown Impact Private Debt Feeder S.A. SICAV-RAIF,D,20251023,edgar/data/2093378/0002093378-25-000001.txt
2093387,Eye Guardian,D,20251023,edgar/data/2093387/0002093387-25-000001.txt
2093392,Forest Rd Sedona LLC,D,20251023,edgar/data/2093392/0002093392-25-000001.txt
2093439,"Bokee's Trek Experience, LLC",D,20251023,edgar/data/2093439/0002093439-25-000001.txt
2093445,Cost of Living Co.,D,20251023,edgar/data/2093445/0002093445-25-000001.txt
2093486,ARC Ashton LLC,D,20251023,edgar/data/2093486/0002093486-25-000001.txt
2093497,Sugar Bowl Corp,D,20251023,edgar/data/2093497/0002093497-25-000001.txt
2093513,Compass Pearl Cove Fund LLC,D,20251023,edgar/data/2093513/0002093513-25-000001.txt
2093550,Square Nine Specialty Credit Fund I LP,D,20251023,edgar/data/2093550/0002093550-25-000001.txt
2093552,"Greenbird Intelligence Fund, LLC Series U - Shield Ai",D,20251023,edgar/data/2093552/0002093552-25-000001.txt
2093574,HANFORD CHMU LLC,D,20251023,edgar/data/2093574/0002093574-25-000001.txt
1175506,AGRIBOCK LP,D,20251024,edgar/data/1175506/0001140361-25-039111.txt
1293213,"Principal Enhanced Property Fund, L.P.",D,20251024,edgar/data/1293213/0001293213-25-000002.txt
1352226,SFC FLUIDICS INC.,D,20251024,edgar/data/1352226/0001352226-25-000005.txt
1358856,"SWAN VALLEY MEDICAL, INC",D,20251024,edgar/data/1358856/0001358856-25-000003.txt
1541157,Akari Therapeutics Plc,D,20251024,edgar/data/1541157/0001493152-25-019187.txt
1561380,"Steelhead Composites, Inc.",D,20251024,edgar/data/1561380/0001561380-25-000002.txt
1571934,TAO Synergies Inc.,D,20251024,edgar/data/1571934/0001104659-25-102139.txt
1681682,ENDRA Life Sciences Inc.,D,20251024,edgar/data/1681682/0001681682-25-000004.txt
1753313,LeadScorz Inc.,D,20251024,edgar/data/1753313/0001753313-25-000002.txt
1798436,"EpiBone, Inc.",D,20251024,edgar/data/1798436/0001798436-25-000003.txt
1825452,"Onfolio Holdings, Inc",D,20251024,edgar/data/1825452/0001654954-25-012171.txt
1847998,GMF BREF Portfolio LLC,D,20251024,edgar/data/1847998/0001847998-25-000005.txt
1865429,"Oak View Bankshares, Inc.",D,20251024,edgar/data/1865429/0001865429-25-000003.txt
1885454,Talino Ventures PBC,D,20251024,edgar/data/1885454/0001885454-25-000002.txt
1888098,CoLab AI Inc.,D,20251024,edgar/data/1888098/0001888098-25-000005.txt
1916133,IRD Holdings Corp.,D,20251024,edgar/data/1916133/0001916133-25-000003.txt
1931150,"Favorably, Inc.",D,20251024,edgar/data/1931150/0001931150-25-000002.txt
1952927,"Mercury Bio, Inc.",D,20251024,edgar/data/1952927/0001952927-25-000003.txt
1966542,"PEEQ INDUSTRIES, INC.",D,20251024,edgar/data/1966542/0001966542-25-000003.txt
1983312,"Font Investment Fund, LLC",D,20251024,edgar/data/1983312/0001983312-25-000004.txt
1999739,"Vurvey Labs, Inc.",D,20251024,edgar/data/1999739/0001999739-25-000002.txt
2023362,C&G Alpine Partners LLC,D,20251024,edgar/data/2023362/0002023362-25-000003.txt
2038166,"Nok Therapeutics, Inc.",D,20251024,edgar/data/2038166/0001213900-25-102036.txt
2038166,"Nok Therapeutics, Inc.",D,20251024,edgar/data/2038166/0001213900-25-102039.txt
2042609,Eliaz Therapeutics Inc.,D,20251024,edgar/data/2042609/0001062993-25-016285.txt
2056448,Stellar Placement Holdings Series 3S,D,20251024,edgar/data/2056448/0002056448-25-000004.txt
2063714,Rockstone Equities Fund I LLC,D,20251024,edgar/data/2063714/0002063714-25-000002.txt
2064199,"CB General Partner Commitment COF IV, LP",D,20251024,edgar/data/2064199/0002064199-25-000001.txt
2069769,"Costanoa FP II, L.P.",D,20251024,edgar/data/2069769/0002069769-25-000001.txt
2070798,Pawsitive Inc.,D,20251024,edgar/data/2070798/0002070798-25-000001.txt
2070821,"S.T.L. Fund G Blocker, LLC",D,20251024,edgar/data/2070821/0002070821-25-000005.txt
2071251,"Agate Hound Fund II, LP",D,20251024,edgar/data/2071251/0002071251-25-000001.txt
2073983,"PSS Urology, Inc.",D,20251024,edgar/data/2073983/0002073983-25-000001.txt
2073993,"Antigenix Therapeutics, Inc.",D,20251024,edgar/data/2073993/0002073993-25-000001.txt
2074483,"Wind Point Partners XI-B, L.P.",D,20251024,edgar/data/2074483/0002074483-25-000001.txt
2075324,"Wind Point Partners XI-A, L.P.",D,20251024,edgar/data/2075324/0002075324-25-000001.txt
2077120,"DCP Scout Feeder, L.P.",D,20251024,edgar/data/2077120/0001231919-25-000351.txt
2077852,MVP LS FUND DXCV LLC,D,20251024,edgar/data/2077852/0002077852-25-000001.txt
2078599,"Forcyte Fund, LP",D,20251024,edgar/data/2078599/0002078599-25-000001.txt
2082341,BROOKFIELD REAL ESTATE SOLUTIONS II-A L.P.,D,20251024,edgar/data/2082341/0002082341-25-000002.txt
2082487,"IN-0727 Fund I, a series of Roll Up Vehicles, LP",D,20251024,edgar/data/2082487/0002082487-25-000001.txt
2082499,Brookfield Real Estate Solutions II-B L.P.,D,20251024,edgar/data/2082499/0002082341-25-000002.txt
2082500,Brookfield Real Estate Solutions II-C L.P.,D,20251024,edgar/data/2082500/0002082341-25-000002.txt
2083112,"Scenic Private Access Fund II, L.P.",D,20251024,edgar/data/2083112/0002083112-25-000001.txt
2083929,Phenegra Corp,D,20251024,edgar/data/2083929/0002083929-25-000001.txt
2084119,SYN Ventures Fund III LP,D,20251024,edgar/data/2084119/0002084119-25-000003.txt
2085375,"Kinderhook Capital Waste CV, L.P.",D,20251024,edgar/data/2085375/0002085375-25-000002.txt
2085744,"Audacious Ventures RAI, L.P.",D,20251024,edgar/data/2085744/0002085744-25-000001.txt
2086192,XTW Inc.,D,20251024,edgar/data/2086192/0002086192-25-000001.txt
2086222,RP Fund LLC - Series 10,D,20251024,edgar/data/2086222/0002086222-25-000001.txt
2087404,Electric Feel Ventures Fund II LP,D,20251024,edgar/data/2087404/0002087404-25-000001.txt
2088170,"GO-0826 Fund I, a series of Sajid Rahman Angel Funds, LP",D,20251024,edgar/data/2088170/0002088170-25-000001.txt
2088376,Nexus MVA Fund I LP,D,20251024,edgar/data/2088376/0000902664-25-004559.txt
2088471,"H.I.G. Europe Realty Partners III Annex Fund, L.P.",D,20251024,edgar/data/2088471/0002088471-25-000001.txt
2089300,WH CAPITAL IV LLC,D,20251024,edgar/data/2089300/0001814554-25-000151.txt
2089771,Deer Valley Sidecar OI LP,D,20251024,edgar/data/2089771/0002089771-25-000001.txt
2090218,"TSO III Project Marvel Co-Invest, L.P.",D,20251024,edgar/data/2090218/0000950142-25-002854.txt
2090235,"AP-1001 Fund I, a series of MV Funds, LP",D,20251024,edgar/data/2090235/0002090235-25-000001.txt
2090503,LaGrange Cricket Holdings LLC,D,20251024,edgar/data/2090503/0002090503-25-000001.txt
2090565,"Pinnacle Medical Properties, L.P.",D,20251024,edgar/data/2090565/0002090565-25-000001.txt
2090571,Redwood Franklin Upper Shelbyville Road IN P1 LLC,D,20251024,edgar/data/2090571/0002090571-25-000001.txt
2090880,"IntegraNet Physician Organization-Sugarland, Ltd.",D,20251024,edgar/data/2090880/0002090880-25-000001.txt
2090890,"Eyequant, Inc.",D,20251024,edgar/data/2090890/0002090890-25-000001.txt
2090934,ST GA Fund 2025 LLC,D,20251024,edgar/data/2090934/0001104659-25-102089.txt
2091061,GQ Co-Invest AB,D,20251024,edgar/data/2091061/0001012975-25-000660.txt
2091068,"Operose Capital Real Estate I, LP",D,20251024,edgar/data/2091068/0000892712-25-000126.txt
2091071,BokVe Co-Invest AB,D,20251024,edgar/data/2091071/0001012975-25-000659.txt
2091175,Overmatch CHAOS D SPV LLC,D,20251024,edgar/data/2091175/0002091175-25-000001.txt
2091362,"AXV SPV II, LLC",D,20251024,edgar/data/2091362/0002091362-25-000001.txt
2091393,Gaingels AstroForge LLC,D,20251024,edgar/data/2091393/0002091393-25-000001.txt
2091563,Kotak MSCI India EFT Fund IFSC,D,20251024,edgar/data/2091563/0002091563-25-000001.txt
2091580,Kora Holdings VIII (C) LLC,D,20251024,edgar/data/2091580/0000902664-25-004558.txt
2091700,"Founders Industrial Fund, L.P.",D,20251024,edgar/data/2091700/0002091700-25-000001.txt
2091754,Overmatch Earth AI SPV LLC,D,20251024,edgar/data/2091754/0002091754-25-000001.txt
2091924,"Erebor, a series of GCRx Master LLC",D,20251024,edgar/data/2091924/0002091924-25-000001.txt
2092116,"NexPoint Real Estate Finance Operating Partnership, L.P.",D,20251024,edgar/data/2092116/0002092116-25-000001.txt
2092166,"VIDA Vision Fund, LP",D,20251024,edgar/data/2092166/0002092166-25-000001.txt
2092186,HUNDY Fruit Corp,D,20251024,edgar/data/2092186/0002092186-25-000001.txt
2092187,"TB Delta Splash Investment Aggregator, L.P.",D,20251024,edgar/data/2092187/0000950142-25-002853.txt
2092205,Aspen Standard Group Topco LP,D,20251024,edgar/data/2092205/0002092205-25-000002.txt
2092206,Aspen Standard Group Holdings LLC,D,20251024,edgar/data/2092206/0002092205-25-000002.txt
2092366,"LIGHTHOUSE FUND 4, LP",D,20251024,edgar/data/2092366/0002092366-25-000001.txt
2092452,Skylark VI BC LLC,D,20251024,edgar/data/2092452/0002092452-25-000001.txt
2092563,"240 Post, LLC",D,20251024,edgar/data/2092563/0002092563-25-000001.txt
2092565,"TreadStone Technologies, Inc.",D,20251024,edgar/data/2092565/0002092565-25-000001.txt
2092674,"CC-VBS, LLC",D,20251024,edgar/data/2092674/0002092674-25-000001.txt
2092675,"SuccessVP-1010 Fund I, a series of AngelList Funds 2025, LP",D,20251024,edgar/data/2092675/0002092675-25-000001.txt
2092687,360 ONE India Select Fund 2,D,20251024,edgar/data/2092687/0002092687-25-000001.txt
2092688,360 ONE Early Stage Feeder,D,20251024,edgar/data/2092688/0002092688-25-000001.txt
2092753,s20 SPV X a Series of CGF2021 LLC,D,20251024,edgar/data/2092753/0002092753-25-000001.txt
2092754,Preamble Capital I a Series of CGF2021 LLC,D,20251024,edgar/data/2092754/0002092754-25-000001.txt
2092755,T1P Erebor I a Series of T1P Capital LLC,D,20251024,edgar/data/2092755/0002092755-25-000001.txt
2092756,Starframe - Antares Oct 2025 a Series of CGF2021 LLC,D,20251024,edgar/data/2092756/0002092756-25-000001.txt
2092757,NextLM a Series of CGF2021 LLC,D,20251024,edgar/data/2092757/0002092757-25-000001.txt
2092761,Samarthya Groq AI SPV Sep 2025 a Series of CGF2021 LLC,D,20251024,edgar/data/2092761/0002092761-25-000001.txt
2092765,Maharat CISPV III Jun 2025 a Series of CGF2021 LLC,D,20251024,edgar/data/2092765/0002092765-25-000001.txt
2092768,Meticulous Sept 2025 a Series of CGF2021 LLC,D,20251024,edgar/data/2092768/0002092768-25-000001.txt
2092770,Thread Bank Oct 2025 a Series of CGF2021 LLC,D,20251024,edgar/data/2092770/0002092770-25-000001.txt
2092773,M78 Albacore Aug 2025 a Series of CGF2021 LLC,D,20251024,edgar/data/2092773/0002092773-25-000001.txt
2092774,HANOVER Sep 2025 a Series of CGF2021 LLC,D,20251024,edgar/data/2092774/0002092774-25-000001.txt
2092775,Unreasonable Nitricity Sep 2025 a Series of CGF2021 LLC,D,20251024,edgar/data/2092775/0002092775-25-000001.txt
2092778,Sling Mgmt - Buncha a Series of CGF2021 LLC,D,20251024,edgar/data/2092778/0002092778-25-000001.txt
2092779,SpaceX ACM a Series of What If Ventures Master LLC,D,20251024,edgar/data/2092779/0002092779-25-000001.txt
2092783,DPV Nexus I a Series of DataPower Capital Partners LLC,D,20251024,edgar/data/2092783/0002092783-25-000001.txt
2092796,s20 SPV IX a Series of CGF2021 LLC,D,20251024,edgar/data/2092796/0002092796-25-000001.txt
2092810,"Crydemx Cryptocurrency Trading Co., Ltd.",D,20251024,edgar/data/2092810/0002092810-25-000001.txt
2092832,"Old West Water, Inc.",D,20251024,edgar/data/2092832/0002092832-25-000001.txt
2092890,Valora Orono H.A. LLC,D,20251024,edgar/data/2092890/0002092890-25-000001.txt
2092921,"Strategic Growth Opportunities, LLC, Series X Defense",D,20251024,edgar/data/2092921/0002092921-25-000001.txt
2092966,Numus Fund Ltd,D,20251024,edgar/data/2092966/0001376474-25-000862.txt
2092968,Singularity Winners Fund,D,20251024,edgar/data/2092968/0000919574-25-006238.txt
2093034,"Epta Capital CB Fund I, LP",D,20251024,edgar/data/2093034/0000929638-25-003994.txt
2093137,Foundry Fund I LLC,D,20251024,edgar/data/2093137/0002093137-25-000001.txt
2093163,USEIG Dubois #1 Joint Venture,D,20251024,edgar/data/2093163/0002093163-25-000002.txt
2093179,ZoraMHP LLC,D,20251024,edgar/data/2093179/0002093179-25-000001.txt
2093181,SunsetMHP LLC,D,20251024,edgar/data/2093181/0002093181-25-000001.txt
2093184,NorthwoodsMHP LLC,D,20251024,edgar/data/2093184/0002093184-25-000001.txt
2093197,CVC Credit Partners Employee Investment (CS III) LP,D,20251024,edgar/data/2093197/0002093197-25-000001.txt
2093198,Steel Atlas Fund II LLC,D,20251024,edgar/data/2093198/0002093198-25-000002.txt
2093207,"CCA Longevity Fund V (US VI), LLC",D,20251024,edgar/data/2093207/0002093207-25-000001.txt
2093265,"Asymmetria Investors III, LLC - Callodine SBIC Fund III (PS)",D,20251024,edgar/data/2093265/0002093265-25-000001.txt
2093268,"Place To Be Inde, LLC",D,20251024,edgar/data/2093268/0002093268-25-000001.txt
2093319,BROOKFIELD REAL ESTATE SOLUTIONS II-ER SCSP,D,20251024,edgar/data/2093319/0002082341-25-000002.txt
2093334,One Nation Estates Inc.,D,20251024,edgar/data/2093334/0002093334-25-000001.txt
2093394,Eden Energy Technologies Corp,D,20251024,edgar/data/2093394/0002093394-25-000001.txt
2093426,CQCII a Series of Close Quarters Capital II LLC,D,20251024,edgar/data/2093426/0002093426-25-000001.txt
2093440,Oriel AI Capital INC.,D,20251024,edgar/data/2093440/0002093440-25-000001.txt
2093450,Crown Business Academy Ltd,D,20251024,edgar/data/2093450/0002093450-25-000001.txt
2093451,Dermotzi Inc.,D,20251024,edgar/data/2093451/0002093451-25-000001.txt
2093487,"Centari, Inc.",D,20251024,edgar/data/2093487/0002093487-25-000001.txt
2093526,"Medalist Partners Asset-Based Private Credit Fund IV Offshore Feeder, L.P.",D,20251024,edgar/data/2093526/0001493152-25-019220.txt
2093535,"FRED-Verona Two Apartments, LLC",D,20251024,edgar/data/2093535/0002093535-25-000001.txt
2093549,Pulaski Diamond LLC,D,20251024,edgar/data/2093549/0002093549-25-000001.txt
2093554,Sterile State II SPV a Series of CGF2021 LLC,D,20251024,edgar/data/2093554/0002093554-25-000001.txt
2093556,Smart AC Strategic Oct 2025 a Series of CGF2021 LLC,D,20251024,edgar/data/2093556/0002093556-25-000001.txt
2093557,Stablecon Sep 2025 a Series of CGF2021 LLC,D,20251024,edgar/data/2093557/0002093557-25-000001.txt
2093565,PPVP Growth Fund III a Series of Pari Passu Master II LLC,D,20251024,edgar/data/2093565/0002093565-25-000001.txt
2093567,DPV Fusion I a Series of DataPower Capital Partners LLC,D,20251024,edgar/data/2093567/0002093567-25-000001.txt
2093598,"AS-03202 Fund I, a series of Roll Up Vehicles, LP",D,20251024,edgar/data/2093598/0002093598-25-000001.txt
2093609,"Medalist Partners Asset-Based Private Credit Fund IV Onshore Feeder, L.P.",D,20251024,edgar/data/2093609/0001493152-25-019222.txt
2093611,"CP III DECKED Feeder, LLC",D,20251024,edgar/data/2093611/0002093611-25-000001.txt
2093612,Outrunner Capital - SPV VI LLC,D,20251024,edgar/data/2093612/0002093612-25-000001.txt
2093616,Bach's Office Hit Ltd Liability Co,D,20251024,edgar/data/2093616/0002093616-25-000001.txt
2093639,"Continuum Holdings, Inc.",D,20251024,edgar/data/2093639/0002093639-25-000001.txt
2093650,"PACT-CAZ Offshore Feeder, L.P.",D,20251024,edgar/data/2093650/0002093650-25-000001.txt
2093651,"PACT-CAZ Co-Investment Fund, L.P.",D,20251024,edgar/data/2093651/0002093651-25-000001.txt
2093665,"TRC Meadowlark Holdings, LLC",D,20251024,edgar/data/2093665/0002093665-25-000001.txt
2093672,Perplexity Unlimited SPV3 Sep 2025 a Series of CGF2021 LLC,D,20251024,edgar/data/2093672/0002093672-25-000001.txt
2093673,SPVx016 a Series of Raido Capital Holdings X LLC,D,20251024,edgar/data/2093673/0002093673-25-000001.txt
2093674,"Bondly Pre-Seed Sep 2025, a Series of CGF2021 LLC",D,20251024,edgar/data/2093674/0002093674-25-000001.txt
2093675,"Crescent Credit Solutions IXD (Senior Unlevered) Note Feeder, L.P.",D,20251024,edgar/data/2093675/0002062357-25-000057.txt
2093676,NearField Atomics Inc.,D,20251024,edgar/data/2093676/0002093676-25-000001.txt
2093679,Ironside Capital Fund III LLC,D,20251024,edgar/data/2093679/0002093679-25-000001.txt
2093680,ICG Venue Co-Investment LLC,D,20251024,edgar/data/2093680/0002093680-25-000001.txt
2093699,Oakleaf BTR RE,D,20251024,edgar/data/2093699/0002093699-25-000001.txt
2093700,"VBS Investor, LLC",D,20251024,edgar/data/2093700/0002093700-25-000001.txt
2093704,"Riva Acquisition Partners, LLC",D,20251024,edgar/data/2093704/0002093704-25-000001.txt
2093705,"Soma Capital AI Fund II, LP",D,20251024,edgar/data/2093705/0001231919-25-000352.txt
2093709,HBMHCW GLOBAL Ltd.,D,20251024,edgar/data/2093709/0002093709-25-000001.txt
2093721,RE MEADOW LANE LLC,D,20251024,edgar/data/2093721/0002093721-25-000001.txt
2093748,EVIA Fund LLC,D,20251024,edgar/data/2093748/0002093748-25-000001.txt
2093760,"Chestnut 166, LLC",D,20251024,edgar/data/2093760/0002093760-25-000001.txt
2093791,"DRC Co-Investment, LLC",D,20251024,edgar/data/2093791/0001042167-25-000058.txt
894158,"Theriva Biologics, Inc.",D,20251024,edgar/data/894158/0001104659-25-101914.txt
1052399,"DECATUR BANCSHARES, INC.",D,20251027,edgar/data/1052399/0000898432-25-000843.txt
1177703,"Amwins Holding Company, LLC",D,20251027,edgar/data/1177703/0001177703-25-000004.txt
1760460,PCM Ai Opportunities Fund,D,20251027,edgar/data/1760460/0001760460-25-000003.txt
1808654,"Ontic Technologies, Inc.",D,20251027,edgar/data/1808654/0001808654-25-000004.txt
1837491,"LODAS Markets, Inc.",D,20251027,edgar/data/1837491/0001837491-25-000004.txt
1845068,"Core Nat Cat Fund, a segregated account of 1863 Fund Ltd",D,20251027,edgar/data/1845068/0001845068-25-000003.txt
1915835,"Electric Avenue Software, Inc.",D,20251027,edgar/data/1915835/0001915835-25-000002.txt
1918961,"FloxDev, Inc.",D,20251027,edgar/data/1918961/0001231919-25-000354.txt
1926716,"Bracketology.tv, Inc.",D,20251027,edgar/data/1926716/0001926716-25-000003.txt
1926716,"Bracketology.tv, Inc.",D,20251027,edgar/data/1926716/0001926716-25-000004.txt
1935341,Flamingo Marine Inc.,D,20251027,edgar/data/1935341/0000892712-25-000127.txt
1950393,4th Street McAllen TX LLC,D,20251027,edgar/data/1950393/0001950393-25-000002.txt
1983257,"Defy Photo Shield, LLC",D,20251027,edgar/data/1983257/0001983257-25-000002.txt
1999480,"Alto Neuroscience, Inc.",D,20251027,edgar/data/1999480/0001231919-25-000357.txt
2014786,"DoctorNow, Inc.",D,20251027,edgar/data/2014786/0002014786-25-000002.txt
2020273,"Agriculture Scout AI, Inc.",D,20251027,edgar/data/2020273/0002020273-25-000003.txt
2024316,"Breakwall Energy Credit Partners Fund, L.P.",D,20251027,edgar/data/2024316/0002024316-25-000008.txt
2035452,"Apex Tech Growth Partners I, LLC",D,20251027,edgar/data/2035452/0001493152-25-019725.txt
2042721,PRIVATE AI INVESTMENTS II LLC,D,20251027,edgar/data/2042721/0002042721-25-000003.txt
2048920,"Breakwall Energy Credit Partners Fund Co-Invest, L.P.",D,20251027,edgar/data/2048920/0002048920-25-000006.txt
2050232,Northern Smilodon Energy Inc.,D,20251027,edgar/data/2050232/0002050232-25-000004.txt
2059005,"Marrello Capital Partners, LP",D,20251027,edgar/data/2059005/0002059005-25-000012.txt
2063175,OneIM Real Estate Income Fund I LP,D,20251027,edgar/data/2063175/0001315863-25-000779.txt
2063176,OneIM Structured Product Income Fund I LP,D,20251027,edgar/data/2063176/0001315863-25-000778.txt
2063179,OneIM Corporate Income Fund I LP,D,20251027,edgar/data/2063179/0001315863-25-000777.txt
2080765,"Riverstone Iris Continuation Fund, L.P.",D,20251027,edgar/data/2080765/0002080765-25-000001.txt
2080881,"Riverstone Iris Continuation Fund Feeder, L.P.",D,20251027,edgar/data/2080881/0002080881-25-000001.txt
2081993,"Series Domain, a series of TE Holdings I LLC",D,20251027,edgar/data/2081993/0002081993-25-000002.txt
2083097,Lodges of Prospect WD LLC,D,20251027,edgar/data/2083097/0002083097-25-000001.txt
2083099,Tallvine Canal Co-Invest I LP,D,20251027,edgar/data/2083099/0002083099-25-000002.txt
2084044,"BlackRock Orion Private Opportunities, L.P.",D,20251027,edgar/data/2084044/0002084044-25-000001.txt
2084327,"Gigascale Capital Fund I, L.P.",D,20251027,edgar/data/2084327/0001470831-25-000271.txt
2084723,Gaingels Formic Technologies 2025 LLC,D,20251027,edgar/data/2084723/0002084723-25-000001.txt
2085050,"KA-0610 Fund I, a series of AngelList Funds 2025, LP",D,20251027,edgar/data/2085050/0002085050-25-000001.txt
2085195,Tallvine Canal Co-Invest I-A LP,D,20251027,edgar/data/2085195/0002083099-25-000002.txt
2085402,NSDQ-ETF-COIN LP,D,20251027,edgar/data/2085402/0002085402-25-000001.txt
2085515,"CommonPoint, Inc.",D,20251027,edgar/data/2085515/0002085515-25-000001.txt
2085685,"BECP Feeder, L.P.",D,20251027,edgar/data/2085685/0002085685-25-000004.txt
2086261,PE HH Pre-IPO Offshore Feeder Fund V a sub-fund of PERE Portfolios S.C.A. SICAV-RAIF,D,20251027,edgar/data/2086261/0002086261-25-000002.txt
2086622,"Jake-RO-0805 Fund I, a series of AngelList Funds 2025, LP",D,20251027,edgar/data/2086622/0002086622-25-000001.txt
2086665,"AUA Midvale Townhomes, LLC",D,20251027,edgar/data/2086665/0002086665-25-000001.txt
2088134,Pinto Inc.,D,20251027,edgar/data/2088134/0002088134-25-000001.txt
2088419,"AVSF - Ursa Major 2025, LLC",D,20251027,edgar/data/2088419/0002088419-25-000001.txt
2088627,Affix Advisory LLC,D,20251027,edgar/data/2088627/0002088627-25-000001.txt
2088653,"AVSF - ConductorOne 2025, LLC",D,20251027,edgar/data/2088653/0002088653-25-000001.txt
2088748,BEACON GD INVESTMENT LLC,D,20251027,edgar/data/2088748/0002088748-25-000001.txt
2088751,"Ultraspice Opportunity - PLA, LP",D,20251027,edgar/data/2088751/0001315863-25-000780.txt
2088985,"ANOMALY-SM-0910 Fund I, a series of AngelList Funds 2025, LP",D,20251027,edgar/data/2088985/0002088985-25-000001.txt
2089284,HIG REAL ESTATE IV LLC,D,20251027,edgar/data/2089284/0002089284-25-000001.txt
2089505,Etiq Inc.,D,20251027,edgar/data/2089505/0002089505-25-000001.txt
2089551,Oppenheim Unchained LP,D,20251027,edgar/data/2089551/0002089551-25-000001.txt
2089694,"QU-0912 Fund II, a series of Roll Up Vehicles, LP",D,20251027,edgar/data/2089694/0002089694-25-000001.txt
2089720,HMBP-BCP III Investment LLC,D,20251027,edgar/data/2089720/0002089720-25-000001.txt
2089722,HMBP-BCP III LLC,D,20251027,edgar/data/2089722/0002089722-25-000001.txt
2089917,"AP-0923 Fund VII, a series of Capital Factory, LP",D,20251027,edgar/data/2089917/0002089917-25-000001.txt
2089952,"KA-0829 Fund II, a series of Roll Up Vehicles, LP",D,20251027,edgar/data/2089952/0002089952-25-000001.txt
2089973,"Stripes VII Private Investors, LLC",D,20251027,edgar/data/2089973/0002089973-25-000001.txt
2090576,"TCG Storage of Trussville East, LLC",D,20251027,edgar/data/2090576/0002090576-25-000001.txt
2090842,V360 Holdings LLC Series Apex Fund II,D,20251027,edgar/data/2090842/0002090842-25-000001.txt
2090843,V360 Holdings LLC Series micro1 Fund I,D,20251027,edgar/data/2090843/0002090843-25-000001.txt
2091076,HW CAPITAL LLC,D,20251027,edgar/data/2091076/0002091076-25-000001.txt
2091369,Wheelhouse Digital Studios III LLC,D,20251027,edgar/data/2091369/0002091369-25-000001.txt
2091519,"LLCap Project Benefit, LP",D,20251027,edgar/data/2091519/0002091519-25-000001.txt
2091633,"Kimmeridge Energy Engagement Partners EG, LP",D,20251027,edgar/data/2091633/0000902664-25-004574.txt
2091699,Ares SH Partners LP,D,20251027,edgar/data/2091699/0002091699-25-000001.txt
2091954,Gaingels Kargo OCT 2025 LLC,D,20251027,edgar/data/2091954/0002091954-25-000001.txt
2092242,"Helmsman Member, LLC",D,20251027,edgar/data/2092242/0002092242-25-000001.txt
2092249,Extellis Inc,D,20251027,edgar/data/2092249/0002092249-25-000001.txt
2092263,"REI Energy Drilling & Income Fund IX, L.P.",D,20251027,edgar/data/2092263/0002092263-25-000001.txt
2092442,Lord Abbett Adviser Feeder Fund I LP,D,20251027,edgar/data/2092442/0002092442-25-000001.txt
2092541,"Bubble Robotics, Inc.",D,20251027,edgar/data/2092541/0002092541-25-000001.txt
2092561,Pixality Inc.,D,20251027,edgar/data/2092561/0002092561-25-000001.txt
2092666,Idaka Golf Inc.,D,20251027,edgar/data/2092666/0002092666-25-000001.txt
2092676,"MADELINE &, CO.",D,20251027,edgar/data/2092676/0002092676-25-000002.txt
2092728,"Current Software Applications, Inc.",D,20251027,edgar/data/2092728/0001470831-25-000270.txt
2092828,Bow River Asset-Based Institutional Income Fund LP,D,20251027,edgar/data/2092828/0002092828-25-000001.txt
2092929,"FirstWave Investment Fund (Onshore), L.P.",D,20251027,edgar/data/2092929/0002092929-25-000001.txt
2092989,"FirstWave Investment Fund (Offshore), L.P.",D,20251027,edgar/data/2092989/0002092989-25-000001.txt
2092991,"PeakSpan CGP IV Co-Invest, L.P.",D,20251027,edgar/data/2092991/0002092991-25-000001.txt
2093032,Foothill Family Preservation LP,D,20251027,edgar/data/2093032/0002093032-25-000001.txt
2093051,"FirstWave Enhanced Investment Fund (Offshore), L.P.",D,20251027,edgar/data/2093051/0002093051-25-000001.txt
2093052,"FirstWave Enhanced Investment Fund (Onshore), L.P.",D,20251027,edgar/data/2093052/0002093052-25-000001.txt
2093118,Open Field PsiQuantum SPV I LLC,D,20251027,edgar/data/2093118/0002093118-25-000001.txt
2093164,RSP Fund I LP,D,20251027,edgar/data/2093164/0002093164-25-000001.txt
2093177,TL Daytona IRF Partners LLC,D,20251027,edgar/data/2093177/0002093177-25-000001.txt
2093238,"FirstWave Investment Fund (Onshore)-A, L.P.",D,20251027,edgar/data/2093238/0002093238-25-000001.txt
2093278,Asia Alternatives Capital Partners VII (Luxembourg) SCSp,D,20251027,edgar/data/2093278/0000904454-25-000503.txt
2093293,"Asia Alternatives Capital Partners VII (Ex-China), LP",D,20251027,edgar/data/2093293/0000904454-25-000503.txt
2093306,"Asia Alternatives Secondaries Top-Up, LP",D,20251027,edgar/data/2093306/0000904454-25-000504.txt
2093327,"AACP Tax-Exempt Investors VII, L.P.",D,20251027,edgar/data/2093327/0000904454-25-000503.txt
2093337,"Asia Alternatives Capital Partners VII, LP",D,20251027,edgar/data/2093337/0000904454-25-000503.txt
2093339,TL JAX Orange Park IRF Partners LLC,D,20251027,edgar/data/2093339/0002093339-25-000001.txt
2093342,"AACP Tax-Exempt Secondaries Top-Up, L.P.",D,20251027,edgar/data/2093342/0000904454-25-000504.txt
2093343,TL Venice Wellen Park IRF Partners LLC,D,20251027,edgar/data/2093343/0002093343-25-000001.txt
2093356,"FirstWave Enhanced Investment Fund (Onshore)-A, L.P.",D,20251027,edgar/data/2093356/0002093356-25-000001.txt
2093379,MCAP Partners Fund II LLC,D,20251027,edgar/data/2093379/0002093379-25-000001.txt
2093448,RENTDUE Capital Qualified Fund,D,20251027,edgar/data/2093448/0002093448-25-000002.txt
2093503,"HVS-NAIFX SPV, LP",D,20251027,edgar/data/2093503/0002093503-25-000001.txt
2093532,Oval Park SPV XTLS1 LLC,D,20251027,edgar/data/2093532/0002093532-25-000001.txt
2093559,Republic Apptronik a Series of CGF2021 LLC,D,20251027,edgar/data/2093559/0002093559-25-000001.txt
2093603,"Studio Fund (C-2), LP",D,20251027,edgar/data/2093603/0002093603-25-000001.txt
2093622,Open Field Hammerspace SPV II LLC,D,20251027,edgar/data/2093622/0002093622-25-000001.txt
2093670,"J10 Capital Partners, LLC",D,20251027,edgar/data/2093670/0002093670-25-000001.txt
2093682,"PFDSELECT MEDICAL RECEIVABLES 1016, LLC",D,20251027,edgar/data/2093682/0002093682-25-000001.txt
2093698,Oblegoner 2 Development LP,D,20251027,edgar/data/2093698/0002093698-25-000001.txt
2093719,"Azalea Pax I, LP",D,20251027,edgar/data/2093719/0002093719-25-000001.txt
2093725,Ultrassure Inc.,D,20251027,edgar/data/2093725/0002093725-25-000001.txt
2093726,"Rewind Investco, LLC",D,20251027,edgar/data/2093726/0002093726-25-000001.txt
2093737,"Third Lake RE Self-Storage Fund III, LP",D,20251027,edgar/data/2093737/0002093737-25-000001.txt
2093744,Lapis Investors LP,D,20251027,edgar/data/2093744/0002093744-25-000001.txt
2093745,"Prince Biotech, Inc.",D,20251027,edgar/data/2093745/0002093745-25-000001.txt
2093747,"Scorability, Inc.",D,20251027,edgar/data/2093747/0002093747-25-000001.txt
2093752,"AACP Tax-Exempt Investors VII (Ex-China), L.P.",D,20251027,edgar/data/2093752/0000904454-25-000503.txt
2093838,Mindset Integrated Co,D,20251027,edgar/data/2093838/0002093838-25-000001.txt
2093846,"Aynak, Inc.",D,20251027,edgar/data/2093846/0002093846-25-000001.txt
2093860,NxLite Technologies Inc.,D,20251027,edgar/data/2093860/0002093860-25-000001.txt
2093869,"Portland Street Apts Holdings, LLC",D,20251027,edgar/data/2093869/0002093869-25-000001.txt
2093872,KAYLEE DEVELOPMENTAL LLC,D,20251027,edgar/data/2093872/0002093872-25-000001.txt
2093877,"VSLN Ventures, LLC",D,20251027,edgar/data/2093877/0002093877-25-000001.txt
2093880,"Seven Peak Income Fund I, LLC",D,20251027,edgar/data/2093880/0002093880-25-000001.txt
2093887,"TRC South Pointe, LLC",D,20251027,edgar/data/2093887/0002093887-25-000001.txt
2093981,TFC Belle Creek LLC,D,20251027,edgar/data/2093981/0002093981-25-000001.txt
2093987,"PAHOKEE FL PROPERTY, LLC",D,20251027,edgar/data/2093987/0002093987-25-000001.txt
1382044,"WILDCAT DISCOVERY TECHNOLOGIES, INC.",D,20251028,edgar/data/1382044/0001231919-25-000362.txt
1599532,Geophysical Technology Inc.,D,20251028,edgar/data/1599532/0001140361-25-039572.txt
1599532,Geophysical Technology Inc.,D,20251028,edgar/data/1599532/0001140361-25-039575.txt
1676458,"VisCardia, Inc.",D,20251028,edgar/data/1676458/0001676458-25-000004.txt
1706404,Aztec Minerals Corp.,D,20251028,edgar/data/1706404/0000912282-25-001159.txt
1763007,"EarthOptics, Inc.",D,20251028,edgar/data/1763007/0001763007-25-000003.txt
1819133,"Tango Therapeutics, Inc.",D,20251028,edgar/data/1819133/0001819133-25-000003.txt
1824962,One Turtle Creek LP,D,20251028,edgar/data/1824962/0001824962-25-000005.txt
1827635,"Veradermics, Inc",D,20251028,edgar/data/1827635/0001231919-25-000361.txt
1838728,"Rali Solutions, LLC",D,20251028,edgar/data/1838728/0001838728-25-000002.txt
1844768,Whatnot Inc.,D,20251028,edgar/data/1844768/0001844768-25-000004.txt
1888098,COLAB SOFTWARE INC.,D,20251028,edgar/data/1888098/0001888098-25-000006.txt
1995826,"Fund I, a series of Generous Ventures, LP",D,20251028,edgar/data/1995826/0001995826-25-000002.txt
2016652,Perfumeo Corp,D,20251028,edgar/data/2016652/0002016652-25-000002.txt
2018531,EDJY LLC,D,20251028,edgar/data/2018531/0002018531-25-000006.txt
2049330,"Revolution Orthopedics, LLC",D,20251028,edgar/data/2049330/0002049330-25-000002.txt
2055822,BIRD RIVER RESOURCES INC.,D,20251028,edgar/data/2055822/0001062993-25-016331.txt
2055861,CONSORCIO NAVIS LP,D,20251028,edgar/data/2055861/0002055861-25-000003.txt
2069876,5 Glen Road CT LLC,D,20251028,edgar/data/2069876/0002069876-25-000003.txt
2077137,"Rule 1 Ventures Fund II, LP",D,20251028,edgar/data/2077137/0002077137-25-000001.txt
2079885,"MIF TE Feeder, L.P.",D,20251028,edgar/data/2079885/0002079885-25-000001.txt
2079966,"Macquarie Infrastructure Fund, L.P.",D,20251028,edgar/data/2079966/0002079966-25-000001.txt
2081049,"Advanced Movement Insights, Inc.",D,20251028,edgar/data/2081049/0002081049-25-000001.txt
2082012,"FO-0626 Fund II, a series of MV Funds, LP",D,20251028,edgar/data/2082012/0002082012-25-000001.txt
2082223,"BeamSPV, a series of VitalStage Ventures Paradigm AI Fund, LP",D,20251028,edgar/data/2082223/0002082223-25-000001.txt
2082517,MP Direct Real Estate Fund LL LP,D,20251028,edgar/data/2082517/0002082517-25-000001.txt
2083573,"LS Opportunities Access Fund III, L.P.",D,20251028,edgar/data/2083573/0000950103-25-013718.txt
2085892,Syntracts Inc.,D,20251028,edgar/data/2085892/0002085892-25-000001.txt
2086061,"RU-0904 Fund II, a series of MV Funds, LP",D,20251028,edgar/data/2086061/0002086061-25-000001.txt
2086142,"DEARIE DEVELOPMENT, LLC",D,20251028,edgar/data/2086142/0002086142-25-000001.txt
2087263,"Seven-SO-0904 Fund I, a series of AngelList Funds 2025, LP",D,20251028,edgar/data/2087263/0002087263-25-000001.txt
2087350,"JWCM Vivian, DST",D,20251028,edgar/data/2087350/0002087350-25-000001.txt
2087750,CROWDFUNZ 858 LLC.,D,20251028,edgar/data/2087750/0002087750-25-000001.txt
2087752,CROWDFUNZ 624 LLC.,D,20251028,edgar/data/2087752/0002087752-25-000001.txt
2087928,"New Legacy Starling, LP",D,20251028,edgar/data/2087928/0000919574-25-006274.txt
2088000,"Emerge Series Opportunities, L.P. (Series 5)",D,20251028,edgar/data/2088000/0002088000-25-000001.txt
2088138,"MI-0909 Fund I, a series of FJ Labs Funds, LP",D,20251028,edgar/data/2088138/0002088138-25-000001.txt
2088338,"Southeast Swim School-Capital Funding, LLC",D,20251028,edgar/data/2088338/0002088338-25-000001.txt
2088518,"FI-0710 Fund I, a series of Umami Capital, LP",D,20251028,edgar/data/2088518/0002088518-25-000001.txt
2088531,"AD-0916 Fund I, a series of Roll Up Vehicles, LP",D,20251028,edgar/data/2088531/0002088531-25-000001.txt
2088737,Locunity Inc,D,20251028,edgar/data/2088737/0002088737-25-000001.txt
2088834,Grey Mill Investors LLC,D,20251028,edgar/data/2088834/0002088834-25-000001.txt
2089707,WH STRATEGIC OPPORTUNITIES FUND III LP,D,20251028,edgar/data/2089707/0002089707-25-000001.txt
2089726,"AA-0924 Fund IV, a series of Zachary Ginsburg Funds, LP",D,20251028,edgar/data/2089726/0002089726-25-000001.txt
2090424,Fortress Fripp Credit Fund LP,D,20251028,edgar/data/2090424/0002090424-25-000003.txt
2090621,WAGMI 173 - WAGMI Master LLC,D,20251028,edgar/data/2090621/0002090621-25-000001.txt
2091140,"JVM Sponsor Fund I, LP",D,20251028,edgar/data/2091140/0002091140-25-000001.txt
2091179,Weem Capital LLC,D,20251028,edgar/data/2091179/0002091179-25-000001.txt
2091223,"Okeanos Venture Partners II, LLC - Series 161",D,20251028,edgar/data/2091223/0002091223-25-000001.txt
2091809,"KA-1002 Fund I, a series of Roll Up Vehicles, LP",D,20251028,edgar/data/2091809/0002091809-25-000001.txt
2091883,"B Investment Partners, LP",D,20251028,edgar/data/2091883/0002091883-25-000001.txt
2091935,"North River Angel Investments IX, L.P.",D,20251028,edgar/data/2091935/0001012975-25-000665.txt
2091940,PSG Namirial Co-Invest L.P.,D,20251028,edgar/data/2091940/0002091940-25-000001.txt
2091950,"EF-DA-10111 Fund I, a series of AngelList Funds 2025, LP",D,20251028,edgar/data/2091950/0002091950-25-000001.txt
2091951,"EF-CR-1011 Fund I, a series of AngelList Funds 2025, LP",D,20251028,edgar/data/2091951/0002091951-25-000001.txt
2091952,"EF-FA-1004 Fund I, a series of AngelList Funds 2025, LP",D,20251028,edgar/data/2091952/0002091952-25-000001.txt
2091962,"EF-DA-1011 Fund I, a series of AngelList Funds 2025, LP",D,20251028,edgar/data/2091962/0002091962-25-000001.txt
2092188,Montagu(plus sign) 2 (Feeder) SCSp,D,20251028,edgar/data/2092188/0000950142-25-002860.txt
2092189,Montagu(plus sign) 2 SCSp,D,20251028,edgar/data/2092189/0000950142-25-002859.txt
2092190,"Diversis Capital Partners Select III, L.P.",D,20251028,edgar/data/2092190/0000950142-25-002862.txt
2092433,"HealthBridge Innovation Fund, L.P.",D,20251028,edgar/data/2092433/0002092433-25-000001.txt
2092532,"TestBox, Inc.",D,20251028,edgar/data/2092532/0001814554-25-000156.txt
2092605,OneBalance Angels,D,20251028,edgar/data/2092605/0001376474-25-000878.txt
2092671,"Scale Social AI, a series of Jason's Syndicate, LLC",D,20251028,edgar/data/2092671/0002092671-25-000001.txt
2092684,"Woodruff Opportunities Fund, LP",D,20251028,edgar/data/2092684/0002092684-25-000001.txt
2092848,"SFNVC 2025, L.P.",D,20251028,edgar/data/2092848/0002092848-25-000001.txt
2092902,7RIDGE Investments 7 Limited Partnership,D,20251028,edgar/data/2092902/0001012975-25-000662.txt
2093092,"Vintage Cal Oppzone, LLC",D,20251028,edgar/data/2093092/0002093092-25-000001.txt
2093158,"KI Cal Investors, LLC",D,20251028,edgar/data/2093158/0002093158-25-000001.txt
2093353,"Storage Units Ground Lease North Myrtle Beach, LLC",D,20251028,edgar/data/2093353/0002093353-25-000001.txt
2093405,WAGMI 176 - WAGMI Master LLC,D,20251028,edgar/data/2093405/0002093405-25-000001.txt
2093410,WAGMI 177 - WAGMI Master LLC,D,20251028,edgar/data/2093410/0002093410-25-000001.txt
2093412,Amy Exchange Inc.,D,20251028,edgar/data/2093412/0002093412-25-000001.txt
2093539,EXPERITAS INC.,D,20251028,edgar/data/2093539/0002085445-25-000001.txt
2093562,Gaingels Neuma I a Series of Republic Deal Room Master Fund LLC,D,20251028,edgar/data/2093562/0002093562-25-000001.txt
2093579,"WA-1014 Fund I, a series of Angel Collective Opportunity Fund, LP",D,20251028,edgar/data/2093579/0002093579-25-000001.txt
2093695,CVC Capital Partners plc,D,20251028,edgar/data/2093695/0002093695-25-000001.txt
2093697,"Kiln Growth Facility 3.0, LLC",D,20251028,edgar/data/2093697/0002080573-25-000003.txt
2093713,"CNV-2, a series of ALEXTAR VC, LLC",D,20251028,edgar/data/2093713/0002093713-25-000001.txt
2093714,"CNV-1, a series of ALEXTAR VC, LLC",D,20251028,edgar/data/2093714/0002093714-25-000001.txt
2093890,"Hardman Johnston Global Equity Fund, L.P.",D,20251028,edgar/data/2093890/0000905148-25-003702.txt
2093923,MendelFOLD Pre-Seed Sep 2025 a Series of CGF2021 LLC,D,20251028,edgar/data/2093923/0002093923-25-000001.txt
2093924,LSH Nara Org Series A-2 Oct 2025 a Series of CGF2021 LLC,D,20251028,edgar/data/2093924/0002093924-25-000001.txt
2093925,Couchbase Sep 2025 a Series of CGF2021 LLC,D,20251028,edgar/data/2093925/0002093925-25-000001.txt
2093930,"SFF V REIT, LLC",D,20251028,edgar/data/2093930/0000935836-25-000645.txt
2093932,Old Tom Venture Club TRUE 2025 a Series of CGF2021 LLC,D,20251028,edgar/data/2093932/0002093932-25-000001.txt
2093946,AI Growth V Oct 2025 a Series of CGF2021 LLC,D,20251028,edgar/data/2093946/0002093946-25-000001.txt
2093947,Rocketship Sep 2025 a Series of CGF2021 LLC,D,20251028,edgar/data/2093947/0002093947-25-000001.txt
2093948,WGV 2Percent Liquid Death Oct 2025 a Series of CGF2021 LLC,D,20251028,edgar/data/2093948/0002093948-25-000001.txt
2093949,SPD-V a Series of CGF2021 LLC,D,20251028,edgar/data/2093949/0002093949-25-000001.txt
2093950,X Series SC A a Series of EHZ LLC,D,20251028,edgar/data/2093950/0002093950-25-000001.txt
2093951,AI Energies I Oct 2025 a Series of CGF2021 LLC,D,20251028,edgar/data/2093951/0002093951-25-000001.txt
2093952,Hartmann Capital Neurable SPV 2025 a Series of CGF2021 LLC,D,20251028,edgar/data/2093952/0002093952-25-000001.txt
2093953,Well Found Inc Oct 2024 a Series of CGF2021 LLC,D,20251028,edgar/data/2093953/0002093953-25-000001.txt
2093954,Turing Strategy SPV I a Series of CGF2021 LLC,D,20251028,edgar/data/2093954/0002093954-25-000001.txt
2093957,Lemurian Labs Series A Sep 2025 a Series of CGF2021 LLC,D,20251028,edgar/data/2093957/0002093957-25-000001.txt
2093958,LBots Investment Sep 2025 a Series of CGF2021 LLC,D,20251028,edgar/data/2093958/0002093958-25-000001.txt
2093962,HOPE Apptronik Sept 2025 a Series of CGF2021 LLC,D,20251028,edgar/data/2093962/0002093962-25-000001.txt
2093972,BTV Familify Seed Extension a Series of CGF2021 LLC,D,20251028,edgar/data/2093972/0002093972-25-000001.txt
2093980,CortexAI Oct 2025 a Series of CGF2021 LLC,D,20251028,edgar/data/2093980/0002093980-25-000001.txt
2093983,Haevek September 2025 a Series of CGF2021 LLC,D,20251028,edgar/data/2093983/0002093983-25-000001.txt
2094001,Fortress Global Ltd,D,20251028,edgar/data/2094001/0002094001-25-000001.txt
2094014,Shield AI T1V SPV Oct 2025 a Series of CGF2021 LLC,D,20251028,edgar/data/2094014/0002094014-25-000001.txt
2094015,Erebor Aug 2025 a Series of CGF2021 LLC,D,20251028,edgar/data/2094015/0002094015-25-000001.txt
2094016,Starbridge AI II a Series of CGF2021 LLC,D,20251028,edgar/data/2094016/0002094016-25-000001.txt
2094022,Sofi Newby 27-9 Joint Venture,D,20251028,edgar/data/2094022/0002094022-25-000001.txt
2094028,Concord Wayne Hotel LLC,D,20251028,edgar/data/2094028/0002094028-25-000001.txt
2094032,Lyceum AI F F Sep 2025 a Series of CGF2021 LLC,D,20251028,edgar/data/2094032/0002094032-25-000001.txt
2094033,BluWhale AI Aug 2025 a Series of CGF2021 LLC,D,20251028,edgar/data/2094033/0002094033-25-000001.txt
2094034,Pari Passu Growth IIA a Series of Pari Passu Master II LLC,D,20251028,edgar/data/2094034/0002094034-25-000001.txt
2094035,Nucleus SPV Apptronik Sep 2025 a Series of CGF2021 LLC,D,20251028,edgar/data/2094035/0002094035-25-000001.txt
2094036,T1P VANQUISH NETWRK Erebor I a Series of T1P Capital LLC,D,20251028,edgar/data/2094036/0002094036-25-000001.txt
2094037,DPV CAS I a Series of DataPower Capital Partners LLC,D,20251028,edgar/data/2094037/0002094037-25-000001.txt
2094038,iVerify Sept 2025 a Series of CGF2021 LLC,D,20251028,edgar/data/2094038/0002094038-25-000001.txt
2094039,Apptronik A-2 Oct 2025 a Series of Witz Ventures LLC,D,20251028,edgar/data/2094039/0002094039-25-000001.txt
2094040,Erebor Aug 2025 Sep 2025 a Series of CGF2021 LLC,D,20251028,edgar/data/2094040/0002094040-25-000001.txt
2094050,Overnight Speakeasy 1501 11th St NW Investors LLC,D,20251028,edgar/data/2094050/0002094050-25-000001.txt
2094090,"KRKN-8, a series of ALEXTAR VC, LLC",D,20251028,edgar/data/2094090/0002094090-25-000001.txt
2094103,TFC IDFC LLC,D,20251028,edgar/data/2094103/0002094103-25-000001.txt
2094129,"BroadOak SD 2025, LLC",D,20251028,edgar/data/2094129/0002094129-25-000001.txt
2094131,45 PARK FUNDING L.P.,D,20251028,edgar/data/2094131/0001013594-25-001270.txt
2094207,V360 Holdings LLC Series Darrery Capital Tolken 1,D,20251028,edgar/data/2094207/0002094207-25-000001.txt
2094251,"1802V - VOY, a series of 1802V Master LLC",D,20251028,edgar/data/2094251/0002094251-25-000001.txt
2094259,DeMok Capital LLC,D,20251028,edgar/data/2094259/0002094259-25-000001.txt
2094353,"Synergy IX, a Series of E1 VC, LLC",D,20251028,edgar/data/2094353/0002094353-25-000001.txt
2094354,"Nucleus I, a Series of E1 VC, LLC",D,20251028,edgar/data/2094354/0002094354-25-000001.txt
2094361,"Big Eagle International, a Series of A Master Series, LLC",D,20251028,edgar/data/2094361/0002094361-25-000001.txt
947440,"THREAD BANCORP, INC.",D,20251028,edgar/data/947440/0000906791-25-000027.txt
1398713,URZ3 ENERGY CORP.,D,20251029,edgar/data/1398713/0000912282-25-001161.txt
1502736,"Border Bancshares, Inc.",D,20251029,edgar/data/1502736/0001502736-25-000004.txt
1542028,DOLLY VARDEN SILVER CORP,D,20251029,edgar/data/1542028/0000912282-25-001166.txt
1558854,"Activ Technologies, Inc.",D,20251029,edgar/data/1558854/0001558854-25-000002.txt
1567748,APPSFREEDOM INC,D,20251029,edgar/data/1567748/0001567748-25-000002.txt
1623641,"Legal Decoder, Inc.",D,20251029,edgar/data/1623641/0001623641-25-000003.txt
1651343,InnovAccer Inc.,D,20251029,edgar/data/1651343/0001651343-25-000003.txt
1711132,"ORBION SPACE TECHNOLOGY, INC.",D,20251029,edgar/data/1711132/0001711132-25-000006.txt
1719618,CDAM GLOBAL OPPORTUNITIES FUND,D,20251029,edgar/data/1719618/0001719618-25-000002.txt
1829532,"Citizens Bancsahres of Batesville, Inc.",D,20251029,edgar/data/1829532/0001829532-25-000002.txt
1833993,"Tender Food, Inc.",D,20251029,edgar/data/1833993/0001833993-25-000003.txt
1888098,COLAB SOFTWARE INC.,D,20240515,edgar/data/1888098/0001888098-25-000006.txt
1897136,"Throne Labs, Inc.",D,20251029,edgar/data/1897136/0001897136-25-000003.txt
1900511,"BACH APP, INC.",D,20251029,edgar/data/1900511/0001900511-25-000003.txt
1952295,Orion Equity Fund LLC,D,20251029,edgar/data/1952295/0001952295-25-000002.txt
1997080,Luminos Inc.,D,20251029,edgar/data/1997080/0001997080-25-000004.txt
2006949,"S4 Sports & Entertainment, Inc.",D,20251029,edgar/data/2006949/0002006949-25-000002.txt
2006986,"Adagio Medical Holdings, Inc.",D,20251029,edgar/data/2006986/0001231919-25-000371.txt
2018482,"B'More Venture Studio I, L.P.",D,20251029,edgar/data/2018482/0002018482-25-000002.txt
2023624,MEXT Corp,D,20251029,edgar/data/2023624/0002023624-25-000002.txt
2052901,"Align Ventures Co-Invest Fund, LP",D,20251029,edgar/data/2052901/0002052901-25-000008.txt
2052901,"Align Ventures Co-Invest Fund, LP",D,20251029,edgar/data/2052901/0002052901-25-000009.txt
2069651,"AcceleraME, Inc",D,20251029,edgar/data/2069651/0002069651-25-000002.txt
2069688,"Jack Greco - Akido, LLC",D,20251029,edgar/data/2069688/0002069688-25-000001.txt
2070538,"Rivery Energy Fund I, L.P.",D,20251029,edgar/data/2070538/0002070538-25-000002.txt
2072285,"Oaktree Special Situations IV iCapital Offshore Access Fund, L.P.",D,20251029,edgar/data/2072285/0002072285-25-000001.txt
2076910,GENERATION ONE A SERIES OF CAPE TOWER LLC,D,20251029,edgar/data/2076910/0002076910-25-000001.txt
2077060,Bencis VII Cooperatief U.A.,D,20251029,edgar/data/2077060/0001012975-25-000666.txt
2080156,Barcade Holdings LLC,D,20251029,edgar/data/2080156/0002080156-25-000015.txt
2082995,"160 Freelon Housing Partners, L.P.",D,20251029,edgar/data/2082995/0002082995-25-000001.txt
2084061,"NOETIC VENTURES, LP",D,20251029,edgar/data/2084061/0002084061-25-000001.txt
2084081,"ER-0622 Fund I, a series of Justin Mares Syndicate, LP",D,20251029,edgar/data/2084081/0002084081-25-000001.txt
2084660,"IM-0815 Fund I, a series of Umami Capital, LP",D,20251029,edgar/data/2084660/0002084660-25-000001.txt
2084807,"Diadem, a series of Massive Scale Ventures II, LLC",D,20251029,edgar/data/2084807/0002084807-25-000001.txt
2086628,"LIQ6 SPV, a series of Riverside Ventures Self-Advised, LP",D,20251029,edgar/data/2086628/0002086628-25-000001.txt
2086909,NBPD Ironwood Cayman Feeder LP,D,20251029,edgar/data/2086909/0002086909-25-000001.txt
2086911,"Davidovs Venture Capital, LP - E1 QP",D,20251029,edgar/data/2086911/0002086911-25-000001.txt
2086978,"IV Series 14A, a Series of Ineffable Ventures Series, LLC",D,20251029,edgar/data/2086978/0002086978-25-000001.txt
2087191,"NE-0910 Fund I, a series of Shor Capital, LP",D,20251029,edgar/data/2087191/0002087191-25-000001.txt
2087260,"AP-0830 Fund I, a series of MAV Alternate Investments, LP",D,20251029,edgar/data/2087260/0002087260-25-000001.txt
2087415,"JAB Real Estate Opportunity Fund IX, LP",D,20251029,edgar/data/2087415/0002087415-25-000001.txt
2087431,MorHarmony US Feeder Fund Ltd.,D,20251029,edgar/data/2087431/0001213900-25-103384.txt
2087592,"BCM Fund III, LP",D,20251029,edgar/data/2087592/0002087592-25-000001.txt
2088132,"Modal Labs, Inc.",D,20251029,edgar/data/2088132/0002088132-25-000001.txt
2088132,"Modal Labs, Inc.",D,20251029,edgar/data/2088132/0002088132-25-000002.txt
2088365,"FunDay Surf, Inc.",D,20251029,edgar/data/2088365/0002088365-25-000001.txt
2088382,"Singing Pastures, Inc.",D,20251029,edgar/data/2088382/0002088382-25-000001.txt
2088491,"BTF III, LP",D,20251029,edgar/data/2088491/0001012975-25-000673.txt
2088918,Co-Owner Fund LP,D,20251029,edgar/data/2088918/0002088918-25-000001.txt
2088977,"FO-0903 Fund I, a series of Roll Up Vehicles, LP",D,20251029,edgar/data/2088977/0002088977-25-000001.txt
2089023,"EN-0919 Fund I, a series of MV Funds, LP",D,20251029,edgar/data/2089023/0002089023-25-000001.txt
2089365,Mercury 5 Co-Invest L.P.,D,20251029,edgar/data/2089365/0001012975-25-000672.txt
2089446,"Hera, a series of Charge VC Management MP I, LP",D,20251029,edgar/data/2089446/0002089446-25-000002.txt
2089558,Gaingels PH7 LLC,D,20251029,edgar/data/2089558/0002089558-25-000001.txt
2089609,"Schrock Holdings, LLC",D,20251029,edgar/data/2089609/0002089609-25-000002.txt
2089788,"IV Series 16A, a Series of Ineffable Ventures Series, LLC",D,20251029,edgar/data/2089788/0002089788-25-000001.txt
2090131,"Reflex I, a series of Human Element Master Fund LP",D,20251029,edgar/data/2090131/0002090131-25-000001.txt
2090132,Infinadeck Corp,D,20251029,edgar/data/2090132/0002090132-25-000001.txt
2090225,TestSprite Inc.,D,20251029,edgar/data/2090225/0002090225-25-000001.txt
2090455,NBPD Ironwood Fund SCSp,D,20251029,edgar/data/2090455/0002090455-25-000001.txt
2090943,"A. Capital Partners V, L.P.",D,20251029,edgar/data/2090943/0002090943-25-000001.txt
2091257,"BA-0920 Fund I, a series of Evan Singh Luthra Funds, LP",D,20251029,edgar/data/2091257/0002091257-25-000001.txt
2091486,"Folsom Capital Group GPI, LLC",D,20251029,edgar/data/2091486/0002091486-25-000001.txt
2091489,"Madwyn Capital Partners, LP",D,20251029,edgar/data/2091489/0001493152-25-020091.txt
2091797,"K5 Tech Fund II, LP - Series 201",D,20251029,edgar/data/2091797/0002091797-25-000001.txt
2091922,Little Bear Broadway Ltd Liability Co,D,20251029,edgar/data/2091922/0002091922-25-000001.txt
2091956,EQT Transition Infrastructure (No.1) USD LP,D,20251029,edgar/data/2091956/0002091956-25-000001.txt
2091960,EQT Transition Infrastructure (No.2) USD SCSp,D,20251029,edgar/data/2091960/0002091960-25-000001.txt
2092566,OncoRock Therapeutics Inc.,D,20251029,edgar/data/2092566/0002092566-25-000001.txt
2092695,"KB Kingsville, DST",D,20251029,edgar/data/2092695/0001709409-25-000020.txt
2092696,McDonald MHP Investors LLC,D,20251029,edgar/data/2092696/0002092696-25-000001.txt
2092720,"Yellow Stripes Special Opportunities (BVI), Ltd.",D,20251029,edgar/data/2092720/0002092720-25-000001.txt
2092722,"Yellow Stripes Special Opportunities Onshore Fund, LLC",D,20251029,edgar/data/2092722/0002092722-25-000001.txt
2092729,"MIMG CCLV Quarry, LLC",D,20251029,edgar/data/2092729/0002092729-25-000001.txt
2092735,BSP Equinox Investors Feeder (Offshore) L.P.,D,20251029,edgar/data/2092735/0002092735-25-000001.txt
2092737,CinQ Opportunity-A LP,D,20251029,edgar/data/2092737/0002092737-25-000001.txt
2092792,CapU PE Series Fund LLC-Series 1,D,20251029,edgar/data/2092792/0002092792-25-000002.txt
2092941,"CCP Energy Fund II, LLC",D,20251029,edgar/data/2092941/0002092941-25-000001.txt
2092995,"Perceptive Credit Opportunities Fund V, LP",D,20251029,edgar/data/2092995/0002092995-25-000001.txt
2092996,"Perceptive Credit Opportunities Offshore Fund V, LP",D,20251029,edgar/data/2092996/0002092996-25-000001.txt
2092997,"Perceptive Credit Opportunities V SLP, LP",D,20251029,edgar/data/2092997/0002092997-25-000001.txt
2093044,"CCP Energy Fund III, LLC",D,20251029,edgar/data/2093044/0002093044-25-000001.txt
2093086,Velmora Global Opportunities LP,D,20251029,edgar/data/2093086/0002093086-25-000001.txt
2093156,TPC/BAC NANTASKET MANAGER LLC,D,20251029,edgar/data/2093156/0002093156-25-000002.txt
2093161,Prestige Build Vertical LLC,D,20251029,edgar/data/2093161/0002093161-25-000001.txt
2093221,"SKK GlobalAI Investors QP, LP",D,20251029,edgar/data/2093221/0000919574-25-006303.txt
2093247,"MCP Rio Rancho Investors, LLC",D,20251029,edgar/data/2093247/0002093247-25-000001.txt
2093248,Shiny Labs Inc.,D,20251029,edgar/data/2093248/0002093248-25-000001.txt
2093289,"Foss Rose Fund, LLC",D,20251029,edgar/data/2093289/0002093289-25-000001.txt
2093290,"VWP ReDiscover Co-Investment, LLC",D,20251029,edgar/data/2093290/0002093290-25-000013.txt
2093313,"RIVER DISTRICT EB-5 FUND, LLC",D,20251029,edgar/data/2093313/0002093313-25-000001.txt
2093332,"CHRONOS FUND I, L.P./NY",D,20251029,edgar/data/2093332/0002093332-25-000003.txt
2093366,"TA Realty Value-Add Fund XIV Cayman Feeder, L.P.",D,20251029,edgar/data/2093366/0002093366-25-000001.txt
2093372,"Diversified Alternative Investments, LLC",D,20251029,edgar/data/2093372/0002093372-25-000001.txt
2093374,"Foss Virginia Housing Fund I, LLC",D,20251029,edgar/data/2093374/0002093374-25-000001.txt
2093414,POPOLOGY Global Corp.,D,20251029,edgar/data/2093414/0002093414-25-000001.txt
2093418,"Agiloop, Inc.",D,20251029,edgar/data/2093418/0002093418-25-000002.txt
2093427,"TA Realty Value-Add Fund XIV Holding, L.P.",D,20251029,edgar/data/2093427/0002093427-25-000001.txt
2093436,CIC Opportunities Fund VI LLC,D,20251029,edgar/data/2093436/0002093436-25-000001.txt
2093490,New Reality Fund LLC,D,20251029,edgar/data/2093490/0002093490-25-000001.txt
2093496,GSH NHW Investors LLC,D,20251029,edgar/data/2093496/0002093496-25-000001.txt
2093508,"Foss Virginia 2026 Fund I, LLC",D,20251029,edgar/data/2093508/0002093508-25-000001.txt
2093584,"BH-BE-0910 Fund I, a series of AngelList Funds 2025, LP",D,20251029,edgar/data/2093584/0002093584-25-000001.txt
2093605,Island Hedley Parent LLC,D,20251029,edgar/data/2093605/0002093605-25-000001.txt
2093668,ALL PRO BOULEVARD LLLP,D,20251029,edgar/data/2093668/0002093668-25-000002.txt
2093690,"Starport Venture Fund III, LP",D,20251029,edgar/data/2093690/0002093690-25-000001.txt
2093708,Aureus Multi-Fund LLC,D,20251029,edgar/data/2093708/0002093708-25-000001.txt
2093732,ACOF VII Axiom Holdings LP,D,20251029,edgar/data/2093732/0002093732-25-000001.txt
2093733,"Inari Beta Investor Feeder, SCSp",D,20251029,edgar/data/2093733/0002093733-25-000001.txt
2093765,Moberg Analytics Inc,D,20251029,edgar/data/2093765/0002093765-25-000001.txt
2093818,Island Hedley Holdings III LLC,D,20251029,edgar/data/2093818/0002093818-25-000001.txt
2093848,"Inari Beta Investor, SCSp",D,20251029,edgar/data/2093848/0002093848-25-000001.txt
2093863,"McAllister Enterprises, Inc.",D,20251029,edgar/data/2093863/0002093863-25-000001.txt
2093867,"Harbright 2025 Materna Series, a series of Harbright LLC",D,20251029,edgar/data/2093867/0002093867-25-000001.txt
2093883,"MDCP Co-Investors (Knight), L.P.",D,20251029,edgar/data/2093883/0002093883-25-000001.txt
2093931,"WEV RW SPV, LP",D,20251029,edgar/data/2093931/0002093931-25-000001.txt
2093933,GrowIt Aug 2025 a Series of CGF2021 LLC,D,20251029,edgar/data/2093933/0002093933-25-000001.txt
2093934,Converge Bio August 2025 a Series of CGF2021 LLC,D,20251029,edgar/data/2093934/0002093934-25-000001.txt
2093935,NV Nara Org Series A-2 Partners a Series of CGF2021 LLC,D,20251029,edgar/data/2093935/0002093935-25-000001.txt
2093937,EarthOptics Texas Investment a Series of CGF2021 LLC,D,20251029,edgar/data/2093937/0002093937-25-000001.txt
2093938,Rebo Ventures for ContextQA 2025 a Series of CGF2021 LLC,D,20251029,edgar/data/2093938/0002093938-25-000001.txt
2093940,Omega Oct 2025 a Series of CGF2021 LLC,D,20251029,edgar/data/2093940/0002093940-25-000001.txt
2093941,Clear Skies AWM Fund III a Series of CGF2021 LLC,D,20251029,edgar/data/2093941/0002093941-25-000001.txt
2093942,Joa Capital Jul 2025 a Series of CGF2021 LLC,D,20251029,edgar/data/2093942/0002093942-25-000001.txt
2093943,Gangkhar Angel Investor Feb 2025 a Series of CGF2021 LLC,D,20251029,edgar/data/2093943/0002093943-25-000001.txt
2093945,Cellibre October 2025 a Series of CGF2021 LLC,D,20251029,edgar/data/2093945/0002093945-25-000001.txt
2093986,"ST-1013 Fund I, a series of Nebular Expansion, LP",D,20251029,edgar/data/2093986/0002093986-25-000001.txt
2094005,Tiger Rock Capital Management LP,D,20251029,edgar/data/2094005/0002094005-25-000001.txt
2094042,Real Health International Wellness Corp.,D,20251029,edgar/data/2094042/0002094042-25-000001.txt
2094114,"MCA Realty Industrial Growth Fund II, L.P.",D,20251029,edgar/data/2094114/0002094114-25-000001.txt
2094115,1802V - QS a series of 1802V Master LLC,D,20251029,edgar/data/2094115/0002094115-25-000001.txt
2094121,"SVA Bolivia Advertising Co., Ltd.",D,20251029,edgar/data/2094121/0002094121-25-000001.txt
2094130,MVP LS FUND DXCVI LLC,D,20251029,edgar/data/2094130/0002094130-25-000001.txt
2094132,SGP2 LLC,D,20251029,edgar/data/2094132/0002094132-25-000001.txt
2094136,"SKK GlobalAI Investors, LP",D,20251029,edgar/data/2094136/0000919574-25-006301.txt
2094144,MVP LS FUND DXCVII LLC,D,20251029,edgar/data/2094144/0002094144-25-000001.txt
2094169,"Blue Peak Lev Apartments, LLC",D,20251029,edgar/data/2094169/0002094169-25-000001.txt
2094204,"PulManage, Inc.",D,20251029,edgar/data/2094204/0002094204-25-000001.txt
2094210,E SQUARED NG LLC,D,20251029,edgar/data/2094210/0002094210-25-000001.txt
2094237,"2ClickFit, Inc.",D,20251029,edgar/data/2094237/0002094237-25-000001.txt
2094239,"Qubits Ventures Fund II, LP",D,20251029,edgar/data/2094239/0002094239-25-000001.txt
2094306,"Lumen Woods Holdings, LLC",D,20251029,edgar/data/2094306/0002094306-25-000001.txt
2094307,Welara Capital Partners LLC Series 5,D,20251029,edgar/data/2094307/0002094307-25-000001.txt
2094317,"Pantheon Drilling Fund II, LLC",D,20251029,edgar/data/2094317/0002094317-25-000001.txt
2094327,MCP Energy SMA LP,D,20251029,edgar/data/2094327/0002094327-25-000001.txt
2094341,MetaOriental Partners LLC,D,20251029,edgar/data/2094341/0002094341-25-000001.txt
2094351,"MEOW SYND I, a Series of 2H Opportunities, LLC",D,20251029,edgar/data/2094351/0002094351-25-000001.txt
2094352,"Defense IX, a Series of E1 VC, LLC",D,20251029,edgar/data/2094352/0002094352-25-000001.txt
2094355,"RESIM SYND I, a Series of 2H Opportunities, LLC",D,20251029,edgar/data/2094355/0002094355-25-000001.txt
2094356,"SPCX SYND I, a Series of 2H Opportunities, LLC",D,20251029,edgar/data/2094356/0002094356-25-000001.txt
2094357,"Machine III, a Series of E1 VC, LLC",D,20251029,edgar/data/2094357/0002094357-25-000001.txt
2094358,"Oracle II, a Series of E1 VC, LLC",D,20251029,edgar/data/2094358/0002094358-25-000001.txt
2094359,"Horizon III, a Series of E1 VC, LLC",D,20251029,edgar/data/2094359/0002094359-25-000001.txt
2094360,"SPCX SYND II, a Series of 2H Opportunities, LLC",D,20251029,edgar/data/2094360/0002094360-25-000001.txt
2094362,"ANTHR SYND I, a Series of 2H Opportunities, LLC",D,20251029,edgar/data/2094362/0002094362-25-000001.txt
2094367,"Chirality Biosciences, Inc.",D,20251029,edgar/data/2094367/0001104659-25-103638.txt
2094372,Apex University Holdings LLC,D,20251029,edgar/data/2094372/0002094372-25-000001.txt
2094475,Estateble Inc,D,20251029,edgar/data/2094475/0002094475-25-000001.txt
2094476,PMH Investment Partners LLC,D,20251029,edgar/data/2094476/0001096906-25-001722.txt
2094501,MVP LS FUND DXCVIII LLC,D,20251029,edgar/data/2094501/0002094501-25-000001.txt
2094516,Westbrook Investor LLC,D,20251029,edgar/data/2094516/0002094516-25-000001.txt
2094529,Sage Oak NTX Distressed Fund LLC,D,20251029,edgar/data/2094529/0002094529-25-000001.txt
2094540,"Baraka Healthcare & Ventures Fund, LP",D,20251029,edgar/data/2094540/0002094540-25-000001.txt
2094572,Wellness Properties Fund LLC,D,20251029,edgar/data/2094572/0002094572-25-000001.txt
2094580,Action Black Global Inc.,D,20251029,edgar/data/2094580/0002094580-25-000001.txt
1603506,"Global Village Fruit, Inc.",D,20251030,edgar/data/1603506/0001603506-25-000003.txt
1635341,Signature Holdings Corp,D,20251030,edgar/data/1635341/0001635341-25-000006.txt
1723455,SKY GOLD CORP.,D,20251030,edgar/data/1723455/0001723455-25-000003.txt
1725446,"Martin/Martin, Inc.",D,20251030,edgar/data/1725446/0001725446-25-000003.txt
1725569,Axcap Ventures Inc.,D,20251030,edgar/data/1725569/0001062993-25-016394.txt
1806928,Kalshi Inc.,D,20251030,edgar/data/1806928/0001231919-25-000391.txt
1808172,"AURA Network Systems, Inc.",D,20251030,edgar/data/1808172/0001808172-25-000008.txt
1818808,Kiwi Campus Inc,D,20251030,edgar/data/1818808/0001818808-25-000003.txt
1819319,"IMAGEN DENTAL PARTNERS, LLC",D,20251030,edgar/data/1819319/0002094777-25-000001.txt
1846012,"SLC Management U.S. Intermediate Investment Grade Private Credit Fund, L.P.",D,20251030,edgar/data/1846012/0001846012-25-000004.txt
1856692,"Warrior Technologies, LLC",D,20251030,edgar/data/1856692/0001856692-25-000003.txt
1882165,"VESTECK, INC.",D,20251030,edgar/data/1882165/0001882165-25-000002.txt
1939433,"Cohen & Steers Income Opportunities REIT, Inc.",D,20251030,edgar/data/1939433/0001939433-25-000146.txt
1939965,Brera Holdings PLC,D,20251030,edgar/data/1939965/0001213900-25-104174.txt
1944955,FIRST NORDIC METALS CORP.,D,20251030,edgar/data/1944955/0002064835-25-000024.txt
1964579,"ReelReactor, Inc.",D,20251030,edgar/data/1964579/0001964579-25-000002.txt
2001769,Two Daughters Entertainment Ltd,D,20251030,edgar/data/2001769/0002001769-25-000002.txt
2008399,North Haven Tactical Value II Co-Invest LP,D,20251030,edgar/data/2008399/0002008399-25-000002.txt
2013628,"Studio Pod Pro, Inc.",D,20251030,edgar/data/2013628/0002013628-25-000003.txt
2018526,OSN Technologies Corp.,D,20251030,edgar/data/2018526/0002018526-25-000002.txt
2031210,"Examen, Inc. /DE",D,20251030,edgar/data/2031210/0002031210-25-000008.txt
2033727,"Veterinary Care Logistics, Inc.",D,20251030,edgar/data/2033727/0002033727-25-000003.txt
2037154,"Chevron Topco, L.P.",D,20251030,edgar/data/2037154/0002037154-25-000002.txt
2042820,"n0, Inc.",D,20251030,edgar/data/2042820/0002042820-25-000002.txt
2060985,"Castle Island Ventures IV Feeder, L.P.",D,20251030,edgar/data/2060985/0001470831-25-000280.txt
2062234,Keensight Nova VII SCSp,D,20251030,edgar/data/2062234/0002062234-25-000002.txt
2062546,Keensight Nova VII SLP,D,20251030,edgar/data/2062546/0002062546-25-000002.txt
2071646,Sustaino LLC,D,20251030,edgar/data/2071646/0002071646-25-000003.txt
2074400,OnePointTwo Capital Core Chain Income Fund LLC,D,20251030,edgar/data/2074400/0002074400-25-000002.txt
2076976,"Buxtonhotel, LLC",D,20251030,edgar/data/2076976/0002076976-25-000003.txt
2080152,"ZX Squared Capital, L.P.",D,20251030,edgar/data/2080152/0002080152-25-000001.txt
2080820,OnePointTwo Capital Ventures LLC,D,20251030,edgar/data/2080820/0002080820-25-000001.txt
2080821,OnePointTwo Capital Ventures II LLC,D,20251030,edgar/data/2080821/0002080821-25-000001.txt
2085698,38 Railroad LLC,D,20251030,edgar/data/2085698/0002085698-25-000001.txt
2086282,Thirdbase Opportunity LP - Series XVIII,D,20251030,edgar/data/2086282/0002086282-25-000001.txt
2086284,Thirdbase Opportunity LP - Series XVI,D,20251030,edgar/data/2086284/0002086284-25-000001.txt
2086286,Thirdbase Opportunity LP - Series XIV,D,20251030,edgar/data/2086286/0002086286-25-000001.txt
2086931,"SL-0822 Fund I, a series of Roll Up Vehicles, LP",D,20251030,edgar/data/2086931/0002086931-25-000001.txt
2087474,AIM Investors LP,D,20251030,edgar/data/2087474/0002087474-25-000001.txt
2087496,AIM Investors Offshore LP,D,20251030,edgar/data/2087496/0002087496-25-000001.txt
2087497,AIM Investors Offshore (I) LP,D,20251030,edgar/data/2087497/0002087497-25-000001.txt
2087512,Stonepeak Node (Co-Invest) Holdings LP,D,20251030,edgar/data/2087512/0002087512-25-000001.txt
2087543,Jain Global Strategic Transactions Offshore Fund LP,D,20251030,edgar/data/2087543/0000902664-25-004660.txt
2087544,Jain Global Strategic Transactions Onshore Fund LP,D,20251030,edgar/data/2087544/0000902664-25-004661.txt
2087633,"Bain Capital Asia Fund VI, L.P.",D,20251030,edgar/data/2087633/0000904454-25-000531.txt
2087648,"Superlogic Technologies, Inc.",D,20251030,edgar/data/2087648/0002087648-25-000001.txt
2087705,"Kenro Capital I, LP",D,20251030,edgar/data/2087705/0002087705-25-000001.txt
2087824,"OA GP Fund, L.P.",D,20251030,edgar/data/2087824/0002087824-25-000001.txt
2088082,"Electra Therapeutics, Inc.",D,20251030,edgar/data/2088082/0001231919-25-000372.txt
2088213,MWPE AMR LLC,D,20251030,edgar/data/2088213/0002088213-25-000001.txt
2088224,"AVSF - Ditto 2025, LLC",D,20251030,edgar/data/2088224/0002088224-25-000001.txt
2088232,"BC Asia VI Private Investors, L.P.",D,20251030,edgar/data/2088232/0000904454-25-000531.txt
2088239,"BC Asia VI CTB Investors, L.P.",D,20251030,edgar/data/2088239/0000904454-25-000531.txt
2088250,"Growth Street Partners III, L.P.",D,20251030,edgar/data/2088250/0002088250-25-000001.txt
2088254,"BC Asia VI European Investors, SCSp",D,20251030,edgar/data/2088254/0000904454-25-000531.txt
2088341,"Echelon County Line Partners, LLC",D,20251030,edgar/data/2088341/0002088341-25-000001.txt
2089162,"Bishop West Ventures, LLC",D,20251030,edgar/data/2089162/0002089162-25-000001.txt
2089220,"SineWave Ventures Direct 2D, L.P.",D,20251030,edgar/data/2089220/0001814554-25-000158.txt
2089563,"Cascara RTL Fund 1, LLC",D,20251030,edgar/data/2089563/0002089563-25-000002.txt
2089965,"Futaleufu Partners V, LLC",D,20251030,edgar/data/2089965/0002089965-25-000001.txt
2090107,"Solomon's Porch ALAMC, LLC",D,20251030,edgar/data/2090107/0002090107-25-000001.txt
2090186,"Crowne at Buck Island, Limited Partnership",D,20251030,edgar/data/2090186/0002090186-25-000001.txt
2090283,"PH-0926 Fund II, a series of Roll Up Vehicles, LP",D,20251030,edgar/data/2090283/0002090283-25-000001.txt
2090461,"Wildcat Energy Fund I, LLC",D,20251030,edgar/data/2090461/0002090461-25-000003.txt
2090478,"CYBERNETIC COMMERCE FUND I, A SERIES OF DFS LAB DIGITAL ECONOMY FUND, LLC",D,20251030,edgar/data/2090478/0002090478-25-000001.txt
2090709,Thirdbase Opportunity LP - Series AP,D,20251030,edgar/data/2090709/0002090709-25-000001.txt
2090786,Thirdbase Opportunity LP - Series XXI,D,20251030,edgar/data/2090786/0002090786-25-000001.txt
2090844,NB Secondary Opportunities Offshore Fund VI LP,D,20251030,edgar/data/2090844/0002090844-25-000001.txt
2090845,NB Secondary Opportunities Fund VI LP,D,20251030,edgar/data/2090845/0002090845-25-000001.txt
2090891,MC Valor Summit 2.0 L.P.,D,20251030,edgar/data/2090891/0002090891-25-000001.txt
2091802,"AP-1004 Fund II, a series of Ventioneers Funds, LP",D,20251030,edgar/data/2091802/0002091802-25-000001.txt
2092850,"Harbert Power Fund VII, LP",D,20251030,edgar/data/2092850/0002092850-25-000002.txt
2092908,"Mana Ventures, LP - F1",D,20251030,edgar/data/2092908/0002092908-25-000001.txt
2092911,"Set Forth Holdings, LLC",D,20251030,edgar/data/2092911/0002092911-25-000001.txt
2092912,"Mana Ventures, LP - F1 QP",D,20251030,edgar/data/2092912/0002092908-25-000001.txt
2092919,"MP Settle, LP",D,20251030,edgar/data/2092919/0002092919-25-000001.txt
2093047,"HPF VII Parallel Fund, LP",D,20251030,edgar/data/2093047/0002092850-25-000002.txt
2093150,"HE-1016 Fund I, a series of JJ Fliegelman Funds, LP",D,20251030,edgar/data/2093150/0002093150-25-000001.txt
2093209,Bee Caves LP,D,20251030,edgar/data/2093209/0002093209-25-000001.txt
2093211,"Olive Partners Access Fund I, LP",D,20251030,edgar/data/2093211/0002093211-25-000001.txt
2093310,"Platinum Tahoe Principals, L.P.",D,20251030,edgar/data/2093310/0002093310-25-000001.txt
2093318,"SPVC Ventures Fund I, L.P.",D,20251030,edgar/data/2093318/0002093318-25-000001.txt
2093391,"StepStone Andy Infrastructure Opportunities Fund, L.P.",D,20251030,edgar/data/2093391/0002093391-25-000001.txt
2093509,LRE Monroe Aberdeen JV LLC,D,20251030,edgar/data/2093509/0002093509-25-000001.txt
2093544,"CO-1016 Fund II, a series of Zachary Ginsburg Funds, LP",D,20251030,edgar/data/2093544/0002093544-25-000001.txt
2093591,"VA-1008 Fund I, a series of Karman Ventures, LP",D,20251030,edgar/data/2093591/0002093591-25-000001.txt
2093624,Willow Hill Fintech I LLC,D,20251030,edgar/data/2093624/0002093624-25-000001.txt
2093636,"Norgard Capital Burst IV, a series of Norgard Capital II, LP",D,20251030,edgar/data/2093636/0002093636-25-000001.txt
2093836,NLG Fund 1 LLC,D,20251030,edgar/data/2093836/0002093836-25-000001.txt
2093844,17Capital Credit 2 Rated Notes Feeder US LP,D,20251030,edgar/data/2093844/0002093844-25-000001.txt
2093918,"SPVC Ventures Fund I Q, L.P.",D,20251030,edgar/data/2093918/0002093918-25-000001.txt
2093922,CPC Arctos Keystone Fund I LP,D,20251030,edgar/data/2093922/0002093922-25-000001.txt
2093927,C.H.E.F. Series A-2 Aug 2025 a Series of CGF2021 LLC,D,20251030,edgar/data/2093927/0002093927-25-000001.txt
2093999,"Crosstimbers Opportunity Fund III, LP",D,20251030,edgar/data/2093999/0002093999-25-000001.txt
2094000,"Crosstimbers Opportunity Fund III QP, LP",D,20251030,edgar/data/2094000/0002094000-25-000001.txt
2094045,"TMC Equity Fund, LLC",D,20251030,edgar/data/2094045/0002094045-25-000001.txt
2094051,"SL Olympian SPV Feeder I-A, L.P.",D,20251030,edgar/data/2094051/0002094051-25-000001.txt
2094056,"SL Olympian SPV, L.P.",D,20251030,edgar/data/2094056/0002094056-25-000001.txt
2094071,Atlantic Women's FC Ltd,D,20251030,edgar/data/2094071/0002094593-25-000001.txt
2094072,DW Bakken 75 LP,D,20251030,edgar/data/2094072/0002094072-25-000001.txt
2094105,"776 Fund 1956 Melbourne, L.P.",D,20251030,edgar/data/2094105/0001012975-25-000682.txt
2094143,Prototypecap Fund III Feeder LP,D,20251030,edgar/data/2094143/0002094143-25-000001.txt
2094147,"Foster Ventures Fund II, LP",D,20251030,edgar/data/2094147/0002094147-25-000001.txt
2094151,"SL Olympian SPV Feeder I, L.P.",D,20251030,edgar/data/2094151/0002094151-25-000001.txt
2094155,Task Genie Inc.,D,20251030,edgar/data/2094155/0002094155-25-000001.txt
2094212,Toast Wear Inc.,D,20251030,edgar/data/2094212/0002094212-25-000002.txt
2094233,"Primarch Capital, LP",D,20251030,edgar/data/2094233/0002094233-25-000001.txt
2094287,"FarmTogether Landmark Grove, LLC",D,20251030,edgar/data/2094287/0002094287-25-000001.txt
2094292,"Arrive Holdings, LLC",D,20251030,edgar/data/2094292/0002094292-25-000001.txt
2094347,Dazzle AI Inc.,D,20251030,edgar/data/2094347/0002094347-25-000001.txt
2094378,"Alyrica Networks, Inc.",D,20251030,edgar/data/2094378/0002094378-25-000001.txt
2094382,Vanpretty Capital Ltd,D,20251030,edgar/data/2094382/0002094382-25-000001.txt
2094383,Onside October 2025 a Series of CGF2021 LLC,D,20251030,edgar/data/2094383/0002094383-25-000001.txt
2094395,Project Volantis Oct 2025 a Series of CGF2021 LLC,D,20251030,edgar/data/2094395/0002094395-25-000001.txt
2094396,Radiant Bear Oct 2025 a Series of CGF2021 LLC,D,20251030,edgar/data/2094396/0002094396-25-000001.txt
2094397,Affiniti Sep 2025 a Series of CGF2021 LLC,D,20251030,edgar/data/2094397/0002094397-25-000001.txt
2094399,APL Ventures NonPublic Fund II a Series of CGF2021 LLC,D,20251030,edgar/data/2094399/0002094399-25-000001.txt
2094402,Castelion Sep 2025 a Series of CGF2021 LLC,D,20251030,edgar/data/2094402/0002094402-25-000001.txt
2094403,PPVP Growth II a Series of Pari Passu Master II LLC,D,20251030,edgar/data/2094403/0002094403-25-000001.txt
2094404,Verdant Ventures Groq OCT25 a Series of CGF2021 LLC,D,20251030,edgar/data/2094404/0002094404-25-000001.txt
2094407,Apptronik I Sep 2025 a Series of CGF2021 LLC,D,20251030,edgar/data/2094407/0002094407-25-000001.txt
2094408,Reach Leonis a Series of CGF2021 LLC,D,20251030,edgar/data/2094408/0002094408-25-000001.txt
2094409,DPV BasePower C a Series of DataPower Capital Partners LLC,D,20251030,edgar/data/2094409/0002094409-25-000001.txt
2094410,Moringa x Apptronik a Series of Moringa Capital Ventures LLC,D,20251030,edgar/data/2094410/0002094410-25-000001.txt
2094411,Cypher Box LLC,D,20251030,edgar/data/2094411/0002094411-25-000001.txt
2094432,Apptronik II Oct 2025 a Series of CGF2021 LLC,D,20251030,edgar/data/2094432/0002094432-25-000001.txt
2094439,Banter Capital Fund II LP,D,20251030,edgar/data/2094439/0002094439-25-000001.txt
2094448,Fastbreak.AI Sep 2025 a Series of CGF2021 LLC,D,20251030,edgar/data/2094448/0002094448-25-000001.txt
2094450,Gardencup Jul 2025 a Series of CGF2021 LLC,D,20251030,edgar/data/2094450/0002094450-25-000001.txt
2094452,Rely Intelligence Oct 2025 a Series of CGF2021 LLC,D,20251030,edgar/data/2094452/0002094452-25-000001.txt
2094455,Lifeforce I a Series of Seaside Ventures Investments LLC,D,20251030,edgar/data/2094455/0002094455-25-000001.txt
2094457,Mercor.io a Series of What If Ventures Master LLC,D,20251030,edgar/data/2094457/0002094457-25-000001.txt
2094460,Rhone Technology Fund XIV A a Series of CGF2021 LLC,D,20251030,edgar/data/2094460/0002094460-25-000001.txt
2094500,Trust Exchange Ltd,D,20251030,edgar/data/2094500/0002094500-25-000001.txt
2094513,"Call Up Fund 1, LLC",D,20251030,edgar/data/2094513/0001493152-25-020113.txt
2094524,Longhorn Ph3 LBC LLC,D,20251030,edgar/data/2094524/0002094524-25-000001.txt
2094541,WOUFX LLC,D,20251030,edgar/data/2094541/0002094541-25-000001.txt
2094550,ACHOR NEXUS INC.,D,20251030,edgar/data/2094550/0002094550-25-000001.txt
2094573,NovumX Ltd,D,20251030,edgar/data/2094573/0002094573-25-000001.txt
2094579,Pellegrino Investments LLC,D,20251030,edgar/data/2094579/0002094579-25-000001.txt
2094582,"Additive Monitoring, Inc.",D,20251030,edgar/data/2094582/0002094582-25-000001.txt
2094587,CM Investments III LLC - CM Interconnection IX4 LLC,D,20251030,edgar/data/2094587/0002094587-25-000001.txt
2094590,BITE DATA Corp,D,20251030,edgar/data/2094590/0002094590-25-000001.txt
2094593,110 Yards Limited Partnership,D,20251030,edgar/data/2094593/0002094593-25-000001.txt
2094635,"BadgerMax Partners, LP - Series B",D,20251030,edgar/data/2094635/0000902664-25-004652.txt
2094647,"MetaOriental Growth Fund I, L.P.",D,20251030,edgar/data/2094647/0002094647-25-000001.txt
2094648,Green Mountain Investment Fund LP,D,20251030,edgar/data/2094648/0002094648-25-000001.txt
2094668,Everest ALT LLC,D,20251030,edgar/data/2094668/0002094668-25-000001.txt
2094688,"Collective 168, LLC",D,20251030,edgar/data/2094688/0002094688-25-000001.txt
2094703,"Series 65-1, a series of StartEngine Private LLC",D,20251030,edgar/data/2094703/0002094703-25-000001.txt
2094728,"CCP Eagle Rock VI, LP",D,20251030,edgar/data/2094728/0002094728-25-000001.txt
2094777,"Imagen Mountain Park Dentistry Support Services, LLC",D,20251030,edgar/data/2094777/0002094777-25-000001.txt
2094840,TFC Zaragoza KC LLC,D,20251030,edgar/data/2094840/0002094840-25-000001.txt
2094855,MAAC Seniors on Broadway LP,D,20251030,edgar/data/2094855/0002094855-25-000001.txt
884144,ASURE SOFTWARE INC,D,20251030,edgar/data/884144/0000884144-25-000098.txt
1369085,NEW PACIFIC METALS CORP,D,20251031,edgar/data/1369085/0000912282-25-001176.txt
1500085,DoubleLine Opportunistic Income Fund Ltd,D,20251031,edgar/data/1500085/0001500119-25-000007.txt
1500119,DoubleLine Opportunistic Income LP,D,20251031,edgar/data/1500119/0001500119-25-000007.txt
1509397,Lion One Metals Ltd.,D,20251031,edgar/data/1509397/0001509397-25-000005.txt
1511260,DoubleLine Opportunistic Income Fund II LP,D,20251031,edgar/data/1511260/0001511260-25-000004.txt
1511476,DoubleLine Opportunistic Income Fund II Ltd,D,20251031,edgar/data/1511476/0001511260-25-000004.txt
1514994,"North Texas Energy, Inc.",D,20251031,edgar/data/1514994/0001096906-25-001725.txt
1552080,"VentureMed Group, Inc.",D,20251031,edgar/data/1552080/0000912282-25-001169.txt
1602409,"FingerMotion, Inc.",D,20251031,edgar/data/1602409/0001520138-25-000335.txt
1602409,"FingerMotion, Inc.",D,20251031,edgar/data/1602409/0001520138-25-000336.txt
1737995,Sharps Technology Inc.,D,20251031,edgar/data/1737995/0001465818-25-000011.txt
1771795,STEADY STATE LLC,D,20251031,edgar/data/1771795/0001771795-25-000002.txt
1782348,Alume Biosciences Inc,D,20251031,edgar/data/1782348/0001782348-25-000003.txt
1879820,Foundational Education Group Topco L.P.,D,20251031,edgar/data/1879820/0001879820-25-000002.txt
1925495,"80 Acres Urban Agriculture, Inc.",D,20251031,edgar/data/1925495/0001925495-25-000003.txt
1925495,"80 Acres Urban Agriculture, Inc.",D,20251031,edgar/data/1925495/0001925495-25-000004.txt
1938853,"EBG Entertainment, LLC",D,20251031,edgar/data/1938853/0001938853-25-000002.txt
1960561,Falcon Copper Corp.,D,20251031,edgar/data/1960561/0000912282-25-001172.txt
1964012,"West Street Mezzanine Co-Investment Partners (C), L.P.",D,20251031,edgar/data/1964012/0001964012-25-000003.txt
1964453,Miach Orthopaedics Inc.,D,20251031,edgar/data/1964453/0001964453-25-000002.txt
1980938,"SELECTFI, INC.",D,20251031,edgar/data/1980938/0001980938-25-000003.txt
1990700,"Flow Environmental Systems, Inc.",D,20251031,edgar/data/1990700/0001990700-25-000004.txt
2002092,"Alinia AI, Inc.",D,20251031,edgar/data/2002092/0002002092-25-000002.txt
2004430,SportsCaster Media LLC,D,20251031,edgar/data/2004430/0002004430-25-000004.txt
2017501,"Ellington Real Estate Income Trust, Inc.",D,20251031,edgar/data/2017501/0001012975-25-000688.txt
2022795,ASK THE AGENT INC,D,20251031,edgar/data/2022795/0001096906-25-001724.txt
2026199,Cosmos Fund LLC,D,20251031,edgar/data/2026199/0002026199-25-000005.txt
2030215,Annapurna Global Macro LP,D,20251031,edgar/data/2030215/0002030215-25-000003.txt
2059855,"Outcast Ventures I, LP",D,20251031,edgar/data/2059855/0002059855-25-000003.txt
2062626,EquityZen Growth Technology Fund II LLC - Series 29,D,20251031,edgar/data/2062626/0002062626-25-000002.txt
2068401,"GA DRILLING HOLDING, CO.",D,20251031,edgar/data/2068401/0002068401-25-000002.txt
2069247,FT Vest Hedged Equity Income Fund: Series B3,D,20251031,edgar/data/2069247/0002069247-25-000002.txt
2069248,FT Vest Total Return Income Fund: Series B3,D,20251031,edgar/data/2069248/0002069248-25-000002.txt
2071792,"Craigmont Multifamily Fund 2, LLC",D,20251031,edgar/data/2071792/0001654954-25-012415.txt
2073308,"Clara Vista Ipswich SPV II, LP",D,20251031,edgar/data/2073308/0002073308-25-000001.txt
2074622,"Specialized Multifamily Partners U.S. Fund II, L.P.",D,20251031,edgar/data/2074622/0002074622-25-000001.txt
2078771,"March Capital Partners Fund V, L.P.",D,20251031,edgar/data/2078771/0001231919-25-000393.txt
2079515,20 Washington Member LLC,D,20251031,edgar/data/2079515/0002079515-25-000001.txt
2082721,"March Capital Partners Fund V (Cayman), L.P.",D,20251031,edgar/data/2082721/0001231919-25-000393.txt
2083606,"RE-0817 Fund I, a series of AZT Holdings, LP",D,20251031,edgar/data/2083606/0002083606-25-000002.txt
2083923,"MCP DIRECT INVESTMENTS II, LLC",D,20251031,edgar/data/2083923/0001398344-25-020134.txt
2084655,1137 Johnnie Dodds LLC,D,20251031,edgar/data/2084655/0002084655-25-000001.txt
2087370,"ML 94 Apartments Sidecar, LLC",D,20251031,edgar/data/2087370/0002080612-25-000015.txt
2088369,Northern Shore Capital Coffee Investors Co-Invest LP,D,20251031,edgar/data/2088369/0002088369-25-000002.txt
2088639,Stone Ridge OVRT Fund LP,D,20251031,edgar/data/2088639/0002088639-25-000001.txt
2088777,Bison Ridge Investors LLC,D,20251031,edgar/data/2088777/0002088777-25-000001.txt
2089173,"QP-RE-0817 Fund I, a series of AZT Holdings, LP",D,20251031,edgar/data/2089173/0002083606-25-000002.txt
2089630,"AP-0918 Fund I, a series of Grant Park Ventures, LP",D,20251031,edgar/data/2089630/0002089630-25-000001.txt
2089646,SDP Special Situations LLC - Series S,D,20251031,edgar/data/2089646/0000905148-25-003720.txt
2089800,"Sentinel Dome Credit Opportunities Fund II, L.P.",D,20251031,edgar/data/2089800/0000905148-25-003725.txt
2090042,"VanEck Opportunities Vehicle, LLC - Erebor Series",D,20251031,edgar/data/2090042/0002090042-25-000001.txt
2090228,Overlook at Teton Springs LLC,D,20251031,edgar/data/2090228/0002090228-25-000001.txt
2090282,"Kairos Investors Fund IV, L.P.",D,20251031,edgar/data/2090282/0001470831-25-000284.txt
2090381,Enigma Broadway Ltd Liability Co,D,20251031,edgar/data/2090381/0001104659-25-104869.txt
2090416,Driftwood Shores LLC,D,20251031,edgar/data/2090416/0002090416-25-000001.txt
2090493,EquityZen Growth Technology Fund LLC - Series 2192,D,20251031,edgar/data/2090493/0002090493-25-000001.txt
2090501,EquityZen Growth Technology Fund LLC - Series 2183,D,20251031,edgar/data/2090501/0002090501-25-000001.txt
2090638,"Polaris Growth Fund III, L.P.",D,20251031,edgar/data/2090638/0002090638-25-000001.txt
2090788,Thirdbase Opportunity LP - Series XXII,D,20251031,edgar/data/2090788/0002090788-25-000001.txt
2090794,Thirdbase Opportunity LP - Series XXIII,D,20251031,edgar/data/2090794/0002090794-25-000001.txt
2090990,Ponder Small Bay Industrial 101 DST,D,20251031,edgar/data/2090990/0002090990-25-000001.txt
2091012,SDP Special Situations LLC - Series U,D,20251031,edgar/data/2091012/0000905148-25-003721.txt
2091013,SDP Special Situations LLC - Series X,D,20251031,edgar/data/2091013/0000905148-25-003723.txt
2091014,SDP Special Situations LLC - Series V,D,20251031,edgar/data/2091014/0000905148-25-003722.txt
2091134,"ARMR Systems, Inc.",D,20251031,edgar/data/2091134/0002091134-25-000001.txt
2091162,TSL Investors X LLC,D,20251031,edgar/data/2091162/0002091162-25-000001.txt
2091704,"FLCC NORTH, LLC",D,20251031,edgar/data/2091704/0002091704-25-000001.txt
2091885,Ares Apogee 2025 Finance Co. L.P.,D,20251031,edgar/data/2091885/0002091885-25-000001.txt
2091914,"Sixth Street SLE III Equity, L.P.",D,20251031,edgar/data/2091914/0002091914-25-000001.txt
2092029,BVCAP Belton Investors LLC,D,20251031,edgar/data/2092029/0002092029-25-000001.txt
2092162,"Heron Partners US, LP",D,20251031,edgar/data/2092162/0002092162-25-000001.txt
2092275,CL Advisors - DIV LP,D,20251031,edgar/data/2092275/0002092275-25-000001.txt
2092361,"TH-1006 Fund II, a series of Roll Up Vehicles, LP",D,20251031,edgar/data/2092361/0002092361-25-000001.txt
2092574,"Swarmer, Inc",D,20251031,edgar/data/2092574/0002092574-25-000003.txt
2092647,"Sterling Investment Partners XK Opportunities Fund-A, L.P.",D,20251031,edgar/data/2092647/0002092647-25-000001.txt
2092706,"REVERENCE CAPITAL PARTNERS PE OPPORTUNITIES FUND IV (FOO) (FUND VIII), L.P.",D,20251031,edgar/data/2092706/0002092706-25-000001.txt
2092889,"Avenue at Harbison NR, LLC",D,20251031,edgar/data/2092889/0002092889-25-000001.txt
2092908,"Mana Ventures, LP - F1",D,20251031,edgar/data/2092908/0002092908-25-000002.txt
2092975,BXREX Portfolio I DST,D,20251031,edgar/data/2092975/0002092975-25-000001.txt
2092977,"Sterling Investment Partners XK Opportunities Fund, L.P.",D,20251031,edgar/data/2092977/0002092977-25-000001.txt
2093304,Stenham Macro Solutions Fund I,D,20251031,edgar/data/2093304/0002093304-25-000002.txt
2093547,Havenly Mac LLC,D,20251031,edgar/data/2093547/0002093547-25-000001.txt
2093548,Havenly Mac Member LLC,D,20251031,edgar/data/2093548/0002093548-25-000001.txt
2093625,Lifeline Ventures Fund VI SCSp,D,20251031,edgar/data/2093625/0002093625-25-000001.txt
2093740,Face Split Open Ltd Liability Co,D,20251031,edgar/data/2093740/0002093740-25-000001.txt
2093840,ACP Kingwood LLC,D,20251031,edgar/data/2093840/0002093840-25-000001.txt
2093864,Springdale 5 RE LLC,D,20251031,edgar/data/2093864/0002093864-25-000001.txt
2093885,"Valliscor, LLC",D,20251031,edgar/data/2093885/0002093885-25-000001.txt
2094065,Willow Springs Raceway Club LLC,D,20251031,edgar/data/2094065/0002094065-25-000001.txt
2094099,AJC ROCHESTER R&D HOLDING LLC,D,20251031,edgar/data/2094099/0002080612-25-000016.txt
2094110,FRONTIER PLAZA REALTY FUND LLC,D,20251031,edgar/data/2094110/0002094110-25-000001.txt
2094116,"HCG Digital Ventures III, LP",D,20251031,edgar/data/2094116/0002094116-25-000002.txt
2094138,Ping Pong Off-Broadway Ltd Liability Co,D,20251031,edgar/data/2094138/0002094138-25-000001.txt
2094140,BH Capital Fund VIII LP,D,20251031,edgar/data/2094140/0002094140-25-000001.txt
2094192,Sunrise Capital LLC/PR,D,20251031,edgar/data/2094192/0002094192-25-000001.txt
2094206,"Coyotas, Inc.",D,20251031,edgar/data/2094206/0002094206-25-000001.txt
2094250,High Sierra S9 LLC,D,20251031,edgar/data/2094250/0002094250-25-000001.txt
2094255,Avarus Capital Fund LP,D,20251031,edgar/data/2094255/0002094255-25-000001.txt
2094326,MVP LS FUND DC LLC,D,20251031,edgar/data/2094326/0002094326-25-000001.txt
2094348,"Oakland Affordable, LLC",D,20251031,edgar/data/2094348/0002094348-25-000001.txt
2094368,"DRZ Capital, LP - Series DRZ1",D,20251031,edgar/data/2094368/0002094368-25-000001.txt
2094412,Investment Group of Abdiel LP,D,20251031,edgar/data/2094412/0002094412-25-000001.txt
2094527,"Apollo IG Replacement Fund (Lux), SCSp",D,20251031,edgar/data/2094527/0000950142-25-002873.txt
2094543,"ARCH ROYALTIES FUND II, LP",D,20251031,edgar/data/2094543/0002094543-25-000001.txt
2094548,"BLUFF, a series of GCRx Master LLC",D,20251031,edgar/data/2094548/0002094548-25-000001.txt
2094549,Chameleonic Family Holdings,D,20251031,edgar/data/2094549/0001493152-25-020368.txt
2094563,HVP Felix LP,D,20251031,edgar/data/2094563/0002094563-25-000001.txt
2094586,"Harbert Justice Co-Investor B, LP",D,20251031,edgar/data/2094586/0002094588-25-000002.txt
2094588,"Harbert Justice Co-Investor, LP",D,20251031,edgar/data/2094588/0002094588-25-000002.txt
2094598,TSX Trestory Exchange Ltd,D,20251031,edgar/data/2094598/0002094598-25-000001.txt
2094604,"Light Street Beacon III, L.P.",D,20251031,edgar/data/2094604/0002094604-25-000001.txt
2094612,DZHLWK FINTECH Ltd.,D,20251031,edgar/data/2094612/0002094612-25-000001.txt
2094617,Chykingyoung Investment Development Holdings Inc.,D,20251031,edgar/data/2094617/0002094617-25-000001.txt
2094617,Chykingyoung Investment Development Holdings Inc.,D,20251031,edgar/data/2094617/0002094617-25-000002.txt
2094617,Chykingyoung Investment Development Holdings Inc.,D,20251031,edgar/data/2094617/0002094617-25-000003.txt
2094617,Chykingyoung Investment Development Holdings Inc.,D,20251031,edgar/data/2094617/0002094617-25-000004.txt
2094621,OasisX Ltd,D,20251031,edgar/data/2094621/0002094621-25-000001.txt
2094634,"Stargate QP I, a series of Wefunds LLC",D,20251031,edgar/data/2094634/0002094634-25-000001.txt
2094636,"Stargate I, a series of Wefunds LLC",D,20251031,edgar/data/2094636/0002094636-25-000001.txt
2094649,SuGo Build Your Own Portfolio 2 LLC,D,20251031,edgar/data/2094649/0002094649-25-000001.txt
2094660,Rhea EPM Access a Series of Rhea Investment Holdings LLC,D,20251031,edgar/data/2094660/0002094660-25-000001.txt
2094671,"NVA Ecuador Advertising Co., Ltd.",D,20251031,edgar/data/2094671/0002094671-25-000001.txt
2094672,Florence Capital SPV XVI LLC a Series of Florence Cap LLC,D,20251031,edgar/data/2094672/0002094672-25-000001.txt
2094675,Moringa x Groq I a Series of Moringa Capital Ventures LLC,D,20251031,edgar/data/2094675/0002094675-25-000001.txt
2094676,Provect Oct 2025 a Series of Jubilee Endeavors Master LLC,D,20251031,edgar/data/2094676/0002094676-25-000001.txt
2094677,Derapi II a Series of Regenr8 Master Fund LLC,D,20251031,edgar/data/2094677/0002094677-25-000001.txt
2094679,Kindo a Series of New Era Partners LLC,D,20251031,edgar/data/2094679/0002094679-25-000001.txt
2094681,DPV Apptronik I a Series of DataPower Capital Partners LLC,D,20251031,edgar/data/2094681/0002094681-25-000001.txt
2094704,Varia Ventures Master Series LLC - Apptronik Series,D,20251031,edgar/data/2094704/0002094704-25-000001.txt
2094732,CXOBE Crypto Exchange LTD,D,20251031,edgar/data/2094732/0002094732-25-000001.txt
2094746,OG4 Limited Partnership,D,20251031,edgar/data/2094746/0002094746-25-000002.txt
2094772,"finseeka, Inc.",D,20251031,edgar/data/2094772/0002094772-25-000001.txt
2094792,"HY-0317 Fund I, a series of Roll Up Vehicles, LP",D,20251031,edgar/data/2094792/0002094792-25-000001.txt
2094826,AUGUREY VENTURES IV - SERIES WAVEAEROSPACE A,D,20251031,edgar/data/2094826/0002094826-25-000001.txt
2094848,"1 XCF MasterFund, LP",D,20251031,edgar/data/2094848/0002094848-25-000001.txt
2094858,Ludvik Electric Co,D,20251031,edgar/data/2094858/0002094858-25-000001.txt
2094869,"Forgetmenaut, Inc.",D,20251031,edgar/data/2094869/0002094869-25-000001.txt
2094874,UIT Growth Equity Series SpaceX International I Limited Partnership,D,20251031,edgar/data/2094874/0002094874-25-000001.txt
2094877,Empowering Change Public Benefit Corp INC,D,20251031,edgar/data/2094877/0002094877-25-000001.txt
2094879,10101 ELLIOT ROAD LLC,D,20251031,edgar/data/2094879/0002094879-25-000001.txt
2094882,"Annapurna Global Macro Enhanced, LP",D,20251031,edgar/data/2094882/0002094882-25-000001.txt
740806,F&M BANK CORP,D,20251031,edgar/data/740806/0000740806-25-000004.txt
1347408,SES S.A.,D,20251103,edgar/data/1347408/0000950172-25-000209.txt
1423867,White Gold Corp.,D,20251031,edgar/data/1423867/0001062993-25-016401.txt
1555980,Falco Resources Ltd.,D,20251103,edgar/data/1555980/0001555980-25-000004.txt
1745275,"ReddyPort, Inc.",D,20251103,edgar/data/1745275/0001745275-25-000002.txt
1752828,Celularity Inc,D,20251103,edgar/data/1752828/0001493152-25-020624.txt
1768502,"SIDEWALK INFRASTRUCTURE PARTNERS, LLC",D,20251103,edgar/data/1768502/0001768502-25-000003.txt
1773773,ABK Biomedical Inc,D,20251103,edgar/data/1773773/0001773773-25-000002.txt
1789915,"BiomeSense, Inc.",D,20251103,edgar/data/1789915/0001789915-25-000002.txt
1819258,Fitzroy Minerals Inc.,D,20251103,edgar/data/1819258/0000912282-25-001178.txt
1888098,CoLab AI Inc.,D,20251016,edgar/data/1888098/0001888098-25-000005.txt
1899222,Partner Fleet Inc.,D,20251103,edgar/data/1899222/0001899222-25-000004.txt
1939960,"Abax Health, Inc.",D,20251103,edgar/data/1939960/0001939960-25-000003.txt
1943021,Synonym Inc.,D,20251103,edgar/data/1943021/0001943021-25-000002.txt
1959407,"FG Communities, Inc.",D,20251103,edgar/data/1959407/0001959407-25-000005.txt
1967019,Instar Essential Infrastructure III (USP-USD) LP,D,20251103,edgar/data/1967019/0001967019-25-000002.txt
1976269,10610453 Canada Inc.,D,20251103,edgar/data/1976269/0001062993-25-016421.txt
1990170,"iVerify, Inc.",D,20251103,edgar/data/1990170/0001990170-25-000002.txt
1996977,iQure Pharma Inc.,D,20251103,edgar/data/1996977/0001996977-25-000003.txt
2004944,"Primer Global, Inc.",D,20251103,edgar/data/2004944/0002004944-25-000003.txt
2008251,"NIMBLE PRECISION, INC.",D,20251103,edgar/data/2008251/0002008251-25-000003.txt
2009632,"Blue Sky Robotics, Inc.",D,20251103,edgar/data/2009632/0002093398-25-000003.txt
2030272,Alaska Energy Metals Corp,D,20251103,edgar/data/2030272/0002060755-25-000051.txt
2042673,NexGold Mining Corp.,D,20251103,edgar/data/2042673/0001062993-25-016418.txt
2045634,Ares Infrastructure Debt Fund VI (USD U) Rated Notes Feeder LP,D,20251103,edgar/data/2045634/0001012975-25-000689.txt
2057272,B3R ESTATES LLC,D,20251103,edgar/data/2057272/0001193125-25-261934.txt
2066557,VALOR EQUITY PARTNERS OPPORTUNITY FUND II L.P.,D,20251103,edgar/data/2066557/0002066557-25-000001.txt
2066648,Valor Equity Partners Opportunity Fund II-B L.P.,D,20251103,edgar/data/2066648/0002066648-25-000001.txt
2066649,Valor Equity Partners Opportunity Fund II-A L.P.,D,20251103,edgar/data/2066649/0002066649-25-000001.txt
2078471,Canvas Master Fund LP,D,20251103,edgar/data/2078471/0002078471-25-000007.txt
2080773,"Dragon Vascular, Inc.",D,20251103,edgar/data/2080773/0001231919-25-000400.txt
2082245,"Antora Energy, Inc.",D,20251103,edgar/data/2082245/0002082245-25-000001.txt
2082328,VALOR EQUITY PARTNERS VII L.P.,D,20251103,edgar/data/2082328/0002082328-25-000001.txt
2082329,VALOR EQUITY PARTNERS VII-B L.P.,D,20251103,edgar/data/2082329/0002082329-25-000001.txt
2082330,VALOR EQUITY PARTNERS VII-A L.P.,D,20251103,edgar/data/2082330/0002082330-25-000001.txt
2085264,"ET-0818 Fund I, a series of MV Funds, LP",D,20251103,edgar/data/2085264/0002085264-25-000001.txt
2086231,"OPX2025 Erebor, a Series of Opulentia Ventures X LLC",D,20251103,edgar/data/2086231/0002086231-25-000001.txt
2086516,Fund FG-KOI a series of Forge Investments LLC,D,20251103,edgar/data/2086516/0002086516-25-000001.txt
2086708,Hack Fund IV-B Feeder LP,D,20251103,edgar/data/2086708/0001470831-25-000286.txt
2086714,Hack Fund IV-A LP,D,20251103,edgar/data/2086714/0001470831-25-000285.txt
2087689,"EHG II, LLC",D,20251103,edgar/data/2087689/0002087689-25-000001.txt
2087880,"AVSF - Rent App 2025, LLC",D,20251103,edgar/data/2087880/0002087880-25-000001.txt
2087960,Trojan Debt Fund LLC,D,20251103,edgar/data/2087960/0002087960-25-000001.txt
2088725,"F25, a series of LBS Investments I, LP",D,20251103,edgar/data/2088725/0002088725-25-000001.txt
2089211,"DC 2100 Co-Investment, LP",D,20251103,edgar/data/2089211/0002089211-25-000001.txt
2089212,"DC 601 Co-Investment, LP",D,20251103,edgar/data/2089212/0002089212-25-000001.txt
2089219,Scout Ventures Fund V - VA Sidecar LP,D,20251103,edgar/data/2089219/0001231919-25-000398.txt
2089824,Bairitone by Impact Invest Her a Series of Clutch Capital LLC,D,20251103,edgar/data/2089824/0002089824-25-000001.txt
2089874,WealthShield Absolute Return Fund LLC,D,20251103,edgar/data/2089874/0002089874-25-000001.txt
2089992,"Wind Point Partners XI Access Fund, L.P.",D,20251103,edgar/data/2089992/0001012975-25-000690.txt
2090234,"LIT Financial Corporation, Inc.",D,20251103,edgar/data/2090234/0002090234-25-000004.txt
2091143,Shamrock RV LLC,D,20251103,edgar/data/2091143/0001315863-25-000781.txt
2091165,"SU-09291 Fund I, a series of Climate Collective, LP",D,20251103,edgar/data/2091165/0002091165-25-000001.txt
2091190,100 Durgin Associates LLC,D,20251103,edgar/data/2091190/0002091190-25-000001.txt
2091391,Gaingels Indent LLC,D,20251103,edgar/data/2091391/0002091391-25-000002.txt
2091464,Sweetwater IV A LP,D,20251103,edgar/data/2091464/0001231919-25-000397.txt
2091480,Soefia Education Inc.,D,20251103,edgar/data/2091480/0002091480-25-000001.txt
2091635,"Modi Ventures KV SPV, LLC",D,20251103,edgar/data/2091635/0001213900-25-104809.txt
2091714,"Parventino Investors, LLC",D,20251103,edgar/data/2091714/0002091714-25-000001.txt
2091919,"MI-1002 Fund I, a series of Zachary Ginsburg Funds, LP",D,20251103,edgar/data/2091919/0002091919-25-000001.txt
2091945,HBFA Deerwood Investors LLC,D,20251103,edgar/data/2091945/0002091945-25-000001.txt
2092062,"Private Equity - LE VII, L.P.",D,20251103,edgar/data/2092062/0002092062-25-000001.txt
2092305,"NI-0925 Fund I, a series of AirAngels Investor Syndicate, LP",D,20251103,edgar/data/2092305/0002092305-25-000001.txt
2092461,Thirdbase Opportunity LP - Series GQ,D,20251103,edgar/data/2092461/0002092461-25-000001.txt
2093009,"NE-1009 Fund I, a series of Multimodal Ventures, LP",D,20251103,edgar/data/2093009/0002093009-25-000001.txt
2093100,"Tru Arrow Technology Partners CIV VII, LP",D,20251103,edgar/data/2093100/0000919574-25-006385.txt
2093125,ExchangeRight Net-Leased All-Cash 18 DST,D,20251103,edgar/data/2093125/0002093125-25-000001.txt
2093203,"Guideboat P3 HoldCo, LLC",D,20251103,edgar/data/2093203/0002093203-25-000001.txt
2093437,Danran II Dokoro LLC,D,20251103,edgar/data/2093437/0002093437-25-000001.txt
2093533,"YOJO (Your Journey), LLC",D,20251103,edgar/data/2093533/0002093533-25-000001.txt
2093661,"Halogen Ventures SPV, L.P. - Series Metropolis Pre-IPO",D,20251103,edgar/data/2093661/0002093661-25-000001.txt
2093686,"Latitude Opportunities III, L.P.",D,20251103,edgar/data/2093686/0002093686-25-000001.txt
2093728,"AccessGrid, Inc.",D,20251103,edgar/data/2093728/0002093728-25-000001.txt
2093817,"BAMO, Inc.",D,20251103,edgar/data/2093817/0002093817-25-000001.txt
2093861,"TheBluePrintRx MDCRE FUND, 1 LLC",D,20251103,edgar/data/2093861/0002093861-25-000001.txt
2094019,"500 Acres Fund I, LP",D,20251103,edgar/data/2094019/0002094019-25-000001.txt
2094046,"GIC Technologies, Inc.",D,20251103,edgar/data/2094046/0002094046-25-000001.txt
2094061,Angleton Multifamily Partners LLC,D,20251103,edgar/data/2094061/0002094061-25-000001.txt
2094070,"Iron Horse Energy Fund 1, Limited Partnership",D,20251103,edgar/data/2094070/0002094070-25-000002.txt
2094127,"Eagan Co-Invest, L.P.",D,20251103,edgar/data/2094127/0002094127-25-000001.txt
2094146,"UCN Boost Fund III, LLC",D,20251103,edgar/data/2094146/0002094146-25-000001.txt
2094148,"Point Farm Investors, LLC",D,20251103,edgar/data/2094148/0002094148-25-000002.txt
2094199,ARIIA AI LLC,D,20251103,edgar/data/2094199/0002094199-25-000001.txt
2094271,MVP LS FUND DXCIX LLC,D,20251103,edgar/data/2094271/0002094271-25-000001.txt
2094325,"SSP GP Fund II, LP",D,20251103,edgar/data/2094325/0002094325-25-000001.txt
2094330,Evergrowing Capital Advisors,D,20251103,edgar/data/2094330/0002094330-25-000001.txt
2094349,"SSP TPC-M Co-Invest, LP",D,20251103,edgar/data/2094349/0002094349-25-000001.txt
2094380,"True West Capital Partners Fund IV, LP",D,20251103,edgar/data/2094380/0002094380-25-000001.txt
2094381,Q One Inc.,D,20251103,edgar/data/2094381/0002094381-25-000001.txt
2094406,LLK Fund LLC,D,20251103,edgar/data/2094406/0002094406-25-000001.txt
2094436,Principal Private Credit Fund iCapital Offshore Access Fund SPC,D,20251103,edgar/data/2094436/0002094436-25-000001.txt
2094470,"Armadin, Inc.",D,20251103,edgar/data/2094470/0002094470-25-000001.txt
2094512,Pro Hockey Partners LLC,D,20251103,edgar/data/2094512/0002094512-25-000001.txt
2094606,"Wholefin, Inc.",D,20251103,edgar/data/2094606/0002094606-25-000001.txt
2094607,Oxbridge Clinical Inc.,D,20251103,edgar/data/2094607/0002094607-25-000001.txt
2094611,Equinorix Cryptocurrency Exchange Ltd.,D,20251103,edgar/data/2094611/0002094611-25-000001.txt
2094626,Axion Capital Markets Inc.,D,20251103,edgar/data/2094626/0002094626-25-000001.txt
2094644,"FE-1022 Fund II, a series of AX-RN-Funds, LP",D,20251103,edgar/data/2094644/0002094644-25-000001.txt
2094657,"GenCap Gurnee MM, LLC",D,20251103,edgar/data/2094657/0002094657-25-000001.txt
2094753,StockSight Inc.,D,20251103,edgar/data/2094753/0002094753-25-000001.txt
2094773,"Ironhorse Energy Turbine, Limited Partnership",D,20251103,edgar/data/2094773/0002094773-25-000002.txt
2094801,"UNCO Ultimate Holdings, LP",D,20251103,edgar/data/2094801/0002094801-25-000001.txt
2094819,PARALOS A SERIES OF VUVP FUND LLC,D,20251103,edgar/data/2094819/0002094819-25-000001.txt
2094820,"Ride N Repair, Inc.",D,20251103,edgar/data/2094820/0002094820-25-000001.txt
2094823,HEARTIO A SERIES OF VUVP FUND LLC,D,20251103,edgar/data/2094823/0002094823-25-000001.txt
2094825,ENDOSURE A SERIES OF VUVP FUND LLC,D,20251103,edgar/data/2094825/0002094825-25-000001.txt
2094829,RETRO BIO A SERIES OF VUVP FUND LLC,D,20251103,edgar/data/2094829/0002094829-25-000001.txt
2094838,Redwood Canton Greentree Avenue SW OH P1 LLC,D,20251103,edgar/data/2094838/0002094838-25-000002.txt
2094847,Gaingels Speedrun Fund I LLC,D,20251103,edgar/data/2094847/0002094847-25-000001.txt
2094905,Blue Owl Real Estate Longhorn Co-Invest (A) LP,D,20251103,edgar/data/2094905/0002094905-25-000001.txt
2094918,"Madison Artificial Intelligence, Inc.",D,20251103,edgar/data/2094918/0002094918-25-000001.txt
2094936,"PooPoof, Inc.",D,20251103,edgar/data/2094936/0002094936-25-000001.txt
2094938,Refr Sports Inc.,D,20251103,edgar/data/2094938/0002094938-25-000001.txt
2095016,"Obsidian Wealth Partners, LLC",D,20251103,edgar/data/2095016/0002095016-25-000001.txt
2095050,REVA Fountain Square 3 DST,D,20251103,edgar/data/2095050/0002095050-25-000001.txt
2095085,Inland Zero Coupon Utility DST,D,20251103,edgar/data/2095085/0002095085-25-000001.txt
2095130,Poseidon Fund I LLC,D,20251103,edgar/data/2095130/0002095130-25-000001.txt
1309484,CMWA Micro Cap Fund LLC,D,20251104,edgar/data/1309484/0001309484-25-000008.txt
1310990,CMWA Small Cap Fund LLC,D,20251104,edgar/data/1310990/0001310990-25-000008.txt
1355848,"Kartoon Studios, Inc.",D,20251104,edgar/data/1355848/0001683168-25-007926.txt
1411361,CMWA Mid Cap Partnership LLC,D,20251104,edgar/data/1411361/0001411361-25-000004.txt
1422816,CMWA Foreign Developed Partnership LLC,D,20251104,edgar/data/1422816/0001422816-25-000007.txt
1482436,SILVER X MINING CORP.,D,20251104,edgar/data/1482436/0001192482-25-000039.txt
1512559,"uStudio, Inc.",D,20251104,edgar/data/1512559/0001512559-25-000003.txt
1540529,"CMWA Defensive Strategies Partnership, LLC",D,20251104,edgar/data/1540529/0001540529-25-000007.txt
1566073,Pan Global Resources Inc.,D,20251104,edgar/data/1566073/0001566073-25-000002.txt
1603978,AQUABOUNTY TECHNOLOGIES INC,D,20251104,edgar/data/1603978/0001603978-25-000074.txt
1627282,CaliberCos Inc.,D,20251104,edgar/data/1627282/0001627282-25-000139.txt
1702123,Cardiol Therapeutics Inc.,D,20251104,edgar/data/1702123/0001702123-25-000002.txt
1746381,"Gregor Diagnostics, Inc.",D,20251104,edgar/data/1746381/0001746381-25-000002.txt
1790232,"Defendify, Inc.",D,20251104,edgar/data/1790232/0001790232-25-000004.txt
1803800,Talisker Resources Ltd.,D,20251104,edgar/data/1803800/0001062993-25-016440.txt
1811931,Apollo Silver Corp,D,20251104,edgar/data/1811931/0001811931-25-000002.txt
1842997,"Aware Recovery Care, Inc.",D,20251104,edgar/data/1842997/0001842997-25-000004.txt
1873357,Springwood at Aliana LP,D,20251104,edgar/data/1873357/0001873357-25-000004.txt
1887673,Wearable Devices Ltd.,D,20251104,edgar/data/1887673/0001213900-25-105627.txt
1888607,"Prescribe FIT, Inc.",D,20251104,edgar/data/1888607/0001888607-25-000004.txt
1896718,705 Limmerloop Investors LP,D,20251104,edgar/data/1896718/0001896718-25-000003.txt
1897578,"Adept ID, Inc.",D,20251104,edgar/data/1897578/0001897578-25-000003.txt
1903245,Lifeswap Inc.,D,20251104,edgar/data/1903245/0001903245-25-000004.txt
1905431,Sunshine Upper Holdings LLC,D,20251104,edgar/data/1905431/0001905431-25-000003.txt
1907184,Electra Battery Materials Corp,D,20251104,edgar/data/1907184/0001907184-25-000004.txt
1918053,Fujur Capital LP,D,20251104,edgar/data/1918053/0001918053-25-000003.txt
1925760,Sunshine Management Holdings LLC,D,20251104,edgar/data/1925760/0001925760-25-000003.txt
1961452,Emperor Metals Inc.,D,20251104,edgar/data/1961452/0000912282-25-001187.txt
1966428,Medsyn Biopharma LLC,D,20251104,edgar/data/1966428/0001966428-25-000002.txt
1974779,Medit Capital Offshore Fund Ltd,D,20251104,edgar/data/1974779/0001315863-25-000782.txt
1997694,"Pangea Technology Group Inc,",D,20251104,edgar/data/1997694/0001997694-25-000002.txt
1999929,"KMX Technologies, Inc.",D,20251104,edgar/data/1999929/0001999929-25-000002.txt
2005565,dltHub Inc.,D,20251104,edgar/data/2005565/0002005565-25-000002.txt
2015467,Greenbutts Canada Holdings Corp.,D,20251104,edgar/data/2015467/0001062993-25-016446.txt
2015467,Greenbutts Canada Holdings Corp.,D,20251104,edgar/data/2015467/0001062993-25-016447.txt
2018012,Provision Global Heath LLC,D,20251104,edgar/data/2018012/0002018012-25-000002.txt
2041029,"Nymbl Systems, Inc.",D,20251104,edgar/data/2041029/0002041029-25-000003.txt
2041037,Alphahill Capital China Focus Feeder Fund I,D,20251104,edgar/data/2041037/0002041037-25-000003.txt
2049561,Guilford Capital Credit III U.S. LLC,D,20251104,edgar/data/2049561/0001213900-25-105547.txt
2050840,Paretor LLC,D,20251104,edgar/data/2050840/0002050840-25-000002.txt
2063534,"SI Tickets, Inc.",D,20251104,edgar/data/2063534/0001493152-25-020744.txt
2064142,EigenQ Inc,D,20251104,edgar/data/2064142/0002064142-25-000003.txt
2068946,"ITC Bronco Co-Invest, LP",D,20251104,edgar/data/2068946/0002068946-25-000002.txt
2072299,"Buch Capital Fund, LP",D,20251104,edgar/data/2072299/0002072299-25-000001.txt
2074720,Quantropi Inc.,D,20251104,edgar/data/2074720/0002074720-25-000002.txt
2076002,Northpoint Capital Emerging Sectors GIFT Fund I,D,20251104,edgar/data/2076002/0001470831-25-000289.txt
2079067,Palmer Square Structured Credit Opportunities U.S. Fund LLC,D,20251104,edgar/data/2079067/0001213900-25-105563.txt
2080397,"Global Infrastructure Partners Transition Fund-A/B, L.P.",D,20251104,edgar/data/2080397/0002080397-25-000001.txt
2081443,Carnelian India AmritKaal Fund,D,20251104,edgar/data/2081443/0001012975-25-000691.txt
2081905,Blackstone GP Stakes III (LUX) SCSp,D,20251104,edgar/data/2081905/0002081905-25-000001.txt
2081906,Blackstone GP Stakes III UTP L.P.,D,20251104,edgar/data/2081906/0002081906-25-000001.txt
2081907,Blackstone GP Stakes III (LUX) UTP SCSp,D,20251104,edgar/data/2081907/0002081907-25-000001.txt
2081908,Blackstone GP Stakes III L.P.,D,20251104,edgar/data/2081908/0002081908-25-000001.txt
2081929,"Palmer Square Structured Credit Opportunities Offshore Fund, Ltd.",D,20251104,edgar/data/2081929/0001213900-25-105567.txt
2082264,"Chilton Trust Royal Palm Growth Fund, LP",D,20251104,edgar/data/2082264/0000908834-25-000315.txt
2082356,"CO-07281 Fund I, a series of Empath Ventures, LP",D,20251104,edgar/data/2082356/0002082356-25-000001.txt
2082457,"TE-0715 Fund I, a series of Roll Up Vehicles, LP",D,20251104,edgar/data/2082457/0002082457-25-000001.txt
2083375,"AL-0811 Fund II, a series of Footprint Coalition Syndicate, LP",D,20251104,edgar/data/2083375/0002083375-25-000001.txt
2084107,"Good-NU-0801 Fund I, a series of AngelList Funds 2025, LP",D,20251104,edgar/data/2084107/0002084107-25-000001.txt
2084994,"VI-0801 Fund I, a series of MV Funds, LP",D,20251104,edgar/data/2084994/0002084994-25-000001.txt
2085609,"EF-0828 Fund I, a series of Duke Capital Investments Venture Funds, LP",D,20251104,edgar/data/2085609/0002085609-25-000001.txt
2085667,"Noxo-VE-0901 Fund I, a series of AngelList Funds 2025, LP",D,20251104,edgar/data/2085667/0002085667-25-000001.txt
2086632,"FA-0802 Fund I, a series of Roll Up Vehicles, LP",D,20251104,edgar/data/2086632/0002086632-25-000001.txt
2086901,NB Japan Private Equity Opportunities Fund LP,D,20251104,edgar/data/2086901/0001104659-25-106182.txt
2087195,"KE-0714 Fund I, a series of MV Funds, LP",D,20251104,edgar/data/2087195/0002087195-25-000001.txt
2087200,Occidental Rock Fund VCC - Occidental Rock Global Balance Fund,D,20251104,edgar/data/2087200/0002087200-25-000001.txt
2087201,Occidental Rock Fund VCC - Occidental Rock Global PE Fund,D,20251104,edgar/data/2087201/0002087201-25-000001.txt
2087202,Occidental Rock Fund VCC - Occidental Rock Global Growth Fund,D,20251104,edgar/data/2087202/0002087202-25-000001.txt
2087241,"WO-0904 Fund I, a series of Zachary Ginsburg Funds, LP",D,20251104,edgar/data/2087241/0002087241-25-000001.txt
2087259,"KI-0904 Fund I, a series of Hustle Fund Angel Squad Verticals, LP",D,20251104,edgar/data/2087259/0002087259-25-000001.txt
2087268,"LU-0906 Fund II, a series of JMWTX Investments, LP",D,20251104,edgar/data/2087268/0002087268-25-000001.txt
2087294,"Global Infrastructure Partners Transition Fund-C, L.P.",D,20251104,edgar/data/2087294/0002087294-25-000001.txt
2087295,"Global Infrastructure Partners Transition Feeder Fund-B, L.P.",D,20251104,edgar/data/2087295/0002087295-25-000001.txt
2087337,"Prem-PR-0827 Fund I, a series of AngelList Funds 2025, LP",D,20251104,edgar/data/2087337/0002087337-25-000001.txt
2088459,"Global Infrastructure Partners Transition Fund-C2, SCSp",D,20251104,edgar/data/2088459/0002088459-25-000001.txt
2088508,"HU-0902 Fund I, a series of Sajid Rahman Angel Funds, LP",D,20251104,edgar/data/2088508/0002088508-25-000001.txt
2088727,"F25, a series of Rail Ventures, LP",D,20251104,edgar/data/2088727/0002088727-25-000001.txt
2089193,"Wavepeak Ventures Fund I, LP",D,20251104,edgar/data/2089193/0002089193-25-000001.txt
2089866,Inabnet Capital Partners Fund 1 LLC,D,20251104,edgar/data/2089866/0002089866-25-000001.txt
2089940,"Seedradar Ventures TON SPV, a series of AngelList Funds 2025, LP",D,20251104,edgar/data/2089940/0002089940-25-000001.txt
2090319,"ER-0924 Fund I, a series of MV Funds, LP",D,20251104,edgar/data/2090319/0002090319-25-000001.txt
2090384,"MO-0915 Fund I, a series of JMWTX Investments, LP",D,20251104,edgar/data/2090384/0002090384-25-000001.txt
2090648,GCG Irena Investors LLC,D,20251104,edgar/data/2090648/0002090648-25-000001.txt
2091321,"FL-0923 Fund I, a series of Jumpspace Venture, LP",D,20251104,edgar/data/2091321/0002091321-25-000001.txt
2091666,Viva-SX LLC - Series F,D,20251104,edgar/data/2091666/0001012975-25-000692.txt
2092216,"Neo SPV 4.3, LP",D,20251104,edgar/data/2092216/0001231919-25-000408.txt
2092256,"Altaline Saratoga, LLC",D,20251104,edgar/data/2092256/0002092256-25-000001.txt
2092321,VentureCare Partners Inc.,D,20251104,edgar/data/2092321/0002092321-25-000001.txt
2092368,"Series 7-1, a series of StartEngine Private Funds LLC",D,20251104,edgar/data/2092368/0002092368-25-000001.txt
2092449,Summit Ridge 168 Investors LLC,D,20251104,edgar/data/2092449/0002092449-25-000001.txt
2092628,"Open Technology Ventures Fund IV Sidecar, L.P.",D,20251104,edgar/data/2092628/0002092628-25-000001.txt
2092673,"MIMG CCLIV Williston 2 Master, LLC",D,20251104,edgar/data/2092673/0002092673-25-000001.txt
2092707,"Concrete Partners Holding, LLC",D,20251104,edgar/data/2092707/0001193125-25-262956.txt
2092981,TIP Concord Co-Invest B LP,D,20251104,edgar/data/2092981/0000950103-25-014292.txt
2093201,Winchester Small Bay Buligo LP,D,20251104,edgar/data/2093201/0001104659-25-106386.txt
2093292,Noteus Partners Co-Investment S.L.P. - RAI Compartment II,D,20251104,edgar/data/2093292/0002093292-25-000001.txt
2093323,WW Land Investors LLC,D,20251104,edgar/data/2093323/0002093323-25-000001.txt
2093325,SBLII LP,D,20251104,edgar/data/2093325/0002093325-25-000001.txt
2093335,"Cheyenne Signos Partners, LLC",D,20251104,edgar/data/2093335/0002093335-25-000001.txt
2093390,HDR Fund LLC,D,20251104,edgar/data/2093390/0002093390-25-000001.txt
2093540,Morrigan Co,D,20251104,edgar/data/2093540/0002093540-25-000001.txt
2093564,"EU Growth, a Series of ACOF Special Opportunities, LP",D,20251104,edgar/data/2093564/0002093564-25-000002.txt
2093566,"Altimeter Premier Growth VIII, L.P.",D,20251104,edgar/data/2093566/0002093566-25-000002.txt
2093583,"Rahul-WI-1007 Fund I, a series of AngelList Funds 2025, LP",D,20251104,edgar/data/2093583/0002093583-25-000001.txt
2093652,"Amrak Integrated Marketing, Inc.",D,20251104,edgar/data/2093652/0002093652-25-000001.txt
2093707,MARCEL DEVELOPMENT LLC,D,20251104,edgar/data/2093707/0002093707-25-000001.txt
2093729,Live Oak Townhomes LLC,D,20251104,edgar/data/2093729/0002093729-25-000001.txt
2093743,Provenance South Village Investors LLC,D,20251104,edgar/data/2093743/0002093743-25-000001.txt
2093847,"Elfie, Inc.",D,20251104,edgar/data/2093847/0001123292-25-000607.txt
2093850,"Auxira Health, Inc.",D,20251104,edgar/data/2093850/0002093850-25-000001.txt
2093859,BR MMJ Acquisition Co LLC,D,20251104,edgar/data/2093859/0002093859-25-000001.txt
2093960,Dream SPV VA LLC,D,20251104,edgar/data/2093960/0002093960-25-000002.txt
2093974,Goldenpeak Fund I LP,D,20251104,edgar/data/2093974/0002093974-25-000001.txt
2094074,"GPC Funding I Master Fund A, L.P.",D,20251104,edgar/data/2094074/0002094074-25-000001.txt
2094085,"Gamera, Inc.",D,20251104,edgar/data/2094085/0002094085-25-000001.txt
2094086,"GPC Funding I Master Fund B, L.P.",D,20251104,edgar/data/2094086/0002094086-25-000001.txt
2094195,Baywood Ranch LP,D,20251104,edgar/data/2094195/0002094195-25-000001.txt
2094222,"MAIN CIRCLE MEDICAL, INC.",D,20251104,edgar/data/2094222/0002094222-25-000001.txt
2094228,"IP Author, Inc.",D,20251104,edgar/data/2094228/0002094228-25-000001.txt
2094253,"China Renewable Energy Fund II, LP",D,20251104,edgar/data/2094253/0002094253-25-000001.txt
2094266,Immortal Inc.,D,20251104,edgar/data/2094266/0002094266-25-000001.txt
2094267,"Distressed Credit Opportunities Fund II, L.P.",D,20251104,edgar/data/2094267/0000905148-25-003762.txt
2094284,"Distressed Credit Opportunities (Offshore) Fund II, L.P.",D,20251104,edgar/data/2094284/0000905148-25-003761.txt
2094387,"DPG Philadelphia, LLC",D,20251104,edgar/data/2094387/0002094387-25-000001.txt
2094466,"DPG Hatboro, LLC",D,20251104,edgar/data/2094466/0002094466-25-000001.txt
2094530,"Red 209 Wimberly, L.P.",D,20251104,edgar/data/2094530/0002094530-25-000001.txt
2094535,HSS Taylor 24101 Ecorse LLC,D,20251104,edgar/data/2094535/0002094535-25-000001.txt
2094562,"Red 117 Priddy, L.P.",D,20251104,edgar/data/2094562/0002094562-25-000001.txt
2094700,"Stellar Placement Holdings LLC, Series 2S",D,20251104,edgar/data/2094700/0002094700-25-000001.txt
2094863,Albion Platform Intermediate Holdings LLC,D,20251104,edgar/data/2094863/0002094863-25-000001.txt
2094876,One Nation Direct LLC,D,20251104,edgar/data/2094876/0002094876-25-000001.txt
2094883,"PCA Opportunities Fund 2025, L.P. - Series C (Bain Insurance II)",D,20251104,edgar/data/2094883/0000950142-25-002884.txt
2094894,Neo Quantum Era Inc.,D,20251104,edgar/data/2094894/0002094894-25-000001.txt
2094920,Vision Capital Investment Corp,D,20251104,edgar/data/2094920/0002094920-25-000001.txt
2094942,Already Perfect Development Ltd Liability Co,D,20251104,edgar/data/2094942/0002094942-25-000001.txt
2094981,"Galaxy IV, a Series of E1 VC, LLC",D,20251104,edgar/data/2094981/0002094981-25-000001.txt
2094986,"Singularity V, a Series of E1 VC, LLC",D,20251104,edgar/data/2094986/0002094986-25-000001.txt
2094988,"EGV Bayes Capital I, a Series of A Master Series, LLC",D,20251104,edgar/data/2094988/0002094988-25-000001.txt
2095002,Westwinds Place LLC,D,20251104,edgar/data/2095002/0002095002-25-000001.txt
2095006,SETHI CAPITAL Z2 LLC,D,20251104,edgar/data/2095006/0002095006-25-000001.txt
2095009,Krisoak Capital,D,20251104,edgar/data/2095009/0002095009-25-000001.txt
2095018,CNCPW CRYPTO GROUP Ltd.,D,20251104,edgar/data/2095018/0002095018-25-000001.txt
2095021,Timpi Holding Ltd,D,20251104,edgar/data/2095021/0002095021-25-000001.txt
2095033,"ITC Bronco Co-Invest A, LP",D,20251104,edgar/data/2095033/0002095033-25-000001.txt
2095043,"Oaktree Opps XII-Q, L.P.",D,20251104,edgar/data/2095043/0002095043-25-000001.txt
2095046,"RMP Thread, LLC",D,20251104,edgar/data/2095046/0002095046-25-000001.txt
2095047,"3AM Games, Inc.",D,20251104,edgar/data/2095047/0002095047-25-000001.txt
2095056,"DTBS-3, a series of ALEXTAR VC, LLC",D,20251104,edgar/data/2095056/0002095056-25-000001.txt
2095060,"Tri Valley Laser, LLC",D,20251104,edgar/data/2095060/0002095060-25-000001.txt
2095062,"Tri Valley URS Consumables, LLC",D,20251104,edgar/data/2095062/0002095062-25-000001.txt
2095065,"Nucleus II, a Series of E1 VC, LLC",D,20251104,edgar/data/2095065/0002095065-25-000001.txt
2095110,"SFC Vehicle A, a Series of A Master Series, LLC",D,20251104,edgar/data/2095110/0002095110-25-000001.txt
2095114,Genalyte C4 Series of Provenio Capital Management Master LLC,D,20251104,edgar/data/2095114/0002095114-25-000001.txt
2095123,Fourder Snap Fund LLC,D,20251104,edgar/data/2095123/0002095123-25-000001.txt
2095129,"Tempero Bio, Inc.",D,20251104,edgar/data/2095129/0002095129-25-000001.txt
2095142,Altira Technology VI Overflow Fund IV-X LLC,D,20251104,edgar/data/2095142/0002095142-25-000001.txt
2095152,"Project Level Offshore Fund, L.P.",D,20251104,edgar/data/2095152/0000905148-25-003758.txt
2095173,"BAMO NV, Inc.",D,20251104,edgar/data/2095173/0002095173-25-000001.txt
2095195,"Escalera 701, LP",D,20251104,edgar/data/2095195/0002095195-25-000001.txt
2095197,"Escalera 701 Holdco, LP",D,20251104,edgar/data/2095197/0002095197-25-000001.txt
2095199,"Melissa Gateway 75, LP",D,20251104,edgar/data/2095199/0002095199-25-000001.txt
2095219,Kronex Exchange Inc,D,20251104,edgar/data/2095219/0002095219-25-000001.txt
2095227,Kedu Co,D,20251104,edgar/data/2095227/0002095227-25-000001.txt
2095228,REVA 2650 McCormick DST,D,20251104,edgar/data/2095228/0002095228-25-000001.txt
2095233,"111 Energy Fund, LP",D,20251104,edgar/data/2095233/0002095233-25-000001.txt
2095255,"Frame Data AI, Inc.",D,20251104,edgar/data/2095255/0002095255-25-000001.txt
2095320,South Carolina Growth 1 - Martintown DST,D,20251104,edgar/data/2095320/0002095320-25-000001.txt
769996,"Carolina Lithotripsy, A Ltd Partnership",D,20251104,edgar/data/769996/0000769996-25-000003.txt
1538189,Sonoro Gold Corp.,D,20251105,edgar/data/1538189/0001538189-25-000008.txt
1735936,"Osteal Therapeutics, Inc.",D,20251105,edgar/data/1735936/0001231919-25-000432.txt
1748441,"MODE MOBILE, INC.",D,20251105,edgar/data/1748441/0001748441-25-000003.txt
1763381,MAYFAIR GROUP LLC,D,20251105,edgar/data/1763381/0001763381-25-000002.txt
1777790,"AQ Sunshine Parent, LLC",D,20251105,edgar/data/1777790/0001777790-25-000003.txt
1777790,"AQ Sunshine Parent, LLC",D,20251105,edgar/data/1777790/0001777790-25-000004.txt
1793860,"Luminary Therapeutics, Inc.",D,20251105,edgar/data/1793860/0001437749-25-033325.txt
1811470,Energea Portfolio 2 LP,D,20251105,edgar/data/1811470/0001811470-25-000027.txt
1829526,"Bayou Surgical, Inc.",D,20251105,edgar/data/1829526/0001829526-25-000002.txt
1853011,Energea Portfolio 4 USA LP,D,20251105,edgar/data/1853011/0001853011-25-000026.txt
1865547,Energea Portfolio 3 Africa LP,D,20251105,edgar/data/1865547/0001865547-25-000030.txt
1883685,DraftKings Inc.,D,20251105,edgar/data/1883685/0000891836-25-000054.txt
1918029,"Apptronik, Inc",D,20251105,edgar/data/1918029/0001918029-25-000006.txt
1924612,TechTown Industrial L1 LLC,D,20251105,edgar/data/1924612/0001924612-25-000007.txt
1933134,"Piraeus Medical, Inc.",D,20251105,edgar/data/1933134/0001933134-25-000004.txt
1936958,"Channel99, Inc.",D,20251105,edgar/data/1936958/0001936958-25-000003.txt
1974508,Scout Discoveries Corp.,D,20251105,edgar/data/1974508/0001974508-25-000005.txt
1981765,"La La Land Kind Cafe, LLC",D,20251105,edgar/data/1981765/0001981765-25-000003.txt
1988467,Solomon Hess IO Opportunities Fund II LLC,D,20251105,edgar/data/1988467/0001988467-25-000002.txt
1989242,"CLEVER CARNIVORE, INC.",D,20251105,edgar/data/1989242/0001989242-25-000003.txt
1992349,"Lucendi, Inc.",D,20251105,edgar/data/1992349/0001992349-25-000002.txt
1993443,Energea Portfolio 5 LATAM LP,D,20251105,edgar/data/1993443/0001993443-25-000009.txt
2003006,"Brooklyn Dumpling Parent Holdings, Inc.",D,20251105,edgar/data/2003006/0001062993-25-016506.txt
2003198,Private Money Funding LLC,D,20251105,edgar/data/2003198/0002003198-25-000004.txt
2022596,"Blue Mahoe Capital, Inc.",D,20251105,edgar/data/2022596/0002022596-25-000002.txt
2023749,LGP Executive Associates I-PT LLC,D,20251105,edgar/data/2023749/0002023749-25-000002.txt
2027033,Eagle Point Trinity Senior Secured Lending Co,D,20251105,edgar/data/2027033/0000945621-25-001023.txt
2033955,"O2 Window Holdings, LLC",D,20251105,edgar/data/2033955/0002080612-25-000017.txt
2060787,Pangaea Ventures Opportunity Fund LP,D,20251105,edgar/data/2060787/0002060787-25-000002.txt
2062330,"QD-0317 Fund I, a series of Reinforced Ventures, LP",D,20251105,edgar/data/2062330/0002062330-25-000002.txt
2071355,"Thayer Ventures V, L.P.",D,20251105,edgar/data/2071355/0002071355-25-000001.txt
2071653,Ready Responders Parent Corp.,D,20251105,edgar/data/2071653/0002071653-25-000002.txt
2077204,"FJ Labs Entrepreneurs Fund 2025, a series of FJ Labs Funds, LP",D,20251105,edgar/data/2077204/0002077204-25-000001.txt
2078503,Adams Street GSF 8 Select Fund LP,D,20251105,edgar/data/2078503/0001012975-25-000700.txt
2078507,ASP (Feeder) GSF 8 Select Fund LP,D,20251105,edgar/data/2078507/0001012975-25-000701.txt
2078974,"TGOF Offshore EUR X, LP",D,20251105,edgar/data/2078974/0002078974-25-000003.txt
2081352,JP Solidarity Impact Fund LLC,D,20251105,edgar/data/2081352/0000905148-25-003793.txt
2081371,JP Solidarity Impact Fund (Cayman) LP,D,20251105,edgar/data/2081371/0000905148-25-003792.txt
2083313,"AC-0624 Fund I, a series of Roll Up Vehicles, LP",D,20251105,edgar/data/2083313/0002083313-25-000001.txt
2084054,"Zion-IN-0613 Fund I, a series of AngelList Funds 2025, LP",D,20251105,edgar/data/2084054/0002084054-25-000001.txt
2084236,"TMAM/Pathway Global Opportunities EUR Fund X, LP",D,20251105,edgar/data/2084236/0002084236-25-000003.txt
2084474,"MA-0721 Fund II, a series of MV Funds, LP",D,20251105,edgar/data/2084474/0002084474-25-000001.txt
2085138,Allied Critical Metals Inc.,D,20251105,edgar/data/2085138/0001062993-25-016458.txt
2085721,AI-F Co-Investment Limited Partnership,D,20251105,edgar/data/2085721/0002085721-25-000003.txt
2085959,Thirdbase Opportunity LP - Series CB,D,20251105,edgar/data/2085959/0002085959-25-000001.txt
2086113,"LIQ5 SPV, a series of Riverside Ventures Self-Advised, LP",D,20251105,edgar/data/2086113/0002086113-25-000001.txt
2087068,S2 Contra Fund LLC,D,20251105,edgar/data/2087068/0002087068-25-000001.txt
2087838,"ATHOS OPPORTUNITY FUND OAI, LLC",D,20251105,edgar/data/2087838/0002087838-25-000001.txt
2088517,"RE-0914 Fund I, a series of Roll Up Vehicles, LP",D,20251105,edgar/data/2088517/0002088517-25-000001.txt
2088974,"AL-0912 Fund I, a series of AX-RN-Funds, LP",D,20251105,edgar/data/2088974/0002088974-25-000001.txt
2089461,"VER Co-Invest Holdings, L.P.",D,20251105,edgar/data/2089461/0002089461-25-000001.txt
2089913,"PI-0828 Fund I, a series of MV Funds, LP",D,20251105,edgar/data/2089913/0002089913-25-000001.txt
2089968,"Simpli-FI Legacy Fund, LP",D,20251105,edgar/data/2089968/0002089968-25-000001.txt
2090021,Merely Mortals Ltd Liability Co,D,20251105,edgar/data/2090021/0002090021-25-000001.txt
2090544,ATHOS OPPORTUNITY FUND ANT LLC,D,20251105,edgar/data/2090544/0002090544-25-000001.txt
2090684,Thirdbase Opportunity LP - Series AP II,D,20251105,edgar/data/2090684/0002090684-25-000001.txt
2090720,Thirdbase Opportunity LP - Series OA,D,20251105,edgar/data/2090720/0002090720-25-000001.txt
2090726,Thirdbase Opportunity LP - Series PP,D,20251105,edgar/data/2090726/0002090726-25-000001.txt
2091198,another Mar 2025 a Series of CGF2021 LLC,D,20251105,edgar/data/2091198/0002091198-25-000001.txt
2091462,"CAIS Davidson Kempner Real Estate Opportunities Fund, L.P.",D,20251105,edgar/data/2091462/0002091462-25-000001.txt
2091559,Fairmount Healthcare Co-Invest V L.P.,D,20251105,edgar/data/2091559/0000950142-25-002896.txt
2091567,"TA-1005 Fund I, a series of HyperGuap, LP",D,20251105,edgar/data/2091567/0002091567-25-000001.txt
2091789,"Clarion Alternative Sectors Fund, LP",D,20251105,edgar/data/2091789/0000950103-25-014333.txt
2091803,"KA-0930 Fund I, a series of Zachary Ginsburg Funds, LP",D,20251105,edgar/data/2091803/0002091803-25-000001.txt
2091856,"Clarion Alternative Sectors Parallel Fund, LP",D,20251105,edgar/data/2091856/0000950103-25-014334.txt
2091859,BWE Monroe LLC,D,20251105,edgar/data/2091859/0002091859-25-000001.txt
2091946,2225 TAYLOR HC LLC,D,20251105,edgar/data/2091946/0002091946-25-000001.txt
2092273,"Panco Strategic Real Estate Fund VI-LB, LP",D,20251105,edgar/data/2092273/0002092273-25-000001.txt
2092308,Morning Line Racing LLC Series AVRYPLC,D,20251105,edgar/data/2092308/0002092308-25-000001.txt
2092317,Eagle Point Mixed Use LLC,D,20251105,edgar/data/2092317/0002092317-25-000002.txt
2092413,Select Align Ventures Figure 2025 a Series of CGF2021 LLC,D,20251105,edgar/data/2092413/0002092413-25-000001.txt
2092474,Morning Line Racing LLC Series WLDMMNT,D,20251105,edgar/data/2092474/0002092474-25-000001.txt
2092590,"TakeFusion Technologies, Inc.",D,20251105,edgar/data/2092590/0002092590-25-000001.txt
2092864,"PO-1003 Fund I, a series of Roll Up Vehicles, LP",D,20251105,edgar/data/2092864/0002092864-25-000001.txt
2093090,"Azure Blue Holdings, LLC",D,20251105,edgar/data/2093090/0002093090-25-000001.txt
2093127,1250 JV LP,D,20251105,edgar/data/2093127/0002093127-25-000001.txt
2093149,"Belief-SU-1003 Fund III, a series of AngelList Funds 2025, LP",D,20251105,edgar/data/2093149/0002093149-25-000001.txt
2093192,AREG US Opp IV SH REIT Holdco LLC,D,20251105,edgar/data/2093192/0002093192-25-000001.txt
2093204,"GCP P3 InvestCo, LLC",D,20251105,edgar/data/2093204/0002093204-25-000001.txt
2093409,BlueRock Capital Partners,D,20251105,edgar/data/2093409/0002093409-25-000001.txt
2093420,Metro Capital Fund LLC,D,20251105,edgar/data/2093420/0002093420-25-000002.txt
2093433,Dawson (Co-Invest) 7 LP,D,20251105,edgar/data/2093433/0002093433-25-000001.txt
2093434,Dawson Portfolio Finance (Offshore) 7 LP,D,20251105,edgar/data/2093434/0002093434-25-000001.txt
2093671,"Dorchester Adjacent Opportunities, L.P.",D,20251105,edgar/data/2093671/0002093671-25-000001.txt
2093685,Morning Line Racing LLC Series BYBRN,D,20251105,edgar/data/2093685/0002093685-25-000001.txt
2093694,"Upper90 Octane Equity SPV III, LLC",D,20251105,edgar/data/2093694/0002093694-25-000001.txt
2093796,"Blue Metric Group Fund, LP, Project Echo Portfolio",D,20251105,edgar/data/2093796/0002093796-25-000001.txt
2093810,"Blue Metric Group Fund, LP, RV Fund II",D,20251105,edgar/data/2093810/0002093810-25-000001.txt
2093812,"Oriane, Inc.",D,20251105,edgar/data/2093812/0001231919-25-000431.txt
2093858,Temerity Strategic Partners II LP,D,20251105,edgar/data/2093858/0002093858-25-000001.txt
2094055,"AKRE-Sunwest Archer, LLC",D,20251105,edgar/data/2094055/0002094055-25-000001.txt
2094213,"HbA1c, LP",D,20251105,edgar/data/2094213/0002094213-25-000001.txt
2094246,GCM Global Fixed Income Alpha US Feeder Fund,D,20251105,edgar/data/2094246/0002094246-25-000001.txt
2094305,"Bidwell Capital Oil Fund VI, Limited Partnership",D,20251105,edgar/data/2094305/0002094305-25-000001.txt
2094333,"East Carroll Holdings, LLC",D,20251105,edgar/data/2094333/0002094333-25-000001.txt
2094350,"Cardinal Legacy, LLC",D,20251105,edgar/data/2094350/0002094350-25-000001.txt
2094375,"Persistent Trading US Feeder Fund, LP",D,20251105,edgar/data/2094375/0002094375-25-000002.txt
2094422,"Blue Metric Group Fund, LP, Blue Capital Holdings Fund, A Series of Blue Metric Group Fund, LP",D,20251105,edgar/data/2094422/0002094422-25-000001.txt
2094427,"SEP Digital Infrastructure Yield Fund IV, LP",D,20251105,edgar/data/2094427/0002094427-25-000001.txt
2094437,"Jawa Ventures, Inc.",D,20251105,edgar/data/2094437/0002094437-25-000001.txt
2094437,"Jawa Ventures, Inc.",D,20251105,edgar/data/2094437/0002094437-25-000002.txt
2094437,"Jawa Ventures, Inc.",D,20251105,edgar/data/2094437/0002094437-25-000003.txt
2094437,"Jawa Ventures, Inc.",D,20251105,edgar/data/2094437/0002094437-25-000004.txt
2094438,"CL TKVA ACCESS FUND, LLC",D,20251105,edgar/data/2094438/0002094438-25-000001.txt
2094494,Blackstone Global Credit Strategy Topco LP,D,20251105,edgar/data/2094494/0002094494-25-000001.txt
2094521,Mainshares Syndicate I LLC - DOUGLAS (PROJECT PAINT),D,20251105,edgar/data/2094521/0002094521-25-000001.txt
2094523,Mainshares Syndicate I LLC - PITTS (Project Memento),D,20251105,edgar/data/2094523/0002094523-25-000001.txt
2094546,Tgthr.ai Inc.,D,20251105,edgar/data/2094546/0002094546-25-000001.txt
2094628,UMEP Corp.,D,20251105,edgar/data/2094628/0002094628-25-000002.txt
2094661,Dawson Portfolio Finance 7 LP,D,20251105,edgar/data/2094661/0002094661-25-000001.txt
2094663,"214 Arroyo TH, LLC",D,20251105,edgar/data/2094663/0002094663-25-000001.txt
2094705,"Pocket Cafe, Inc.",D,20251105,edgar/data/2094705/0002094705-25-000001.txt
2094734,Faribault Real Estate LLC,D,20251105,edgar/data/2094734/0002094734-25-000001.txt
2094790,TAL China A Long Only Fund,D,20251105,edgar/data/2094790/0000929638-25-004134.txt
2094862,"OIC Credit Income Fund I, L.P.",D,20251105,edgar/data/2094862/0002094862-25-000001.txt
2094878,MONTICELLOAM FUNDING LLC SERIES SH-94,D,20251105,edgar/data/2094878/0002094878-25-000001.txt
2094884,Bays Acquisition Inc.,D,20251105,edgar/data/2094884/0001493152-25-020833.txt
2094908,"OIC Credit Income Fund I GPFA, L.P.",D,20251105,edgar/data/2094908/0002094862-25-000001.txt
2094909,NOVA BOULDERS LLC,D,20251105,edgar/data/2094909/0002094909-25-000001.txt
2094945,"MPG West Chester Member, LLC",D,20251105,edgar/data/2094945/0002094945-25-000001.txt
2095005,Ares Credit Acquisition Fund 10 Stellar LP,D,20251105,edgar/data/2095005/0002095005-25-000001.txt
2095020,Lakeville Townhomes LLC,D,20251105,edgar/data/2095020/0002095020-25-000001.txt
2095040,Sunbelt Opportunity Fund 1 Limited Partnership,D,20251105,edgar/data/2095040/0002095040-25-000001.txt
2095044,Future Fund One LLC,D,20251105,edgar/data/2095044/0002095044-25-000001.txt
2095054,"Castle Rock Franchise Capital, LLP",D,20251105,edgar/data/2095054/0002095054-25-000001.txt
2095071,Big Sky Capital LLC,D,20251105,edgar/data/2095071/0002095071-25-000001.txt
2095204,"Borges Capital, LLC",D,20251105,edgar/data/2095204/0002095204-25-000001.txt
2095222,CaliberMind 11F3 Series B II a Series of Denver Angels LLC,D,20251105,edgar/data/2095222/0002095222-25-000001.txt
2095223,DPV Splash I a Series of DataPower Capital Partners LLC,D,20251105,edgar/data/2095223/0002095223-25-000001.txt
2095280,"WANICS CAPITAL FUND I, LP",D,20251105,edgar/data/2095280/0002095280-25-000001.txt
2095288,PM Technologies Corp,D,20251105,edgar/data/2095288/0002095288-25-000001.txt
2095289,"Okeanos Peak Fund, LP",D,20251105,edgar/data/2095289/0002095289-25-000001.txt
2095295,"HII PsiQuantum Series II, a Series of HII PsiQuantum, LLC",D,20251105,edgar/data/2095295/0002095295-25-000001.txt
2095296,"HII Shield AI Series I, a Series of HII Shield AI, LLC",D,20251105,edgar/data/2095296/0002095296-25-000001.txt
2095312,Digital LinkBridge CO,D,20251105,edgar/data/2095312/0002095312-25-000001.txt
2095318,"Whitestown Industrial Holdings Building 7, L.L.C.",D,20251105,edgar/data/2095318/0002095318-25-000001.txt
2095325,"Securitize AAA CLO Tokenized Fund, Ltd.",D,20251105,edgar/data/2095325/0002095325-25-000001.txt
2095329,"Mellivor.AI, Inc.",D,20251105,edgar/data/2095329/0002095329-25-000001.txt
2095331,DDAT Holdings Inc.,D,20251105,edgar/data/2095331/0002095331-25-000001.txt
2095343,V360 Holdings LLC Series Cistern Trip Fusion,D,20251105,edgar/data/2095343/0002095343-25-000001.txt
2095350,"V360 Holdings LLC Series Ohio State Early Investor Network 2025, LLC - Five Star Fans",D,20251105,edgar/data/2095350/0002095350-25-000001.txt
2095359,V360 Holdings LLC Series Ohio State Early Investor Network 2025 - Coologics,D,20251105,edgar/data/2095359/0002095359-25-000001.txt
2095361,"AREC Debt Fund II, LP / DE",D,20251105,edgar/data/2095361/0002095361-25-000001.txt
2095389,"MRES Collection at Gretna Landing Holdings, LLC",D,20251105,edgar/data/2095389/0002095389-25-000001.txt
2095391,Arenova Fiber Platform LP,D,20251105,edgar/data/2095391/0002095391-25-000001.txt
2095404,Metric Ventures LLC,D,20251105,edgar/data/2095404/0002095404-25-000001.txt
2095407,Trez Capital U.S. Real Estate Debt Fund #2 LP,D,20251105,edgar/data/2095407/0002095407-25-000001.txt
2095412,Morning Line Racing LLC,D,20251105,edgar/data/2095412/0002095412-25-000001.txt
2095414,"Richmond Title Ventures, LLC",D,20251105,edgar/data/2095414/0002095414-25-000001.txt
2095416,"QC Car Wash Fund III, LLC",D,20251105,edgar/data/2095416/0002095416-25-000001.txt
2095419,Vanamor North Main Village Investments L.P.,D,20251105,edgar/data/2095419/0002095419-25-000001.txt
2095427,Seven Rising Suns Centerville LLC,D,20251105,edgar/data/2095427/0002095427-25-000001.txt
2095428,"Wealthplan Income Fund I, LP",D,20251105,edgar/data/2095428/0000906791-25-000031.txt
2095464,Flex Lending 8 LLC,D,20251105,edgar/data/2095464/0002095464-25-000001.txt
2095468,"BHGAH RR Medford, LLC",D,20251105,edgar/data/2095468/0002095468-25-000001.txt
2095485,3D-P1 LLC,D,20251105,edgar/data/2095485/0002095485-25-000001.txt
2095492,Morning Line Racing LLC Series BYNT,D,20251105,edgar/data/2095492/0002095492-25-000001.txt
2095495,CC Cash Flow Fund LLC,D,20251105,edgar/data/2095495/0002095495-25-000001.txt
2095511,"Waypoint Private Access Fund II, LP",D,20251105,edgar/data/2095511/0000906791-25-000030.txt
2095515,Barton Avenue US Equities Fund LP,D,20251105,edgar/data/2095515/0002095515-25-000001.txt
2095517,"Barton Avenue US Equities Offshore Fund, Ltd.",D,20251105,edgar/data/2095517/0002095517-25-000001.txt
2095521,VC Iron Horse 1 Limited Partnership,D,20251105,edgar/data/2095521/0002095521-25-000001.txt
2095522,"MPBP I, LLC",D,20251105,edgar/data/2095522/0002095522-25-000001.txt
2095532,Wilton Resources Inc.,D,20251105,edgar/data/2095532/0001062993-25-016487.txt
2095570,Trinity Investment Club,D,20251105,edgar/data/2095570/0002095570-25-000001.txt
2095583,TaleIt LLC,D,20251105,edgar/data/2095583/0002095583-25-000001.txt
2095639,"Sohay Square, LLC",D,20251105,edgar/data/2095639/0002095639-25-000001.txt
2095651,"HM 5 Barrel, LLC",D,20251105,edgar/data/2095651/0002095651-25-000001.txt
845611,GABELLI CONVERTIBLE & INCOME SECURITIES FUND INC,D,20251105,edgar/data/845611/0001829126-25-008867.txt
1378701,GDL FUND,D,20251106,edgar/data/1378701/0001829126-25-008899.txt
1395764,SemiNex Corp,D,20251106,edgar/data/1395764/0000929638-25-004171.txt
1400438,Largo Inc.,D,20251106,edgar/data/1400438/0001400438-25-000002.txt
1400438,Largo Inc.,D,20251106,edgar/data/1400438/0001400438-25-000003.txt
1438893,"GAMCO Natural Resources, Gold & Income Trust",D,20251106,edgar/data/1438893/0001829126-25-008900.txt
1479577,"HIG Holdings, LLC",D,20251106,edgar/data/1479577/0001479577-25-000012.txt
1585855,Gabelli Global Small & Mid Cap Value Trust,D,20251106,edgar/data/1585855/0001829126-25-008898.txt
1669317,Prelude Corp,D,20251106,edgar/data/1669317/0001669317-25-000002.txt
1747048,"Alpha Wealth Volatility Advantage Fund, LP",D,20251106,edgar/data/1747048/0001747048-25-000003.txt
1772269,Conserv Solutions Inc,D,20251106,edgar/data/1772269/0001772269-25-000002.txt
1806928,Kalshi Inc.,D,20251106,edgar/data/1806928/0001231919-25-000437.txt
1810152,encoord Inc.,D,20251106,edgar/data/1810152/0001810152-25-000004.txt
1832385,"Wolley, Inc.",D,20251106,edgar/data/1832385/0001832385-25-000002.txt
1848990,"Alpha Low Volatility Fund, LP",D,20251106,edgar/data/1848990/0001848990-25-000003.txt
1861415,"Stoke Space Technologies, Inc.",D,20251106,edgar/data/1861415/0001861415-25-000005.txt
1892092,"WEG Consolidated, LLC",D,20251106,edgar/data/1892092/0001892092-25-000002.txt
1950944,Valorem Resources Inc.,D,20251106,edgar/data/1950944/0001950944-25-000002.txt
1960598,Oleria Corp,D,20251106,edgar/data/1960598/0001960598-25-000003.txt
1983549,"Twenty-Two Desserts, Inc.",D,20251106,edgar/data/1983549/0001983549-25-000007.txt
1996678,Gut-Brain-Axis Therapeutics Inc.,D,20251106,edgar/data/1996678/0001996678-25-000002.txt
2002071,Lendsafe Capital Partners LP,D,20251106,edgar/data/2002071/0002002071-25-000002.txt
2011934,Canadian Energy Metals Corp.,D,20251106,edgar/data/2011934/0002011934-25-000005.txt
2026609,FUND I A SERIES OF GLASSWING EQUITY SPORTS LLC,D,20251106,edgar/data/2026609/0002026609-25-000002.txt
2033162,"Nexa AI, Inc.",D,20251106,edgar/data/2033162/0002033162-25-000002.txt
2036119,Victory Digital Income Fund Ltd,D,20251106,edgar/data/2036119/0002036119-25-000006.txt
2040201,Waynesboro MHC Partners LLC,D,20251106,edgar/data/2040201/0002040201-25-000005.txt
2055042,Circula-AI Inc,D,20251106,edgar/data/2055042/0002055042-25-000005.txt
2061547,SamVed Ventures I LP,D,20251106,edgar/data/2061547/0001470831-25-000294.txt
2069592,Three Amigos Mining Investments LLC,D,20251106,edgar/data/2069592/0002069592-25-000002.txt
2069649,"Rasa World Group, Inc.",D,20251106,edgar/data/2069649/0002069649-25-000001.txt
2071942,"J2 Ventures Brookhaven Fund, L.P.",D,20251106,edgar/data/2071942/0002071942-25-000001.txt
2074762,"Pathway Martello Investments I, LP",D,20251106,edgar/data/2074762/0002074762-25-000003.txt
2075906,"RedBird Capital Solutions Fund, L.P.",D,20251106,edgar/data/2075906/0002075906-25-000001.txt
2076297,Trend Flip Fund LLC,D,20251106,edgar/data/2076297/0002076297-25-000001.txt
2076900,"Ben's Bites Fund II, a series of Ben's Bites Fund, LP",D,20251106,edgar/data/2076900/0002076900-25-000001.txt
2077086,"RedBird Capital Solutions Fund (Blocked), L.P.",D,20251106,edgar/data/2077086/0002077086-25-000001.txt
2078341,Braemont Partners II (B) LP,D,20251106,edgar/data/2078341/0002078341-25-000003.txt
2078407,Braemont Partners II LP,D,20251106,edgar/data/2078407/0002078407-25-000003.txt
2078558,"Ribot Capital, Inc.",D,20251106,edgar/data/2078558/0002041806-25-000531.txt
2078558,"Ribot Capital, Inc.",D,20251106,edgar/data/2078558/0002041806-25-000532.txt
2078558,"Ribot Capital, Inc.",D,20251106,edgar/data/2078558/0002041806-25-000533.txt
2079401,"OT-0410 Fund II, a series of Grant Park Ventures, LP",D,20251106,edgar/data/2079401/0002079401-25-000001.txt
2082465,"ST-07211 Fund I, a series of Roll Up Vehicles, LP",D,20251106,edgar/data/2082465/0002082465-25-000001.txt
2083161,"Willow Life Sciences, Inc.",D,20251106,edgar/data/2083161/0002083161-25-000001.txt
2084749,"Ascent Accelsius, a Series of Ascent X Innventure, LP",D,20251106,edgar/data/2084749/0002084749-25-000001.txt
2085502,EquityZen Growth Technology Fund LLC - Series 2170,D,20251106,edgar/data/2085502/0002085502-25-000001.txt
2085508,EquityZen Growth Technology Fund LLC - Series 2162,D,20251106,edgar/data/2085508/0002085508-25-000001.txt
2085510,EquityZen Growth Technology Fund LLC - Series 2160,D,20251106,edgar/data/2085510/0002085510-25-000001.txt
2085511,EquityZen Growth Technology Fund LLC - Series 2159,D,20251106,edgar/data/2085511/0002085511-25-000001.txt
2085786,"Saba Capital Pine Creek Fund, LP",D,20251106,edgar/data/2085786/0000902664-25-004754.txt
2086425,"Adapt Fund, LP",D,20251106,edgar/data/2086425/0002086425-25-000001.txt
2086486,"General Atlantic (LFT) Coinvest, L.P.",D,20251106,edgar/data/2086486/0000950142-25-002901.txt
2087299,BSP Unlevered Non-US SOF III (Senior Secured Opportunities) Fund L.P.,D,20251106,edgar/data/2087299/0002087299-25-000001.txt
2087407,NAIROBI Inc,D,20251106,edgar/data/2087407/0002087407-25-000001.txt
2088242,"Pathlight Ventures III, LP",D,20251106,edgar/data/2088242/0001470831-25-000295.txt
2088312,"Regent Street Partners Fund 2026, LLC",D,20251106,edgar/data/2088312/0001437749-25-033539.txt
2088409,Northern Shore Capital AAS Co-Invest LP,D,20251106,edgar/data/2088409/0002088409-25-000001.txt
2088449,"PLUS Collective Access Fund III, L.P.",D,20251106,edgar/data/2088449/0002088449-25-000001.txt
2088479,Gaingels Viridian Space LLC,D,20251106,edgar/data/2088479/0002088479-25-000001.txt
2089268,"Convergent Capital Partners V, L.P.",D,20251106,edgar/data/2089268/0002081111-25-000029.txt
2089949,Synanthem Capital LP,D,20251106,edgar/data/2089949/0001013594-25-001327.txt
2090051,CapVest Equity Partners VI A SCSp,D,20251106,edgar/data/2090051/0002090051-25-000001.txt
2090094,CapVest Equity Partners VI A (Feeder) SCSp,D,20251106,edgar/data/2090094/0002090094-25-000001.txt
2090491,EquityZen Growth Technology Fund LLC - Series 2194,D,20251106,edgar/data/2090491/0002090491-25-000001.txt
2090497,EquityZen Growth Technology Fund LLC - Series 2188,D,20251106,edgar/data/2090497/0002090497-25-000001.txt
2090665,"Aon Private Investments Fund, LP - Private Credit Series",D,20251106,edgar/data/2090665/0002081111-25-000028.txt
2091723,25CXBFS SCSp,D,20251106,edgar/data/2091723/0002091723-25-000001.txt
2091768,"IEQ Capital Access Fund - Sawgrass Investment, L.P.",D,20251106,edgar/data/2091768/0002091768-25-000001.txt
2091791,"Lightspeed C Holdings, LLC",D,20251106,edgar/data/2091791/0000950103-25-014414.txt
2091829,"Lightspeed R Holdings, LLC",D,20251106,edgar/data/2091829/0000950103-25-014415.txt
2091953,Gaingels Endolith LLC,D,20251106,edgar/data/2091953/0002091953-25-000001.txt
2092066,"CDI UA Holdings II, LP",D,20251106,edgar/data/2092066/0002092066-25-000001.txt
2092229,160 NW 28 STREET INVESTORS LLC,D,20251106,edgar/data/2092229/0002092229-25-000001.txt
2092230,"AI FOR THE REST OF US, INC.",D,20251106,edgar/data/2092230/0002092230-25-000002.txt
2092310,M/ UV Preferred JV LLC,D,20251106,edgar/data/2092310/0002092310-25-000001.txt
2092462,"Menlo Inflection Suno Partners, L.P.",D,20251106,edgar/data/2092462/0001104659-25-107659.txt
2092476,"Nexus Ventures VIII, L.P.",D,20251106,edgar/data/2092476/0002092476-25-000001.txt
2092606,"Insight Partners Public Equities Focus, L.P. - Portfolio I",D,20251106,edgar/data/2092606/0000902664-25-004753.txt
2093066,"Equitybee 22-40837, a Series of Equitybee cFund Master LLC",D,20251106,edgar/data/2093066/0002093066-25-000001.txt
2093067,"Equitybee 22-31283, a Series of Equitybee cFund Master LLC",D,20251106,edgar/data/2093067/0002093067-25-000001.txt
2093068,"Equitybee 22-32046, a Series of Equitybee cFund Master LLC",D,20251106,edgar/data/2093068/0002093068-25-000001.txt
2093069,"Equitybee 22-26506, a Series of Equitybee cFund Master LLC",D,20251106,edgar/data/2093069/0002093069-25-000001.txt
2093354,"Storage Units Ground Lease Newberry, LLC",D,20251106,edgar/data/2093354/0002093354-25-000001.txt
2093430,HarmonIQ Biosciences Inc.,D,20251106,edgar/data/2093430/0002093430-25-000001.txt
2093703,Atticus Magnolia Lender LLC,D,20251106,edgar/data/2093703/0002093703-25-000001.txt
2093710,Atticus Magnolia Pref LLC,D,20251106,edgar/data/2093710/0002093710-25-000001.txt
2093771,Priv8Point Capital Partners LLC,D,20251106,edgar/data/2093771/0002093771-25-000001.txt
2093783,PAX Capital Partners LLC,D,20251106,edgar/data/2093783/0002093783-25-000001.txt
2093879,Arrow Real Estate Opportunities II Corporate Feeder SCSp,D,20251106,edgar/data/2093879/0002093879-25-000001.txt
2093910,"BC Edgewood, LLC",D,20251106,edgar/data/2093910/0002093910-25-000001.txt
2093929,CESL FLTAF LP,D,20251106,edgar/data/2093929/0002093929-25-000001.txt
2094101,Malabar Timber Fund L.P.,D,20251106,edgar/data/2094101/0002094101-25-000001.txt
2094193,2270 McKinnon Holdings LLC,D,20251106,edgar/data/2094193/0002094193-25-000001.txt
2094289,Encore Berea H1A Off-Set,D,20251106,edgar/data/2094289/0002094289-25-000001.txt
2094391,"NHGGP Opportunities Fund, L.P.",D,20251106,edgar/data/2094391/0002094391-25-000001.txt
2094430,Iberia Gold Ltd.,D,20251106,edgar/data/2094430/0001096906-25-001757.txt
2094441,"Crow Holdings Real Estate Credit Fund-A, L.P.",D,20251106,edgar/data/2094441/0002094441-25-000001.txt
2094497,1789 CAPITAL STARR LP,D,20251106,edgar/data/2094497/0002094497-25-000001.txt
2094503,Lindsay Goldberg Co-Inv. VI L.P.,D,20251106,edgar/data/2094503/0002094503-25-000001.txt
2094793,Fortiva Needville Investors LP,D,20251106,edgar/data/2094793/0002094793-25-000001.txt
2094830,"ACG Cakes, LP",D,20251106,edgar/data/2094830/0002094830-25-000001.txt
2094846,"eMerchant Partners, LLC",D,20251106,edgar/data/2094846/0002094846-25-000001.txt
2094870,"AVIATOR PERMIAN I, LLC",D,20251106,edgar/data/2094870/0002094870-25-000001.txt
2094887,Gaingels Dispatcher LLC,D,20251106,edgar/data/2094887/0002094887-25-000001.txt
2094935,"RecRe, Inc.",D,20251106,edgar/data/2094935/0002094935-25-000001.txt
2094951,"BC SPV VI, LP",D,20251106,edgar/data/2094951/0002094951-25-000001.txt
2094998,ZX HJJ IX LLC,D,20251106,edgar/data/2094998/0002094998-25-000001.txt
2095041,Relevant Search Inc.,D,20251106,edgar/data/2095041/0002095041-25-000001.txt
2095089,REMOTE COMPUTE INVESTMENTS LLC,D,20251106,edgar/data/2095089/0002095089-25-000001.txt
2095115,Horizon L.P.,D,20251106,edgar/data/2095115/0002062357-25-000071.txt
2095154,"DOG DAYS OF SPRING, LLC",D,20251106,edgar/data/2095154/0001493152-25-021056.txt
2095181,"Redbud VC II, LP",D,20251106,edgar/data/2095181/0002095181-25-000001.txt
2095183,SE McKinney CR409 5038 LLC,D,20251106,edgar/data/2095183/0002095183-25-000001.txt
2095189,Pointofdata Corp,D,20251106,edgar/data/2095189/0002095189-25-000001.txt
2095203,"A-Squared Domino Opportunity V, L.P.",D,20251106,edgar/data/2095203/0002095203-25-000001.txt
2095206,"Modern Era Alt Fund, LLC",D,20251106,edgar/data/2095206/0002095206-25-000001.txt
2095210,"Arkview Capital Co-Invest VI - Memphis, LP",D,20251106,edgar/data/2095210/0002095210-25-000001.txt
2095211,ASPEN RIDGE CAPITAL 2 LLC - SERIES 4,D,20251106,edgar/data/2095211/0002095211-25-000001.txt
2095212,Sunny Terrace Investors LLC,D,20251106,edgar/data/2095212/0002095212-25-000001.txt
2095217,"Honeyshares Hive Fund I, LLC",D,20251106,edgar/data/2095217/0002095217-25-000001.txt
2095237,"Rolling Bones Outfitters, Inc.",D,20251106,edgar/data/2095237/0002095237-25-000002.txt
2095238,"Reffie, Inc.",D,20251106,edgar/data/2095238/0002095238-25-000001.txt
2095239,RBO Agency & Advisory Inc.,D,20251106,edgar/data/2095239/0002095239-25-000001.txt
2095294,Marietta DeFi Fund LP,D,20251106,edgar/data/2095294/0002095294-25-000001.txt
2095302,Obelisk 2023 Investments LLC,D,20251106,edgar/data/2095302/0002095302-25-000001.txt
2095303,"Windy Carol Stream, LLC",D,20251106,edgar/data/2095303/0002095303-25-000001.txt
2095334,"IMS Holdings, LLC",D,20251106,edgar/data/2095334/0002095334-25-000002.txt
2095339,Arrow Zilker Co-Investment SCSp,D,20251106,edgar/data/2095339/0002095339-25-000001.txt
2095413,Morning Line Racing LLC Series MSZPPD,D,20251106,edgar/data/2095413/0002095413-25-000001.txt
2095426,"Dublin Solar MFG, LLC",D,20251106,edgar/data/2095426/0002095426-25-000001.txt
2095441,Genesis Tech Fund III LLC,D,20251106,edgar/data/2095441/0002095441-25-000001.txt
2095444,PCM Kinect Gresham OZ Fund LLC,D,20251106,edgar/data/2095444/0002095444-25-000001.txt
2095459,"YE-1029 Fund I, a series of Roll Up Vehicles, LP",D,20251106,edgar/data/2095459/0002095459-25-000001.txt
2095460,MC 59S INVESTORS LLC,D,20251106,edgar/data/2095460/0002095460-25-000001.txt
2095512,"Meridian MVC MedVet Atlanta, LLC",D,20251106,edgar/data/2095512/0002095512-25-000001.txt
2095524,Digital Skincare Inc.,D,20251106,edgar/data/2095524/0002095524-25-000001.txt
2095534,"Eventcast, Inc.",D,20251106,edgar/data/2095534/0002095534-25-000001.txt
2095648,"100 Cal Snacks, Inc.",D,20251106,edgar/data/2095648/0002095648-25-000001.txt
2095650,"HM 53 Barrel, LLC",D,20251106,edgar/data/2095650/0002095650-25-000001.txt
2095673,PRYSM CAPITAL INC.,D,20251106,edgar/data/2095673/0002095673-25-000001.txt
2095692,"N12 Co-Investment, SCSp",D,20251106,edgar/data/2095692/0002095692-25-000001.txt
2095698,"Sandy AI, Inc.",D,20251106,edgar/data/2095698/0002095698-25-000001.txt
2095710,Intramotev 2025 a Series of ProChain Ventures LLC,D,20251106,edgar/data/2095710/0002095710-25-000001.txt
2095716,Scythe Union Hill LLC,D,20251106,edgar/data/2095716/0002095716-25-000001.txt
2095728,Alchemy Surf Resort Holdings LLC,D,20251106,edgar/data/2095728/0002095728-25-000001.txt
2095735,Morning Line Racing LLC Series GRNLGHTDY,D,20251106,edgar/data/2095735/0002095735-25-000001.txt
2095736,Morning Line Racing LLC Series VCTRYCRPS,D,20251106,edgar/data/2095736/0002095736-25-000001.txt
2095780,Awesome ROI Fund II LLC,D,20251106,edgar/data/2095780/0002095780-25-000001.txt
2095798,"Positron AI, Inc. SPV I, LP",D,20251106,edgar/data/2095798/0002095798-25-000001.txt
2095802,Metropolitan Levered Partners Fund 2025 LP,D,20251106,edgar/data/2095802/0001315863-25-000784.txt
2095811,"Oak Tree Syndication, LLC",D,20251106,edgar/data/2095811/0002095811-25-000001.txt
2095815,"InControl Imaging Investors Moore, LLC",D,20251106,edgar/data/2095815/0002095815-25-000001.txt
2095868,"GAM Rev 822, LLC",D,20251106,edgar/data/2095868/0002095868-25-000001.txt
2095869,"5055 Fort Apache Fund, LLC",D,20251106,edgar/data/2095869/0002095869-25-000001.txt
2095934,Mars Gold Inc.,D,20251106,edgar/data/2095934/0001062993-25-016537.txt
1377167,"Financial Gravity Companies, Inc.",D,20251107,edgar/data/1377167/0001683168-25-008075.txt
1590418,FOCUS UNIVERSAL INC.,D,20251107,edgar/data/1590418/0001683168-25-008080.txt
1590418,FOCUS UNIVERSAL INC.,D,20251107,edgar/data/1590418/0001683168-25-008082.txt
1685475,Challenger Trade Finance Segregated Portfolio of the South Africa Alpha SPC,D,20251107,edgar/data/1685475/0001685475-25-000003.txt
1699031,"GRAIL, Inc.",D,20251107,edgar/data/1699031/0001699031-25-000183.txt
1713780,Flywheel Exchange Inc.,D,20251107,edgar/data/1713780/0001713780-25-000003.txt
1757499,"Shuttle Pharmaceuticals Holdings, Inc.",D,20251107,edgar/data/1757499/0001757499-25-000003.txt
1770568,"Nara Organics, Inc.",D,20251107,edgar/data/1770568/0001770568-25-000003.txt
1780775,"Protein Dynamic Solutions, Inc.",D,20251107,edgar/data/1780775/0001780775-25-000004.txt
1864279,"CONCEAL, INC.",D,20251107,edgar/data/1864279/0001123292-25-000615.txt
1900572,"Upway Technologies, Inc.",D,20251107,edgar/data/1900572/0001231919-25-000444.txt
1905346,"Ecolectro, Inc.",D,20251107,edgar/data/1905346/0001905346-25-000002.txt
1907184,Electra Battery Materials Corp,D,20251107,edgar/data/1907184/0001192482-25-000054.txt
1918013,"Homebase Automation, LLC",D,20251107,edgar/data/1918013/0001079973-25-001668.txt
1924441,"Perimetrics, Inc.",D,20251107,edgar/data/1924441/0001924441-25-000002.txt
1930001,"Flexxbotics, Inc.",D,20251107,edgar/data/1930001/0000929638-25-004183.txt
1971975,Abaxx Technologies Inc.,D,20251107,edgar/data/1971975/0001971975-25-000006.txt
1983882,Numeral Two Inc.,D,20251107,edgar/data/1983882/0001983882-25-000006.txt
1984712,"Surface Design Solutions, Inc.",D,20251107,edgar/data/1984712/0001984712-25-000010.txt
2003944,I-O Urology Corp,D,20251107,edgar/data/2003944/0000912282-25-001203.txt
2004466,Neuro-Vascular Research & Design Corp,D,20251107,edgar/data/2004466/0001062993-25-016544.txt
2011514,Anteris Technologies Global Corp.,D,20251107,edgar/data/2011514/0001140361-25-041161.txt
2019801,"Elect Nano, LLC",D,20251107,edgar/data/2019801/0002019801-25-000002.txt
2023866,"Augment Collective, LLC",D,20251107,edgar/data/2023866/0002023866-25-000032.txt
2051793,"Fluid Dynamics Plumbing, Inc.",D,20251107,edgar/data/2051793/0002051793-25-000003.txt
2056173,"Hockey-LE-0131 Fund I, a series of AngelList Funds 2025, LP",D,20251107,edgar/data/2056173/0002056173-25-000002.txt
2063504,"Ellington Valley Technologies, Inc.",D,20251107,edgar/data/2063504/0002063504-25-000006.txt
2063709,"Ranchos Ventures Fund I, LP",D,20251107,edgar/data/2063709/0002063709-25-000001.txt
2071370,"BRC Multi-Family Dislocation Fund, LP",D,20251107,edgar/data/2071370/0002071370-25-000001.txt
2071372,"BRC Multi-Family Dislocation TE Feeder Fund, LP",D,20251107,edgar/data/2071372/0002071372-25-000001.txt
2074851,"Cosmic 20253, L.P.",D,20251107,edgar/data/2074851/0001231919-25-000447.txt
2076076,"iNSIGHT INTEGRITY GROUP, INC.",D,20251107,edgar/data/2076076/0002076076-25-000002.txt
2080038,Axcelus Financial Life Insurance Co Separate Account VL 484,D,20251107,edgar/data/2080038/0002080038-25-000001.txt
2082427,"JU-0604 Fund I, a series of Roll Up Vehicles, LP",D,20251107,edgar/data/2082427/0002082427-25-000001.txt
2083052,"BioStar V AVS GR SPV II, LLC",D,20251107,edgar/data/2083052/0001231919-25-000445.txt
2084006,"JSL Health Capital Fund II, L.P.",D,20251107,edgar/data/2084006/0002084006-25-000001.txt
2085238,"RIP3 SPV, a series of Riverside Ventures Self-Advised, LP",D,20251107,edgar/data/2085238/0002085238-25-000001.txt
2086300,"RE-0825 Fund II, a series of Roll Up Vehicles, LP",D,20251107,edgar/data/2086300/0002086300-25-000001.txt
2086949,"SO-0902 Fund I, a series of Andrew Tan Investments, LP",D,20251107,edgar/data/2086949/0002086949-25-000001.txt
2087751,CROWDFUNZ 857 LLC.,D,20251107,edgar/data/2087751/0002087751-25-000001.txt
2088315,Park Square Capital US Loan Partners I LP,D,20251107,edgar/data/2088315/0002088315-25-000001.txt
2088754,"HEAVY DUTY AI, LLC",D,20251107,edgar/data/2088754/0001829126-25-008912.txt
2088766,"Investcorp Corsair Infrastructure Partners Fund I, L.P.",D,20251107,edgar/data/2088766/0002088766-25-000001.txt
2088993,Axcelus Financial Life Insurance Co Separate Account VA 425,D,20251107,edgar/data/2088993/0002088993-25-000001.txt
2089930,"WO-0922 Fund I, a series of MV Funds, LP",D,20251107,edgar/data/2089930/0002089930-25-000001.txt
2089939,"Mute-GE-0926 Fund II, a series of AngelList Funds 2025, LP",D,20251107,edgar/data/2089939/0002089939-25-000001.txt
2090334,"LU-0922 Fund I, a series of Roll Up Vehicles, LP",D,20251107,edgar/data/2090334/0002090334-25-000001.txt
2090388,"AVSF - AAZZUR 2025, LLC",D,20251107,edgar/data/2090388/0002090388-25-000001.txt
2091323,"AR-0926 Fund I, a series of Climate Collective, LP",D,20251107,edgar/data/2091323/0002091323-25-000001.txt
2091648,PayStandards OPCO Ventures Mar 2025 a Series of CGF2021 LLC,D,20251107,edgar/data/2091648/0002091648-25-000001.txt
2091667,"PU-1003 Fund I, a series of MV Funds, LP",D,20251107,edgar/data/2091667/0002091667-25-000001.txt
2092193,"Atlantic Park Strategic Capital Fund III (Offshore) Feeder A, LLC",D,20251107,edgar/data/2092193/0000950142-25-002910.txt
2092423,WERYO Inc.,D,20251107,edgar/data/2092423/0002041806-25-000534.txt
2092637,Poloidal Capital LiquidAlpha (US) Fund LP,D,20251107,edgar/data/2092637/0002092637-25-000001.txt
2092665,"AR-0909 Fund I, a series of JJ Fliegelman Funds, LP",D,20251107,edgar/data/2092665/0002092665-25-000001.txt
2092882,"Latitude at Wescott Investments, LLC",D,20251107,edgar/data/2092882/0002092882-25-000001.txt
2092999,"MomSeed2025, a series of Jibe Partnership Holdings, LP",D,20251107,edgar/data/2092999/0002092999-25-000001.txt
2093349,GWP Series 3 HOLDING LLC,D,20251107,edgar/data/2093349/0002093349-25-000001.txt
2093688,"Arctic US Aggregator, LP",D,20251107,edgar/data/2093688/0002093688-25-000001.txt
2094054,"Stokes Rd Investment Partners, LP",D,20251107,edgar/data/2094054/0002094054-25-000001.txt
2094128,"Rolling Hills TIC 2, LLC",D,20251107,edgar/data/2094128/0002094128-25-000001.txt
2094145,NexPoint Small Bay III DST,D,20251107,edgar/data/2094145/0002094145-25-000001.txt
2094637,"GrayHair Venture Partners Fund I, LP",D,20251107,edgar/data/2094637/0002094637-25-000001.txt
2094696,"1789 REAL ESTATE FUND I, LP",D,20251107,edgar/data/2094696/0002094696-25-000001.txt
2094726,"Duke Capital Partners 2509A, a series of V360 Holdings LLC",D,20251107,edgar/data/2094726/0002094726-25-000001.txt
2094727,"Duke Capital Partners 2508B, a series of V360 Holdings LLC",D,20251107,edgar/data/2094727/0002094727-25-000001.txt
2094729,"Duke Capital Partners 2508A, a series of V360 Holdings LLC",D,20251107,edgar/data/2094729/0002094729-25-000001.txt
2094786,Hyalite Capital Partners LLC.,D,20251107,edgar/data/2094786/0002094786-25-000001.txt
2094812,MVP LS FUND DCI LLC,D,20251107,edgar/data/2094812/0002094812-25-000001.txt
2094885,"CO-1013 Fund I, a series of Roll Up Vehicles, LP",D,20251107,edgar/data/2094885/0002094885-25-000001.txt
2094899,"Engineering Capital Fund V, L.P.",D,20251107,edgar/data/2094899/0002094899-25-000001.txt
2094934,"AMOCL-Bannockburn, LLC",D,20251107,edgar/data/2094934/0002094934-25-000001.txt
2095186,American Critical Minerals Corp.,D,20251107,edgar/data/2095186/0000912282-25-001201.txt
2095235,Onex Lego Co-Invest LP,D,20251107,edgar/data/2095235/0002095235-25-000001.txt
2095360,"Social Links, Inc.",D,20251107,edgar/data/2095360/0002095360-25-000001.txt
2095425,Whispering Pines DHC LLC,D,20251107,edgar/data/2095425/0002095425-25-000001.txt
2095475,"TM VC2, LLC",D,20251107,edgar/data/2095475/0002095475-25-000001.txt
2095479,American Elm LP,D,20251107,edgar/data/2095479/0002095479-25-000001.txt
2095513,HWK Hockey LLC,D,20251107,edgar/data/2095513/0002095513-25-000001.txt
2095525,"Breed VC SPV IV, a series of GCRx Master LLC",D,20251107,edgar/data/2095525/0002095525-25-000001.txt
2095542,Banyan Newco LLC,D,20251107,edgar/data/2095542/0002081111-25-000030.txt
2095550,Definition II-A LLC,D,20251107,edgar/data/2095550/0002095550-25-000001.txt
2095600,Legacy Knight Strategic Opportunities Fund - Dislocation Series,D,20251107,edgar/data/2095600/0002095600-25-000001.txt
2095619,Honest Repairs October 2025 a Series of CGF2021 LLC,D,20251107,edgar/data/2095619/0002095619-25-000001.txt
2095620,LION26 I a Series of CGF2021 LLC,D,20251107,edgar/data/2095620/0002095620-25-000001.txt
2095621,52SBC Organicore SPV I a Series of CGF2021 LLC,D,20251107,edgar/data/2095621/0002095621-25-000001.txt
2095623,CC ANTH I a Series of CGF2021 LLC,D,20251107,edgar/data/2095623/0002095623-25-000001.txt
2095624,KOSH EREBOR I Sep 2025 a Series of CGF2021 LLC,D,20251107,edgar/data/2095624/0002095624-25-000001.txt
2095625,Deora Ventures DBOS I a Series of CGF2021 LLC,D,20251107,edgar/data/2095625/0002095625-25-000001.txt
2095626,Olli Health Oct 2025 a Series of CGF2021 LLC,D,20251107,edgar/data/2095626/0002095626-25-000001.txt
2095627,DPV Kraken I a Series of DataPower Capital Partners LLC,D,20251107,edgar/data/2095627/0002095627-25-000001.txt
2095628,PSL SCOUT Aug 2025 a Series of CGF2021 LLC,D,20251107,edgar/data/2095628/0002095628-25-000001.txt
2095629,Indemn SAFE Sep 2025 a Series of CGF2021 LLC,D,20251107,edgar/data/2095629/0002095629-25-000001.txt
2095630,Standard Dental Seed Oct 2025 a Series of CGF2021 LLC,D,20251107,edgar/data/2095630/0002095630-25-000001.txt
2095631,Cob Sep 2025 a Series of CGF2021 LLC,D,20251107,edgar/data/2095631/0002095631-25-000001.txt
2095632,Dev AI II Oct 2025 a Series of CGF2021 LLC,D,20251107,edgar/data/2095632/0002095632-25-000001.txt
2095633,Straia Pre Seed May 2025 a Series of CGF2021 LLC,D,20251107,edgar/data/2095633/0002095633-25-000001.txt
2095634,Erebor September 2025 a Series of CGF2021 LLC,D,20251107,edgar/data/2095634/0002095634-25-000001.txt
2095635,GV Neurophos SPV Oct 2025 a Series of CGF2021 LLC,D,20251107,edgar/data/2095635/0002095635-25-000001.txt
2095649,"AcQumen Medical, Inc.",D,20251107,edgar/data/2095649/0002095649-25-000001.txt
2095652,"NVC Stord SPV, LLC",D,20251107,edgar/data/2095652/0002095652-25-000001.txt
2095661,Riverstone Core Assets INC.,D,20251107,edgar/data/2095661/0002095661-25-000001.txt
2095666,"GLEAN-2, a series of ALEXTAR VC, LLC",D,20251107,edgar/data/2095666/0002095666-25-000002.txt
2095671,"GLEAN-3, a series of ALEXTAR VC, LLC",D,20251107,edgar/data/2095671/0002095671-25-000001.txt
2095675,NAVIS REIT I LLC,D,20251107,edgar/data/2095675/0002095675-25-000001.txt
2095705,Raton Pass Investments LP,D,20251107,edgar/data/2095705/0002095705-25-000001.txt
2095711,America's Real Deal PE Fund LP,D,20251107,edgar/data/2095711/0002095711-25-000001.txt
2095715,SERIES 1 OF SEVENS INVESTMENT PARTNERS LLC,D,20251107,edgar/data/2095715/0002095715-25-000001.txt
2095733,"AMO-OE Bannockburn JV, LLC",D,20251107,edgar/data/2095733/0002095733-25-000001.txt
2095800,"GSD Investment Fund, LLC (GSD Investment Fund, LLC - Series 4)",D,20251107,edgar/data/2095800/0002095800-25-000001.txt
2095818,Linse Ignition 0m LP,D,20251107,edgar/data/2095818/0002095818-25-000001.txt
2095874,Pervaporation Science Inc.,D,20251107,edgar/data/2095874/0002095874-25-000001.txt
2095881,Careforce Inc.,D,20251107,edgar/data/2095881/0002095881-25-000001.txt
2095890,"EN-1029 Fund I, a series of Roll Up Vehicles, LP",D,20251107,edgar/data/2095890/0002095890-25-000001.txt
2095948,"SCP Income Fund, LLC",D,20251107,edgar/data/2095948/0001096906-25-001770.txt
2095960,"eGC II-14, LLC",D,20251107,edgar/data/2095960/0002095960-25-000001.txt
2095997,EAU CLAIRE EVENTS LLC,D,20251107,edgar/data/2095997/0002095997-25-000001.txt
2096005,Tribeca Resources Corp,D,20251107,edgar/data/2096005/0001062993-25-016549.txt
2096118,"Fortress Green, LLC",D,20251107,edgar/data/2096118/0002096118-25-000001.txt
1078013,"GREAT LAKES ADVISORS, LLC",D,20251110,edgar/data/1078013/0001078013-25-000009.txt
1078013,"GREAT LAKES ADVISORS, LLC",D,20251110,edgar/data/1078013/0001078013-25-000010.txt
1307926,South Star Battery Metals Corp.,D,20251110,edgar/data/1307926/0002060755-25-000052.txt
1365067,Boston Common International Social Fund LLC,D,20251110,edgar/data/1365067/0001365067-25-000002.txt
1424864,Rise Gold Corp.,D,20251110,edgar/data/1424864/0002064835-25-000031.txt
1437213,"Coastal Carolina Bancshares, Inc.",D,20251110,edgar/data/1437213/0001437213-25-000004.txt
1498382,"TuHURA Biosciences, Inc./NV",D,20251110,edgar/data/1498382/0001498382-25-000004.txt
1611687,"TearSolutions, Inc.",D,20251110,edgar/data/1611687/0001477932-25-008012.txt
1621221,"ARTELO BIOSCIENCES, INC.",D,20251110,edgar/data/1621221/0001640334-25-001998.txt
1724977,"OPEN DOORS PARTNERS, LLC",D,20251110,edgar/data/1724977/0001724977-25-000012.txt
1727532,"Blueshift Synergy Fund, LP",D,20251110,edgar/data/1727532/0001727532-25-000002.txt
1727533,"Blueshift Synergy Offshore Fund, Ltd",D,20251110,edgar/data/1727533/0001727533-25-000002.txt
1730395,LIFEMARK REINSURANCE Co,D,20251110,edgar/data/1730395/0001730395-25-000003.txt
1744108,"East Gate SPE, LLC",D,20251110,edgar/data/1744108/0001744108-25-000007.txt
1755010,EPALEX Corp,D,20251110,edgar/data/1755010/0001755010-25-000003.txt
1776021,"BioLoomics, Inc.",D,20251110,edgar/data/1776021/0001776021-25-000003.txt
1804792,ARES STRATEGIC MINING INC.,D,20251110,edgar/data/1804792/0001493152-25-021544.txt
1837254,Functional Brands Inc.,D,20251110,edgar/data/1837254/0001213900-25-108065.txt
1856725,"Rani Therapeutics Holdings, Inc.",D,20251110,edgar/data/1856725/0001231919-25-000450.txt
1894153,"Metallomix, Inc",D,20251110,edgar/data/1894153/0001894153-25-000004.txt
1911212,"PCI Power, LLC",D,20251110,edgar/data/1911212/0001911212-25-000005.txt
1944133,"VRGL, Inc.",D,20251110,edgar/data/1944133/0001944133-25-000002.txt
1963585,Upward Financial Inc.,D,20251110,edgar/data/1963585/0001963585-25-000002.txt
1974180,"Different Kind, Inc.",D,20251110,edgar/data/1974180/0001974180-25-000002.txt
2027094,Narada AI Inc.,D,20251110,edgar/data/2027094/0002027094-25-000002.txt
2032434,ALTHEA TECHNOLOGIES PBC,D,20251110,edgar/data/2032434/0002032434-25-000004.txt
2039267,Technova Industries Inc.,D,20251110,edgar/data/2039267/0002039267-25-000002.txt
2075764,"Domus ES, LLC",D,20251110,edgar/data/2075764/0001013594-25-001350.txt
2080009,Vintage Infrastructure Partners II Offshore SCSp,D,20251110,edgar/data/2080009/0002080009-25-000001.txt
2080633,Vintage Infrastructure Partners II LP,D,20251110,edgar/data/2080633/0002080633-25-000001.txt
2082405,"Cardone Equity Fund 27, LLC",D,20251110,edgar/data/2082405/0002082405-25-000001.txt
2084213,"Qiming Venture Partners IX-A, L.P.",D,20251110,edgar/data/2084213/0001231919-25-000454.txt
2084217,"Qiming Venture Partners IX-B, L.P.",D,20251110,edgar/data/2084217/0001231919-25-000454.txt
2085685,"BECP Feeder, L.P.",D,20251110,edgar/data/2085685/0002085685-25-000005.txt
2086430,Fund FG-ASP a series of Forge Investments LLC,D,20251110,edgar/data/2086430/0002086430-25-000001.txt
2086550,"RxSaveCard, Inc.",D,20251110,edgar/data/2086550/0002086550-25-000001.txt
2086620,"New-PU-0902 Fund I, a series of AngelList Funds 2025, LP",D,20251110,edgar/data/2086620/0002086620-25-000001.txt
2086919,"Inevitable-TI-09031 Fund I, a series of AngelList Funds 2025, LP",D,20251110,edgar/data/2086919/0002086919-25-000001.txt
2088328,Gotham Triple Exchange Fund LP,D,20251110,edgar/data/2088328/0001013594-25-001349.txt
2088340,"ELPS Capital Fund II, LP",D,20251110,edgar/data/2088340/0002088340-25-000001.txt
2088428,"Altimeter Rocky Mountain Fund I, L.P.",D,20251110,edgar/data/2088428/0002088428-25-000001.txt
2088739,"Bulldog 2025, L.P.",D,20251110,edgar/data/2088739/0002088739-25-000001.txt
2089847,"PCIH Series 17 a Series of Piedmont Capital Investment Holdings, LLC",D,20251110,edgar/data/2089847/0002089847-25-000001.txt
2089853,"AVSF - Kapital 2025, LLC",D,20251110,edgar/data/2089853/0002089853-25-000001.txt
2090166,"Backbone, LLC",D,20251110,edgar/data/2090166/0002090166-25-000001.txt
2090234,"LIT Financial Corporation, Inc.",D,20251110,edgar/data/2090234/0002090234-25-000005.txt
2090488,EquityZen Growth Technology Fund LLC - Series 2198,D,20251110,edgar/data/2090488/0002090488-25-000001.txt
2090561,Illini Angels LLC - Series 8983,D,20251110,edgar/data/2090561/0002090561-25-000001.txt
2091188,Brighton 48 LLC,D,20251110,edgar/data/2091188/0002091188-25-000001.txt
2091288,"OHA Liquid MAC Fund, L.P.",D,20251110,edgar/data/2091288/0000950142-25-002928.txt
2091312,"Ultraspice Opportunity - ALP, LP",D,20251110,edgar/data/2091312/0001315863-25-000787.txt
2091931,"Soundcore Fund III REP CI-A, LP",D,20251110,edgar/data/2091931/0002091931-25-000001.txt
2091933,"Soundcore Fund III REP CI, LP",D,20251110,edgar/data/2091933/0002091933-25-000001.txt
2091957,EQT Active Core Infrastructure Feeder (No.3) EUR SCSp,D,20251110,edgar/data/2091957/0002091957-25-000001.txt
2091958,EQT Active Core Infrastructure (No.2) LP,D,20251110,edgar/data/2091958/0002091958-25-000001.txt
2091959,EQT Active Core Infrastructure Feeder (No.1) EUR SCSp,D,20251110,edgar/data/2091959/0002091959-25-000001.txt
2092250,NB Secondary Opportunities Offshore EU Fund VI SCSp,D,20251110,edgar/data/2092250/0002092250-25-000002.txt
2092329,CCA Opportunity Fund LP,D,20251110,edgar/data/2092329/0000919574-25-006540.txt
2092348,SHIFT54 TSI III Oct 2025 a Series of CGF2021 LLC,D,20251110,edgar/data/2092348/0002092348-25-000001.txt
2092375,"C26 HC OPPORTUNITY FUND, LP",D,20251110,edgar/data/2092375/0002092375-25-000001.txt
2092683,"ACG IV, L, LP",D,20251110,edgar/data/2092683/0001231919-25-000456.txt
2092771,SelfFull KSTC a Series of CGF2021 LLC,D,20251110,edgar/data/2092771/0002092771-25-000001.txt
2092907,EQT Active Core Infrastructure (No.1) SCSp,D,20251110,edgar/data/2092907/0002092907-25-000001.txt
2093004,"KO-1002 Fund II, a series of Multimodal Ventures, LP",D,20251110,edgar/data/2093004/0002093004-25-000001.txt
2093045,5Up3Down Fund LP,D,20251110,edgar/data/2093045/0002093045-25-000002.txt
2093172,EQT Active Core Infrastructure (No.3) SCSp,D,20251110,edgar/data/2093172/0002093172-25-000001.txt
2093428,Boyi Capital INC.,D,20251110,edgar/data/2093428/0002093428-25-000001.txt
2093569,"Retinex, Inc.",D,20251110,edgar/data/2093569/0002093569-25-000001.txt
2093742,"IV Series 17A, a Series of Ineffable Ventures Series, LLC",D,20251110,edgar/data/2093742/0002093742-25-000001.txt
2094097,ISAIAH MHC INVESTORS LLC,D,20251110,edgar/data/2094097/0002094097-25-000001.txt
2094149,Fulcrum Funds II SPC - Fulcrum Commodities Fund SP,D,20251110,edgar/data/2094149/0000902664-25-004812.txt
2094158,Fulcrum Funds II SPC - Fulcrum Horizon Fund SP,D,20251110,edgar/data/2094158/0000902664-25-004814.txt
2094160,OREP Knoll Crest JV LLC,D,20251110,edgar/data/2094160/0002094160-25-000001.txt
2094166,Fulcrum Horizon Fund LP,D,20251110,edgar/data/2094166/0000902664-25-004807.txt
2094331,"Avalor SPV 1, LLC",D,20251110,edgar/data/2094331/0002094331-25-000001.txt
2094340,"Long Path Co-Investment Fund #6, LP",D,20251110,edgar/data/2094340/0002094340-25-000002.txt
2094366,"KO-1020 Fund I, a series of LBS Investments I, LP",D,20251110,edgar/data/2094366/0002094366-25-000001.txt
2094431,Aspex Master Access LLC,D,20251110,edgar/data/2094431/0002094431-25-000001.txt
2094440,Aspex Master Access Offshore Ltd,D,20251110,edgar/data/2094440/0002094440-25-000001.txt
2094602,IronLeaf Equity Partners LLC,D,20251110,edgar/data/2094602/0002094602-25-000001.txt
2094627,"3G Fund 19, LLC",D,20251110,edgar/data/2094627/0002094627-25-000001.txt
2094689,"Automated Genius Labs, Inc.",D,20251110,edgar/data/2094689/0002094689-25-000001.txt
2094758,"Qiming Venture Partners IX-C, L.P.",D,20251110,edgar/data/2094758/0001231919-25-000454.txt
2094797,NB Secondary Opportunities Fund VI - G LP,D,20251110,edgar/data/2094797/0002094797-25-000001.txt
2094798,"Watershed Equity Fund, LLC",D,20251110,edgar/data/2094798/0002094798-25-000002.txt
2094871,NB Secondary Opportunities Offshore Fund VI - G LP,D,20251110,edgar/data/2094871/0002094871-25-000001.txt
2095067,"ECP VI Private Investors, LLC",D,20251110,edgar/data/2095067/0002095067-25-000001.txt
2095146,"ECP Blacktop Holdings, LLC",D,20251110,edgar/data/2095146/0002095146-25-000001.txt
2095172,Second Renaissance Fund LP,D,20251110,edgar/data/2095172/0000902664-25-004808.txt
2095175,Second Renaissance Fund Ltd,D,20251110,edgar/data/2095175/0000902664-25-004806.txt
2095283,"Daybreak Ventures Opportunities 1, LLC",D,20251110,edgar/data/2095283/0002095283-25-000001.txt
2095362,Exponent Fund LP,D,20251110,edgar/data/2095362/0002095362-25-000001.txt
2095363,BeeHive Capital Fund 1 LLC,D,20251110,edgar/data/2095363/0002095363-25-000001.txt
2095383,MHCP LP,D,20251110,edgar/data/2095383/0002095383-25-000001.txt
2095394,11-21 E. First Street Bubble LLC,D,20251110,edgar/data/2095394/0001193125-25-273682.txt
2095406,East Ventures 10 LP,D,20251110,edgar/data/2095406/0000898432-25-000880.txt
2095615,Abode Jul 2025 a Series of CGF2021 LLC,D,20251110,edgar/data/2095615/0002095615-25-000001.txt
2095741,"OC Xcimer Partners, LLC",D,20251110,edgar/data/2095741/0000914062-25-000005.txt
2095742,"OCIP Interconnect 5, LLC",D,20251110,edgar/data/2095742/0000914062-25-000007.txt
2095747,"Trident Waves Holdings, LLC",D,20251110,edgar/data/2095747/0002095747-25-000001.txt
2095751,"OCIP Interconnect 4, LLC",D,20251110,edgar/data/2095751/0000914062-25-000006.txt
2095753,"OCIP IXDC Texas, LLC",D,20251110,edgar/data/2095753/0000914062-25-000004.txt
2095782,E.R. TRUCK & EQUIPMENT Corp,D,20251110,edgar/data/2095782/0002095782-25-000001.txt
2095826,"BPEA EQT Mid-Market Growth Co-Investment Curie, SCSp",D,20251110,edgar/data/2095826/0002062357-25-000073.txt
2095829,Origins AI Inc,D,20251110,edgar/data/2095829/0002095829-25-000001.txt
2095865,GS ASSETS IV LLC,D,20251110,edgar/data/2095865/0002095865-25-000001.txt
2095878,Pipedream I a Series of Republic Deal Room Master Fund LLC,D,20251110,edgar/data/2095878/0002095878-25-000001.txt
2095879,Endolith 32 II a Series of Denver Angels LLC,D,20251110,edgar/data/2095879/0002095879-25-000001.txt
2095882,Zact Growth a Series of Alpha By Design LLC,D,20251110,edgar/data/2095882/0002095882-25-000001.txt
2095933,Bravo Series of Ehrenberg Chesler Capital Partners LLC,D,20251110,edgar/data/2095933/0002095933-25-000001.txt
2095944,"Bespoke Industrial Evergreen Income Fund, LP",D,20251110,edgar/data/2095944/0002095944-25-000001.txt
2096001,Garage Syndicate Venture LLC - Series 4,D,20251110,edgar/data/2096001/0002096001-25-000001.txt
2096010,Waterline Development Corp,D,20251110,edgar/data/2096010/0002096010-25-000001.txt
2096043,Duration Group Holdings LLC,D,20251110,edgar/data/2096043/0002096043-25-000001.txt
2096050,KarmaPrep Capital,D,20251110,edgar/data/2096050/0002096050-25-000001.txt
2096064,IronTrust Ltd,D,20251110,edgar/data/2096064/0002096064-25-000001.txt
2096072,Ameru Global Investors Fund 1 LLC,D,20251110,edgar/data/2096072/0002096072-25-000001.txt
2096074,BANCEX Capital Ltd,D,20251110,edgar/data/2096074/0002096074-25-000001.txt
2096086,Polis MedTech Ventures LLC - Series 4,D,20251110,edgar/data/2096086/0002096086-25-000001.txt
2096098,"Sazze Olive International SPV, LP",D,20251110,edgar/data/2096098/0001470831-25-000300.txt
2096102,Polis MedTech Ventures LLC - Series 3,D,20251110,edgar/data/2096102/0002096102-25-000001.txt
2096107,"CFLeR Co., Ltd.",D,20251110,edgar/data/2096107/0002096107-25-000001.txt
2096112,Fusion VC SPV Hoopo LLC,D,20251110,edgar/data/2096112/0002096112-25-000001.txt
2096113,Fusion VC II LP,D,20251110,edgar/data/2096113/0002096113-25-000001.txt
2096130,Kneads Holding Group Inc.,D,20251110,edgar/data/2096130/0002096130-25-000001.txt
2096181,"Alkeon Innovation Series, LP - Alpha",D,20251110,edgar/data/2096181/0000935836-25-000651.txt
2096183,Litquidity Venutes Fund LLC - Series 29,D,20251110,edgar/data/2096183/0002096183-25-000001.txt
2096254,"ATLAS STRUCTURES, LLC",D,20251110,edgar/data/2096254/0002096254-25-000001.txt
728240,METROPOLITAN TOWER LIFE INSURANCE CO,D,20251110,edgar/data/728240/0000728240-25-000002.txt
1178660,Standard Dental Labs Inc.,D,20251112,edgar/data/1178660/0000912282-25-001236.txt
1470129,VisitIQ Corp.,D,20251112,edgar/data/1470129/0001753926-25-001751.txt
1533040,Phio Pharmaceuticals Corp.,D,20251112,edgar/data/1533040/0001123292-25-000633.txt
1593783,MIDNIGHT SUN MINING CORP.,D,20251112,edgar/data/1593783/0001062993-25-016687.txt
1613576,"Octane Lending, Inc.",D,20251112,edgar/data/1613576/0000950103-25-014596.txt
1620259,REGENT CAPITAL CORP,D,20251112,edgar/data/1620259/0001620259-25-000002.txt
1621672,"Super League Enterprise, Inc.",D,20251112,edgar/data/1621672/0001621672-25-000005.txt
1642006,"Notarize, Inc.",D,20251112,edgar/data/1642006/0001642006-25-000002.txt
1682558,Alexander Capital Ventures LLC,D,20251112,edgar/data/1682558/0001682558-25-000016.txt
1682558,Alexander Capital Ventures LLC,D,20251112,edgar/data/1682558/0001682558-25-000018.txt
1687006,"Caliber UX, Inc.",D,20251112,edgar/data/1687006/0001687006-25-000002.txt
1687466,"PIPr Therapeutics, Inc.",D,20251112,edgar/data/1687466/0001687466-25-000004.txt
1777607,MyndTec Inc.,D,20251112,edgar/data/1777607/0001062993-25-016653.txt
1795076,Deinde Medical Corp.,D,20251112,edgar/data/1795076/0001795076-25-000003.txt
1806347,Westrock Coffee Co,D,20251112,edgar/data/1806347/0001104659-25-110419.txt
1823161,Prometheus Therapeutics Inc.,D,20251112,edgar/data/1823161/0001823161-25-000002.txt
1826011,"Banzai International, Inc.",D,20251112,edgar/data/1826011/0001493152-25-021626.txt
1842730,"Alec's Ice Cream, Inc.",D,20251112,edgar/data/1842730/0001842730-25-000002.txt
1842730,"Alec's Ice Cream, Inc.",D,20251112,edgar/data/1842730/0001842730-25-000003.txt
1856981,"Vibrant Planet, PBC",D,20251112,edgar/data/1856981/0001856981-25-000002.txt
1877814,"Levee Medical, Inc.",D,20251112,edgar/data/1877814/0001877814-25-000002.txt
1900780,"BuildWitt, Inc.",D,20251112,edgar/data/1900780/0001900780-25-000004.txt
1916679,Azra Games Inc.,D,20251112,edgar/data/1916679/0001916679-25-000003.txt
1920164,JFG Fund LLC,D,20251112,edgar/data/1920164/0001920164-25-000003.txt
1967080,"Iron Lilly, LLC",D,20251112,edgar/data/1967080/0001967080-25-000005.txt
1969417,Planck Holdings LLC - Series 2023E,D,20251112,edgar/data/1969417/0001969417-25-000002.txt
1973574,"Saluda Medical, Inc.",D,20251112,edgar/data/1973574/0001973574-25-000002.txt
1992621,"Appion Solutions, Inc.",D,20251112,edgar/data/1992621/0001042167-25-000060.txt
1996666,Lord Abbett Credit Opportunities Fund LP,D,20251112,edgar/data/1996666/0001996666-25-000003.txt
1999103,Equivico Rise I LLC,D,20251112,edgar/data/1999103/0000919574-25-006589.txt
2000597,Apollo Asset Backed Credit Co LLC,D,20251112,edgar/data/2000597/0002000597-25-000003.txt
2015207,"Maybell Quantum Industries, Inc.",D,20251112,edgar/data/2015207/0002015207-25-000002.txt
2017649,Endolith Inc.,D,20251112,edgar/data/2017649/0002017649-25-000002.txt
2032880,Switched Source LLC,D,20251112,edgar/data/2032880/0002032880-25-000002.txt
2043151,"Stationwise, Inc.",D,20251112,edgar/data/2043151/0002043151-25-000002.txt
2043377,"Abramson Brothers Fund, LP",D,20251112,edgar/data/2043377/0002043377-25-000003.txt
2052901,"Align Ventures Co-Invest Fund, LP",D,20251112,edgar/data/2052901/0002052901-25-000011.txt
2065560,GSP OTTO Access Fund LLC,D,20251112,edgar/data/2065560/0002065560-25-000003.txt
2072501,"AAA Storage Growth Fund II, LLC",D,20251112,edgar/data/2072501/0002072501-25-000001.txt
2074315,"Shelfmark, Inc.",D,20251112,edgar/data/2074315/0002074315-25-000001.txt
2074324,DJB Azusa Investors LLC,D,20251112,edgar/data/2074324/0002074324-25-000001.txt
2074331,Azusa Investors LLC,D,20251112,edgar/data/2074331/0002074331-25-000003.txt
2074427,BPG Destination Holdings LLC,D,20251112,edgar/data/2074427/0002074427-25-000001.txt
2074448,25SCONS Co-Investment Limited Partnership,D,20251112,edgar/data/2074448/0002074448-25-000001.txt
2075442,"Acretrader 266, LLC",D,20251112,edgar/data/2075442/0002075442-25-000002.txt
2078048,BBA Capital Partners LLC,D,20251112,edgar/data/2078048/0002078048-25-000002.txt
2078590,3LP Crystal Lake MM LLC,D,20251112,edgar/data/2078590/0002078590-25-000001.txt
2079522,Grafine Direct Opportunities I LP,D,20251112,edgar/data/2079522/0002079522-25-000002.txt
2080441,"Corvex Holdings, LLC",D,20251112,edgar/data/2080441/0002080441-25-000001.txt
2080856,StepStone VC 2025-AL5 LP,D,20251112,edgar/data/2080856/0001012975-25-000725.txt
2081527,Alpha Ascent Cogent LLC,D,20251112,edgar/data/2081527/0001470831-25-000307.txt
2082160,Stafford International Timberland Continuation Fund SCSp,D,20251112,edgar/data/2082160/0002082160-25-000001.txt
2082827,"BVP Forge II, L.P.",D,20251112,edgar/data/2082827/0002082827-25-000001.txt
2082829,"BVP Forge II Parallel, L.P",D,20251112,edgar/data/2082829/0002082829-25-000001.txt
2082832,"BVP Forge II Institutional, L.P.",D,20251112,edgar/data/2082832/0002082832-25-000001.txt
2082834,"BVP Forge II Institutional A, L.P.",D,20251112,edgar/data/2082834/0002082834-25-000001.txt
2084063,"hostU, Inc.",D,20251112,edgar/data/2084063/0002084063-25-000001.txt
2084063,"hostU, Inc.",D,20251112,edgar/data/2084063/0002084063-25-000002.txt
2084564,"POST OAK PARK MONROVIA PARTNERS, LLC",D,20251112,edgar/data/2084564/0002084564-25-000001.txt
2085492,EquityZen Growth Technology Fund LLC - Series 2166,D,20251112,edgar/data/2085492/0002085492-25-000001.txt
2085504,EquityZen Growth Technology Fund LLC - Series 2167,D,20251112,edgar/data/2085504/0002085504-25-000001.txt
2085512,EquityZen Growth Opportunity Fund XI LLC - Series 2,D,20251112,edgar/data/2085512/0002085512-25-000001.txt
2085513,EquityZen Growth Opportunity Fund XI LLC - Series 1,D,20251112,edgar/data/2085513/0002085513-25-000001.txt
2085993,Global Critical Resources Corp,D,20251112,edgar/data/2085993/0002085993-25-000001.txt
2086467,"Dimensional Datapoints, Inc.",D,20251112,edgar/data/2086467/0002086467-25-000004.txt
2087335,"LU-0910 Fund II, a series of MV Funds, LP",D,20251112,edgar/data/2087335/0002087335-25-000001.txt
2088298,Bregal Milestone III-A SCSp,D,20251112,edgar/data/2088298/0002088298-25-000001.txt
2088313,KRE Credit Fund A LP,D,20251112,edgar/data/2088313/0002088313-25-000002.txt
2088368,"Jackson Rose Venture II, LLC - Series J",D,20251112,edgar/data/2088368/0002088368-25-000001.txt
2088665,"SA-0919 Fund II, a series of MV Funds, LP",D,20251112,edgar/data/2088665/0002088665-25-000001.txt
2088877,"Bitcoin Denominator Group, LP",D,20251112,edgar/data/2088877/0001096906-25-001795.txt
2090178,Copernicus Hedge Fund LP,D,20251112,edgar/data/2090178/0002090178-25-000001.txt
2090623,"Thrive Capital Partners VII-B, LLC",D,20251112,edgar/data/2090623/0001012975-25-000731.txt
2091051,Congo Food Inc,D,20251112,edgar/data/2091051/0002091051-25-000001.txt
2091806,"YO-1007 Fund I, a series of Andrew Tan Investments, LP",D,20251112,edgar/data/2091806/0002091806-25-000001.txt
2092055,ECM Fund 62 LLC,D,20251112,edgar/data/2092055/0002092055-25-000001.txt
2092121,AZJAH34 LLC,D,20251112,edgar/data/2092121/0002092121-25-000001.txt
2092125,SPC North Carolina Portfolio LLC,D,20251112,edgar/data/2092125/0002092125-25-000001.txt
2092158,AZJAH35 LLC,D,20251112,edgar/data/2092158/0002092158-25-000001.txt
2092169,"BIP WATERFALL FUND I-QP, LLC",D,20251112,edgar/data/2092169/0002092169-25-000001.txt
2092233,Seezo Inc.,D,20251112,edgar/data/2092233/0002092233-25-000001.txt
2092293,Allegro PRB Fund I LP,D,20251112,edgar/data/2092293/0000929638-25-004232.txt
2092386,"Series Eclipse, a series of TE Holdings I LLC",D,20251112,edgar/data/2092386/0002092386-25-000001.txt
2092405,"Gryphon Heritage Partners II-A, L.P.",D,20251112,edgar/data/2092405/0002092405-25-000003.txt
2092407,"Gryphon Heritage Partners II, L.P.",D,20251112,edgar/data/2092407/0002092407-25-000003.txt
2092597,OVC Fund 9 LLC,D,20251112,edgar/data/2092597/0002092597-25-000001.txt
2092638,"RE-1003 Fund II, a series of Shenandoah Cyber, LP",D,20251112,edgar/data/2092638/0002092638-25-000001.txt
2092709,Kumo Capital Series 1 LLC,D,20251112,edgar/data/2092709/0002092709-25-000001.txt
2092711,ALG North Carolina Portfolio LLC,D,20251112,edgar/data/2092711/0002092711-25-000001.txt
2092714,Kumo Capital Series 2 LLC,D,20251112,edgar/data/2092714/0002092714-25-000001.txt
2092719,Kumo Capital Series 3 LLC,D,20251112,edgar/data/2092719/0002092719-25-000001.txt
2093045,5Up3Down Fund LP,D,20251112,edgar/data/2093045/0002093045-25-000004.txt
2093063,"Equitybee 22-16189, a Series of Equitybee cFund Master LLC",D,20251112,edgar/data/2093063/0002093063-25-000001.txt
2093064,"Equitybee 22-30520, a Series of Equitybee cFund Master LLC",D,20251112,edgar/data/2093064/0002093064-25-000001.txt
2093065,"Equitybee 22-45614, a Series of Equitybee cFund Master LLC",D,20251112,edgar/data/2093065/0002093065-25-000001.txt
2093065,"Equitybee 22-45614, a Series of Equitybee cFund Master LLC",D,20251112,edgar/data/2093065/0002093065-25-000002.txt
2093067,"Equitybee 22-31283, a Series of Equitybee cFund Master LLC",D,20251112,edgar/data/2093067/0002093067-25-000002.txt
2093103,"Round 2 Holdings, LLC",D,20251112,edgar/data/2093103/0002093103-25-000001.txt
2093113,Praesidian R2 SPV LLC,D,20251112,edgar/data/2093113/0002093113-25-000001.txt
2093151,"AC Dominion, LLC",D,20251112,edgar/data/2093151/0002093151-25-000003.txt
2093205,"American Ventures LLC, Series XXVI PRE",D,20251112,edgar/data/2093205/0002093205-25-000001.txt
2093312,"Atlas Access Fund II, L.P.",D,20251112,edgar/data/2093312/0002093312-25-000001.txt
2093447,"CIT Parent, LLC",D,20251112,edgar/data/2093447/0002093447-25-000001.txt
2093511,"UP Ventures SPV M2, LLC",D,20251112,edgar/data/2093511/0002093511-25-000001.txt
2093528,AAI - North Carolina Portfolio LLC,D,20251112,edgar/data/2093528/0002093528-25-000001.txt
2093586,"Angel Collective Opportunity Fund, LP - E4",D,20251112,edgar/data/2093586/0002093586-25-000001.txt
2094003,"Safe Robotics, Inc.",D,20251112,edgar/data/2094003/0002094003-25-000001.txt
2094064,"NC Global, LP - NC Cohere Series II",D,20251112,edgar/data/2094064/0002094064-25-000002.txt
2094118,M/ Noel Road JV LLC,D,20251112,edgar/data/2094118/0002094118-25-000001.txt
2094134,13100 Noel Road JV LLC,D,20251112,edgar/data/2094134/0002094134-25-000001.txt
2094182,"Stellar Placement Holdings LLC, Series 4S",D,20251112,edgar/data/2094182/0002094182-25-000002.txt
2094198,"Presidential Suites & Storage, LLC",D,20251112,edgar/data/2094198/0002094198-25-000001.txt
2094300,"Toranomon PE Co-Invest Fund 1, L.P.",D,20251112,edgar/data/2094300/0002094300-25-000001.txt
2094334,Aravalli ABF II Feeder LP,D,20251112,edgar/data/2094334/0000929638-25-004219.txt
2094335,Aravalli ABF II LP,D,20251112,edgar/data/2094335/0000929638-25-004218.txt
2094336,TSO 10 Well Joint Venture,D,20251112,edgar/data/2094336/0001654954-25-012873.txt
2094545,"GPIF Colonnade Office Partners, LP",D,20251112,edgar/data/2094545/0002094545-25-000001.txt
2094605,"Lakehouse Venture Partners IV, LP",D,20251112,edgar/data/2094605/0001470831-25-000308.txt
2094640,"YO-1021 Fund II, a series of Zachary Ginsburg Funds, LP",D,20251112,edgar/data/2094640/0002094640-25-000002.txt
2094866,"Foss Prime Fund 2025, LLC",D,20251112,edgar/data/2094866/0002094866-25-000001.txt
2094867,"Pine Tree State Fund, LLC",D,20251112,edgar/data/2094867/0002094867-25-000001.txt
2094900,Tiger Gold Corp.,D,20251112,edgar/data/2094900/0002064835-25-000034.txt
2094984,"HCI Equity Partners SPV I, L.P.",D,20251112,edgar/data/2094984/0002094984-25-000001.txt
2095012,"OneThirty Equity Fund L/S, LP",D,20251112,edgar/data/2095012/0002095012-25-000001.txt
2095090,DMSX Token LLC,D,20251112,edgar/data/2095090/0002095090-25-000001.txt
2095106,ULTRANATIVE 0.11 LLC,D,20251112,edgar/data/2095106/0002095106-25-000001.txt
2095178,Blue Owl Digital Infrastructure Trust Feeder LP,D,20251112,edgar/data/2095178/0002095178-25-000001.txt
2095185,BP Crusoe LP,D,20251112,edgar/data/2095185/0001231919-25-000457.txt
2095198,"Series 75 EX 2-3-6 of Infinity Texas Investments, LLC",D,20251112,edgar/data/2095198/0002095198-25-000001.txt
2095240,Nidhiskh Investments LP,D,20251112,edgar/data/2095240/0002095240-25-000001.txt
2095247,"Foundry-Logic, Inc.",D,20251112,edgar/data/2095247/0002095247-25-000001.txt
2095274,"American Ventures LLC, Series XXXI QLE",D,20251112,edgar/data/2095274/0002095274-25-000001.txt
2095309,"Canary Purchaser, LP",D,20251112,edgar/data/2095309/0001683168-25-008163.txt
2095310,"Canary Co-Invest, LP",D,20251112,edgar/data/2095310/0001683168-25-008162.txt
2095332,CO CAPITAL FROM NATURE TO NURTURE FUND LP,D,20251112,edgar/data/2095332/0002095332-25-000001.txt
2095432,"Artet Group Investors IV, LLC",D,20251112,edgar/data/2095432/0002095432-25-000001.txt
2095730,ether.fi Ventures Fund I LP,D,20251112,edgar/data/2095730/0002095730-25-000001.txt
2095734,"Corduroy Capital Holdings, LLC",D,20251112,edgar/data/2095734/0002095734-25-000001.txt
2095828,Adjacent V4 LP,D,20251112,edgar/data/2095828/0002095828-25-000001.txt
2095903,"AiStrike, Inc.",D,20251112,edgar/data/2095903/0002095903-25-000002.txt
2095914,"WEM 1507 Tucker, LLC",D,20251112,edgar/data/2095914/0002095914-25-000001.txt
2095951,"V406, LLC",D,20251112,edgar/data/2095951/0002095951-25-000001.txt
2095966,"iCapital-Harbinger Sports Partners Fund I Access Fund, L.P.",D,20251112,edgar/data/2095966/0002095966-25-000001.txt
2096052,Aristata Impact Litigation Fund (2) LP,D,20251112,edgar/data/2096052/0002096052-25-000001.txt
2096076,Nest Fund 1 LLC,D,20251112,edgar/data/2096076/0002096076-25-000001.txt
2096097,"Red Stag Fund 1, LP",D,20251112,edgar/data/2096097/0002096097-25-000001.txt
2096116,"18425 Wheeler Rd - Investors, LLC",D,20251112,edgar/data/2096116/0002096116-25-000001.txt
2096117,"18425 Wheeler Rd - Capital Partners, LLC",D,20251112,edgar/data/2096117/0002096117-25-000001.txt
2096126,Triple Espresso Corp,D,20251112,edgar/data/2096126/0002096126-25-000001.txt
2096197,"Majestic Emerald, LLC",D,20251112,edgar/data/2096197/0002096197-25-000001.txt
2096225,OAI-1025 a Series of CGF2021 LLC,D,20251112,edgar/data/2096225/0002096225-25-000001.txt
2096227,Meadow AI Redstick Sep 2025 a Series of CGF2021 LLC,D,20251112,edgar/data/2096227/0002096227-25-000001.txt
2096229,AGC Replit III a Series of AGC AI Nexus Fund LLC,D,20251112,edgar/data/2096229/0002096229-25-000001.txt
2096230,AGC Replit IV a Series of AGC AI Nexus Fund LLC,D,20251112,edgar/data/2096230/0002096230-25-000001.txt
2096231,Collide SAFE a Series of CGF2021 LLC,D,20251112,edgar/data/2096231/0002096231-25-000001.txt
2096260,Ammortal Seed a Series of Anthropy Master LLC,D,20251112,edgar/data/2096260/0002096260-25-000001.txt
2096261,"MCM - Financial IX, LLC",D,20251112,edgar/data/2096261/0002096261-25-000001.txt
2096274,State Space a Series of Entrepreneur Ventures Labs LLC,D,20251112,edgar/data/2096274/0002096274-25-000001.txt
2096276,Open EB5 MidTown Pharr Fund LLC,D,20251112,edgar/data/2096276/0001731122-25-001515.txt
2096314,MCF Private Real Estate Fund I LP,D,20251112,edgar/data/2096314/0002096314-25-000001.txt
2096328,"Atomic Data Sciences, Inc.",D,20251112,edgar/data/2096328/0002096328-25-000001.txt
2096335,"Noogs, Inc.",D,20251112,edgar/data/2096335/0002096335-25-000001.txt
2096358,"REALAI, INC.",D,20251112,edgar/data/2096358/0002096358-25-000001.txt
2096373,2026 So Cal Fund LLC,D,20251112,edgar/data/2096373/0002096373-25-000001.txt
2096380,Qualiteq Capital LP,D,20251112,edgar/data/2096380/0002096380-25-000001.txt
2096383,AecorBio Inc.,D,20251112,edgar/data/2096383/0002096383-25-000001.txt
2096386,JANCB Holding LLC,D,20251112,edgar/data/2096386/0002096386-25-000001.txt
2096409,"Oak Creek Capital, LLC/OK",D,20251112,edgar/data/2096409/0002096409-25-000001.txt
2096445,State Bridge Lodge Holdings LLC,D,20251112,edgar/data/2096445/0002096445-25-000001.txt
2096461,"Rauch Capital Burst CLXXX, a series of Rauch Capital Burst, LP",D,20251112,edgar/data/2096461/0002096461-25-000001.txt
2096466,DOUGLAS 3656 LLC,D,20251112,edgar/data/2096466/0002096466-25-000001.txt
2096529,"UP PIV HOLDINGS, LLC",D,20251112,edgar/data/2096529/0002096529-25-000001.txt
1419828,GS Finance Corp.,D,20251113,edgar/data/1419828/0000950103-25-014686.txt
1419828,GS Finance Corp.,D,20251113,edgar/data/1419828/0000950103-25-014687.txt
1563190,"Compass, Inc.",D,20251113,edgar/data/1563190/0001563190-25-000199.txt
1565802,"Bear Creek Warehouse, LLC",D,20251113,edgar/data/1565802/0001565802-25-000003.txt
1601527,Gordon AD Venture Fund LLC,D,20251113,edgar/data/1601527/0001601527-25-000002.txt
1618948,"Micro Medical Solutions, Inc.",D,20251113,edgar/data/1618948/0001618948-25-000003.txt
1630572,Meridian Title & Escrow LLC,D,20251113,edgar/data/1630572/0001630572-25-000003.txt
1646188,Ondas Holdings Inc.,D,20251113,edgar/data/1646188/0001213900-25-110127.txt
1649572,"MR3 Health, Inc.",D,20251113,edgar/data/1649572/0001649572-25-000002.txt
1715181,"Paulson Capital Holding Company, LLC",D,20251113,edgar/data/1715181/0001715181-25-000006.txt
1724977,"OPEN DOORS PARTNERS, LLC",D,20251113,edgar/data/1724977/0001724977-25-000013.txt
1744333,"ELIXIRGEN THERAPEUTICS, INC.",D,20251113,edgar/data/1744333/0001744333-25-000004.txt
1768391,"PAXAFE, INC.",D,20251113,edgar/data/1768391/0001768391-25-000002.txt
1809269,"US Metro Bancorp, Inc.",D,20251113,edgar/data/1809269/0000892712-25-000150.txt
1812390,Fortune Bay Corp.,D,20251113,edgar/data/1812390/0000912282-25-001238.txt
1846636,"Neptune Topco Holdings, LLC",D,20251113,edgar/data/1846636/0001846636-25-000006.txt
1846636,"Neptune Topco Holdings, LLC",D,20251113,edgar/data/1846636/0001846636-25-000007.txt
1846637,"Neptune Management Topco Holdings, LLC",D,20251113,edgar/data/1846637/0001846637-25-000003.txt
1885535,HydroGraph Clean Power Inc.,D,20251113,edgar/data/1885535/0000891839-25-000122.txt
1896614,Foxglove Technologies Inc.,D,20251113,edgar/data/1896614/0001896614-25-000003.txt
1930625,Odyssey Wellness LLC,D,20251113,edgar/data/1930625/0001474506-25-000175.txt
1938034,"Neptune Management Holdings, LLC",D,20251113,edgar/data/1938034/0001938034-25-000005.txt
1957007,"Jelou, Inc.",D,20251113,edgar/data/1957007/0001957007-25-000002.txt
1977665,"Investcorp US Real Estate Employee Co-Investment Incentive, L.P.",D,20251113,edgar/data/1977665/0001977665-25-000005.txt
1980385,Thrivable Inc.,D,20251113,edgar/data/1980385/0001980385-25-000002.txt
1985652,"INCENTIV, INC.",D,20251113,edgar/data/1985652/0001985652-25-000002.txt
2001348,"MiddleGround Mobility Opportunity Fund II, L.P.",D,20251113,edgar/data/2001348/0000945621-25-001121.txt
2001452,"Code Metal, Inc.",D,20251113,edgar/data/2001452/0002001452-25-000003.txt
2029687,"EJJ HealthTech, Inc.",D,20251113,edgar/data/2029687/0002029687-25-000002.txt
2035265,"LEON MULTIFAMILY REAL ESTATE FUND, LP",D,20251113,edgar/data/2035265/0002035265-25-000003.txt
2037079,"Docuverus, Inc.",D,20251113,edgar/data/2037079/0002037079-25-000002.txt
2053471,"Datum Technology, Inc.",D,20251113,edgar/data/2053471/0002053471-25-000003.txt
2054400,MaxBalo Group Inc.,D,20251113,edgar/data/2054400/0002054400-25-000003.txt
2058551,Definition Opportunity VI LLC,D,20251113,edgar/data/2058551/0002058551-25-000004.txt
2059097,"NE-0227 Fund I, a series of Umami Capital, LP",D,20251113,edgar/data/2059097/0002059097-25-000003.txt
2059388,ATMOSPHERE CLEAR SPIRITS LLC,D,20251113,edgar/data/2059388/0002059388-25-000003.txt
2061530,Lenora Capital MultiStrategy Fund II LLC,D,20251113,edgar/data/2061530/0001012975-25-000744.txt
2062283,"Kind Homes, LLC",D,20251113,edgar/data/2062283/0002062283-25-000003.txt
2066313,599 Fund LLC,D,20251113,edgar/data/2066313/0001580642-25-007267.txt
2066836,Conexeu Sciences Inc.,D,20251113,edgar/data/2066836/0002060755-25-000054.txt
2069950,"Rythm Health, Inc.",D,20251113,edgar/data/2069950/0002069950-25-000001.txt
2071652,"HFS Waco Apartments, LP",D,20251113,edgar/data/2071652/0002071652-25-000001.txt
2071663,"Legora, Inc.",D,20251113,edgar/data/2071663/0002071663-25-000002.txt
2074331,Azusa Investors LLC,D,20251113,edgar/data/2074331/0002074331-25-000004.txt
2075811,AQR Flex 1 Series LLC - Series B4,D,20251113,edgar/data/2075811/0001405086-25-000337.txt
2076273,AQR Flex 1 Series LLC - Series A19,D,20251113,edgar/data/2076273/0001405086-25-000336.txt
2077264,AQR Flex 1 Series LLC - Series A22,D,20251113,edgar/data/2077264/0001405086-25-000335.txt
2077468,"POST ELLIOT BAYMEADOWS PARTNERS, LLC",D,20251113,edgar/data/2077468/0002077468-25-000001.txt
2081680,"F Street 92, LLC",D,20251113,edgar/data/2081680/0001042167-25-000062.txt
2081910,GLIDE DIRECT SERIES LLC - LEON PRIVATE WEALTH QP FUND,D,20251113,edgar/data/2081910/0002081910-25-000001.txt
2081980,Leon Healthcare Credit Opportunities Offshore Fund,D,20251113,edgar/data/2081980/0002081980-25-000001.txt
2082471,"AIHF I, a series of Artificial Intelligence in Health Fund, LP",D,20251113,edgar/data/2082471/0002082471-25-000001.txt
2082600,AQR Flex 1 Series LLC - Series F16,D,20251113,edgar/data/2082600/0001405086-25-000339.txt
2082601,AQR Flex 1 Series LLC - Series F15,D,20251113,edgar/data/2082601/0001405086-25-000338.txt
2083120,QEDLV LLC,D,20251113,edgar/data/2083120/0002083120-25-000001.txt
2083315,"ME-0626 Fund II, a series of Roll Up Vehicles, LP",D,20251113,edgar/data/2083315/0002083315-25-000001.txt
2084088,"SC-0723 Fund I, a series of AngelList-Forefront Venture Partners-Funds, LP",D,20251113,edgar/data/2084088/0002084088-25-000001.txt
2084549,"KRA15 SPV, a series of Riverside Ventures Self-Advised, LP",D,20251113,edgar/data/2084549/0002084549-25-000001.txt
2084677,"AU-0902 Fund II, a series of Riverside Ventures, LP",D,20251113,edgar/data/2084677/0002084677-25-000001.txt
2084884,"RE-0728 Fund I, a series of Umami Capital, LP",D,20251113,edgar/data/2084884/0002084884-25-000001.txt
2084894,"RE-0813 Fund I, a series of Jolt VC, LP",D,20251113,edgar/data/2084894/0002084894-25-000001.txt
2085506,EquityZen Growth Technology Fund LLC - Series 2164,D,20251113,edgar/data/2085506/0002085506-25-000001.txt
2085507,EquityZen Growth Technology Fund LLC - Series 2163,D,20251113,edgar/data/2085507/0002085507-25-000001.txt
2085672,"CER1 SPV, a series of Riverside Ventures Self-Advised, LP",D,20251113,edgar/data/2085672/0002085672-25-000001.txt
2085695,"HPC Omaha Co-Invest, L.P.",D,20251113,edgar/data/2085695/0002085695-25-000001.txt
2085790,"First Street Properties, LLC",D,20251113,edgar/data/2085790/0001437749-25-034528.txt
2085921,Really Good Oranges Ltd Liability Co,D,20251113,edgar/data/2085921/0002085921-25-000001.txt
2086063,"PR-0902 Fund II, a series of Karman Ventures, LP",D,20251113,edgar/data/2086063/0002086063-25-000001.txt
2086211,"Castlelake European Senior Secured Rated Feeder, L.P.",D,20251113,edgar/data/2086211/0002086211-25-000001.txt
2086519,Fund FG-ANT a Series of Forge Investments LLC,D,20251113,edgar/data/2086519/0002086519-25-000001.txt
2086566,"CAZ Founders Class - GPS Fund Investment, L.P.",D,20251113,edgar/data/2086566/0002086566-25-000001.txt
2087438,"Atlas Entitlement Equity Fund I, LP",D,20251113,edgar/data/2087438/0002087438-25-000001.txt
2087515,Quantum Eretz LLC,D,20251113,edgar/data/2087515/0002087515-25-000001.txt
2088240,"CAZ GP Stakes Founders Class Fund, L.P.",D,20251113,edgar/data/2088240/0002088240-25-000001.txt
2088881,"SL-0908 Fund I, a series of Exitfund Venture, LP",D,20251113,edgar/data/2088881/0002088881-25-000001.txt
2089738,"PSV MULTIPLI INVESTORS, LLC",D,20251113,edgar/data/2089738/0002089738-25-000001.txt
2090128,"Nusoma Real Estate Fund I, LP",D,20251113,edgar/data/2090128/0002090128-25-000001.txt
2090326,"Health-HT-0917 Fund I, a series of AngelList Funds 2025, LP",D,20251113,edgar/data/2090326/0002090326-25-000001.txt
2090339,"AP-0925 Fund II, a series of Riverside Ventures, LP",D,20251113,edgar/data/2090339/0002090339-25-000001.txt
2090628,"LB Access I, L.P.",D,20251113,edgar/data/2090628/0002090628-25-000001.txt
2090661,Illini Angels LLC - Series 8648,D,20251113,edgar/data/2090661/0002090661-25-000001.txt
2090981,Veriflight Inc.,D,20251113,edgar/data/2090981/0002090981-25-000004.txt
2091196,"Protego Xtend SPV, Limited Partnership",D,20251113,edgar/data/2091196/0002091196-25-000001.txt
2091808,"Intbox-VI-1006 Fund I, a series of AngelList Funds 2025, LP",D,20251113,edgar/data/2091808/0002091808-25-000001.txt
2092207,AZJAH36 LLC,D,20251113,edgar/data/2092207/0002092207-25-000001.txt
2092534,"Challenger Hospitality Investments, LLC",D,20251113,edgar/data/2092534/0002092534-25-000001.txt
2092634,"Caisson Elmwood Owner, LP",D,20251113,edgar/data/2092634/0002092634-25-000001.txt
2092681,MET PARTNERS II LLC,D,20251113,edgar/data/2092681/0002092681-25-000001.txt
2092909,"ProA Capital Investments Fund I, FCRE",D,20251113,edgar/data/2092909/0002092909-25-000001.txt
2092934,"ProA Capital Buyout Fund IV, F.C.R.",D,20251113,edgar/data/2092934/0002092934-25-000001.txt
2092959,ProA Capital Iberian Buyout Fund II F.C.R.,D,20251113,edgar/data/2092959/0002092959-25-000001.txt
2092988,"Medical Rx One, Inc.",D,20251113,edgar/data/2092988/0002092988-25-000001.txt
2093060,"Equitybee 22-16952, a Series of Equitybee cFund Master LLC",D,20251113,edgar/data/2093060/0002093060-25-000002.txt
2093093,Protego Ventures Fund Limited Partnership,D,20251113,edgar/data/2093093/0002093093-25-000001.txt
2093124,Marlow Group LLC,D,20251113,edgar/data/2093124/0002093124-25-000001.txt
2093138,"Protego Prisma SPV, Limited Partnership",D,20251113,edgar/data/2093138/0002093138-25-000001.txt
2093157,"VSS Structured Capital V, L.P.",D,20251113,edgar/data/2093157/0002093157-25-000001.txt
2093307,"SO VI Sunset Key Co-Invest, LLC",D,20251113,edgar/data/2093307/0002093307-25-000002.txt
2093330,ProA Capital Iberian Buyout Fund III F.C.R.,D,20251113,edgar/data/2093330/0002093330-25-000001.txt
2093357,Fengate Infrastructure Fund V (U.S.) L.P.,D,20251113,edgar/data/2093357/0002093357-25-000001.txt
2093359,Fengate Infrastructure Fund V (VCOC) L.P.,D,20251113,edgar/data/2093359/0002093359-25-000001.txt
2093361,Fengate Infrastructure Fund V (USQ) L.P.,D,20251113,edgar/data/2093361/0002093361-25-000001.txt
2093397,"VSS Structured Capital Parallel V, L.P.",D,20251113,edgar/data/2093397/0002093397-25-000001.txt
2093586,"Angel Collective Opportunity Fund, LP - E4",D,20251113,edgar/data/2093586/0002093586-25-000002.txt
2093687,Elevate Capital Fund III-A LP,D,20251113,edgar/data/2093687/0001231919-25-000465.txt
2093722,GO ROG LLC,D,20251113,edgar/data/2093722/0002093722-25-000004.txt
2093753,"CA-09231 Fund I, a series of Roll Up Vehicles, LP",D,20251113,edgar/data/2093753/0002093753-25-000001.txt
2093926,"HWMC Gainesville, LLC",D,20251113,edgar/data/2093926/0000914062-25-000008.txt
2094009,Elevate Capital Fund III LP,D,20251113,edgar/data/2094009/0001231919-25-000465.txt
2094062,Vintage X (Flagship) Offshore LP,D,20251113,edgar/data/2094062/0002094062-25-000001.txt
2094153,"Lowercarbon Zia, LP",D,20251113,edgar/data/2094153/0002094153-25-000001.txt
2094186,"Pear Ventures V, L.P.",D,20251113,edgar/data/2094186/0001231919-25-000466.txt
2094200,"TEG Bell, LLC",D,20251113,edgar/data/2094200/0002094200-25-000001.txt
2094208,"Liminal AI, Inc.",D,20251113,edgar/data/2094208/0002094208-25-000001.txt
2094208,"Liminal AI, Inc.",D,20251113,edgar/data/2094208/0002094208-25-000002.txt
2094243,Housr Holdings 1 LLC,D,20251113,edgar/data/2094243/0002094243-25-000001.txt
2094269,"Longitude 103.8 East, L.P.",D,20251113,edgar/data/2094269/0002094269-25-000001.txt
2094365,"PU-1020 Fund I, a series of Delk-SPV, LP",D,20251113,edgar/data/2094365/0002094365-25-000001.txt
2094398,"Helios ZincFive Partners VIII, LLC",D,20251113,edgar/data/2094398/0002094398-25-000001.txt
2094459,"AGEN2 SPV, a series of Riverside Ventures Self-Advised, LP",D,20251113,edgar/data/2094459/0002094459-25-000001.txt
2094646,"AR-1021 Fund I, a series of Sancus Ventures, LP",D,20251113,edgar/data/2094646/0002094646-25-000001.txt
2094780,Roers Cottage Grove Apartments LLC,D,20251113,edgar/data/2094780/0001437749-25-034729.txt
2094810,MVP LS FUND DCIII LLC,D,20251113,edgar/data/2094810/0002094810-25-000001.txt
2094949,"Pathway Co-Investment Partners Fund VII, LP",D,20251113,edgar/data/2094949/0002094949-25-000001.txt
2095045,"Consonance Concord CF, L.P.",D,20251113,edgar/data/2095045/0002095045-25-000001.txt
2095049,"CV-PC Feeder Fund, L.P",D,20251113,edgar/data/2095049/0001315863-25-000791.txt
2095109,Modal Motors Inc.,D,20251113,edgar/data/2095109/0002095109-25-000001.txt
2095113,CROWDFUNZ 625 LLC,D,20251113,edgar/data/2095113/0002095113-25-000001.txt
2095196,"Nodding Donkey Oil & Gas Investments, LLC",D,20251113,edgar/data/2095196/0001376474-25-000921.txt
2095208,"Consonance Concord CF PV, L.P.",D,20251113,edgar/data/2095208/0002095045-25-000001.txt
2095282,"Lexington Investors I, LLC",D,20251113,edgar/data/2095282/0002095282-25-000001.txt
2095336,"HPC Breeze Co-Invest (Onshore), L.P.",D,20251113,edgar/data/2095336/0002095336-25-000001.txt
2095356,Radcliff Spoons I LLC,D,20251113,edgar/data/2095356/0002095356-25-000001.txt
2095434,Tenet Frontier Fund I LP,D,20251113,edgar/data/2095434/0002095434-25-000001.txt
2095436,TNF Frontier Feeder Fund I LP,D,20251113,edgar/data/2095436/0002095436-25-000001.txt
2095451,"8VC CHSD, LLC",D,20251113,edgar/data/2095451/0002095451-25-000001.txt
2095454,Park Loyalty Inc.,D,20251113,edgar/data/2095454/0001231919-25-000464.txt
2095471,"Stillcore Capital Fund II, LP",D,20251113,edgar/data/2095471/0002095471-25-000001.txt
2095493,Shoutout Technologies Inc.,D,20251113,edgar/data/2095493/0002095493-25-000001.txt
2095707,Ashoka WhiteOak Emerging Markets Equity Ex China Fund,D,20251113,edgar/data/2095707/0002095707-25-000001.txt
2095717,"Lineage Technologies, Inc.",D,20251113,edgar/data/2095717/0002095717-25-000002.txt
2095731,"ProSo, LLC",D,20251113,edgar/data/2095731/0002095731-25-000002.txt
2095770,"Series Plaintiff, a series of TE Holdings I LLC",D,20251113,edgar/data/2095770/0002095770-25-000001.txt
2095788,"TrueBridge Capital Venture Partners Opportunities, L.P. - Series Alpha",D,20251113,edgar/data/2095788/0002095788-25-000001.txt
2095869,"5055 Fort Apache Fund, LLC",D,20251113,edgar/data/2095869/0002095869-25-000002.txt
2095955,Known Co.,D,20251113,edgar/data/2095955/0001231919-25-000463.txt
2095963,"Benchstrength Partners II, L.P.",D,20251113,edgar/data/2095963/0002095963-25-000001.txt
2096021,"FE-1024 Fund II, a series of Zachary Ginsburg Funds, LP",D,20251113,edgar/data/2096021/0002096021-25-000001.txt
2096026,"IC-0305 Fund III, a series of Roll Up Vehicles, LP",D,20251113,edgar/data/2096026/0002096026-25-000001.txt
2096033,"Rauch Capital Burst CLXXIX, a series of Rauch Capital Burst, LP",D,20251113,edgar/data/2096033/0002096033-25-000001.txt
2096034,"VA-0506 Fund III, a series of Roll Up Vehicles, LP",D,20251113,edgar/data/2096034/0002096034-25-000001.txt
2096042,"Amp Parent I, L.P.",D,20251113,edgar/data/2096042/0002096042-25-000001.txt
2096054,"ST-1023 Fund I, a series of Shor Capital, LP",D,20251113,edgar/data/2096054/0002096054-25-000001.txt
2096119,"AA JUUL, LLC",D,20251113,edgar/data/2096119/0002096119-25-000001.txt
2096122,"SVS ETH Fund, LP",D,20251113,edgar/data/2096122/0002096122-25-000001.txt
2096169,"601 W Markham SL, LP",D,20251113,edgar/data/2096169/0002096169-25-000001.txt
2096173,"AX-0821 Fund I, a series of Exitfund Venture, LP",D,20251113,edgar/data/2096173/0002096173-25-000001.txt
2096180,Total Horizontal Partners 25-26,D,20251113,edgar/data/2096180/0002096180-25-000001.txt
2096188,"SeaVees Footwear, Inc.",D,20251113,edgar/data/2096188/0002096188-25-000001.txt
2096223,Tundra Angels Upwardli Oct 2025 a Series of CGF2021 LLC,D,20251113,edgar/data/2096223/0002096223-25-000001.txt
2096224,Fastbreak AI Oct 2025 a Series of CGF2021 LLC,D,20251113,edgar/data/2096224/0002096224-25-000001.txt
2096226,DCP SPV VI a Series of CGF2021 LLC,D,20251113,edgar/data/2096226/0002096226-25-000001.txt
2096235,GROQ NOVUM 2 Oct 2025 a Series of CGF2021 LLC,D,20251113,edgar/data/2096235/0002096235-25-000001.txt
2096236,Titan Dynamics a Series of CGF2021 LLC,D,20251113,edgar/data/2096236/0002096236-25-000001.txt
2096237,Byterover Oct 2025 a Series of CGF2021 LLC,D,20251113,edgar/data/2096237/0002096237-25-000001.txt
2096238,River Health Dec 2024 a Series of CGF2021 LLC,D,20251113,edgar/data/2096238/0002096238-25-000001.txt
2096239,Living Carbon-StoryHouse Fund I October SPV a Series of CGF2021 LLC,D,20251113,edgar/data/2096239/0002096239-25-000001.txt
2096240,Blue Diamond Capital Realloys Partners 1 a Series of CGF2021 LLC,D,20251113,edgar/data/2096240/0002096240-25-000001.txt
2096257,Calico II a Series of Entrada Ventures II Master LLC,D,20251113,edgar/data/2096257/0002096257-25-000001.txt
2096258,Halfdays Apparel 23F2 co-invest a Series of Denver Angels LLC,D,20251113,edgar/data/2096258/0002096258-25-000001.txt
2096275,Generations Fund a Series of Greenwood & Cavalier Funds LLC,D,20251113,edgar/data/2096275/0002096275-25-000001.txt
2096278,CREXI Sep 2025 a Series of CGF2021 LLC,D,20251113,edgar/data/2096278/0002096278-25-000001.txt
2096281,FamilyWell Health Oct SPV a Series of CGF2021 LLC,D,20251113,edgar/data/2096281/0002096281-25-000001.txt
2096283,Riviera Land ID Oct 2025 a Series of CGF2021 LLC,D,20251113,edgar/data/2096283/0002096283-25-000001.txt
2096285,AI HealthTech SPV I a Series of CGF2021 LLC,D,20251113,edgar/data/2096285/0002096285-25-000001.txt
2096333,"Series 8-2, a series of StartEngine Private LLC",D,20251113,edgar/data/2096333/0002096333-25-000001.txt
2096337,"Golden Bell Partners Fund VI, LP",D,20251113,edgar/data/2096337/0002096337-25-000001.txt
2096342,"HSC SpaceX SPV 2025, LLC",D,20251113,edgar/data/2096342/0002096342-25-000001.txt
2096353,Apogem Senior Direct Lending Fund (o) SCSp,D,20251113,edgar/data/2096353/0002096353-25-000001.txt
2096371,"Access Capital Emerging Managers Fund, SCS-RAIF",D,20251113,edgar/data/2096371/0001012975-25-000745.txt
2096411,Qareeb Premium Fund LP,D,20251113,edgar/data/2096411/0002096411-25-000001.txt
2096415,"Allied Resource Partners Cascade, LP",D,20251113,edgar/data/2096415/0002096415-25-000001.txt
2096431,"JLA Scholarship Fund, LLC",D,20251113,edgar/data/2096431/0002096431-25-000001.txt
2096473,"Flex Capital Partners XII, LLC",D,20251113,edgar/data/2096473/0002096473-25-000001.txt
2096516,Phalanx Fund LIV LLC,D,20251113,edgar/data/2096516/0002096516-25-000001.txt
2096667,PROOF IV HYHI LLC,D,20251113,edgar/data/2096667/0002096667-25-000001.txt
2096691,Carolina Molecular Inc.,D,20251113,edgar/data/2096691/0002096691-25-000001.txt
2096692,PROOF IV GXAI LLC,D,20251113,edgar/data/2096692/0002096692-25-000001.txt
2096704,Enterprise Housing Partners 48 Limited Partnership,D,20251113,edgar/data/2096704/0002096704-25-000001.txt
2096709,"yHLSoft, Inc.",D,20251113,edgar/data/2096709/0002096709-25-000001.txt
2096713,"VC SH1 Co-Invest, L.P.",D,20251113,edgar/data/2096713/0002096713-25-000001.txt
2096727,"Merit Capital Fund VIII, L.P.",D,20251113,edgar/data/2096727/0002096727-25-000001.txt
2096733,"OPX2025 Polymarket, a Series of Opulentia Ventures X LLC",D,20251113,edgar/data/2096733/0002096733-25-000001.txt
1058908,TREASURE VALLEY HOSPITAL LIMITED PARTNERSHIP,D,20251114,edgar/data/1058908/0001058908-25-000003.txt
1339005,FEMASYS INC,D,20251114,edgar/data/1339005/0000945621-25-001138.txt
1463992,"Surgical Center of Greensboro, LLC",D,20251114,edgar/data/1463992/0001463992-25-000003.txt
1635341,Signature Holdings Corp,D,20251114,edgar/data/1635341/0001635341-25-000011.txt
1684079,Movandi Corp,D,20251114,edgar/data/1684079/0001684079-25-000003.txt
1717650,B POSITIVE PLASMA LLC,D,20251114,edgar/data/1717650/0001717650-25-000003.txt
1793898,ISOThrive Inc.,D,20251114,edgar/data/1793898/0001793898-25-000003.txt
1795366,AllVoices Holding Co.,D,20251114,edgar/data/1795366/0000950138-25-000028.txt
1798652,Defense Metals Corp.,D,20251114,edgar/data/1798652/0002060755-25-000055.txt
1809626,"Salvation Investments, LLC",D,20251114,edgar/data/1809626/0001809626-25-000002.txt
1813406,RL Investment Group LLC,D,20251114,edgar/data/1813406/0001813406-25-000014.txt
1818210,"TeleTeachers, Inc.",D,20251114,edgar/data/1818210/0001818210-25-000002.txt
1821250,"Texas Health Surgery Center Chisolm Trail, LLC",D,20251114,edgar/data/1821250/0001821250-25-000002.txt
1833785,"Tilled, Inc.",D,20251114,edgar/data/1833785/0001833785-25-000005.txt
1848089,IP Web Inc.,D,20251114,edgar/data/1848089/0000930413-25-003444.txt
1858273,Ship Calm LLC,D,20251114,edgar/data/1858273/0001858273-25-000002.txt
1859073,"HMDG Mt. Juliet, LLC",D,20251114,edgar/data/1859073/0001859073-25-000002.txt
1878540,"Tynt Technologies, Inc.",D,20251114,edgar/data/1878540/0001878540-25-000003.txt
1885536,"Emerald Island Opportunities Fund, LLC",D,20251114,edgar/data/1885536/0001885536-25-000002.txt
1892786,"Model Medicines, Inc.",D,20251114,edgar/data/1892786/0001892786-25-000008.txt
1907824,KoBold Metals Co,D,20251114,edgar/data/1907824/0001140361-25-042218.txt
1910883,"Pacific Castle Fund I, LP",D,20251114,edgar/data/1910883/0001910883-25-000002.txt
1926630,"Cellens, Inc.",D,20251114,edgar/data/1926630/0001926630-25-000003.txt
1965321,"Speaking Roses Global, Inc.",D,20251114,edgar/data/1965321/0001965321-25-000002.txt
1968015,"Siouxland Splash, L.L.C.",D,20251114,edgar/data/1968015/0001968015-25-000002.txt
2000199,"Engelwood Cliffs Surgery Center, LLC",D,20251114,edgar/data/2000199/0002000199-25-000002.txt
2001201,Fuerte Metals Corp,D,20251114,edgar/data/2001201/0002001201-25-000003.txt
2004959,Perelel Inc.,D,20251114,edgar/data/2004959/0001231919-25-000469.txt
2017542,"Nameless CPG, Inc.",D,20251114,edgar/data/2017542/0002017542-25-000002.txt
2017542,"Nameless CPG, Inc.",D,20251114,edgar/data/2017542/0002017542-25-000003.txt
2027416,"Nomos AI, Inc.",D,20251114,edgar/data/2027416/0002027416-25-000002.txt
2030207,"Climate First Bancorp, Inc.",D,20251114,edgar/data/2030207/0002030207-25-000005.txt
2030925,"LI-0715 Fund II, a series of Mr. Wizard Ventures, LP",D,20251114,edgar/data/2030925/0002030925-25-000002.txt
2031853,Matador Technologies Inc.,D,20251114,edgar/data/2031853/0001062993-25-016819.txt
2032739,"Commenda Technologies, Inc.",D,20251114,edgar/data/2032739/0002032739-25-000002.txt
2036406,"Sphere Newco, Inc.",D,20251114,edgar/data/2036406/0002036406-25-000002.txt
2042776,Transparency Analytics Inc.,D,20251114,edgar/data/2042776/0002042776-25-000002.txt
2045281,"APEX TECH GROWTH PARTNERS II, LLC",D,20251114,edgar/data/2045281/0001493152-25-023659.txt
2059540,RC DuvallMUF LLC,D,20251114,edgar/data/2059540/0002059540-25-000002.txt
2063299,"Atreides Special Circumstances Fund, LLC - Series U DIs",D,20251114,edgar/data/2063299/0000929638-25-004273.txt
2063302,Atreides Special Circumstances Offshore Fund SPC - Series U DIs SP,D,20251114,edgar/data/2063302/0000929638-25-004274.txt
2067418,"Stoltz Real Estate Fund VIII, L.P.",D,20251114,edgar/data/2067418/0002067418-25-000001.txt
2067674,SILVER BOW MINING CORP.,D,20251114,edgar/data/2067674/0000912282-25-001241.txt
2067674,SILVER BOW MINING CORP.,D,20251114,edgar/data/2067674/0000912282-25-001245.txt
2067674,SILVER BOW MINING CORP.,D,20251114,edgar/data/2067674/0000912282-25-001247.txt
2067992,"Opendate, Inc.",D,20251114,edgar/data/2067992/0002067992-25-000003.txt
2073777,"Antero Private Credit Fund II, LLC",D,20251114,edgar/data/2073777/0002073777-25-000003.txt
2073778,"Antero Private Equity Fund II, LLC",D,20251114,edgar/data/2073778/0002073778-25-000003.txt
2073779,"Antero Real Assets Fund II, LLC",D,20251114,edgar/data/2073779/0002073779-25-000003.txt
2076759,"Transformation Capital Partners III-CPRX, L.P.",D,20251114,edgar/data/2076759/0001231919-25-000482.txt
2077977,Gi Property 100 llc,D,20251114,edgar/data/2077977/0001140361-25-042031.txt
2080928,"AVSF - F2 2025, LLC",D,20251114,edgar/data/2080928/0002080928-25-000001.txt
2081912,"AIP Fund F-2, L.P.",D,20251114,edgar/data/2081912/0002081912-25-000001.txt
2081914,"AIP Fund F-1, SCSp",D,20251114,edgar/data/2081914/0002081914-25-000001.txt
2081916,"AIP Fund, L.P.",D,20251114,edgar/data/2081916/0002081916-25-000001.txt
2082381,"MER8 SPV, a series of Riverside Ventures Self-Advised, LP",D,20251114,edgar/data/2082381/0002082381-25-000001.txt
2082431,"HU-0613 Fund I, a series of Roll Up Vehicles, LP",D,20251114,edgar/data/2082431/0002082431-25-000001.txt
2082535,"Lebanon Surgicenter, LLC",D,20251114,edgar/data/2082535/0002082535-25-000001.txt
2084344,"Recurring Capital Fund V, L.P.",D,20251114,edgar/data/2084344/0002084344-25-000001.txt
2084876,"CE-0821 Fund II, a series of MAV Alternate Investments, LP",D,20251114,edgar/data/2084876/0002084876-25-000001.txt
2085601,Gip Property 103 llc,D,20251114,edgar/data/2085601/0001140361-25-042029.txt
2086110,"Trella Fund I, LP",D,20251114,edgar/data/2086110/0000892712-25-000159.txt
2086652,"PR-0827 Fund III, a series of Zachary Ginsburg Funds, LP",D,20251114,edgar/data/2086652/0002086652-25-000001.txt
2086673,Taula Special Opportunities Fund Ltd,D,20251114,edgar/data/2086673/0000902664-25-004962.txt
2087161,Mexodus Ltd Liability Co,D,20251114,edgar/data/2087161/0002087161-25-000001.txt
2088724,"F25, a series of JJ Fliegelman Funds, LP",D,20251114,edgar/data/2088724/0002088724-25-000001.txt
2088754,"HEAVY DUTY AI, LLC",D,20251114,edgar/data/2088754/0001829126-25-009175.txt
2089945,Aksia Private Credit Fund SCA SICAV-RAIF,D,20251114,edgar/data/2089945/0002089945-25-000001.txt
2090332,"SI-0922 Fund II, a series of Roll Up Vehicles, LP",D,20251114,edgar/data/2090332/0002090332-25-000001.txt
2091146,"OG Magnolia Preserve Holdings, LLC",D,20251114,edgar/data/2091146/0002091146-25-000001.txt
2091458,"Geometry Fund I, L.P.",D,20251114,edgar/data/2091458/0002091458-25-000001.txt
2091526,EG AI CORP,D,20251114,edgar/data/2091526/0002091526-25-000001.txt
2091870,Arini Diversified Alpha US Fund LP,D,20251114,edgar/data/2091870/0000905148-25-004078.txt
2092281,WD Spark CV LP,D,20251114,edgar/data/2092281/0002092281-25-000001.txt
2092330,"Tyler Hotel Partners, LP",D,20251114,edgar/data/2092330/0002092330-25-000001.txt
2092363,Credit Secondaries Overflow Parallel Fund L.P.,D,20251114,edgar/data/2092363/0002062357-25-000081.txt
2092365,Credit Secondaries Overflow Fund L.P.,D,20251114,edgar/data/2092365/0002062357-25-000079.txt
2092467,"Wizards & Misfits, Inc.",D,20251114,edgar/data/2092467/0002092467-25-000001.txt
2092527,OneAZ Credit Union,D,20251114,edgar/data/2092527/0001437749-25-035128.txt
2092656,HarbourVest Senior Credit Secondaries Fund L.P.,D,20251114,edgar/data/2092656/0002062357-25-000075.txt
2092669,HarbourVest Senior Credit Secondaries Parallel Fund L.P.,D,20251114,edgar/data/2092669/0002062357-25-000077.txt
2092888,"Align M-III, a series of SCVC Advisors, LP",D,20251114,edgar/data/2092888/0002092888-25-000001.txt
2092888,"Align M-III, a series of SCVC Advisors, LP",D,20251114,edgar/data/2092888/0002092888-25-000002.txt
2093408,"Starship Ventures SPV XXI - Starship Ventures Opportunities, LLC",D,20251114,edgar/data/2093408/0002093408-25-000001.txt
2093551,Avendus Structured Credit Fund III,D,20251114,edgar/data/2093551/0002093551-25-000001.txt
2093571,Avendus Future Leaders Fund III,D,20251114,edgar/data/2093571/0002093571-25-000001.txt
2093845,HarbourVest Senior Credit Secondaries AIF SCSp,D,20251114,edgar/data/2093845/0002062357-25-000083.txt
2093959,FS-36-1 a series of FinSight Special Opportunities Fund VI LLC,D,20251114,edgar/data/2093959/0002093959-25-000001.txt
2093961,FS-36 a series of FinSight Special Opportunities Fund VI LLC,D,20251114,edgar/data/2093961/0002093961-25-000001.txt
2094047,"Dove Trails Wurzbach, LLC",D,20251114,edgar/data/2094047/0002094047-25-000001.txt
2094197,BROOKSIDE 1031 LLC,D,20251114,edgar/data/2094197/0002094197-25-000001.txt
2094346,Jennison Focused Global Opportunity Fund of the Prudential Trust Co Institutional Business Trust,D,20251114,edgar/data/2094346/0002094346-25-000001.txt
2094478,Arini Diversified Alpha International Fund LP,D,20251114,edgar/data/2094478/0000905148-25-004079.txt
2094569,"Birkdale Edge, LLC",D,20251114,edgar/data/2094569/0002094569-25-000001.txt
2094706,"Series 35-2, a series of StartEngine Private LLC",D,20251114,edgar/data/2094706/0002094706-25-000001.txt
2094724,"Duke Capital Partners 2509C, a series of V360 Holdings LLC",D,20251114,edgar/data/2094724/0002094724-25-000001.txt
2094725,"Duke Capital Partners 2509B, a series of V360 Holdings LLC",D,20251114,edgar/data/2094725/0002094725-25-000001.txt
2094770,Avendus Margin of Safety Fund,D,20251114,edgar/data/2094770/0002094770-25-000001.txt
2094895,"AVSF - Perseus 2025, LLC",D,20251114,edgar/data/2094895/0002094895-25-000001.txt
2094931,"Trio Management Holdings, L.P.",D,20251114,edgar/data/2094931/0000950142-25-002989.txt
2095131,Expedition Network LP,D,20251114,edgar/data/2095131/0002095131-25-000001.txt
2095133,Expedition Feeder III LP,D,20251114,edgar/data/2095133/0002095133-25-000001.txt
2095134,Expedition Growth Capital III LP,D,20251114,edgar/data/2095134/0002095134-25-000001.txt
2095138,"SFF Realty Fund V, L.P.",D,20251114,edgar/data/2095138/0000935836-25-000667.txt
2095232,"BCM Fund III-A, LP",D,20251114,edgar/data/2095232/0002095232-25-000001.txt
2095248,ATW Stable Strategies SPV LLC,D,20251114,edgar/data/2095248/0002095248-25-000001.txt
2095298,"HII Perplexity Series III, a Series of HII Perplexity, LLC",D,20251114,edgar/data/2095298/0002095298-25-000001.txt
2095299,"HII Apptronik Series II, a Series of HII Apptronik, LLC",D,20251114,edgar/data/2095299/0002095299-25-000001.txt
2095304,"HII Apptronik Series I, a Series of HII Apptronik, LLC",D,20251114,edgar/data/2095304/0002095304-25-000001.txt
2095305,"HII Field AI Series II, a Series of HII Field AI, LLC",D,20251114,edgar/data/2095305/0002095305-25-000001.txt
2095306,"HII Field AI Series I, a Series of HII Field AI, LLC",D,20251114,edgar/data/2095306/0002095306-25-000001.txt
2095307,"HII Groq Series I, a Series of HII Groq, LLC",D,20251114,edgar/data/2095307/0002095307-25-000001.txt
2095308,"HII Groq Series II, a Series of HII Groq, LLC",D,20251114,edgar/data/2095308/0002095308-25-000001.txt
2095338,"Replit-01 Opportunity, a Series of Replit Opportunity, LLC",D,20251114,edgar/data/2095338/0002095338-25-000001.txt
2095345,BROOKSTONE APTS HOLDINGS LLC,D,20251114,edgar/data/2095345/0002080612-25-000019.txt
2095376,"RC Secondary, LP",D,20251114,edgar/data/2095376/0002095376-25-000001.txt
2095482,Blacklake SPV II LLC,D,20251114,edgar/data/2095482/0002095482-25-000001.txt
2095564,"Patient Square Premium Coinvest, L.P.",D,20251114,edgar/data/2095564/0002095564-25-000002.txt
2095584,WAGMI 178 - WAGMI Master LLC,D,20251114,edgar/data/2095584/0002095584-25-000001.txt
2095636,Tembo Capital Mining Fund IV LP,D,20251114,edgar/data/2095636/0002095636-25-000001.txt
2095637,WAGMI 180 - WAGMI Master LLC,D,20251114,edgar/data/2095637/0002095637-25-000001.txt
2095638,Infinitas Capital SPV XXII a series of Infinitas Capital Master LLC,D,20251114,edgar/data/2095638/0002095638-25-000001.txt
2095756,"XZ Crusoe, L.P.",D,20251114,edgar/data/2095756/0000950142-25-002974.txt
2095781,"DPC Shamrock Co-Invest, L.P.",D,20251114,edgar/data/2095781/0002095781-25-000001.txt
2095789,ATW Mobility SPV LLC,D,20251114,edgar/data/2095789/0002095789-25-000001.txt
2095809,"PG Austin Investors RC, LLC",D,20251114,edgar/data/2095809/0002095809-25-000003.txt
2095809,"PG Austin Investors RC, LLC",D,20251114,edgar/data/2095809/0002095809-25-000004.txt
2095827,Brookfield Artificial Intelligence Infrastructure Fund-ER SCSp,D,20251114,edgar/data/2095827/0002096208-25-000001.txt
2095904,"DPC Co-Invest I-B, L.P.",D,20251114,edgar/data/2095904/0002095904-25-000001.txt
2096027,"FR-1021 Fund I, a series of Roll Up Vehicles, LP",D,20251114,edgar/data/2096027/0002096027-25-000001.txt
2096106,"TUCKER BAYOU INVESTMENTS, LLC",D,20251114,edgar/data/2096106/0002096106-25-000003.txt
2096190,"IsoBio, Inc.",D,20251114,edgar/data/2096190/0000929638-25-004257.txt
2096208,"Brookfield Artificial Intelligence Infrastructure Fund-A, L.P.",D,20251114,edgar/data/2096208/0002096208-25-000001.txt
2096209,"Brookfield Artificial Intelligence Infrastructure Fund-B, L.P.",D,20251114,edgar/data/2096209/0002096208-25-000001.txt
2096210,"Brookfield Artificial Intelligence Infrastructure Fund-C, L.P.",D,20251114,edgar/data/2096210/0002096208-25-000001.txt
2096256,FDC SX VIII LLC,D,20251114,edgar/data/2096256/0002096256-25-000001.txt
2096352,Dionysus LLC,D,20251114,edgar/data/2096352/0002096352-25-000001.txt
2096408,"Texian Capital, LLC",D,20251114,edgar/data/2096408/0002096408-25-000001.txt
2096413,Hologress Inc,D,20251114,edgar/data/2096413/0002096413-25-000002.txt
2096427,Bursera Onshore LLC,D,20251114,edgar/data/2096427/0002096427-25-000001.txt
2096428,"HC Focus Fund, LP",D,20251114,edgar/data/2096428/0002096428-25-000001.txt
2096442,"Guardian Wealth RE - Melissa I, LLC",D,20251114,edgar/data/2096442/0002096442-25-000002.txt
2096560,"ELEMENTAL AI GROWTH V, LP",D,20251114,edgar/data/2096560/0002096560-25-000001.txt
2096586,GSBackers Synchron Fund I a Series of CGF2021 LLC,D,20251114,edgar/data/2096586/0002096586-25-000001.txt
2096589,DPV SpaceX IV a Series of DataPower Capital Partners LLC,D,20251114,edgar/data/2096589/0002096589-25-000001.txt
2096602,COIN UP LTD,D,20251114,edgar/data/2096602/0002096602-25-000001.txt
2096608,Colorado Holdco,D,20251114,edgar/data/2096608/0002096608-25-000001.txt
2096663,"Defined Brand, Inc.",D,20251114,edgar/data/2096663/0002096663-25-000001.txt
2096664,WI Clear Ridge LLC,D,20251114,edgar/data/2096664/0002096664-25-000001.txt
2096668,Timberland Zen Garden LLC,D,20251114,edgar/data/2096668/0002096668-25-000001.txt
2096682,Titan Dynamics a Series of Epakon Capital Group Master LLC,D,20251114,edgar/data/2096682/0002096682-25-000001.txt
2096694,"Stellar Employees Series EPV VI, LLC",D,20251114,edgar/data/2096694/0002080573-25-000004.txt
2096697,Trinity Water Series of Ehrenberg Chesler Capital Partners LLC,D,20251114,edgar/data/2096697/0002096697-25-000001.txt
2096701,Highland Myco LLC,D,20251114,edgar/data/2096701/0002096701-25-000001.txt
2096726,"One Astor Holdings, LLC",D,20251114,edgar/data/2096726/0002096726-25-000001.txt
2096731,"KH Homer City Offshore, LP",D,20251114,edgar/data/2096731/0000905148-25-003999.txt
2096739,Claudius SPV LP,D,20251114,edgar/data/2096739/0002071842-25-000016.txt
2096745,Stream Pay Platforms Africa Inc.,D,20251114,edgar/data/2096745/0002096745-25-000001.txt
2096778,6828 Fulton Avenue LLC,D,20251114,edgar/data/2096778/0002096778-25-000001.txt
2096780,"Grinich Investments Burst XXIX, a series of Grinich Investments II, LP",D,20251114,edgar/data/2096780/0002096780-25-000001.txt
2096782,EmberGrow LP,D,20251114,edgar/data/2096782/0002096782-25-000001.txt
2096811,Jacksonville Portfolio 334 LLC,D,20251114,edgar/data/2096811/0002096811-25-000001.txt
2096813,"UCH-SC, LP",D,20251114,edgar/data/2096813/0002096813-25-000001.txt
2096840,KVC VIII LLC,D,20251114,edgar/data/2096840/0002096840-25-000001.txt
2096871,Milestone Gynomics Corp.,D,20251114,edgar/data/2096871/0002096871-25-000002.txt
1471727,"SRx Health Solutions, Inc.",D,20251117,edgar/data/1471727/0001493152-25-023794.txt
1539057,"Pax8, Inc.",D,20251117,edgar/data/1539057/0001539057-25-000005.txt
1562964,ESTEE INDIA FUND,D,20251117,edgar/data/1562964/0001562964-25-000006.txt
1587999,"STR CAPITAL, INC.",D,20251117,edgar/data/1587999/0001587999-25-000002.txt
1615999,"NEUROPATHIX, INC.",D,20251117,edgar/data/1615999/0001615999-25-000003.txt
1652266,"Cybrary, Inc.",D,20251117,edgar/data/1652266/0001231919-25-000501.txt
1751805,Philadelphia Whiskey Co.,D,20251117,edgar/data/1751805/0001751805-25-000003.txt
1778765,"PROPERTY MELD I, LLC",D,20251117,edgar/data/1778765/0001778765-25-000002.txt
1782780,"LifeLens Technologies, Inc.",D,20251117,edgar/data/1782780/0001782780-25-000002.txt
1786717,"Qlaris Bio, Inc.",D,20251117,edgar/data/1786717/0001786717-25-000002.txt
1795851,"Favo Capital, Inc.",D,20251117,edgar/data/1795851/0001663577-25-000319.txt
1844098,Digitail Inc.,D,20251117,edgar/data/1844098/0001844098-25-000003.txt
1863990,"MultiSensor AI Holdings, Inc.",D,20251117,edgar/data/1863990/0001104659-25-112790.txt
1870720,TRUESPACE LLC,D,20251117,edgar/data/1870720/0001870720-25-000003.txt
1919986,"August Schools, Inc.",D,20251117,edgar/data/1919986/0001470831-25-000323.txt
1945095,Harbor Health Team Inc.,D,20251117,edgar/data/1945095/0001945095-25-000002.txt
1956967,"Aerospace, Transportation & Logistics Fund III LP",D,20251117,edgar/data/1956967/0001956967-25-000004.txt
1965109,"VitriVax, Inc.",D,20251117,edgar/data/1965109/0001965109-25-000002.txt
2018499,"LiveTune, Inc.",D,20251117,edgar/data/2018499/0002018499-25-000003.txt
2045370,Remora Capital Corp,D,20251117,edgar/data/2045370/0002045370-25-000003.txt
2049808,"Condado Holdings Group, LLC",D,20251117,edgar/data/2049808/0002049808-25-000002.txt
2053083,"Fund FG-NMO, a series of Forge Investments, LLC",D,20251117,edgar/data/2053083/0002053083-25-000003.txt
2065330,Theo AI Inc.,D,20251117,edgar/data/2065330/0002065330-25-000002.txt
2066780,352 Ingredients LLC,D,20251117,edgar/data/2066780/0002066780-25-000001.txt
2073614,First Princeton Partners II LP,D,20251117,edgar/data/2073614/0002073614-25-000001.txt
2081041,CC&L Q Global Equity Fund LP,D,20251117,edgar/data/2081041/0002081041-25-000002.txt
2081091,"Weekender Fund I LP, LLC",D,20251117,edgar/data/2081091/0002081091-25-000001.txt
2081911,"AIP Fund F-3, SCSp",D,20251117,edgar/data/2081911/0002081911-25-000001.txt
2085967,"403 Garner Rd Syndication, LLC",D,20251117,edgar/data/2085967/0002085967-25-000001.txt
2086237,Blue Eyed Private Debt Fund I LLC,D,20251117,edgar/data/2086237/0002086237-25-000002.txt
2088883,"ISQ Everest Co-Invest Fund, L.P.",D,20251117,edgar/data/2088883/0002088883-25-000001.txt
2088885,"ISQ Everest Co-Invest Feeder, L.P.",D,20251117,edgar/data/2088885/0002088885-25-000001.txt
2089822,BVC Winner by Founder First Fund a Series of Clutch Capital LLC,D,20251117,edgar/data/2089822/0002089822-25-000001.txt
2090479,"AV Foundation Fund December 2025, LLC",D,20251117,edgar/data/2090479/0002090479-25-000001.txt
2090615,17 & a plex LLC,D,20251117,edgar/data/2090615/0002090615-25-000001.txt
2090879,"Hive Global AI Fund, LP",D,20251117,edgar/data/2090879/0002090879-25-000001.txt
2091259,"BR-0926 Fund II, a series of Roll Up Vehicles, LP",D,20251117,edgar/data/2091259/0002091259-25-000001.txt
2092098,GenZ II a Series of MobilityVC LLC,D,20251117,edgar/data/2092098/0002092098-25-000001.txt
2092101,SPV013 a Series of Engage Venture Partners Investments LLC,D,20251117,edgar/data/2092101/0002092101-25-000001.txt
2092208,"AIP Fund - M, L.P.",D,20251117,edgar/data/2092208/0002092208-25-000001.txt
2092209,"AIP Fund - N, L.P.",D,20251117,edgar/data/2092209/0002092209-25-000001.txt
2092211,"AIP Fund G, L.P.",D,20251117,edgar/data/2092211/0002092211-25-000001.txt
2092312,"AG25 RE I, LLC",D,20251117,edgar/data/2092312/0002092312-25-000001.txt
2092726,"Lightspeed SPV-A3, LLC",D,20251117,edgar/data/2092726/0000950103-25-014845.txt
2092873,"TPG AG CS DE Holdings Fund III, L.P.",D,20251117,edgar/data/2092873/0002092873-25-000001.txt
2092923,"PETRA VC Industrial, LLC",D,20251117,edgar/data/2092923/0002092923-25-000001.txt
2092970,PI SPV 2 a Series of CGF2021 LLC,D,20251117,edgar/data/2092970/0002092970-25-000001.txt
2093005,"CO-1008 Fund I, a series of MV Funds, LP",D,20251117,edgar/data/2093005/0002093005-25-000001.txt
2093266,"Eclipse SPV XXVIII, L.P.",D,20251117,edgar/data/2093266/0002093266-25-000001.txt
2093302,"NRF OCALA INVESTORS, LLC",D,20251117,edgar/data/2093302/0002093302-25-000001.txt
2093504,"Hafele Warrick Springs Senior Living Fund, LLC",D,20251117,edgar/data/2093504/0002093504-25-000001.txt
2093648,RT-FAI I LLC,D,20251117,edgar/data/2093648/0002093648-25-000001.txt
2094017,Aspire Advisors LLC,D,20251117,edgar/data/2094017/0002094017-25-000003.txt
2094187,MEADOWLARK MHP PREF EQ LLC,D,20251117,edgar/data/2094187/0002094187-25-000001.txt
2095004,SETHI CAPITAL Z1 LLC,D,20251117,edgar/data/2095004/0002095004-25-000001.txt
2095277,"Wellington Management Agency MBS IDF Series of the SALI Multi-Series Fund XV, L.P.",D,20251117,edgar/data/2095277/0002095277-25-000001.txt
2095503,"Access SSP GP Fund 2, LLC",D,20251117,edgar/data/2095503/0002095503-25-000003.txt
2095580,"AVSF - Beacon Biosignals 2025, LLC",D,20251117,edgar/data/2095580/0002095580-25-000001.txt
2095832,Concarlo by Girl Math Capital a Series of Clutch Capital LLC,D,20251117,edgar/data/2095832/0002095832-25-000001.txt
2095833,"GL-1023 Fund I, a series of MV Funds, LP",D,20251117,edgar/data/2095833/0002095833-25-000001.txt
2095857,Gaia by Play Money a Series of Clutch Capital LLC,D,20251117,edgar/data/2095857/0002095857-25-000001.txt
2095859,LUWI by Swizzle Ventures a Series of Clutch Capital LLC,D,20251117,edgar/data/2095859/0002095859-25-000001.txt
2095860,MarineSitu by BVC 2025 a Series of Clutch Capital LLC,D,20251117,edgar/data/2095860/0002095860-25-000001.txt
2095861,Photon Marine by BVC 2025 a Series of Clutch Capital LLC,D,20251117,edgar/data/2095861/0002095861-25-000001.txt
2095862,SokoLife by Founder First Fund a Series of Clutch Capital LLC,D,20251117,edgar/data/2095862/0002095862-25-000001.txt
2095863,Rapta by BVC 2025 a Series of Clutch Capital LLC,D,20251117,edgar/data/2095863/0002095863-25-000001.txt
2095880,"Decisive Point - Vatn Systems II, LLC",D,20251117,edgar/data/2095880/0002095880-25-000001.txt
2095896,Rockfront Capital LLC,D,20251117,edgar/data/2095896/0002095896-25-000001.txt
2095906,Project Wolfs Den Jul 2025 a Series of CGF2021 LLC,D,20251117,edgar/data/2095906/0002095906-25-000001.txt
2096000,"Deimos, a series of Massive Scale Ventures III LLC",D,20251117,edgar/data/2096000/0002096000-25-000002.txt
2096002,"Four Branches Holdings, Inc.",D,20251117,edgar/data/2096002/0002096002-25-000001.txt
2096270,Aurum Capital Management Inc.,D,20251117,edgar/data/2096270/0002096270-25-000001.txt
2096436,HCM S7C LP,D,20251117,edgar/data/2096436/0002096436-25-000001.txt
2096458,HCM S20A LP,D,20251117,edgar/data/2096458/0002096458-25-000001.txt
2096568,JVEC San Antonio Retail II LLC,D,20251117,edgar/data/2096568/0002096568-25-000001.txt
2096607,LSC Discovery Holdings LLC,D,20251117,edgar/data/2096607/0001096906-25-001874.txt
2096630,"Parcel Thrive, Inc.",D,20251117,edgar/data/2096630/0002096630-25-000001.txt
2096681,Culture Kicks Jul 2025 a Series of CGF2021 LLC,D,20251117,edgar/data/2096681/0002096681-25-000001.txt
2096706,Group Resort Holdings LLC,D,20251117,edgar/data/2096706/0002096706-25-000001.txt
2096736,"TWG Investments, LLC",D,20251117,edgar/data/2096736/0002096736-25-000003.txt
2096781,One Percent Capital Ventures II LP,D,20251117,edgar/data/2096781/0002096781-25-000001.txt
2096784,Summa Equity Overage (Z) AB,D,20251117,edgar/data/2096784/0002096784-25-000001.txt
2096827,Xenith Trade & Business Exchange Inc.,D,20251117,edgar/data/2096827/0002096827-25-000001.txt
2096830,COLUMBIA GORGE LOFTS LLC,D,20251117,edgar/data/2096830/0002096830-25-000001.txt
2096850,PST Investment Cap LLC a series of Seamless Alts Platform LLC,D,20251117,edgar/data/2096850/0002096850-25-000001.txt
2096854,Cuatro Co-Invest LP,D,20251117,edgar/data/2096854/0002096854-25-000001.txt
2096862,"SRC Grants Mill CI, LLC",D,20251117,edgar/data/2096862/0002096862-25-000001.txt
2096863,Aura Fund1 LLC,D,20251117,edgar/data/2096863/0002096863-25-000001.txt
2096897,Abeya Inc.,D,20251117,edgar/data/2096897/0002096897-25-000001.txt
2096914,354 Laurie Rd LLC,D,20251117,edgar/data/2096914/0001104659-25-113157.txt
2096936,14900 West Britton Rd. LLC,D,20251117,edgar/data/2096936/0002096936-25-000001.txt
2096941,"Vetted Accelerator Fund I, LP",D,20251117,edgar/data/2096941/0000905148-25-004098.txt
2096998,WEALTHUNION XXIV A SERIES OF WEALTHUNION VENTURES LLC,D,20251117,edgar/data/2096998/0002096998-25-000001.txt
2097001,EVQ PBC,D,20251117,edgar/data/2097001/0002097001-25-000001.txt
315066,FMR LLC,D,20251117,edgar/data/315066/0000315066-25-002931.txt
1586824,AMERICAN GENE TECHNOLOGIES INTERNATIONAL INC.,D,20251118,edgar/data/1586824/0001586824-25-000004.txt
1607807,NV Gold Corp,D,20251118,edgar/data/1607807/0000912282-25-001254.txt
1701548,"AI NETOMI, INC.",D,20251118,edgar/data/1701548/0001231919-25-000519.txt
1748406,"QuantHub, LLC",D,20251118,edgar/data/1748406/0001748406-25-000004.txt
1795106,"Harpoon Holdings, L.P.",D,20251118,edgar/data/1795106/0001795106-25-000026.txt
1795106,"Harpoon Holdings, L.P.",D,20251118,edgar/data/1795106/0001795106-25-000027.txt
1803800,Talisker Resources Ltd.,D,20251118,edgar/data/1803800/0001062993-25-016929.txt
1812981,"Pleural Dynamics, Inc.",D,20251118,edgar/data/1812981/0001437749-25-035552.txt
1854700,"Sunday App, Inc. PBC",D,20251118,edgar/data/1854700/0001231919-25-000516.txt
1868731,"Foundation Capital X Principals Fund, L.L.C.",D,20251118,edgar/data/1868731/0001868731-25-000002.txt
1871638,"Blaize Holdings, Inc.",D,20251118,edgar/data/1871638/0001871638-25-000006.txt
1903709,ANGKASA-X HOLDINGS CORP.,D,20251118,edgar/data/1903709/0001493152-25-024020.txt
1915453,"4L Data Intelligence, Inc.",D,20251118,edgar/data/1915453/0001915453-25-000004.txt
1929068,"Federato Technologies, Inc.",D,20251118,edgar/data/1929068/0001231919-25-000518.txt
1933720,Ares Industrial Real Estate Fund LP,D,20251118,edgar/data/1933720/0001933720-25-000003.txt
1945918,VRM Penzini Fund I L.L.C.,D,20251118,edgar/data/1945918/0001945918-25-000003.txt
1945918,VRM Penzini Fund I L.L.C.,D,20251118,edgar/data/1945918/0001945918-25-000004.txt
1983254,"ATCC Property Group, LLC",D,20251118,edgar/data/1983254/0001983254-25-000002.txt
1997700,TARA INDIA SYSTEMATIC ALPHA MU FEEDER (INCORPORATED VCC SUB-FUND),D,20251118,edgar/data/1997700/0001997700-25-000002.txt
1997703,TARA INDIA SYSTEMATIC ALPHA US LP,D,20251118,edgar/data/1997703/0001997703-25-000002.txt
2019160,"Sequelae, Inc.",D,20251118,edgar/data/2019160/0002019160-25-000002.txt
2019351,"Celero Communications, Inc.",D,20251118,edgar/data/2019351/0002019351-25-000003.txt
2023866,"Augment Collective, LLC",D,20251118,edgar/data/2023866/0002023866-25-000033.txt
2026950,Enzy Technologies LLC,D,20251118,edgar/data/2026950/0002026950-25-000004.txt
2029258,"Black Lotus Quantum Ventures, LP",D,20251118,edgar/data/2029258/0002029258-25-000002.txt
2032976,RAHM Inc.,D,20251118,edgar/data/2032976/0002032976-25-000007.txt
2045903,Agentio Inc.,D,20251118,edgar/data/2045903/0002045903-25-000002.txt
2059778,"Second Alpha Partners VI, L.P.",D,20251118,edgar/data/2059778/0001405086-25-000364.txt
2060240,"Better Life Health, Inc.",D,20251118,edgar/data/2060240/0002060240-25-000002.txt
2060240,"Better Life Health, Inc.",D,20251118,edgar/data/2060240/0002060240-25-000003.txt
2077434,MVP ES FUND CLI LLC,D,20251118,edgar/data/2077434/0002077434-25-000001.txt
2081415,"Campfire Software, Inc.",D,20251118,edgar/data/2081415/0002081415-25-000003.txt
2082468,"KO-0727 Fund I, a series of Roll Up Vehicles, LP",D,20251118,edgar/data/2082468/0002082468-25-000001.txt
2082924,EAC VINTAGE 2025 A SERIES OF EAC MASTER LLC,D,20251118,edgar/data/2082924/0002082924-25-000002.txt
2085196,"Silent Capital XXII, a Series of Silent Capital Holdings, LP",D,20251118,edgar/data/2085196/0002085196-25-000001.txt
2086271,"PA-0822 Fund II, a series of Roll Up Vehicles, LP",D,20251118,edgar/data/2086271/0002086271-25-000001.txt
2086963,"PL-0829 Fund I, a series of CCL Funds, LP",D,20251118,edgar/data/2086963/0002086963-25-000001.txt
2087114,VictoryArc Partners Fund LP,D,20251118,edgar/data/2087114/0000898432-25-000917.txt
2087770,"PMG 11TH STREET NEW PREFERRED, LLC",D,20251118,edgar/data/2087770/0002087770-25-000001.txt
2087871,"TO-0912 Fund I, a series of Multifaceted Vehicles, LP",D,20251118,edgar/data/2087871/0002087871-25-000001.txt
2089936,"RE-0923 Fund I, a series of QuantumScale Ventures, LP",D,20251118,edgar/data/2089936/0002089936-25-000001.txt
2090230,"Terraton Industrial, Inc.",D,20251118,edgar/data/2090230/0002090230-25-000001.txt
2091260,"OR-0908 Fund I, a series of Opal Venture Partners, LP",D,20251118,edgar/data/2091260/0002091260-25-000001.txt
2091403,"BitPayTech, Inc",D,20251118,edgar/data/2091403/0002091403-25-000003.txt
2091516,"LGT Global Private Infrastructure S.A., SICAV-RAIF",D,20251118,edgar/data/2091516/0002091516-25-000001.txt
2091746,Trimontium Capital Solutions U.S. Feeder Fund LP,D,20251118,edgar/data/2091746/0000945621-25-001145.txt
2091994,"Dualitas Therapeutics, Inc.",D,20251118,edgar/data/2091994/0001231919-25-000517.txt
2092227,"PA-1007 Fund I, a series of MV Funds, LP",D,20251118,edgar/data/2092227/0002092227-25-000001.txt
2092443,"Insight Partners Public Equities Focus, L.P. - Portfolio II",D,20251118,edgar/data/2092443/0000902664-25-005092.txt
2092813,"PA-1016 Fund III, a series of MV Funds, LP",D,20251118,edgar/data/2092813/0002092813-25-000001.txt
2092916,"BVC Rise NC Portfolio Fund, LLC",D,20251118,edgar/data/2092916/0002092916-25-000001.txt
2092956,Pentas Fund Ltd,D,20251118,edgar/data/2092956/0000902664-25-005090.txt
2093250,VST BIO Corp,D,20251118,edgar/data/2093250/0001231919-25-000520.txt
2093264,MICHIGAN 4 MHC INVESTORS LLC,D,20251118,edgar/data/2093264/0002093264-25-000001.txt
2093368,Crown Growth Secondaries Opportunities S.C.Sp.,D,20251118,edgar/data/2093368/0002093368-25-000001.txt
2093577,"MO-1013 Fund III, a series of Sun Room Funds, LP",D,20251118,edgar/data/2093577/0002093577-25-000001.txt
2093647,RT-FAI II LLC,D,20251118,edgar/data/2093647/0002093647-25-000001.txt
2093736,Direct Growth Opportunities Fund LP,D,20251118,edgar/data/2093736/0002093736-25-000001.txt
2094020,Rithm Asset-Based Opportunities Fund LP,D,20251118,edgar/data/2094020/0002062357-25-000085.txt
2094157,"HS Charleston, LLC",D,20251118,edgar/data/2094157/0001493152-25-024032.txt
2094260,Trimontium Capital Solutions Master Fund SCA SICAV-RAIF,D,20251118,edgar/data/2094260/0000945621-25-001144.txt
2094261,Trimontium Capital Solutions Feeder Fund SCA SICAV-RAIF,D,20251118,edgar/data/2094261/0000945621-25-001143.txt
2094364,"Animal-BU-1020 Fund II, a series of AngelList Funds 2025, LP",D,20251118,edgar/data/2094364/0002094364-25-000001.txt
2094423,Arcline Capital Partners IV AL Co-Invest LP,D,20251118,edgar/data/2094423/0002094423-25-000001.txt
2094518,JS VENTURE FUND LLC SERIES A34,D,20251118,edgar/data/2094518/0002094518-25-000001.txt
2094779,"Rockcliff III Co-Investment Fund, LP",D,20251118,edgar/data/2094779/0002094779-25-000001.txt
2094784,"Rockcliff III Co-Investment Fund-D, LP",D,20251118,edgar/data/2094784/0002094784-25-000001.txt
2094816,"K5 Tech Fund II, LP - Series 205",D,20251118,edgar/data/2094816/0002094816-25-000001.txt
2094822,IA Atomscale 110x0 a Series of IrishAngels 2025 LLC,D,20251118,edgar/data/2094822/0002094822-25-000001.txt
2095155,"Granada Funds I, LP",D,20251118,edgar/data/2095155/0002095155-25-000001.txt
2095252,"Meron III, L.P.",D,20251118,edgar/data/2095252/0002095252-25-000001.txt
2095367,"Bluebonnet Residential Partners, LP",D,20251118,edgar/data/2095367/0002095367-25-000001.txt
2095481,Vessel Capital LLC,D,20251118,edgar/data/2095481/0002095481-25-000001.txt
2095519,"Holland Ridge Realty, LLC",D,20251118,edgar/data/2095519/0002095519-25-000001.txt
2095533,"VP Security Holdings, LP",D,20251118,edgar/data/2095533/0002095533-25-000001.txt
2095535,"VP Security Management, LP",D,20251118,edgar/data/2095535/0002095535-25-000001.txt
2095546,S3 RE Perpetual Yield LP,D,20251118,edgar/data/2095546/0000905148-25-004124.txt
2095586,"reFrontier USA, LLC",D,20251118,edgar/data/2095586/0001999371-25-018058.txt
2095727,"8245 S STATE RD PROPERTY OWNER, LLC",D,20251118,edgar/data/2095727/0002095727-25-000001.txt
2096177,Ares EPW Co-Invest LP,D,20251118,edgar/data/2096177/0002096177-25-000001.txt
2096179,Ares EPW Co-Invest (Parallel) LP,D,20251118,edgar/data/2096179/0002096179-25-000001.txt
2096191,"Black Lotus Quantum Ventures I, LP",D,20251118,edgar/data/2096191/0002096191-25-000001.txt
2096249,Pearl Bitcoin Fund LLC,D,20251118,edgar/data/2096249/0002096249-25-000001.txt
2096387,"Tandem Ventures SPV X (Redo), LP",D,20251118,edgar/data/2096387/0002096387-25-000001.txt
2096426,"Kindred GMF2, L.P.",D,20251118,edgar/data/2096426/0002096426-25-000001.txt
2096467,Hypologic Inc.,D,20251118,edgar/data/2096467/0002096467-25-000001.txt
2096485,Queen Anne 2120 LLC,D,20251118,edgar/data/2096485/0002096485-25-000001.txt
2096533,Nation Gold Corp.,D,20251118,edgar/data/2096533/0000912282-25-001251.txt
2096575,Edgevanta Aug 2025 a Series of CGF2021 LLC,D,20251118,edgar/data/2096575/0002096575-25-000001.txt
2096591,NuCare Blaine DST,D,20251118,edgar/data/2096591/0002096591-25-000001.txt
2096597,"North Spore Holdings, Inc.",D,20251118,edgar/data/2096597/0002096597-25-000001.txt
2096606,Windward SPV I LLC,D,20251118,edgar/data/2096606/0000919574-25-007096.txt
2096610,Quarry Glue Holding Co LLC,D,20251118,edgar/data/2096610/0002096610-25-000001.txt
2096615,"OHA Osiris Credit Opportunities Fund, L.P.",D,20251118,edgar/data/2096615/0000950142-25-003019.txt
2096643,NuCare SLP DST,D,20251118,edgar/data/2096643/0002096643-25-000001.txt
2096729,"CO-1104 Fund I, a series of Multimodal Ventures, LP",D,20251118,edgar/data/2096729/0002096729-25-000001.txt
2096761,World Cup Soccer Fund 26 LLC,D,20251118,edgar/data/2096761/0002096761-25-000001.txt
2096786,BH Capital Fund IV LP,D,20251118,edgar/data/2096786/0002096786-25-000001.txt
2096810,Blue Owl Alternative Credit SCSp,D,20251118,edgar/data/2096810/0002096810-25-000001.txt
2096819,"BREG CV, LLC",D,20251118,edgar/data/2096819/0001239944-25-000026.txt
2096861,Sinda Ltd.,D,20251118,edgar/data/2096861/0002096861-25-000001.txt
2096876,VILLAGE LISTENING BAR LLC,D,20251118,edgar/data/2096876/0002096876-25-000001.txt
2096903,DPD 68 LLC,D,20251118,edgar/data/2096903/0002096903-25-000001.txt
2096937,Instant Hydration Inc.,D,20251118,edgar/data/2096937/0000898432-25-000916.txt
2097088,"Westlake Condos, LLC",D,20251118,edgar/data/2097088/0002097088-25-000001.txt
2097096,BCG Matthews Pointe Fund LLC,D,20251118,edgar/data/2097096/0002097096-25-000001.txt
2097097,BCG Founders Fund I LLC,D,20251118,edgar/data/2097097/0002097097-25-000001.txt
2097106,CENTURY LIC CONDOS LLC,D,20251118,edgar/data/2097106/0002097106-25-000001.txt
2097126,"Xnuup, LLC",D,20251118,edgar/data/2097126/0002097126-25-000001.txt
2097140,"Summit Suites, LLC",D,20251118,edgar/data/2097140/0002097140-25-000001.txt
2097165,SPLY Capital Funds LLC - Series 3,D,20251118,edgar/data/2097165/0002097165-25-000001.txt
2097168,SPLY Capital Funds LLC - Series 4,D,20251118,edgar/data/2097168/0002097168-25-000001.txt
2097169,SPLY Capital Funds LLC - Series 5,D,20251118,edgar/data/2097169/0002097169-25-000001.txt
2097178,SPLY Capital Funds LLC - Series 7,D,20251118,edgar/data/2097178/0002097178-25-000001.txt
2097181,SPLY Capital Funds LLC - Series 15,D,20251118,edgar/data/2097181/0002097181-25-000001.txt
2097227,"Stu's Bloody Mary, Inc.",D,20251118,edgar/data/2097227/0002097227-25-000001.txt
2097234,Strawberry Ranch Fund LLC,D,20251118,edgar/data/2097234/0002097234-25-000001.txt
2097235,SPLY Capital Funds LLC - Series 8,D,20251118,edgar/data/2097235/0002097235-25-000001.txt
2097236,SPLY Capital Funds LLC - Series 10,D,20251118,edgar/data/2097236/0002097236-25-000001.txt
2097238,FLASHBIT INC.,D,20251118,edgar/data/2097238/0002097238-25-000001.txt
2097257,SMB Investor Network SPV LLC - Series 1,D,20251118,edgar/data/2097257/0002097257-25-000001.txt
2097264,SMB Investor Network SPV LLC - Series 2,D,20251118,edgar/data/2097264/0002097264-25-000001.txt
2097270,"Oiselle, LLC",D,20251118,edgar/data/2097270/0002097270-25-000001.txt
2097284,SPLY Capital Funds LLC - Series 1,D,20251118,edgar/data/2097284/0002097284-25-000001.txt
2097285,SPLY Capital Funds LLC - Series 13,D,20251118,edgar/data/2097285/0002097285-25-000001.txt
2097286,SPLY Capital Funds LLC - Series 2,D,20251118,edgar/data/2097286/0002097286-25-000001.txt
1165842,SPINEOLOGY INC,D,20251119,edgar/data/1165842/0001165842-25-000003.txt
1290658,"IIOT-OXYS, Inc.",D,20251119,edgar/data/1290658/0001290658-25-000003.txt
1415758,Nevada Sunrise Metals Corp.,D,20251119,edgar/data/1415758/0002060755-25-000058.txt
1504982,"Wyng, Inc.",D,20251119,edgar/data/1504982/0001504982-25-000002.txt
1514900,IDmission LLC,D,20251119,edgar/data/1514900/0001514900-25-000004.txt
1675024,"Harrell Bancshares, Inc.",D,20251119,edgar/data/1675024/0001675024-25-000002.txt
1684283,"Shelter Distilling, Inc.",D,20251119,edgar/data/1684283/0001684283-25-000002.txt
1703757,"Legends of Learning, Inc.",D,20251119,edgar/data/1703757/0001703757-25-000004.txt
1753612,"Kula Bio, Inc.",D,20251119,edgar/data/1753612/0001753612-25-000002.txt
1755038,"GridRival, Inc.",D,20251119,edgar/data/1755038/0001755038-25-000002.txt
1877017,"Reimagine Care, Inc.",D,20251119,edgar/data/1877017/0001877017-25-000002.txt
1896679,Armada Topco Inc.,D,20251119,edgar/data/1896679/0001896679-25-000005.txt
1919246,Pelthos Therapeutics Inc.,D,20251119,edgar/data/1919246/0001919246-25-000006.txt
1926185,"Siftwell Analytics, Inc.",D,20251119,edgar/data/1926185/0001926185-25-000004.txt
1971061,Altafid Inc.,D,20251119,edgar/data/1971061/0001971061-25-000003.txt
1996115,"FORMENTERA AUSTRALIA FUND I, LP",D,20251119,edgar/data/1996115/0001996115-25-000003.txt
2036281,"General Counsel AI, Inc.",D,20251119,edgar/data/2036281/0002036281-25-000004.txt
2040780,"Siuslaw River Holdings, LLC",D,20251119,edgar/data/2040780/0002040780-25-000003.txt
2041529,"Oaken, Inc.",D,20251119,edgar/data/2041529/0002041529-25-000002.txt
2055565,Series 36 - ISS TRANSCENDED HOLDINGS LLC,D,20251119,edgar/data/2055565/0002055565-25-000002.txt
2069206,"SPCM Consumer Growth Equity Fund, L.P.",D,20251119,edgar/data/2069206/0002069206-25-000002.txt
2069457,"HVCB Credit Opportunities, L.P.",D,20251119,edgar/data/2069457/0002069457-25-000001.txt
2070726,Advent Partners GPE XI-C-1 SCSp,D,20251119,edgar/data/2070726/0002070726-25-000001.txt
2071621,"Vanara Capital Fund I, LP",D,20251119,edgar/data/2071621/0002071621-25-000002.txt
2076558,"Viola Ventures VII, L.P.",D,20251119,edgar/data/2076558/0002076558-25-000001.txt
2078893,"BEYOND INVESTMENTS SERIES LLC, INCOME FUND",D,20251119,edgar/data/2078893/0001214659-25-016941.txt
2080546,"Data Driven Energy 2025, L.P.",D,20251119,edgar/data/2080546/0002080546-25-000001.txt
2081699,"MSFinTechCo, Inc.",D,20251119,edgar/data/2081699/0002081699-25-000003.txt
2083832,"H.I.G. HealthBridge Capital Partners III, L.P.",D,20251119,edgar/data/2083832/0002083832-25-000001.txt
2084051,"CY-0617 Fund I, a series of SaxeCap, LP",D,20251119,edgar/data/2084051/0002084051-25-000001.txt
2086873,"AU-0812 Fund I, a series of Roll Up Vehicles, LP",D,20251119,edgar/data/2086873/0002086873-25-000001.txt
2087768,"PMG 900 INTRACOASTAL INVESTORS, LLC",D,20251119,edgar/data/2087768/0002087768-25-000001.txt
2087769,"PMG 900 INTRACOASTAL HOLDINGS, LLC",D,20251119,edgar/data/2087769/0002087769-25-000001.txt
2088386,AI-SIC NM Co-Investment Limited Partnership,D,20251119,edgar/data/2088386/0002088386-25-000001.txt
2088414,"Somnistics Research Labs, Inc.",D,20251119,edgar/data/2088414/0002088414-25-000001.txt
2088532,"KA-0917 Fund I, a series of Jolt VC, LP",D,20251119,edgar/data/2088532/0002088532-25-000001.txt
2088631,"Shelter DP, LLC",D,20251119,edgar/data/2088631/0002088631-25-000001.txt
2089725,"YDOT1 SPV, a series of Riverside Ventures Self-Advised, LP",D,20251119,edgar/data/2089725/0002089725-25-000001.txt
2090577,"Kingston Corners Retail Investors, LP",D,20251119,edgar/data/2090577/0002090577-25-000001.txt
2090598,"Altera Secondary Fund, LLC",D,20251119,edgar/data/2090598/0002090598-25-000001.txt
2090654,Oberland Capital Healthcare Solutions II LP,D,20251119,edgar/data/2090654/0002090654-25-000001.txt
2090689,Oberland Capital Healthcare Solutions Co-Invest II LP,D,20251119,edgar/data/2090689/0002090689-25-000003.txt
2090707,Oberland Capital Healthcare Solutions Co-Invest Offshore II LP,D,20251119,edgar/data/2090707/0002090707-25-000001.txt
2090762,Gaingels Lumina LLC,D,20251119,edgar/data/2090762/0002090762-25-000001.txt
2091049,"Waldo I, LP",D,20251119,edgar/data/2091049/0002091049-25-000004.txt
2091181,Oberland Capital Healthcare Solutions Offshore II LP,D,20251119,edgar/data/2091181/0002091181-25-000001.txt
2091201,"Heritage Prime Providers SPV, LLC",D,20251119,edgar/data/2091201/0002091201-25-000001.txt
2091805,"EF-1007 Fund I, a series of MV Funds, LP",D,20251119,edgar/data/2091805/0002091805-25-000001.txt
2092020,Blantyre Special Situations US Onshore Fund LP,D,20251119,edgar/data/2092020/0001012975-25-000802.txt
2092531,"CI-0916 Fund I, a series of Roll Up Vehicles, LP",D,20251119,edgar/data/2092531/0002092531-25-000001.txt
2092952,Simpli Inc.,D,20251119,edgar/data/2092952/0002092952-25-000001.txt
2093320,"WCP LM Fund, L.P.",D,20251119,edgar/data/2093320/0000950142-25-003028.txt
2093375,DentonX Inc,D,20251119,edgar/data/2093375/0002093375-25-000001.txt
2093568,"Hinckley Medical, Inc.",D,20251119,edgar/data/2093568/0002093568-25-000001.txt
2093678,"ACG IV CN, LP",D,20251119,edgar/data/2093678/0001231919-25-000524.txt
2094297,"LSL MOCANN FUND III, LLC",D,20251119,edgar/data/2094297/0002094297-25-000001.txt
2094641,"BR-1014 Fund I, a series of MV Funds, LP",D,20251119,edgar/data/2094641/0002094641-25-000001.txt
2094813,1 Java Holdings LLC,D,20251119,edgar/data/2094813/0002094813-25-000001.txt
2095207,"Wellington VGE Partners Capital Fund, L.P.",D,20251119,edgar/data/2095207/0000945621-25-001146.txt
2095408,"TPG Osprey Fund, L.P.",D,20251119,edgar/data/2095408/0002095408-25-000001.txt
2095499,"FCP VENTURE X QP LLC, SERIES XIV",D,20251119,edgar/data/2095499/0002095499-25-000001.txt
2095530,"Heroic Opportunity Fund SPV VI, LLC",D,20251119,edgar/data/2095530/0001231919-25-000523.txt
2095545,Gaingels AscendArc LLC,D,20251119,edgar/data/2095545/0002095545-25-000001.txt
2095592,"OSP Burns Holdings, LP",D,20251119,edgar/data/2095592/0000950172-25-000225.txt
2095774,MVP Opportunity Fund VI LLC Series 25E QP,D,20251119,edgar/data/2095774/0002095774-25-000001.txt
2095841,"AR-1018 Fund II, a series of Multimodal Ventures, LP",D,20251119,edgar/data/2095841/0002095841-25-000001.txt
2095936,"L2 Point WT Holdings II, L.P.",D,20251119,edgar/data/2095936/0001012975-25-000801.txt
2096019,"TY-1021 Fund II, a series of AngelList Funds 2025, LP",D,20251119,edgar/data/2096019/0002096019-25-000001.txt
2096049,"Arena Legal Assets - Excess Capacity I-B, LP",D,20251119,edgar/data/2096049/0000945621-25-001149.txt
2096089,"IEQ Capital Access Fund - Big 4 Properties Founders Fund, L.P.",D,20251119,edgar/data/2096089/0002096089-25-000001.txt
2096332,"Meritex Industrial Fund V REIT, LLC",D,20251119,edgar/data/2096332/0002096332-25-000001.txt
2096336,Fourth State Technologies Inc.,D,20251119,edgar/data/2096336/0002096336-25-000001.txt
2096477,Highland Europe Technology Growth VI Limited Partnership,D,20251119,edgar/data/2096477/0000950142-25-003024.txt
2096535,"ISC Physician Holdings, LLC",D,20251119,edgar/data/2096535/0002096535-25-000001.txt
2096580,"Partners Edge Fund II, LP",D,20251119,edgar/data/2096580/0002096580-25-000001.txt
2096605,"Novella AI, Inc",D,20251119,edgar/data/2096605/0002067405-25-000002.txt
2096707,Lion26 SO LLC,D,20251119,edgar/data/2096707/0001096906-25-001897.txt
2096732,"AUDEO VENTURES FUND II, LP",D,20251119,edgar/data/2096732/0002081111-25-000039.txt
2096758,"Juniper Ventures Fund II, LP",D,20251119,edgar/data/2096758/0002096758-25-000001.txt
2096772,Beagle Technology Inc.,D,20251119,edgar/data/2096772/0002096772-25-000001.txt
2096800,"DEXORDER, LLC",D,20251119,edgar/data/2096800/0002096800-25-000001.txt
2096823,"4200 WEBSTER QOF II, LLC",D,20251119,edgar/data/2096823/0002096823-25-000001.txt
2096842,Global Alts LLC - Unicorn Tech Fund III,D,20251119,edgar/data/2096842/0002096842-25-000001.txt
2096855,Junipero Capital SPV IV LLC,D,20251119,edgar/data/2096855/0002096855-25-000001.txt
2096856,Junipero Capital Hedge III LLC,D,20251119,edgar/data/2096856/0002096856-25-000001.txt
2096865,"LTA Select Investors 1, LLC",D,20251119,edgar/data/2096865/0002096865-25-000001.txt
2096905,"323 West 100th Street, LLC",D,20251119,edgar/data/2096905/0001104659-25-113768.txt
2096915,"TRIBRIDGE CO-INVEST 68, LLC",D,20251119,edgar/data/2096915/0002096915-25-000001.txt
2096923,"SP-0404 Fund I, a series of DashAngels, LP",D,20251119,edgar/data/2096923/0002096923-25-000001.txt
2096927,"HA-0224 Fund I, a series of Roll Up Vehicles, LP",D,20251119,edgar/data/2096927/0002096927-25-000001.txt
2096934,NS Fund 1 LP,D,20251119,edgar/data/2096934/0002096934-25-000001.txt
2097073,"PFG Legacy Fund, LLC",D,20251119,edgar/data/2097073/0002097073-25-000001.txt
2097127,Cost Segregation a Series of CGF2021 LLC,D,20251119,edgar/data/2097127/0002097127-25-000001.txt
2097130,Sigil Aug 2025 a Series of CGF2021 LLC,D,20251119,edgar/data/2097130/0002097130-25-000001.txt
2097135,B2L Pluto Money Round 2 Oct 2025 a Series of CGF2021 LLC,D,20251119,edgar/data/2097135/0002097135-25-000001.txt
2097136,Huntler Perplexity SPV I a Series of CGF2021 LLC,D,20251119,edgar/data/2097136/0002097136-25-000001.txt
2097137,NonPublic Financials Fund I a Series of CGF2021 LLC,D,20251119,edgar/data/2097137/0002097137-25-000001.txt
2097138,Worldbuild Ventures I SF Compute a Series of CGF2021 LLC,D,20251119,edgar/data/2097138/0002097138-25-000001.txt
2097139,Veritus Leonis a Series of CGF2021 LLC,D,20251119,edgar/data/2097139/0002097139-25-000001.txt
2097143,"Nectar Hidden Lake 2025, LLC",D,20251119,edgar/data/2097143/0002097143-25-000001.txt
2097149,DPV Crusoe I a Series of DataPower Capital Partners LLC,D,20251119,edgar/data/2097149/0002097149-25-000001.txt
2097166,Everwise Private Wealth Management Ltd.,D,20251119,edgar/data/2097166/0002097166-25-000001.txt
2097182,SPLY Capital Funds LLC - Series 16,D,20251119,edgar/data/2097182/0002097182-25-000001.txt
2097275,"Overland Reserve, LLC",D,20251119,edgar/data/2097275/0002097275-25-000001.txt
2097276,Landfair European Dislocated Opportunities II Feeder SCSp,D,20251119,edgar/data/2097276/0002097276-25-000001.txt
2097290,ONE SOURCE MULTINATIONAL & EQUITY CAPITAL FUND LTD. LIABILITY CO.,D,20251119,edgar/data/2097290/0002097290-25-000001.txt
2097300,JSXGWL GLOBAL INC.,D,20251119,edgar/data/2097300/0002097300-25-000001.txt
2097301,Iron Nation SPV II a Series of CGF2021 LLC,D,20251119,edgar/data/2097301/0002097301-25-000001.txt
2097302,Hyperspace Mach 8 2025 a Series of CGF2021 LLC,D,20251119,edgar/data/2097302/0002097302-25-000001.txt
2097303,"DY-1028 Fund I, a series of Shor Capital, LP",D,20251119,edgar/data/2097303/0002097303-25-000001.txt
2097304,Blueridge CV Elysia Bio 1 Oct 2025 a Series of CGF2021 LLC,D,20251119,edgar/data/2097304/0002097304-25-000001.txt
2097305,UNADILLA INTERSTATE RURAL DEVELOPMENT LLC,D,20251119,edgar/data/2097305/0002097305-25-000001.txt
2097307,AIR CO 1 S.C.Sp.,D,20251119,edgar/data/2097307/0002097307-25-000001.txt
2097312,Avedian Sep 2025 a Series of CGF2021 LLC,D,20251119,edgar/data/2097312/0002097312-25-000001.txt
2097314,Rhoic SAFE Note Aug 2025 a Series of CGF2021 LLC,D,20251119,edgar/data/2097314/0002097314-25-000001.txt
2097321,SPV014 a Series of Engage Venture Partners Investments LLC,D,20251119,edgar/data/2097321/0002097321-25-000001.txt
2097322,Zeely MA7-2 Sep 2025 a Series of CGF2021 LLC,D,20251119,edgar/data/2097322/0002097322-25-000001.txt
2097326,"BCP Performance Fund I, LP",D,20251119,edgar/data/2097326/0002097326-25-000001.txt
2097327,"BCP Rock Creek, LP",D,20251119,edgar/data/2097327/0002097327-25-000001.txt
2097328,Falcon Global Real Estate Fund LP,D,20251119,edgar/data/2097328/0002097328-25-000001.txt
2097331,ARK Denali Syndication LLC,D,20251119,edgar/data/2097331/0002097331-25-000001.txt
2097339,SSCG CC LLC,D,20251119,edgar/data/2097339/0002097339-25-000001.txt
2097340,TFC Syracuse Big Gulps LLC,D,20251119,edgar/data/2097340/0002097340-25-000001.txt
2097344,"Stone Engineering Equity Group, LLC",D,20251119,edgar/data/2097344/0002097344-25-000001.txt
2097361,Tejascore Techsystems Inc,D,20251119,edgar/data/2097361/0002097361-25-000001.txt
2097377,"Anaheim Hotel Fund, LLC",D,20251119,edgar/data/2097377/0002097377-25-000001.txt
2097380,BETTELEIGH PRODUCTIONS Ltd LIABILITY Co,D,20251119,edgar/data/2097380/0002097380-25-000001.txt
2097382,"Sierra Parkway Communities, Inc.",D,20251119,edgar/data/2097382/0002097382-25-000001.txt
2097389,"Vested Fund IV, LP",D,20251119,edgar/data/2097389/0002097389-25-000001.txt
2097447,Blue Jasper Digital LLC,D,20251119,edgar/data/2097447/0002097447-25-000001.txt
2097527,"Reliant Storage Holdings, LLC",D,20251119,edgar/data/2097527/0002097527-25-000001.txt
1001257,DICKINSON FINANCIAL CORP,D,20251120,edgar/data/1001257/0001014108-25-000074.txt
1136418,VECTORMAX Corp,D,20251120,edgar/data/1136418/0001104659-25-114300.txt
1469651,"DVM Systems, LLC",D,20251120,edgar/data/1469651/0001469651-25-000003.txt
1469651,"DVM Systems, LLC",D,20251120,edgar/data/1469651/0001469651-25-000004.txt
1469651,"DVM Systems, LLC",D,20251120,edgar/data/1469651/0001469651-25-000005.txt
1469651,"DVM Systems, LLC",D,20251120,edgar/data/1469651/0001469651-25-000006.txt
1469651,"DVM Systems, LLC",D,20251120,edgar/data/1469651/0001469651-25-000007.txt
1469651,"DVM Systems, LLC",D,20251120,edgar/data/1469651/0001469651-25-000008.txt
1469651,"DVM Systems, LLC",D,20251120,edgar/data/1469651/0001469651-25-000009.txt
1469651,"DVM Systems, LLC",D,20251120,edgar/data/1469651/0001469651-25-000010.txt
1469651,"DVM Systems, LLC",D,20251120,edgar/data/1469651/0001469651-25-000011.txt
1469651,"DVM Systems, LLC",D,20251120,edgar/data/1469651/0001469651-25-000012.txt
1469651,"DVM Systems, LLC",D,20251120,edgar/data/1469651/0001469651-25-000013.txt
1469651,"DVM Systems, LLC",D,20251120,edgar/data/1469651/0001469651-25-000014.txt
1562326,John W. Bristol Equity Fund I LLC,D,20251120,edgar/data/1562326/0001085146-25-006006.txt
1641404,"Peca Labs, Inc.",D,20251120,edgar/data/1641404/0001641404-25-000002.txt
1723149,"Tara Emerging Asia Liquid Fund (US), LP",D,20251120,edgar/data/1723149/0001723149-25-000002.txt
1743234,"IONIA, INC.",D,20251120,edgar/data/1743234/0001743234-25-000005.txt
1759894,"Integration Innovation, Inc.",D,20251120,edgar/data/1759894/0001759894-25-000007.txt
1785493,RHINO BITCOIN INC.,D,20251120,edgar/data/1785493/0001493152-25-024398.txt
1822863,Halfdays Apparel Corp.,D,20251120,edgar/data/1822863/0001822863-25-000002.txt
1823902,"Solarea Bio, Inc.",D,20251120,edgar/data/1823902/0001823902-25-000002.txt
1831528,"Summit Infrastructure Holdings, LLC",D,20251120,edgar/data/1831528/0001831528-25-000004.txt
1834887,Momentis Surgical Ltd.,D,20251120,edgar/data/1834887/0001834887-25-000003.txt
1837194,OurCrowd (Investment in BlueN) L.P.,D,20251120,edgar/data/1837194/0001837194-25-000002.txt
1881936,"ECLIPSE BIOINNOVATIONS, INC.",D,20251120,edgar/data/1881936/0001881936-25-000002.txt
1945538,INTRAMOTEV INC.,D,20251120,edgar/data/1945538/0001945538-25-000002.txt
1971290,Dear Sundays Inc.,D,20251120,edgar/data/1971290/0001971290-25-000002.txt
1973707,Castelion Corp,D,20251120,edgar/data/1973707/0001973707-25-000002.txt
1973707,Castelion Corp,D,20251120,edgar/data/1973707/0001973707-25-000003.txt
1998506,Hudson Grocery Cooperative,D,20251120,edgar/data/1998506/0000912282-25-001270.txt
2014278,Pinnacle Equity Partners Fund LLC,D,20251120,edgar/data/2014278/0002014278-25-000004.txt
2014856,"American Bancorp, Inc.",D,20251120,edgar/data/2014856/0001654954-25-013339.txt
2017496,Thera-Clean Inc.,D,20251120,edgar/data/2017496/0000912282-25-001275.txt
2024884,"SYPHER, INC.",D,20251120,edgar/data/2024884/0002024884-25-000002.txt
2031492,NextFolio LLC,D,20251120,edgar/data/2031492/0002031492-25-000002.txt
2041029,"Nymbl Systems, Inc.",D,20251120,edgar/data/2041029/0002041029-25-000004.txt
2050812,"Findevor, Inc.",D,20251120,edgar/data/2050812/0002050812-25-000003.txt
2054288,Alkamy Capital Real Estate Fund I LP,D,20251120,edgar/data/2054288/0002054288-25-000002.txt
2058139,ALC 119 L.P.,D,20251120,edgar/data/2058139/0002058139-25-000002.txt
2062318,"TOG1 SPV, a series of Riverside Ventures Self-Advised, LP",D,20251120,edgar/data/2062318/0002062318-25-000002.txt
2066836,Conexeu Sciences Inc.,D,20251120,edgar/data/2066836/0002060755-25-000059.txt
2068636,Finance 1 a Series of FOG Ventures Fund III LLC,D,20251120,edgar/data/2068636/0002068636-25-000002.txt
2070043,"Figure SPV, a series of Beyond-Sec-I, LP",D,20251120,edgar/data/2070043/0002070043-25-000002.txt
2075090,Equitable Housing Solutions Fund II REIT LLC,D,20251120,edgar/data/2075090/0002075090-25-000001.txt
2078307,"Veyra Holdings, LLC",D,20251120,edgar/data/2078307/0002078307-25-000005.txt
2083291,Linden Opportunities Fund II LP,D,20251120,edgar/data/2083291/0002083291-25-000001.txt
2084158,"CO-0811 Fund II, a series of Jolt VC, LP",D,20251120,edgar/data/2084158/0002084158-25-000001.txt
2084535,"SA-0815 Fund I, a series of Umami Capital, LP",D,20251120,edgar/data/2084535/0002084535-25-000001.txt
2085068,"Hygia Technologies, Inc.",D,20251120,edgar/data/2085068/0001213900-25-112996.txt
2085215,"Columbia XIG Co-Invest, L.P.",D,20251120,edgar/data/2085215/0001012975-25-000807.txt
2086966,FSO AHP OWNER LLC,D,20251120,edgar/data/2086966/0002086966-25-000001.txt
2087597,"GIP Horizon Co-Invest, L.P.",D,20251120,edgar/data/2087597/0002087597-25-000002.txt
2090065,"CanAm Mountain States Regional Center, LP III",D,20251120,edgar/data/2090065/0002090065-25-000001.txt
2091267,"Vermilion Cliffs Ventures Fund II, LP",D,20251120,edgar/data/2091267/0002091267-25-000001.txt
2091800,"ProDev Mosaic, LP",D,20251120,edgar/data/2091800/0001213900-25-113027.txt
2091807,"Josh-GR-0813 Fund I, a series of AngelList Funds 2025, LP",D,20251120,edgar/data/2091807/0002091807-25-000001.txt
2091863,"L Catterton HL SPV, L.P.",D,20251120,edgar/data/2091863/0002091863-25-000001.txt
2091879,"Watchfire Ventures Fund III, L.P.",D,20251120,edgar/data/2091879/0001231919-25-000531.txt
2092285,Blantyre Special Situations US Offshore Fund LP,D,20251120,edgar/data/2092285/0001012975-25-000803.txt
2092322,Trust AI a Series of CGF2021 LLC,D,20251120,edgar/data/2092322/0002092322-25-000001.txt
2092343,"New England 5 Select, LP",D,20251120,edgar/data/2092343/0002092343-25-000001.txt
2092358,"AL-1011 Fund I, a series of New Vista Private Capital Funds, LP",D,20251120,edgar/data/2092358/0002092358-25-000001.txt
2092458,Wolske Wealth Cayman Fund,D,20251120,edgar/data/2092458/0002092458-25-000001.txt
2092662,"Lake Mary Land Holdings, LLC",D,20251120,edgar/data/2092662/0002092662-25-000001.txt
2092787,"Savant Fund I, LP",D,20251120,edgar/data/2092787/0002092787-25-000002.txt
2092955,Majlis Deepen AI SPV I May 2025 a Series of CGF2021 LLC,D,20251120,edgar/data/2092955/0002092955-25-000001.txt
2093028,MOON EQUITIES OPPORTUNISTIC FUND LLC,D,20251120,edgar/data/2093028/0002093028-25-000001.txt
2093116,ExchangeRight Net-Leased Portfolio 73 DST,D,20251120,edgar/data/2093116/0002093116-25-000001.txt
2093139,"HO-1014 Fund I, a series of JMWTX Investments, LP",D,20251120,edgar/data/2093139/0002093139-25-000001.txt
2093488,"New England 5 Holdings, LP",D,20251120,edgar/data/2093488/0002093488-25-000001.txt
2093734,"Coreworks AI, Inc.",D,20251120,edgar/data/2093734/0002093734-25-000001.txt
2093913,"Untapped-AN-1001 Fund I, a series of AngelList Funds 2025, LP",D,20251120,edgar/data/2093913/0002093913-25-000001.txt
2094049,"MO-1016 Fund I, a series of Karman Ventures, LP",D,20251120,edgar/data/2094049/0002094049-25-000001.txt
2094886,"TPMFT REIT 1, LLC",D,20251120,edgar/data/2094886/0002094886-25-000001.txt
2094903,"JP-PH-1027 Fund I, a series of AngelList Funds 2025, LP",D,20251120,edgar/data/2094903/0002094903-25-000001.txt
2095269,"Segra XE 2, LP",D,20251120,edgar/data/2095269/0002095269-25-000001.txt
2095664,"Redpoint Ventures VII Annex Fund, L.P.",D,20251120,edgar/data/2095664/0001104659-25-114573.txt
2095820,PSI JV IX REIT LLC,D,20251120,edgar/data/2095820/0002095820-25-000002.txt
2095858,"MayBern Solutions, Inc.",D,20251120,edgar/data/2095858/0002095858-25-000001.txt
2095920,"Lena Specialty Grocer REIT III, LLC",D,20251120,edgar/data/2095920/0002095920-25-000001.txt
2095932,HBC Real Estate Fund II LLC,D,20251120,edgar/data/2095932/0002095932-25-000001.txt
2095969,Blackstone Life Sciences VI - BL L.P.,D,20251120,edgar/data/2095969/0002095969-25-000002.txt
2095970,Blackstone Life Sciences VI - B L.P.,D,20251120,edgar/data/2095970/0002095970-25-000001.txt
2096045,VBG AVRS X11 First Ave REIT LLC,D,20251120,edgar/data/2096045/0002096045-25-000001.txt
2096062,"Atlantic Alliance HP REIT I, LLC",D,20251120,edgar/data/2096062/0002096062-25-000002.txt
2096063,Atlantic Urbana III REIT I LLC,D,20251120,edgar/data/2096063/0002096063-25-000002.txt
2096111,Eras MF Holdings LLC,D,20251120,edgar/data/2096111/0002096111-25-000001.txt
2096214,OrahVision Inc.,D,20251120,edgar/data/2096214/0002096214-25-000001.txt
2096377,Joule Employee Holdco LP,D,20251120,edgar/data/2096377/0002096377-25-000001.txt
2096377,Joule Employee Holdco LP,D,20251120,edgar/data/2096377/0002096377-25-000002.txt
2096405,Joule Midco LLC,D,20251120,edgar/data/2096405/0002096405-25-000001.txt
2096405,Joule Midco LLC,D,20251120,edgar/data/2096405/0002096405-25-000002.txt
2096416,Corn Puddin Broadway Ltd Liability Co,D,20251120,edgar/data/2096416/0002096416-25-000001.txt
2096450,"Atlantic REIT GMP, LLC",D,20251120,edgar/data/2096450/0002096450-25-000001.txt
2096453,"HOF Capital Compute Infrastructure, L.P.",D,20251120,edgar/data/2096453/0002096453-25-000001.txt
2096463,IV4 MENIFEE VALLEY REIT LLC,D,20251120,edgar/data/2096463/0002096463-25-000001.txt
2096519,AperiamVentures Fund III LP,D,20251120,edgar/data/2096519/0002096519-25-000001.txt
2096594,Fairview Tasman REIT LLC,D,20251120,edgar/data/2096594/0002096594-25-000001.txt
2096635,Fairfield OFP LLC,D,20251120,edgar/data/2096635/0002096635-25-000001.txt
2096768,Living on Dongary LLC,D,20251120,edgar/data/2096768/0002096768-25-000001.txt
2096791,"TR-1103 Fund I, a series of SaxeCap, LP",D,20251120,edgar/data/2096791/0002096791-25-000001.txt
2096793,"SM-1029 Fund III, a series of Palumni VC, LP",D,20251120,edgar/data/2096793/0002096793-25-000001.txt
2096817,"Resolute Capital Partners Fund VI-A, L.P.",D,20251120,edgar/data/2096817/0002096817-25-000005.txt
2096821,"SCG Logistics REIT, LLC",D,20251120,edgar/data/2096821/0002096821-25-000001.txt
2096839,"Resolute Capital Partners Fund VI-B, L.P.",D,20251120,edgar/data/2096839/0002096839-25-000005.txt
2097040,ACI VI 80 Dekalb Coinvest REIT LLC,D,20251120,edgar/data/2097040/0002097040-25-000001.txt
2097098,"Argos Private Investments, LLC - JurisTrade Capital Guaranteed PCP Private Credit Series",D,20251120,edgar/data/2097098/0002097098-25-000001.txt
2097101,"ME-1108 Fund I, a series of Roll Up Vehicles, LP",D,20251120,edgar/data/2097101/0002097101-25-000001.txt
2097114,"HE-1110 Fund I, a series of Roll Up Vehicles, LP",D,20251120,edgar/data/2097114/0002097114-25-000001.txt
2097153,PI BBVC Oct 2025 a Series of CGF2021 LLC,D,20251120,edgar/data/2097153/0002097153-25-000001.txt
2097154,Impulse September 2025 a Series of Spring Tide Master II LLC,D,20251120,edgar/data/2097154/0002097154-25-000001.txt
2097164,"BW BuildEnergy II, Limited Partnership",D,20251120,edgar/data/2097164/0002097164-25-000001.txt
2097237,"MPC FED CI Energy Fund V B, LLC",D,20251120,edgar/data/2097237/0000908834-25-000360.txt
2097317,"GCIC Holdings II, LLC",D,20251120,edgar/data/2097317/0002097317-25-000001.txt
2097332,Muse Software Inc.,D,20251120,edgar/data/2097332/0002097332-25-000001.txt
2097336,"TMV Kannapolis Portfolio, LLC",D,20251120,edgar/data/2097336/0002097336-25-000001.txt
2097353,Ultimate Snooze LLC,D,20251120,edgar/data/2097353/0002097353-25-000001.txt
2097357,Doctly Inc.,D,20251120,edgar/data/2097357/0002097357-25-000001.txt
2097359,"Formentera Partners Griffin CIV, LP",D,20251120,edgar/data/2097359/0002097359-25-000001.txt
2097362,"K2 Capital LSV V Fund, LLC",D,20251120,edgar/data/2097362/0002097362-25-000001.txt
2097394,DIVEXA INC.,D,20251120,edgar/data/2097394/0002097394-25-000001.txt
2097406,G4 Investors LLC,D,20251120,edgar/data/2097406/0002097406-25-000001.txt
2097421,"Nitrogen Aggregator, L.P.",D,20251120,edgar/data/2097421/0002097421-25-000001.txt
2097441,Sequel Credit Holdings LLC,D,20251120,edgar/data/2097441/0001096906-25-001905.txt
2097481,VoltexMatrix Ltd,D,20251120,edgar/data/2097481/0002097481-25-000001.txt
2097486,REAL Holdings LLC,D,20251120,edgar/data/2097486/0002097486-25-000001.txt
2097518,U.S. HMC Series Fund LP - Series I,D,20251120,edgar/data/2097518/0002097518-25-000001.txt
2097520,U.S. HMC SERIES FUND LP - Series II,D,20251120,edgar/data/2097520/0002097520-25-000001.txt
2097521,TWB Investors a series of Western Frontier Master LLC,D,20251120,edgar/data/2097521/0002097521-25-000001.txt
2097523,Flyway Health Inc.,D,20251120,edgar/data/2097523/0002097523-25-000001.txt
2097529,V360 Holdings LLC Series Portmanteau Ionic MT,D,20251120,edgar/data/2097529/0002097529-25-000001.txt
2097533,ZC Investors a Series of Western Frontier Master LLC,D,20251120,edgar/data/2097533/0002097533-25-000001.txt
2097534,Luci Fund a series of Sierra Master LLC,D,20251120,edgar/data/2097534/0002097534-25-000001.txt
2097546,"Low Rate Co., Inc.",D,20251120,edgar/data/2097546/0002097546-25-000001.txt
2097550,"Quick Water Income Fund, LLC",D,20251120,edgar/data/2097550/0002097550-25-000001.txt
2097571,"OPX2025 Crusoe, a Series of Opulentia Ventures X LLC",D,20251120,edgar/data/2097571/0002097571-25-000001.txt
2097576,"Bernstein GP Investment Partners, LP",D,20251120,edgar/data/2097576/0002097576-25-000001.txt
2097586,Syntria LLC,D,20251120,edgar/data/2097586/0002097586-25-000001.txt
2097604,Fossil Creek Minerals LLC,D,20251120,edgar/data/2097604/0002097604-25-000001.txt
2097617,"OnWater, Inc.",D,20251120,edgar/data/2097617/0002097617-25-000001.txt
2097657,"How 'Bout Deez Coconuts, LLC",D,20251120,edgar/data/2097657/0002097657-25-000001.txt
2097669,"HighGrove Holdings, LLC/MO",D,20251120,edgar/data/2097669/0002097669-25-000001.txt
2097669,"HighGrove Holdings, LLC/MO",D,20251120,edgar/data/2097669/0002097669-25-000002.txt
2097690,Balance Artificial Intelligence Inc.,D,20251120,edgar/data/2097690/0002097690-25-000001.txt
948708,"SMITH MICRO SOFTWARE, INC.",D,20251120,edgar/data/948708/0000948708-25-000019.txt
948708,"SMITH MICRO SOFTWARE, INC.",D,20251120,edgar/data/948708/0000948708-25-000020.txt
1083446,"Astrana Health, Inc.",D,20251121,edgar/data/1083446/0001104659-25-115007.txt
1339688,LION COPPER & GOLD CORP.,D,20251121,edgar/data/1339688/0002064835-25-000036.txt
1356093,"CREATIVE REALITIES, INC.",D,20251121,edgar/data/1356093/0001356093-25-000006.txt
1372312,"United Capital Financial Partners, LLC",D,20251121,edgar/data/1372312/0001014108-25-000075.txt
1469651,"DVM Systems, LLC",D,20251121,edgar/data/1469651/0001469651-25-000017.txt
1469651,"DVM Systems, LLC",D,20251121,edgar/data/1469651/0001469651-25-000019.txt
1529113,"XTI Aerospace, Inc.",D,20251121,edgar/data/1529113/0001213900-25-113705.txt
1628142,Parasight System Inc.,D,20251121,edgar/data/1628142/0000892251-25-000214.txt
1722200,"Strategikon Pharma, Inc.",D,20251121,edgar/data/1722200/0001722200-25-000002.txt
1741347,"Grabit Interactive Media, Inc.",D,20251121,edgar/data/1741347/0001741347-25-000002.txt
1791962,"MALUM, INC.",D,20251121,edgar/data/1791962/0001437749-25-035917.txt
1800315,"Galecto, Inc.",D,20251121,edgar/data/1800315/0001193125-25-291332.txt
1821769,Navitas Semiconductor Corp,D,20251121,edgar/data/1821769/0001821769-25-000218.txt
1889278,"Innogen Capital Ventures II, LP",D,20251121,edgar/data/1889278/0001889278-25-000003.txt
1900318,Hydrostor Inc.,D,20251121,edgar/data/1900318/0001900318-25-000003.txt
1906448,Streak 15 Entertainment LLC,D,20251121,edgar/data/1906448/0001906448-25-000002.txt
1926742,X-Bow Launch Systems Inc.,D,20251121,edgar/data/1926742/0001926742-25-000003.txt
1940740,"Dos Hombres, LLC",D,20251121,edgar/data/1940740/0001940740-25-000003.txt
1988494,"FrontView REIT, Inc.",D,20251121,edgar/data/1988494/0001988494-25-000002.txt
1994234,Midsummer Studios Inc.,D,20251121,edgar/data/1994234/0001994234-25-000002.txt
1997038,"Iambic Therapeutics, Inc.",D,20251121,edgar/data/1997038/0001997038-25-000002.txt
2006522,Doppel Inc.,D,20251121,edgar/data/2006522/0002006522-25-000002.txt
2010811,SideShift Corp,D,20251121,edgar/data/2010811/0002010811-25-000003.txt
2010811,SideShift Corp,D,20251121,edgar/data/2010811/0002010811-25-000004.txt
2010811,SideShift Corp,D,20251121,edgar/data/2010811/0002010811-25-000005.txt
2033438,"OLC Development, Inc.",D,20251121,edgar/data/2033438/0002033438-25-000002.txt
2049560,American Tungsten Corp.,D,20251121,edgar/data/2049560/0001062993-25-016977.txt
2059050,Arway Corp,D,20251121,edgar/data/2059050/0001062993-25-016986.txt
2075810,AQR Flex 1 Series LLC - Series B5,D,20251121,edgar/data/2075810/0001405086-25-000365.txt
2079786,EquityZen Growth Technology Fund LLC - Series 2153,D,20251121,edgar/data/2079786/0002079786-25-000001.txt
2081976,"SR AA Hub Church II, LLC",D,20251121,edgar/data/2081976/0002081976-25-000001.txt
2083187,"Project Dawn Co-Invest Fund, L.P.",D,20251121,edgar/data/2083187/0002083187-25-000001.txt
2084253,Lexe Corp,D,20251121,edgar/data/2084253/0002084253-25-000003.txt
2085039,"Aeolus Labs, Inc.",D,20251121,edgar/data/2085039/0001814554-25-000189.txt
2085292,"Westbound SPV VI, LP",D,20251121,edgar/data/2085292/0002085292-25-000002.txt
2087306,"Juniper Capital Fund I, L.P.",D,20251121,edgar/data/2087306/0002087306-25-000001.txt
2087327,"TU-0909 Fund III, a series of Reinforced Ventures, LP",D,20251121,edgar/data/2087327/0002087327-25-000001.txt
2087603,OXCCU TECH LTD,D,20251121,edgar/data/2087603/0002087603-25-000001.txt
2087766,"PMG RIVERFRONT PORTFOLIO INVESTORS, LLC",D,20251121,edgar/data/2087766/0002087766-25-000001.txt
2087767,"PMG RIVERFRONT HOLDINGS, LLC",D,20251121,edgar/data/2087767/0002087767-25-000001.txt
2088316,Advaita Capital Fund VA LP,D,20251121,edgar/data/2088316/0002088316-25-000001.txt
2089096,"AP PS IV (Cayman), L.P.",D,20251121,edgar/data/2089096/0002089096-25-000001.txt
2089594,"TPG Advantage Direct Lending, L.P.",D,20251121,edgar/data/2089594/0002089594-25-000002.txt
2089635,"JP-HE-0924 Fund I, a series of AngelList Funds 2025, LP",D,20251121,edgar/data/2089635/0002089635-25-000001.txt
2089932,"DE-0914 Fund I, a series of Roll Up Vehicles, LP",D,20251121,edgar/data/2089932/0002089932-25-000001.txt
2090163,Blackstone Voltron Co-Invest L.P.,D,20251121,edgar/data/2090163/0002090163-25-000001.txt
2090322,"SN-0912 Fund I, a series of JMWTX Investments, LP",D,20251121,edgar/data/2090322/0002090322-25-000001.txt
2090699,Orion Jersey Manco LP,D,20251121,edgar/data/2090699/0002090699-25-000001.txt
2091182,OSTTRA Topco Ltd,D,20251121,edgar/data/2091182/0002091182-25-000002.txt
2091218,"Okeanos Venture Partners II, LLC - Series 164",D,20251121,edgar/data/2091218/0002091218-25-000001.txt
2091352,"Okeanos Venture Partners II, LLC - Series 163",D,20251121,edgar/data/2091352/0002091352-25-000001.txt
2091756,"BR-0925 Fund I, a series of Roll Up Vehicles, LP",D,20251121,edgar/data/2091756/0002091756-25-000001.txt
2091841,"Partners Group Meadowlark, L.P",D,20251121,edgar/data/2091841/0002091841-25-000001.txt
2092119,"Rise North Carolina Portfolio Partners, LLC",D,20251121,edgar/data/2092119/0002092119-25-000001.txt
2092203,"Gasherbrum Fund IV, L.P.",D,20251121,edgar/data/2092203/0000950142-25-003053.txt
2092472,xAI May 2025 a Series of Moreno VC LLC,D,20251121,edgar/data/2092472/0002092472-25-000001.txt
2092607,Ares SSG Capital Partners VII LP,D,20251121,edgar/data/2092607/0002092607-25-000001.txt
2092703,HarbourVest Opportunistic Credit Secondaries Fund L.P.,D,20251121,edgar/data/2092703/0002062357-25-000108.txt
2092712,HarbourVest Opportunistic Credit Secondaries Parallel Fund L.P.,D,20251121,edgar/data/2092712/0002062357-25-000110.txt
2092878,Ares SSG Capital Partners VII Feeder LP,D,20251121,edgar/data/2092878/0002092878-25-000001.txt
2093046,"AWH Strategic Income Fund, LP",D,20251121,edgar/data/2093046/0002093046-25-000001.txt
2093162,Ellensburg Mobile Estates Investors LLC,D,20251121,edgar/data/2093162/0002093162-25-000001.txt
2093596,"Leon-SI-1003 Fund I, a series of AngelList Funds 2025, LP",D,20251121,edgar/data/2093596/0002093596-25-000001.txt
2093635,"TE-0905 Fund I, a series of Hubrix Ventures, LP",D,20251121,edgar/data/2093635/0002093635-25-000001.txt
2094068,Hypersignal Alpha LP,D,20251121,edgar/data/2094068/0002094068-25-000001.txt
2094080,"Oaktree Aurora (Cayman) Fund, L.P.",D,20251121,edgar/data/2094080/0002094080-25-000001.txt
2094081,"Oaktree Aurora (Feeder) Fund, L.P.",D,20251121,edgar/data/2094081/0002094081-25-000001.txt
2094761,"Courizon ABI Holdings, LP",D,20251121,edgar/data/2094761/0000950142-25-003050.txt
2094771,"Willamette Investment Partners, L.P.",D,20251121,edgar/data/2094771/0002094771-25-000001.txt
2094782,Maewyn FVR II LP,D,20251121,edgar/data/2094782/0002094782-25-000001.txt
2094852,"Lone Mountain Pine, L.P.",D,20251121,edgar/data/2094852/0000902664-25-005140.txt
2095160,"AFF VI REIT, LLC",D,20251121,edgar/data/2095160/0002095160-25-000002.txt
2095179,"Crescent Credit Solutions IX Co-Investment Fund, L.P.",D,20251121,edgar/data/2095179/0002062357-25-000106.txt
2095344,"VoiceRun, Inc.",D,20251121,edgar/data/2095344/0001231919-25-000532.txt
2095366,121-129 Michigan Investors LLC,D,20251121,edgar/data/2095366/0001376474-25-000954.txt
2095748,"AVSF - Blank Bio 2025, LLC",D,20251121,edgar/data/2095748/0002095748-25-000001.txt
2095804,Vanshow California,D,20251121,edgar/data/2095804/0002095804-25-000001.txt
2095830,Vanshow Hawaii Co. Inc.,D,20251121,edgar/data/2095830/0002095830-25-000001.txt
2095888,"River Partners Quantum Art Fund, LLC",D,20251121,edgar/data/2095888/0002095888-25-000001.txt
2095892,Blue Owl Real Estate VII Access LLC,D,20251121,edgar/data/2095892/0002095892-25-000001.txt
2096011,"MCT Co-Invest, LP",D,20251121,edgar/data/2096011/0002096011-25-000001.txt
2096085,"VER Co-Invest Holdings (Parallel), L.P.",D,20251121,edgar/data/2096085/0001470831-25-000360.txt
2096379,"Golden Age Dev Lab, Inc.",D,20251121,edgar/data/2096379/0001231919-25-000536.txt
2096382,Deer Ridge Gap Investments LLC,D,20251121,edgar/data/2096382/0002096382-25-000001.txt
2096384,Citrine Venture Fund LP,D,20251121,edgar/data/2096384/0001231919-25-000537.txt
2096561,"CC Regatta HCRP SPV, LLC",D,20251121,edgar/data/2096561/0002096561-25-000001.txt
2096566,"Maverick Group Investments, LP, Mav High Yield Fund I",D,20251121,edgar/data/2096566/0002096566-25-000001.txt
2096614,QUANTUM FUND S LP,D,20251121,edgar/data/2096614/0000929638-25-004357.txt
2096662,Rosy Soil SPV I a Series of CGF2021 LLC,D,20251121,edgar/data/2096662/0002096662-25-000001.txt
2096710,"Penrose Southstone REIT, LLC",D,20251121,edgar/data/2096710/0002096710-25-000001.txt
2096725,Crescent Private Credit Income iCapital Access Fund SPC,D,20251121,edgar/data/2096725/0002096725-25-000001.txt
2096741,TIF REIT LLC,D,20251121,edgar/data/2096741/0002096741-25-000001.txt
2096752,"Parler Technologies, Inc.",D,20251121,edgar/data/2096752/0002096752-25-000001.txt
2096859,"AVSF - Wasabi 2025, LLC",D,20251121,edgar/data/2096859/0002096859-25-000001.txt
2096866,RB Trading II LLC,D,20251121,edgar/data/2096866/0002096866-25-000001.txt
2096940,Prospect Innovations LP - Fund Series 9,D,20251121,edgar/data/2096940/0002096940-25-000001.txt
2096953,"AVSF - Believer 2025, LLC",D,20251121,edgar/data/2096953/0002096953-25-000001.txt
2096983,"Quercus Rubra, LLC",D,20251121,edgar/data/2096983/0002096983-25-000001.txt
2097119,Dynamo Capital REIT I LLC,D,20251121,edgar/data/2097119/0002097119-25-000001.txt
2097214,"Candlestick Partners MC, LLC",D,20251121,edgar/data/2097214/0002097214-25-000001.txt
2097218,Ares Constellation Private Equity Fund LP,D,20251121,edgar/data/2097218/0002097218-25-000001.txt
2097225,INVMW TX & MS HOLDCO LLC,D,20251121,edgar/data/2097225/0002097225-25-000001.txt
2097229,Generative Platforms Inc.,D,20251121,edgar/data/2097229/0002097229-25-000001.txt
2097232,"25Madison Propel Fund, L.P.",D,20251121,edgar/data/2097232/0002097232-25-000001.txt
2097260,Insyterra LLC,D,20251121,edgar/data/2097260/0001477932-25-008528.txt
2097291,Enduring Love LLC Vnqsh with Love,D,20251121,edgar/data/2097291/0002097291-25-000001.txt
2097320,ZRP Riverdale LLC,D,20251121,edgar/data/2097320/0002097320-25-000001.txt
2097329,Raleigh Bloomsbury Fund LLC,D,20251121,edgar/data/2097329/0002097329-25-000001.txt
2097356,Phase3 Systematic Opportunity Fund LLC,D,20251121,edgar/data/2097356/0001213900-25-113650.txt
2097371,Summit Plaza LP,D,20251121,edgar/data/2097371/0002097371-25-000001.txt
2097413,"Duke Capital Partners 2507A, a series of V360 Holdings LLC",D,20251121,edgar/data/2097413/0002097413-25-000001.txt
2097417,"Next Horizon Capital PHG Co-Invest, LP",D,20251121,edgar/data/2097417/0002097417-25-000001.txt
2097418,"GSC PR Partners, LLC",D,20251121,edgar/data/2097418/0002097418-25-000001.txt
2097429,RM Venture Partners LLC,D,20251121,edgar/data/2097429/0002097429-25-000001.txt
2097431,FFTB PC LP,D,20251121,edgar/data/2097431/0002097431-25-000001.txt
2097434,EKKL LLC,D,20251121,edgar/data/2097434/0002097434-25-000001.txt
2097437,Accuty Global Inc.,D,20251121,edgar/data/2097437/0002097437-25-000001.txt
2097491,Hayfin Private Equity Solutions III SCSp,D,20251121,edgar/data/2097491/0002097491-25-000001.txt
2097493,"Hayfin PES SMA Co-Investment Fund A, a Sub-Fund of Hayfin PES SCSP-RAIF",D,20251121,edgar/data/2097493/0002097493-25-000001.txt
2097501,DVO GP Co-Investment Fund III LP,D,20251121,edgar/data/2097501/0002097501-25-000001.txt
2097510,Spur 93 LLC,D,20251121,edgar/data/2097510/0002097510-25-000001.txt
2097539,Sagard Enhanced Property Fund REIT LLC,D,20251121,edgar/data/2097539/0002097539-25-000001.txt
2097554,"Shops at Mercedes Land, Ltd.",D,20251121,edgar/data/2097554/0002097554-25-000001.txt
2097562,Cosmos Asset Management LLC,D,20251121,edgar/data/2097562/0002097562-25-000001.txt
2097584,FIVEXS GROUP INC.,D,20251121,edgar/data/2097584/0002097584-25-000001.txt
2097589,"PR MHC, LLC",D,20251121,edgar/data/2097589/0002097589-25-000001.txt
2097608,"RPT Labworks, Inc.",D,20251121,edgar/data/2097608/0000892712-25-000163.txt
2097614,"SHF Fund I, LLC",D,20251121,edgar/data/2097614/0002097614-25-000001.txt
2097625,PE Premier BX Secondaries X Onshore Feeder L.P.,D,20251121,edgar/data/2097625/0002097625-25-000001.txt
2097629,1789 Capital Valence LP,D,20251121,edgar/data/2097629/0002097629-25-000001.txt
2097630,Cryvex Exchange LTD.,D,20251121,edgar/data/2097630/0002097630-25-000001.txt
2097631,MBH Fund II LP,D,20251121,edgar/data/2097631/0002097631-25-000001.txt
2097632,Tavira Partners LLC- Waldo I Series,D,20251121,edgar/data/2097632/0002097632-25-000001.txt
2097642,"Mizpah, LLC",D,20251121,edgar/data/2097642/0002097642-25-000001.txt
2097654,"AL-0310 Fund I, a series of Roll Up Vehicles, LP",D,20251121,edgar/data/2097654/0002097654-25-000001.txt
2097667,Zeming Micro Supercomputing Technology Ltd,D,20251121,edgar/data/2097667/0002097667-25-000001.txt
2097671,EAM LITIGATION FINANCE FUND I INTERNATIONAL LP,D,20251121,edgar/data/2097671/0001636587-25-000063.txt
2097679,U.S. HMC SERIES FUND LP - VII,D,20251121,edgar/data/2097679/0002097679-25-000001.txt
2097690,Balance Artificial Intelligence Inc.,D,20251121,edgar/data/2097690/0002097690-25-000002.txt
2097691,"CEVF VI Co-Investment I, L.P.",D,20251121,edgar/data/2097691/0002097691-25-000001.txt
2097693,TR Villa Investors LLC,D,20251121,edgar/data/2097693/0002097693-25-000001.txt
2097697,"Tru Arrow Technology Partners CIV VI, LP",D,20251121,edgar/data/2097697/0000919574-25-007139.txt
2097703,Teague 3 Joint Venture,D,20251121,edgar/data/2097703/0002097703-25-000001.txt
2097706,Beta Assets LLC,D,20251121,edgar/data/2097706/0002097706-25-000001.txt
2097726,Tensor B Fund A Series of Sierra Master LLC,D,20251121,edgar/data/2097726/0002097726-25-000001.txt
2097727,BQ Bridge Fund a Series of Sierra Master LLC,D,20251121,edgar/data/2097727/0002097727-25-000001.txt
2097742,"DeFi Solutions & Services, Inc.",D,20251121,edgar/data/2097742/0002097742-25-000001.txt
2097751,SPLY Capital Funds LLC - Series 6SPLY Capital Funds LLC - Series 6,D,20251121,edgar/data/2097751/0002097751-25-000001.txt
2097843,PE Premier BX Secondaries X Offshore Feeder L.P.,D,20251121,edgar/data/2097843/0002097843-25-000001.txt
2097857,"Ice Protein Products, LLC",D,20251121,edgar/data/2097857/0002097857-25-000001.txt
2097877,"Commit Capital Fund I, L.P.",D,20251121,edgar/data/2097877/0001231919-25-000543.txt
1035092,SHORE BANCSHARES INC,D,20251124,edgar/data/1035092/0001035092-25-000023.txt
1585608,"Jaguar Health, Inc.",D,20251124,edgar/data/1585608/0001193125-25-293746.txt
1689341,"CubeWorks, Inc.",D,20251124,edgar/data/1689341/0001689341-25-000005.txt
1735834,"Coviance, Inc.",D,20251124,edgar/data/1735834/0001735834-25-000002.txt
1737270,Nextech3D.AI Corp.,D,20251124,edgar/data/1737270/0001062993-25-016995.txt
1741708,"Schoonover Oil, LLC",D,20251124,edgar/data/1741708/0001741708-25-000002.txt
1773456,Kognitive Networks Inc.,D,20251124,edgar/data/1773456/0001104659-25-115362.txt
1786698,"Arpeggio Biosciences, Inc.",D,20251124,edgar/data/1786698/0001786698-25-000003.txt
1880064,"Kamal Therapeutics, Inc.",D,20251124,edgar/data/1880064/0001880064-25-000004.txt
1881155,EnaChip Inc.,D,20251124,edgar/data/1881155/0001470831-25-000364.txt
1916391,"37North Capital SPV 11, LLC",D,20251124,edgar/data/1916391/0001916391-25-000002.txt
1920223,TA Fintech Inc.,D,20251124,edgar/data/1920223/0001920223-25-000005.txt
1936224,SURF AIR MOBILITY INC.,D,20251124,edgar/data/1936224/0001193125-25-293767.txt
1948644,"WashX, LLC",D,20251124,edgar/data/1948644/0001948644-25-000002.txt
1957256,Gravity Platform I LLC,D,20251124,edgar/data/1957256/0001957256-25-000005.txt
1960175,"Cross Bible, Inc.",D,20251124,edgar/data/1960175/0001960175-25-000005.txt
1982793,"Chord TopCo, LP",D,20251124,edgar/data/1982793/0001982793-25-000003.txt
1982875,"Pelage Pharmaceuticals, Inc.",D,20251124,edgar/data/1982875/0001982875-25-000002.txt
1993605,"US Wealth Management Ventures, LLC",D,20251124,edgar/data/1993605/0001993605-25-000003.txt
2022415,Luminate Medical Inc.,D,20251124,edgar/data/2022415/0002022415-25-000004.txt
2027856,Rivington Labs Inc.,D,20251124,edgar/data/2027856/0002027856-25-000002.txt
2044096,anyvoice Inc.,D,20251124,edgar/data/2044096/0001231919-25-000545.txt
2064533,"Geotechnical Management Aggregator, LLC",D,20251124,edgar/data/2064533/0002064533-25-000004.txt
2067422,"eFi Capital Partners, LLC",D,20251124,edgar/data/2067422/0002067422-25-000001.txt
2067713,PRP Bakken II LP,D,20251124,edgar/data/2067713/0001437749-25-036088.txt
2067739,Prime Benefit Group LLC,D,20251124,edgar/data/2067739/0001104659-25-115509.txt
2070142,"PineBridge Private Credit IV, L.P.",D,20251124,edgar/data/2070142/0001012975-25-000818.txt
2070370,Gaingels LegalOn LLC,D,20251124,edgar/data/2070370/0002070370-25-000001.txt
2071743,"Parnassus Labs, Inc.",D,20251124,edgar/data/2071743/0002071743-25-000001.txt
2077705,"Quantum Energy Partners IX, LP",D,20251124,edgar/data/2077705/0002077705-25-000004.txt
2077707,"Quantum Parallel Partners IX-D, LP",D,20251124,edgar/data/2077707/0002077707-25-000005.txt
2081010,"Fitz Roy S1, LLC",D,20251124,edgar/data/2081010/0002081010-25-000001.txt
2081684,"DTX VC SPV LLC, Series Two - Make Rain",D,20251124,edgar/data/2081684/0002081684-25-000001.txt
2082871,PRIVATE FINTECH INVESTMENTS LLC,D,20251124,edgar/data/2082871/0002082871-25-000001.txt
2084223,Redemption Holding Co,D,20251124,edgar/data/2084223/0002084223-25-000001.txt
2085259,"SO-0828 Fund I, a series of The W Fund Syndicate, LP",D,20251124,edgar/data/2085259/0002085259-25-000001.txt
2085261,"FI-0826 Fund II, a series of AngelList-Forefront Venture Partners-Funds, LP",D,20251124,edgar/data/2085261/0002085261-25-000001.txt
2085930,MVP Opportunity Fund VI LLC Series 25H,D,20251124,edgar/data/2085930/0002085930-25-000001.txt
2086451,"PineBridge Private Credit IV RFF, L.P.",D,20251124,edgar/data/2086451/0001012975-25-000818.txt
2086469,CLC X LLC,D,20251124,edgar/data/2086469/0002086469-25-000001.txt
2086631,"ZE-08082 Fund I, a series of Roll Up Vehicles, LP",D,20251124,edgar/data/2086631/0002086631-25-000001.txt
2086897,Coatue CT 163 LLC,D,20251124,edgar/data/2086897/0000919574-25-007163.txt
2087175,"DY-0903 Fund III, a series of Umami Capital, LP",D,20251124,edgar/data/2087175/0002087175-25-000001.txt
2087223,"Futureproof Ops, Inc",D,20251124,edgar/data/2087223/0002087223-25-000002.txt
2088487,DVI LLC Series PM,D,20251124,edgar/data/2088487/0002088487-25-000001.txt
2088537,"BBH Wealth Strategies, LLC - Braemont Partners II Series",D,20251124,edgar/data/2088537/0002088537-25-000001.txt
2088545,BBH Wealth Strategies Unit Trust - Braemont Partners II Sub-Trust,D,20251124,edgar/data/2088545/0002088545-25-000001.txt
2088796,ZUP Holdings LP,D,20251124,edgar/data/2088796/0002088796-25-000001.txt
2090200,"Caspian SCF TPSF, LP",D,20251124,edgar/data/2090200/0001315863-25-000819.txt
2090221,"PCA Opportunities Fund 2025, L.P. - Series F (Teton)",D,20251124,edgar/data/2090221/0000950142-25-003058.txt
2090311,Flowhunter Alpha Fund LLC,D,20251124,edgar/data/2090311/0002090311-25-000006.txt
2090797,"Neela Therapeutics, Inc.",D,20251124,edgar/data/2090797/0002090797-25-000001.txt
2091382,"MDH F3 REIT 2, LLC",D,20251124,edgar/data/2091382/0002091382-25-000002.txt
2091390,Gaingels Lonestar LLC,D,20251124,edgar/data/2091390/0002091390-25-000001.txt
2091402,2807 Church St Galveston LLC,D,20251124,edgar/data/2091402/0002091402-25-000001.txt
2091669,"Quantum Energy Partners IX-O, LP",D,20251124,edgar/data/2091669/0002091669-25-000001.txt
2091670,"Quantum Parallel Partners IX-O(D), LP",D,20251124,edgar/data/2091670/0002091670-25-000001.txt
2091812,"PA-1007 Fund I, a series of Zachary Ginsburg Funds, LP",D,20251124,edgar/data/2091812/0002091812-25-000001.txt
2092418,"AR-1013 Fund V, a series of AX-RN-Funds, LP",D,20251124,edgar/data/2092418/0002092418-25-000001.txt
2092562,LRE Rochester 2 LLC,D,20251124,edgar/data/2092562/0002092562-25-000001.txt
2092641,LRE Edina 100 LLC,D,20251124,edgar/data/2092641/0002092641-25-000001.txt
2093098,"Innovia Private Holdings, LP",D,20251124,edgar/data/2093098/0001013594-25-001466.txt
2093254,Pantheon Global Select Fund VIII Feeder (US) LP,D,20251124,edgar/data/2093254/0000929638-25-004364.txt
2093495,OCA PHP SEGREGATED PORTFOLIO,D,20251124,edgar/data/2093495/0002093495-25-000001.txt
2093866,"Counsel Stack, Inc.",D,20251124,edgar/data/2093866/0002093866-25-000001.txt
2093990,"GL-10101 Fund I, a series of Roll Up Vehicles, LP",D,20251124,edgar/data/2093990/0002093990-25-000001.txt
2094027,"Covenant Apartment Fund XII Feeder, L.P.",D,20251124,edgar/data/2094027/0002094027-25-000001.txt
2094030,"Westwood Energy Secondaries Co-Investment Fund III, LLC",D,20251124,edgar/data/2094030/0002094030-25-000001.txt
2094405,Arkview Capital Fund I NT LP,D,20251124,edgar/data/2094405/0002094405-25-000003.txt
2094531,"LYNK Capital Reinsurance, Inc.",D,20251124,edgar/data/2094531/0002094531-25-000002.txt
2094592,"FL-1023 Fund I, a series of Roll Up Vehicles, LP",D,20251124,edgar/data/2094592/0002094592-25-000001.txt
2094683,Gaingels LineLeap LLC,D,20251124,edgar/data/2094683/0002094683-25-000001.txt
2094835,"Dominari Master SPV LLC, Series XXV Polymarket",D,20251124,edgar/data/2094835/0002094835-25-000001.txt
2095275,LV TexasCity Asset LLC,D,20251124,edgar/data/2095275/0001683168-25-008626.txt
2095276,"KKR Insurance Dedicated Fund IV Series of the SALI Multi-Series Fund, L.P.",D,20251124,edgar/data/2095276/0002095276-25-000001.txt
2095300,"E2ML Vail, LLC",D,20251124,edgar/data/2095300/0002095300-25-000001.txt
2095409,"TCP I F&F, LLC",D,20251124,edgar/data/2095409/0002095409-25-000001.txt
2095502,"RE-1102 Fund I, a series of Gutter Capital, LP",D,20251124,edgar/data/2095502/0002095502-25-000001.txt
2095504,928 Ferry Road Galveston LLC,D,20251124,edgar/data/2095504/0002095504-25-000001.txt
2095689,"Goals Program, LLC",D,20251124,edgar/data/2095689/0002095689-25-000001.txt
2095939,"Swish BP Co-Invest, L.P.",D,20251124,edgar/data/2095939/0002095939-25-000001.txt
2096035,Swipe Savvy LLC,D,20251124,edgar/data/2096035/0002096035-25-000001.txt
2096071,"Wyatt TopCo, L.P.",D,20251124,edgar/data/2096071/0002096071-25-000001.txt
2096105,"Boon Business Solutions, Inc.",D,20251124,edgar/data/2096105/0002096105-25-000001.txt
2096343,"MO-1105 Gaingels Fund I, a series of Zachary Ginsburg Funds, LP",D,20251124,edgar/data/2096343/0002096343-25-000002.txt
2096430,"Medication Data Science, Inc.",D,20251124,edgar/data/2096430/0002096430-25-000001.txt
2096526,Tailwind Permitting Investco LLC,D,20251124,edgar/data/2096526/0002096526-25-000001.txt
2096559,"OIC Gevo Co-Invest, L.P.",D,20251124,edgar/data/2096559/0002096559-25-000001.txt
2096592,"6K Additive, Inc.",D,20251124,edgar/data/2096592/0002096592-25-000001.txt
2096822,"GiXsystem.ai, Inc.",D,20251124,edgar/data/2096822/0002096822-25-000001.txt
2096844,"SA-1104 Fund I, a series of Roll Up Vehicles, LP",D,20251124,edgar/data/2096844/0002096844-25-000001.txt
2096868,BCS Family Fund II LP,D,20251124,edgar/data/2096868/0002096868-25-000001.txt
2096994,"College Retail, LLC",D,20251124,edgar/data/2096994/0002096994-25-000001.txt
2097050,"1200 Sherman Fund, LLC",D,20251124,edgar/data/2097050/0002097050-25-000001.txt
2097160,Gaingels Path Robotics 2025 LLC,D,20251124,edgar/data/2097160/0002097160-25-000001.txt
2097242,Pinellas Trail Retail LLC,D,20251124,edgar/data/2097242/0002097242-25-000001.txt
2097243,"Pinevale Leeward, LP",D,20251124,edgar/data/2097243/0002097243-25-000001.txt
2097419,Nitro Village LLC,D,20251124,edgar/data/2097419/0002097419-25-000001.txt
2097420,DKMS Kairos Fund LP,D,20251124,edgar/data/2097420/0002097420-25-000002.txt
2097446,"TownCentre Real Estate Fund II, LP",D,20251124,edgar/data/2097446/0002097446-25-000001.txt
2097456,"Anchorage CV-PC, L.P.",D,20251124,edgar/data/2097456/0000905148-25-004170.txt
2097458,"XTRESSE, LLC",D,20251124,edgar/data/2097458/0002097458-25-000001.txt
2097490,"CNG 2025 School Vehicles II, LLC",D,20251124,edgar/data/2097490/0002097490-25-000001.txt
2097506,SP Bridgewater REIT LLC,D,20251124,edgar/data/2097506/0002097506-25-000001.txt
2097507,SP Huntington REIT LLC,D,20251124,edgar/data/2097507/0002097507-25-000001.txt
2097509,SP LCS Village REIT LLC,D,20251124,edgar/data/2097509/0002097509-25-000001.txt
2097511,SP Railhead REIT LLC,D,20251124,edgar/data/2097511/0002097511-25-000001.txt
2097513,SP Summit REIT LLC,D,20251124,edgar/data/2097513/0002097513-25-000001.txt
2097568,HALL AT CENTENNIAL LLC,D,20251124,edgar/data/2097568/0001493152-25-024776.txt
2097591,PreventiveHealth.ai,D,20251124,edgar/data/2097591/0002097591-25-000001.txt
2097628,"RH Port Chester Preferred Vehicle, LLC",D,20251124,edgar/data/2097628/0002097628-25-000001.txt
2097660,Arc Capital Partners Fund II LP,D,20251124,edgar/data/2097660/0002097660-25-000001.txt
2097676,McAdams Creek Mining Corp.,D,20251124,edgar/data/2097676/0002097676-25-000001.txt
2097717,Morningside Global Opportunities Fund II-A LP,D,20251124,edgar/data/2097717/0002071842-25-000026.txt
2097754,Stenham RV Solutions Fund I,D,20251124,edgar/data/2097754/0002097754-25-000001.txt
2097859,INJURY PRO MANAGEMENT FUND X LLC,D,20251124,edgar/data/2097859/0002097859-25-000001.txt
2097862,GC AI Oct 2025 a Series of CGF2021 LLC,D,20251124,edgar/data/2097862/0002097862-25-000001.txt
2097864,T2 Clear a Series of CGF2021 LLC,D,20251124,edgar/data/2097864/0002097864-25-000001.txt
2097865,DPV BasePower C2 a Series of DataPower Capital Partners LLC,D,20251124,edgar/data/2097865/0002097865-25-000001.txt
2097866,Oben-TX a Series of CGF2021 LLC,D,20251124,edgar/data/2097866/0002097866-25-000001.txt
2097867,Lumina Sep 2025 a Series of CGF2021 LLC,D,20251124,edgar/data/2097867/0002097867-25-000001.txt
2097868,Umami Capital - Piq Energy a Series of CGF2021 LLC,D,20251124,edgar/data/2097868/0002097868-25-000001.txt
2097869,Mytra Oct 2025 a Series of CGF2021 LLC,D,20251124,edgar/data/2097869/0002097869-25-000001.txt
2097870,LFG Ventures - PsiQuantum a Series of CGF2021 LLC,D,20251124,edgar/data/2097870/0002097870-25-000001.txt
2097871,MVP Pathware 2025 a Series of MVolution Partners VC LLC,D,20251124,edgar/data/2097871/0002097871-25-000001.txt
2097872,Allegis LS II 2025-10 a Series of CGF2021 LLC,D,20251124,edgar/data/2097872/0002097872-25-000001.txt
2097874,Samara Seed 25 a Series of What If Ventures Master LLC,D,20251124,edgar/data/2097874/0002097874-25-000001.txt
2097875,Frontier Infra Fund a Series of SecondMarket Growth LLC,D,20251124,edgar/data/2097875/0002097875-25-000001.txt
2097879,Vight Aero Nov 2025 a Series of CGF2021 LLC,D,20251124,edgar/data/2097879/0002097879-25-000001.txt
2097885,Mantic Productions LLC,D,20251124,edgar/data/2097885/0002097885-25-000002.txt
2097888,OurCrowd (Investment in DeepK) L.P.,D,20251124,edgar/data/2097888/0002097888-25-000001.txt
2097891,Maverick FCG Investment Partners V LLC,D,20251124,edgar/data/2097891/0002097891-25-000001.txt
2097893,GGC-Groq 2025 a Series of CGF2021 LLC,D,20251124,edgar/data/2097893/0002097893-25-000001.txt
2097895,Shunwang International Institute of Medicine & Food Homology Research Ltd,D,20251124,edgar/data/2097895/0002097895-25-000001.txt
2097897,DDS Double Lions Fund a Series of DDS Founders Fund LLC,D,20251124,edgar/data/2097897/0002097897-25-000001.txt
2097899,"PROVIDENCE SENIOR LIVING FUND, LP",D,20251124,edgar/data/2097899/0002097899-25-000001.txt
2097908,"ChainCloud Technologies Co., Ltd",D,20251124,edgar/data/2097908/0002097908-25-000001.txt
2097919,"WEP IV Sunrise Co-Investment, L.P.",D,20251124,edgar/data/2097919/0002097919-25-000001.txt
2097948,"BroodX Fund, LP",D,20251124,edgar/data/2097948/0002097948-25-000001.txt
2097965,"Cyclops, Inc.",D,20251124,edgar/data/2097965/0002097965-25-000001.txt
2098026,"Civitas Silverthorne, LP",D,20251124,edgar/data/2098026/0001315863-25-000818.txt
1560293,"Tenon Medical, Inc.",D,20251125,edgar/data/1560293/0001213900-25-114408.txt
1750699,"Repair Biotechnologies, Inc.",D,20251125,edgar/data/1750699/0001750699-25-000002.txt
1855156,"Sator Grove Holdings, LLC",D,20251125,edgar/data/1855156/0001855156-25-000002.txt
1860364,"Tellius, Inc.",D,20251125,edgar/data/1860364/0001860364-25-000003.txt
1898475,"Suma Wealth, Inc.",D,20251125,edgar/data/1898475/0001898475-25-000006.txt
1905252,"Solve Therapeutics, Inc.",D,20251125,edgar/data/1905252/0001231919-25-000548.txt
1916502,"Legion Health, Inc.",D,20251125,edgar/data/1916502/0001916502-25-000002.txt
1950049,"Maverick Bancshares, Inc.\TX",D,20251125,edgar/data/1950049/0001950049-25-000002.txt
1960977,Moonfare Global Portfolio II LP,D,20251125,edgar/data/1960977/0001960977-25-000003.txt
1977196,"Life Knight, Inc.",D,20251125,edgar/data/1977196/0001977196-25-000004.txt
1978194,SMB Systems Integrators Inc,D,20251125,edgar/data/1978194/0001978194-25-000006.txt
1983340,"Lera Investment Technologies, Inc.",D,20251125,edgar/data/1983340/0001983340-25-000003.txt
1991008,"LQD Assets, LLC",D,20251125,edgar/data/1991008/0001991008-25-000006.txt
1991949,"verisoul, inc.",D,20251125,edgar/data/1991949/0001991949-25-000002.txt
2027206,"MicroMed, LLC",D,20251125,edgar/data/2027206/0002027206-25-000002.txt
2032873,"Swan Bravo Opportunity Fund, LLC",D,20251125,edgar/data/2032873/0002032873-25-000002.txt
2044848,"FIFR, INC.",D,20251125,edgar/data/2044848/0002044848-25-000004.txt
2046223,Cerro de Pasco Resources Inc.,D,20251125,edgar/data/2046223/0000912282-25-001306.txt
2059154,Momentum Industrial LLC,D,20251125,edgar/data/2059154/0002059154-25-000002.txt
2061546,"Madison Foundry Opportunity Fund, LLC",D,20251125,edgar/data/2061546/0002061546-25-000003.txt
2064178,Supply Change AquaCultured SPV LLC,D,20251125,edgar/data/2064178/0001941040-25-000664.txt
2064181,SUPPLY CHANGE CAPITAL FUND II LP,D,20251125,edgar/data/2064181/0001941040-25-000665.txt
2069692,Blue Owl Digital Infrastructure Trust,D,20251125,edgar/data/2069692/0002069692-25-000021.txt
2071835,Moddule Inc.,D,20251125,edgar/data/2071835/0002071835-25-000001.txt
2073500,ALC 124 L.P.,D,20251125,edgar/data/2073500/0002073500-25-000001.txt
2077009,ALC 127 L.P.,D,20251125,edgar/data/2077009/0002077009-25-000001.txt
2078062,"A&M Capital Europe II, SCSp",D,20251125,edgar/data/2078062/0002078062-25-000001.txt
2079132,"AGR Agribusiness Fund IV, LP",D,20251125,edgar/data/2079132/0002079132-25-000004.txt
2083952,"Cloverfield Funds, LP - II",D,20251125,edgar/data/2083952/0002083952-25-000001.txt
2085418,Inflection Ventures Groq Fund II LLC,D,20251125,edgar/data/2085418/0002085418-25-000001.txt
2085472,RP2 Rounded Professional Program Inc.,D,20251125,edgar/data/2085472/0002085472-25-000001.txt
2085965,"Links Funding V, LLC",D,20251125,edgar/data/2085965/0002085965-25-000001.txt
2088474,"Waypoint Pre-Development Fund, LLC",D,20251125,edgar/data/2088474/0002088474-25-000003.txt
2088477,"WREI Direct Fund II, LLC",D,20251125,edgar/data/2088477/0002088477-25-000002.txt
2088538,Arche Capital Public Market Opportunity Fund LP - Series 3,D,20251125,edgar/data/2088538/0002088538-25-000001.txt
2088539,Arche Capital Public Market Opportunity Fund LP - Series 2,D,20251125,edgar/data/2088539/0002088539-25-000001.txt
2088540,Arche Capital Public Market Opportunity Fund LP,D,20251125,edgar/data/2088540/0002088540-25-000001.txt
2088541,Arche Capital SPV VI LLC,D,20251125,edgar/data/2088541/0002088541-25-000001.txt
2088542,Arche Capital SPV V LLC,D,20251125,edgar/data/2088542/0002088542-25-000001.txt
2088543,Arche Capital SPV IV LLC,D,20251125,edgar/data/2088543/0002088543-25-000001.txt
2088544,Arche Capital SPV III LLC,D,20251125,edgar/data/2088544/0002088544-25-000001.txt
2090018,"EMIP 21, LLC",D,20251125,edgar/data/2090018/0002090018-25-000001.txt
2090320,"TU-0924 Fund II, a series of Pack Ventures, LP",D,20251125,edgar/data/2090320/0002090320-25-000001.txt
2090386,"Fable Security, Inc.",D,20251125,edgar/data/2090386/0002090386-25-000001.txt
2090386,"Fable Security, Inc.",D,20251125,edgar/data/2090386/0002090386-25-000002.txt
2090593,"OP Washburn Street, LLC",D,20251125,edgar/data/2090593/0002090593-25-000002.txt
2091188,Brighton 48 LLC,D,20251125,edgar/data/2091188/0002091188-25-000002.txt
2091392,Gaingels PS LLC,D,20251125,edgar/data/2091392/0002091392-25-000003.txt
2091915,Cosmoserve Space Inc.,D,20251125,edgar/data/2091915/0002091915-25-000001.txt
2092022,"GLC Concepts Holdco, LLC",D,20251125,edgar/data/2092022/0002092022-25-000001.txt
2092617,"Evoke Royalty Solutions Fund II (Oberland), LP",D,20251125,edgar/data/2092617/0002092617-25-000001.txt
2092645,SpringTime Ventures Fund III QP LP,D,20251125,edgar/data/2092645/0002092645-25-000001.txt
2092646,SpringTime Ventures Fund III LP,D,20251125,edgar/data/2092646/0002092646-25-000001.txt
2092875,"Canyon Home Equity Credit Co-Investment, L.P.",D,20251125,edgar/data/2092875/0000905148-25-004177.txt
2093297,"DFND Industries, Inc",D,20251125,edgar/data/2093297/0002093297-25-000001.txt
2093491,Crown U.S. Small Buyouts S.C.Sp.,D,20251125,edgar/data/2093491/0002093491-25-000001.txt
2093546,"TO Opportunity I, a series of Night Capital Opportunities, LP",D,20251125,edgar/data/2093546/0002093546-25-000001.txt
2093775,"ThisGen, Inc.",D,20251125,edgar/data/2093775/0002093775-25-000001.txt
2094111,"GR-1023 Fund I, a series of MV Funds, LP",D,20251125,edgar/data/2094111/0002094111-25-000001.txt
2094112,"DR-1019 Gaingels Fund I, a series of Zachary Ginsburg Funds, LP",D,20251125,edgar/data/2094112/0002094112-25-000001.txt
2094209,Stone Ridge Energy Acquisition Fund III LP,D,20251125,edgar/data/2094209/0002094209-25-000001.txt
2094211,Stone Ridge Energy Acquisition Fund III (PV) LP,D,20251125,edgar/data/2094211/0002094211-25-000001.txt
2094418,AZORA SOUTHERN EUROPE OPPORTUNITIES III S.C.A. SICAV-RAIF,D,20251125,edgar/data/2094418/0002094418-25-000001.txt
2094567,"BMG Real Estate Credit Partnership, LP",D,20251125,edgar/data/2094567/0002094567-25-000001.txt
2094827,IA Auditless 111x0 a Series of IrishAngels 2025 LLC,D,20251125,edgar/data/2094827/0002094827-25-000001.txt
2094916,Penzance Real Estate Fund III REIT LLC,D,20251125,edgar/data/2094916/0002094916-25-000001.txt
2094920,Vision Capital Investment Corp,D,20251125,edgar/data/2094920/0002094920-25-000002.txt
2094987,"Hark Capital V, LP",D,20251125,edgar/data/2094987/0001012975-25-000819.txt
2095153,"FCP Iron Holdings, LLC",D,20251125,edgar/data/2095153/0002095153-25-000001.txt
2095177,"KA-1030 Fund I, a series of MV Funds, LP",D,20251125,edgar/data/2095177/0002095177-25-000001.txt
2095411,"Hark V Series Fund, LLC",D,20251125,edgar/data/2095411/0001012975-25-000820.txt
2095506,OFP-RH LLC,D,20251125,edgar/data/2095506/0002095506-25-000001.txt
2095853,"TH-1031 Fund I, a series of Jetstream Syndicates, LP",D,20251125,edgar/data/2095853/0002095853-25-000001.txt
2095854,"Ishan-PA-1023 Fund I, a series of AngelList Funds 2025, LP",D,20251125,edgar/data/2095854/0002095854-25-000001.txt
2095905,Hexagon Rainmaker Series B a Series of CGF2021 LLC,D,20251125,edgar/data/2095905/0002095905-25-000001.txt
2095943,Becknell Industrial Income Trust Inc.,D,20251125,edgar/data/2095943/0001999371-25-018554.txt
2095957,3801 Bee Ridge LLC,D,20251125,edgar/data/2095957/0002095957-25-000001.txt
2095993,KV Asia Capital Fund III L.P.,D,20251125,edgar/data/2095993/0000945621-25-001158.txt
2096006,"Tax Sensitive Core, LLC",D,20251125,edgar/data/2096006/0002096006-25-000001.txt
2096080,Maverick Tech Fund LLC,D,20251125,edgar/data/2096080/0002096080-25-000001.txt
2096084,Goodman US Value Parent REIT LLC,D,20251125,edgar/data/2096084/0002096084-25-000001.txt
2096108,"FirsthandVC Fund II, LP",D,20251125,edgar/data/2096108/0002096108-25-000001.txt
2096109,"FirsthandVC Fund II QP, LP",D,20251125,edgar/data/2096109/0002096109-25-000001.txt
2096195,"Consciouss AI, Inc.",D,20251125,edgar/data/2096195/0002096195-25-000004.txt
2096367,"Regenimo Biosciences, Inc.",D,20251125,edgar/data/2096367/0002096367-25-000001.txt
2096378,"Terrain Opportunity III, LP",D,20251125,edgar/data/2096378/0002096378-25-000001.txt
2096530,"Par Health, Inc.",D,20251125,edgar/data/2096530/0001193125-25-296931.txt
2096658,QUO Inc./DE,D,20251125,edgar/data/2096658/0002096658-25-000001.txt
2096672,"Muzinich Enhanced Loan Origination Fund I, LP",D,20251125,edgar/data/2096672/0002096672-25-000001.txt
2096712,Sonnet Fifty Four Ltd Liability Co,D,20251125,edgar/data/2096712/0002096712-25-000001.txt
2096734,Blackstone Real Estate Credit Income (Feeder Fund) L.P.,D,20251125,edgar/data/2096734/0002096734-25-000001.txt
2096737,Isos Ventures Fund I LP,D,20251125,edgar/data/2096737/0002096737-25-000002.txt
2096756,Blackstone Real Estate Credit Income Fund L.P.,D,20251125,edgar/data/2096756/0002096756-25-000001.txt
2096804,"Tintic Fund I, LP",D,20251125,edgar/data/2096804/0002096804-25-000001.txt
2096835,"LMF 2 SUBREIT, LLC",D,20251125,edgar/data/2096835/0002096835-25-000001.txt
2096938,Bloodletting Movie LLC.,D,20251125,edgar/data/2096938/0002096938-25-000001.txt
2097294,Akeyna Inc.,D,20251125,edgar/data/2097294/0001437749-25-036212.txt
2097337,JAIME F. CREATIONS INC.,D,20251125,edgar/data/2097337/0002097337-25-000001.txt
2097347,"Mesirow Specialty Finance Fund VII, L.P.",D,20251125,edgar/data/2097347/0002097347-25-000001.txt
2097433,Sharpline Preferred Return Fund LLC,D,20251125,edgar/data/2097433/0001239944-25-000027.txt
2097442,"Concentric Partners II, LP",D,20251125,edgar/data/2097442/0002097442-25-000002.txt
2097465,"DB Alfa Co-Invest, LP",D,20251125,edgar/data/2097465/0002097465-25-000001.txt
2097492,Emvus Global Inc.,D,20251125,edgar/data/2097492/0002097492-25-000001.txt
2097495,Crest Ashcroft Investor LLC,D,20251125,edgar/data/2097495/0001683168-25-008678.txt
2097498,Newbrook Capital GT EM Investors LLC,D,20251125,edgar/data/2097498/0002097498-25-000001.txt
2097603,GPIH I LP,D,20251125,edgar/data/2097603/0002097603-25-000001.txt
2097612,Broadstone Tyler 100 Investors LLC,D,20251125,edgar/data/2097612/0002097612-25-000001.txt
2097650,"CRA-NSH DMV, LLC",D,20251125,edgar/data/2097650/0002097650-25-000001.txt
2097658,FilmIQ LP,D,20251125,edgar/data/2097658/0002097658-25-000001.txt
2097665,Velocity Wealth Funds LLC,D,20251125,edgar/data/2097665/0002097665-25-000001.txt
2097683,"Rainfall HC1, LP",D,20251125,edgar/data/2097683/0002097683-25-000001.txt
2097684,Blackstone Real Estate Credit Income (Parallel Feeder Fund) L.P.,D,20251125,edgar/data/2097684/0002097684-25-000001.txt
2097694,"LITLaboratories, Inc.",D,20251125,edgar/data/2097694/0002097694-25-000001.txt
2097769,"Eden Fund I, LLC",D,20251125,edgar/data/2097769/0002097769-25-000001.txt
2097907,Black Book Tech Fund LLC,D,20251125,edgar/data/2097907/0002097907-25-000001.txt
2097921,"K2 Royalties Fund I, LP",D,20251125,edgar/data/2097921/0002097921-25-000001.txt
2097939,Mary & Pip Co.,D,20251125,edgar/data/2097939/0002097939-25-000001.txt
2097940,"Motive Force Fund I, L.P.",D,20251125,edgar/data/2097940/0001231919-25-000549.txt
2097952,"Lanus Capital Group, LLC",D,20251125,edgar/data/2097952/0002097952-25-000001.txt
2097959,Sofi Nebwy 34-4 Joint Venture,D,20251125,edgar/data/2097959/0002097959-25-000001.txt
2097977,"PE Premier LOF III Onshore, L.P.",D,20251125,edgar/data/2097977/0002097977-25-000001.txt
2097980,"empathium, Inc.",D,20251125,edgar/data/2097980/0002097980-25-000001.txt
2097983,"Conviction Series I, LLC",D,20251125,edgar/data/2097983/0002097983-25-000001.txt
2097988,"Auvi Labs, Inc.",D,20251125,edgar/data/2097988/0002097988-25-000001.txt
2097993,Seaboard Assets Corp.,D,20251125,edgar/data/2097993/0002097993-25-000001.txt
2098020,"Fortius Ventures Fund II, LP",D,20251125,edgar/data/2098020/0002098020-25-000001.txt
2098022,"Lightning Fund Beta, LP",D,20251125,edgar/data/2098022/0002098022-25-000001.txt
2098048,"ECP OK 1, LLC",D,20251125,edgar/data/2098048/0002098048-25-000001.txt
2098063,"Invictus Indigo, L.P.",D,20251125,edgar/data/2098063/0002098063-25-000001.txt
2098088,"PE Premier LOF III Offshore, L.P.",D,20251125,edgar/data/2098088/0002098088-25-000001.txt
2098095,"Bailey Cove Homes, LLC",D,20251125,edgar/data/2098095/0002098095-25-000001.txt
2098154,"SM Restore, LLC",D,20251125,edgar/data/2098154/0002098154-25-000001.txt
2098174,Radiant Core Exchange ltd,D,20251125,edgar/data/2098174/0002098174-25-000001.txt
2098177,"House Fund IV, L.P.",D,20251125,edgar/data/2098177/0000905148-25-004182.txt
2098179,"House Fund Early II, L.P.",D,20251125,edgar/data/2098179/0000905148-25-004184.txt
2098181,"House Fund Early II Alpha, L.P.",D,20251125,edgar/data/2098181/0000905148-25-004184.txt
2098182,"House Fund Access I, L.P.",D,20251125,edgar/data/2098182/0000905148-25-004183.txt
2098185,"Cormorant Private Healthcare Fund VI, LP",D,20251125,edgar/data/2098185/0002098185-25-000001.txt
2098189,"Cormorant Private Healthcare Offshore Fund VI, LP",D,20251125,edgar/data/2098189/0002098189-25-000001.txt
2098198,"Custral, LLC",D,20251125,edgar/data/2098198/0002098198-25-000001.txt
2098207,Grand Avenue Investments LP Series 19,D,20251125,edgar/data/2098207/0002098207-25-000001.txt
2098210,Concord Via Royale LLC,D,20251125,edgar/data/2098210/0002098210-25-000001.txt
2098237,Chest Group Ltd,D,20251125,edgar/data/2098237/0002098237-25-000001.txt
2098238,WAGMI 181 - WAGMI Master LLC,D,20251125,edgar/data/2098238/0002098238-25-000001.txt
2098241,"Spacefaring Ventures Fund 9, LLC",D,20251125,edgar/data/2098241/0002098241-25-000001.txt
2098253,"Middleton Bevan Holdings, LLC",D,20251125,edgar/data/2098253/0002098253-25-000001.txt
2098298,NEXA OPTIMUM SOLUTIONS LLC,D,20251125,edgar/data/2098298/0002098298-25-000001.txt
2098321,Starrlight Advisory Solutions LLC,D,20251125,edgar/data/2098321/0002098321-25-000001.txt
2098347,"Highlighter Coinvest, LP",D,20251125,edgar/data/2098347/0002098347-25-000001.txt
925535,CITIZENS CAPITAL CORP,D,20251125,edgar/data/925535/0000925535-25-000004.txt
1289828,Treasure Valley Urology Services LLC,D,20251126,edgar/data/1289828/0001289828-25-000002.txt
1535723,"Ablative Solutions, Inc.",D,20251126,edgar/data/1535723/0002080612-25-000020.txt
1580864,"Vroom, Inc.",D,20251126,edgar/data/1580864/0001213900-25-115507.txt
1584547,GREENPOWER MOTOR Co INC.,D,20251126,edgar/data/1584547/0001584547-25-000003.txt
1600244,"ABCT Holdings, Inc.",D,20251126,edgar/data/1600244/0000906791-25-000038.txt
1628809,"PTT Distributed Energy Systems, LLC",D,20251126,edgar/data/1628809/0001628809-25-000004.txt
1772285,BRC LEGACY FUND LP,D,20251126,edgar/data/1772285/0001772285-25-000003.txt
1788432,"White Leaf Provisions, Inc.",D,20251126,edgar/data/1788432/0001788432-25-000002.txt
1812236,"Clean Crop Technologies, Inc.",D,20251126,edgar/data/1812236/0001812236-25-000002.txt
1817219,UnCognito LLC,D,20251126,edgar/data/1817219/0001817219-25-000003.txt
1820383,"Marked Tree Partners Holdings, LP",D,20251126,edgar/data/1820383/0000950142-25-003081.txt
1830991,"AI Metrics, Inc.",D,20251126,edgar/data/1830991/0001830991-25-000003.txt
1833141,CYBIN INC.,D,20251126,edgar/data/1833141/0000912282-25-001313.txt
1844246,Pay with Spire Inc.,D,20251126,edgar/data/1844246/0001844246-25-000005.txt
1859199,reAlpha Tech Corp.,D,20251126,edgar/data/1859199/0001213900-25-115496.txt
1869701,"Huxley Medical, Inc.",D,20251126,edgar/data/1869701/0001869701-25-000004.txt
1873490,"Intellihealth, Inc.",D,20251126,edgar/data/1873490/0001231919-25-000556.txt
1879403,La Rosa Holdings Corp.,D,20251126,edgar/data/1879403/0001213900-25-115218.txt
1892113,"ISQ KIO Co-Invest Fund, L.P.",D,20251126,edgar/data/1892113/0001892113-25-000002.txt
1897840,NanoMosaic Inc.,D,20251126,edgar/data/1897840/0001897840-25-000003.txt
1923694,Ag QSR II LLC,D,20251126,edgar/data/1923694/0001923694-25-000004.txt
1931770,ENRICH BIOSYSTEMS INC.,D,20251126,edgar/data/1931770/0001931770-25-000002.txt
1956900,BG Holding Co LLC,D,20251126,edgar/data/1956900/0001956900-25-000003.txt
1957197,"International Battery Company, Inc.",D,20251126,edgar/data/1957197/0001957197-25-000002.txt
1964979,"ALLURION TECHNOLOGIES, INC.",D,20251126,edgar/data/1964979/0001964979-25-000003.txt
1972966,"SPECTER OPS, INC.",D,20251126,edgar/data/1972966/0001972966-25-000002.txt
1979681,"Ohanafy, Inc.",D,20251126,edgar/data/1979681/0001231919-25-000555.txt
1994604,Carlyle Aviation Partners Co-Investment Fund VII LP,D,20251126,edgar/data/1994604/0001994604-25-000006.txt
1997000,"Okeanos Venture Partners I, LLC - Series 102",D,20251126,edgar/data/1997000/0001997000-25-000003.txt
1998512,Denarius Metals Corp,D,20251126,edgar/data/1998512/0001062993-25-017028.txt
2004768,"QQSA INVESTMENTS, LLC",D,20251126,edgar/data/2004768/0002004768-25-000003.txt
2009175,VM Agritech Inc.,D,20251126,edgar/data/2009175/0001104659-25-116473.txt
2017210,NEXIS TECH FUND LLC,D,20251126,edgar/data/2017210/0002017210-25-000003.txt
2026343,"BC3 Technologies, Inc.",D,20251126,edgar/data/2026343/0002026343-25-000002.txt
2026449,CAPITANO TECH FUND LLC,D,20251126,edgar/data/2026449/0002026449-25-000002.txt
2036572,OVERSTONE ASSOCIATES Ltd,D,20251126,edgar/data/2036572/0002036572-25-000005.txt
2040808,"Make It Happen Broadway, Ltd Liability Co",D,20251126,edgar/data/2040808/0002040808-25-000002.txt
2049218,Advent Latin American Private Equity Fund VIII SCSp,D,20251126,edgar/data/2049218/0002049218-25-000002.txt
2049225,Advent Latin American Private Equity Fund VIII-B SCSp,D,20251126,edgar/data/2049225/0002049225-25-000002.txt
2059143,"Lofts North Lake, LLC",D,20251126,edgar/data/2059143/0002059143-25-000002.txt
2059254,Hokua Place Aina LLC,D,20251126,edgar/data/2059254/0002059254-25-000002.txt
2061313,"Sound Point Strategic Capital Offshore Fund III-R, LP",D,20251126,edgar/data/2061313/0000945621-25-001161.txt
2062919,"Multiple Capital Fund, LLC",D,20251126,edgar/data/2062919/0002062919-25-000002.txt
2071438,"Tactile Ventures I, L.P.",D,20251126,edgar/data/2071438/0002071438-25-000001.txt
2074350,Gaingels Manscaped LLC,D,20251126,edgar/data/2074350/0002074350-25-000001.txt
2075078,"Somite Therapeutics, Inc.",D,20251126,edgar/data/2075078/0001231919-25-000557.txt
2077685,Alpha Sentinel Associates LLC,D,20251126,edgar/data/2077685/0002077685-25-000001.txt
2077807,Silvertech Ventures IV LLC - Series I,D,20251126,edgar/data/2077807/0002077807-25-000001.txt
2077809,Interlock Alpha Associates LLC,D,20251126,edgar/data/2077809/0002077809-25-000001.txt
2078468,Sona Fios Loan Management II Cayman LP,D,20251126,edgar/data/2078468/0002078468-25-000001.txt
2078469,Sona Fios Loan Management II Delaware LP,D,20251126,edgar/data/2078469/0002078469-25-000001.txt
2079784,EquityZen Growth Technology Fund LLC - Series 2155,D,20251126,edgar/data/2079784/0002079784-25-000001.txt
2080090,DCM FPL Fund LLC,D,20251126,edgar/data/2080090/0000911916-25-000099.txt
2082776,"MA-0509 Fund I, a series of Roll Up Vehicles, LP",D,20251126,edgar/data/2082776/0002082776-25-000001.txt
2083026,Axcelus Financial Life Insurance Co Separate Account VA 420,D,20251126,edgar/data/2083026/0002083026-25-000001.txt
2084748,ACP Opportunities V LLC,D,20251126,edgar/data/2084748/0002084748-25-000003.txt
2084872,HAL IH (Cayman) LLC,D,20251126,edgar/data/2084872/0001013594-25-001472.txt
2085094,"College Sports, a series of Angel Cake SPV Master, LLC",D,20251126,edgar/data/2085094/0002085094-25-000001.txt
2085126,HW Classic Hops LLC,D,20251126,edgar/data/2085126/0002085126-25-000003.txt
2085214,F1 AUTO GROUP CORP.,D,20251126,edgar/data/2085214/0002085214-25-000003.txt
2085329,Giant Ventures Beyond Aero LP,D,20251126,edgar/data/2085329/0002085329-25-000001.txt
2085330,"DigitalDx NowDx Fund II, LP",D,20251126,edgar/data/2085330/0002085330-25-000001.txt
2085338,T1V Europa LLC,D,20251126,edgar/data/2085338/0002085338-25-000001.txt
2085341,BV SPV I LLC,D,20251126,edgar/data/2085341/0002085341-25-000001.txt
2085346,Lytical Ventures CI Truffle SPV LLC,D,20251126,edgar/data/2085346/0002085346-25-000001.txt
2085368,"DigitalDx Femtech I, LP",D,20251126,edgar/data/2085368/0002085368-25-000001.txt
2085388,"OG M25 SPV, LLC",D,20251126,edgar/data/2085388/0002085388-25-000003.txt
2085498,EquityZen Growth Technology Fund LLC - Series 2176,D,20251126,edgar/data/2085498/0002085498-25-000001.txt
2085608,Tahoe SLP,D,20251126,edgar/data/2085608/0002062357-25-000116.txt
2085933,"RE-0815 Fund I, a series of Cool Climate Collective, LP",D,20251126,edgar/data/2085933/0002085933-25-000001.txt
2088371,"AL CAP91 Fund II, LP",D,20251126,edgar/data/2088371/0002088371-25-000001.txt
2088664,"Apollo IGSD Co-Investors (A), L.P.",D,20251126,edgar/data/2088664/0000950142-25-003070.txt
2088994,Axcelus Financial Life Insurance Co Separate Account VA 424,D,20251126,edgar/data/2088994/0002088994-25-000001.txt
2089146,"JSVK Ventures Fund I, LP",D,20251126,edgar/data/2089146/0002089146-25-000001.txt
2089462,"PARLIAMENT CAPITAL SERIES III, LLC-SERIES J",D,20251126,edgar/data/2089462/0002089462-25-000001.txt
2089593,"TPG Advantage Direct Lending Offshore, L.P.",D,20251126,edgar/data/2089593/0002089593-25-000001.txt
2090160,"Nuveen Global, LLC",D,20251126,edgar/data/2090160/0002081111-25-000043.txt
2090500,EquityZen Growth Technology Fund LLC - Series 2184,D,20251126,edgar/data/2090500/0002090500-25-000001.txt
2090633,"Venture Growth Select Fund, LLC",D,20251126,edgar/data/2090633/0001012975-25-000821.txt
2090642,Venture Growth Select Offshore SICAV-RAIF S.C.Sp.,D,20251126,edgar/data/2090642/0001012975-25-000822.txt
2090738,"Freight Ventures Fund I, L.P.",D,20251126,edgar/data/2090738/0002090738-25-000001.txt
2090740,"ThinkStream, Inc. /DE",D,20251126,edgar/data/2090740/0002090740-25-000001.txt
2091346,ARISTA LONGBOW LLC,D,20251126,edgar/data/2091346/0002091346-25-000002.txt
2091547,WealthPlan Trading LLC,D,20251126,edgar/data/2091547/0002091547-25-000001.txt
2091985,ACTO INVESTMENT GROUP SERIES FUND LLC-1127,D,20251126,edgar/data/2091985/0002091985-25-000001.txt
2092179,BPC Private Senior Loan Fund LP,D,20251126,edgar/data/2092179/0000950142-25-003076.txt
2092513,"OCG FAYETTEVILLE INVESTORS, LLC",D,20251126,edgar/data/2092513/0002092513-25-000001.txt
2093022,"Frontier Continuation Fund V, L.P.",D,20251126,edgar/data/2093022/0002093022-25-000002.txt
2093169,"Triangle Strategic Opportunities Fund REIT, LLC",D,20251126,edgar/data/2093169/0002093169-25-000002.txt
2093272,"Discerning Capital Outlier SPV, LLC",D,20251126,edgar/data/2093272/0002093272-25-000003.txt
2093529,TYTO FLIGHT INC.,D,20251126,edgar/data/2093529/0002085445-25-000002.txt
2093921,"OU-1012 Fund I, a series of Roll Up Vehicles, LP",D,20251126,edgar/data/2093921/0002093921-25-000001.txt
2094180,"Supervest Financing, LLC, Net Contribution Series",D,20251126,edgar/data/2094180/0002094180-25-000001.txt
2094184,"Supervest Financing, LLC, Portfolio Value Series",D,20251126,edgar/data/2094184/0002094184-25-000001.txt
2094185,"Supervest Financing, LLC, Gross Contribution Series",D,20251126,edgar/data/2094185/0002094185-25-000001.txt
2094363,"Inner Circle SPV I, a series of AngelList Funds 2025, LP",D,20251126,edgar/data/2094363/0002094363-25-000001.txt
2094690,"LoneTree LIO Co-Invest, L.P.",D,20251126,edgar/data/2094690/0002094690-25-000001.txt
2094890,Alpha Ascent Zenith LLC,D,20251126,edgar/data/2094890/0001470831-25-000368.txt
2094891,"Browder-OW-1024 Fund II, a series of AngelList Funds 2025, LP",D,20251126,edgar/data/2094891/0002094891-25-000001.txt
2094924,"Griffin Capital Development Partners Fund III, L.P.",D,20251126,edgar/data/2094924/0002094924-25-000001.txt
2095171,"Kildaire 3434, LLC",D,20251126,edgar/data/2095171/0002095171-25-000001.txt
2095271,960 N Palm Canyon LLC,D,20251126,edgar/data/2095271/0002095271-25-000001.txt
2095548,"Joywell Fund I, LP",D,20251126,edgar/data/2095548/0002095548-25-000001.txt
2095560,Access Feeder A74 SCSp,D,20251126,edgar/data/2095560/0002095560-25-000002.txt
2095745,"TRP TTE Co-Invest, LP",D,20251126,edgar/data/2095745/0002095745-25-000001.txt
2095901,"Bell Value-Add Fund VIII Almaden, LLC",D,20251126,edgar/data/2095901/0002095901-25-000001.txt
2096009,"AN-1029 Fund I, a series of Silicon Valley CISO, LP",D,20251126,edgar/data/2096009/0002096009-25-000001.txt
2096018,"TR-10292 Fund I, a series of Roll Up Vehicles, LP",D,20251126,edgar/data/2096018/0002096018-25-000001.txt
2096178,"MCM - Noble Bakery, LLC",D,20251126,edgar/data/2096178/0002096178-25-000001.txt
2096389,Maestro Tech Inc.,D,20251126,edgar/data/2096389/0000930413-25-003526.txt
2096482,"G2VP Select I, LP",D,20251126,edgar/data/2096482/0002096482-25-000001.txt
2096847,"NE-1110 Fund I, a series of MV Funds, LP",D,20251126,edgar/data/2096847/0002096847-25-000001.txt
2096880,"NantDome, Inc.",D,20251126,edgar/data/2096880/0002096880-25-000001.txt
2096969,"LLR Equity Partners VII Co-Invest (T), L.P.",D,20251126,edgar/data/2096969/0002096969-25-000001.txt
2097006,LGL Capital Holdings LLC,D,20251126,edgar/data/2097006/0002097006-25-000001.txt
2097033,"NantNova, Inc.",D,20251126,edgar/data/2097033/0002097033-25-000001.txt
2097046,"NantQ, Inc.",D,20251126,edgar/data/2097046/0002097046-25-000001.txt
2097048,"NantOptiFab, Inc.",D,20251126,edgar/data/2097048/0002097048-25-000001.txt
2097385,WS1 Partners LLC,D,20251126,edgar/data/2097385/0002097385-25-000002.txt
2097440,Xtravaganza Development Ltd Liability Co,D,20251126,edgar/data/2097440/0002097440-25-000001.txt
2097450,Calihan Processing Cooperative,D,20251126,edgar/data/2097450/0001437749-25-036423.txt
2097485,Fermi Power Systems Inc,D,20251126,edgar/data/2097485/0002097485-25-000001.txt
2097549,"V2VC Apex Fund, LLC - Series A",D,20251126,edgar/data/2097549/0001465818-25-000012.txt
2097565,"JL Acquisitions, Inc.",D,20251126,edgar/data/2097565/0002097565-25-000001.txt
2097569,"BTV FP SPV II, LLC",D,20251126,edgar/data/2097569/0002097569-25-000001.txt
2097651,"PTT Geothermal Energy Systems, LLC",D,20251126,edgar/data/2097651/0001628809-25-000004.txt
2097663,"K2-1117 Fund IV, a series of Also Capital, LP",D,20251126,edgar/data/2097663/0002097663-25-000001.txt
2097668,"Khosla Ventures IX Strategic, L.P.",D,20251126,edgar/data/2097668/0002097668-25-000001.txt
2097689,Ultra Rare Earth Inc.,D,20251126,edgar/data/2097689/0000912282-25-001317.txt
2097848,Pioneer Investing Inc.,D,20251126,edgar/data/2097848/0002097848-25-000001.txt
2097967,TEXAS HOUSING DEV LP,D,20251126,edgar/data/2097967/0002097967-25-000001.txt
2097996,AGDF26 LP,D,20251126,edgar/data/2097996/0000929638-25-004380.txt
2097998,"Blue Door Property III, DST",D,20251126,edgar/data/2097998/0002097998-25-000001.txt
2097999,"TPG Emerging Companies Asia (C), L.P.",D,20251126,edgar/data/2097999/0002097999-25-000001.txt
2098006,"Eastham Capital Fund VII, LP",D,20251126,edgar/data/2098006/0000950127-25-000124.txt
2098014,AGDF22 LP,D,20251126,edgar/data/2098014/0000929638-25-004377.txt
2098015,AGDF23 LP,D,20251126,edgar/data/2098015/0000929638-25-004378.txt
2098016,AGDF24 LP,D,20251126,edgar/data/2098016/0000929638-25-004379.txt
2098021,Egis Founders Fund IV - 1A LP,D,20251126,edgar/data/2098021/0002098021-25-000001.txt
2098040,Graffito WTC Partner LLC,D,20251126,edgar/data/2098040/0002098040-25-000001.txt
2098078,"American Legacy Storage Fund, LLC",D,20251126,edgar/data/2098078/0002098078-25-000001.txt
2098079,"HSC SpaceX SPV, LLC",D,20251126,edgar/data/2098079/0002098079-25-000001.txt
2098084,Wesley Hotel LLC,D,20251126,edgar/data/2098084/0002098084-25-000001.txt
2098090,BLACKSUN PRIVATE EQUITY INC,D,20251126,edgar/data/2098090/0001099910-25-000249.txt
2098135,Stellar Chain Capital Ltd,D,20251126,edgar/data/2098135/0002098135-25-000001.txt
2098140,BTCNEX Global Exchange Ltd.,D,20251126,edgar/data/2098140/0002098140-25-000001.txt
2098146,Arise Magnolia Terrace LLC,D,20251126,edgar/data/2098146/0002098146-25-000001.txt
2098169,Wurkzen Inc.,D,20251126,edgar/data/2098169/0002098169-25-000001.txt
2098169,Wurkzen Inc.,D,20251126,edgar/data/2098169/0002098169-25-000002.txt
2098226,FB Flexure LLC,D,20251126,edgar/data/2098226/0002098226-25-000001.txt
2098232,Steyn Capital Frontier Fund,D,20251126,edgar/data/2098232/0002098232-25-000002.txt
2098292,HJW Investors LLC,D,20251126,edgar/data/2098292/0002098292-25-000001.txt
2098295,Momentum Cyber Group LLC,D,20251126,edgar/data/2098295/0002098295-25-000002.txt
2098349,Ranch at Cooper River LLC,D,20251126,edgar/data/2098349/0002098349-25-000001.txt
2098360,Price Shark Deals LLC,D,20251126,edgar/data/2098360/0002098360-25-000001.txt
2098365,VELMENI AI SPV 2024 A SERIES OF SSD SPV I LLC,D,20251126,edgar/data/2098365/0002098365-25-000001.txt
2098375,"BIP Ventures Mediafly Convertible Note III-AI, LLC",D,20251126,edgar/data/2098375/0002098375-25-000001.txt
2098376,"BIP Ventures Mediafly Convertible Note III-QP, LLC",D,20251126,edgar/data/2098376/0002098376-25-000001.txt
2098399,Infinite Capital LP - Series Mytra,D,20251126,edgar/data/2098399/0002098399-25-000001.txt
2098405,Village Square Owner LLC,D,20251126,edgar/data/2098405/0002098405-25-000001.txt
2098412,"SR Smyrna Investco, LLC",D,20251126,edgar/data/2098412/0002098412-25-000001.txt
2098413,Barrett Sub Fund REIT LLC,D,20251126,edgar/data/2098413/0002098413-25-000003.txt
2098418,NDH Opportunity Funds LLC - Series 4,D,20251126,edgar/data/2098418/0002098418-25-000001.txt
2098421,"EJ Savannah Investco, LLC",D,20251126,edgar/data/2098421/0002098421-25-000001.txt
2098436,"New Providence Capital Partners IV, LP",D,20251126,edgar/data/2098436/0002098436-25-000001.txt
2098451,"AIP Fund - X, L.P.",D,20251126,edgar/data/2098451/0002098451-25-000001.txt
2098460,"900 Third Investment, LLC",D,20251126,edgar/data/2098460/0002098460-25-000001.txt
2098488,GIP Special Opportunities Fund Series LP - GIP Special Opportunities Series 4,D,20251126,edgar/data/2098488/0002098488-25-000001.txt
2098495,AGDF21 LP,D,20251126,edgar/data/2098495/0000929638-25-004389.txt
2098504,RT-FAI III LLC,D,20251126,edgar/data/2098504/0002098504-25-000001.txt
2098518,WINGFIELD FINANCIAL FUND II LLC,D,20251126,edgar/data/2098518/0002098518-25-000001.txt
2098529,LANCEA PBC,D,20251126,edgar/data/2098529/0002098529-25-000001.txt
2098538,Canton Waleska SS Investor LLC,D,20251126,edgar/data/2098538/0002098538-25-000001.txt
2098544,RT-AI Coinvestment LLC,D,20251126,edgar/data/2098544/0002098544-25-000001.txt
2098564,Elite Equity Fund LLC,D,20251126,edgar/data/2098564/0002098564-25-000001.txt
1307926,South Star Battery Metals Corp.,D,20251128,edgar/data/1307926/0002060755-25-000060.txt
1629933,"SALT LAKE CITY DISTILLERY, LLC",D,20251128,edgar/data/1629933/0001629933-25-000004.txt
1804972,Better Meat Co.,D,20251128,edgar/data/1804972/0001804972-25-000002.txt
1864625,Entelligent Inc.,D,20251128,edgar/data/1864625/0001864625-25-000006.txt
2067134,"Fund I, a series of Families Fund, LP",D,20251128,edgar/data/2067134/0002067134-25-000001.txt
2080154,Brookfield Private Equity TE Feeder Fund LP,D,20251128,edgar/data/2080154/0002080154-25-000001.txt
2088908,Heartwood QOZB LLC,D,20251128,edgar/data/2088908/0002088908-25-000001.txt
2089290,"Arctos Sports Partners Elvis Co-Invest II, LP",D,20251128,edgar/data/2089290/0002089290-25-000001.txt
2089642,"Two Front SPV, a series of Smilepool Ventures Master SPV, LP",D,20251128,edgar/data/2089642/0002089642-25-000001.txt
2092088,Tunl May 2025 a Series of CGF2021 LLC,D,20251128,edgar/data/2092088/0002092088-25-000001.txt
2093144,"V0 Select Fund I, a series of V0 Funds, LP",D,20251128,edgar/data/2093144/0002093144-25-000001.txt
2095104,CYPRESS PRIVATE INVESTMENTS LLC,D,20251128,edgar/data/2095104/0002095104-25-000001.txt
2095191,"Wisconsin Sequoia Capital, LLC",D,20251128,edgar/data/2095191/0002095191-25-000001.txt
2095921,PBAM MDNI California LP,D,20251128,edgar/data/2095921/0002095921-25-000001.txt
2096220,GSBackers Hermeus Fund I a Series of CGF2021 LLC,D,20251128,edgar/data/2096220/0002096220-25-000001.txt
2096303,"Mainline West Tax Advantaged Opportunity Fund VIII, LLC",D,20251128,edgar/data/2096303/0001376474-25-000959.txt
2096785,MVP Ventures Select Fund I QP LP,D,20251128,edgar/data/2096785/0002096785-25-000001.txt
2097266,Bridgepoint Europe VIII Feeder A LP,D,20251128,edgar/data/2097266/0002097266-25-000001.txt
2097269,Bridgepoint Europe VIII Feeder B LP,D,20251128,edgar/data/2097269/0002097269-25-000001.txt
2097835,"IronArc Opportunities XVIII, LP",D,20251128,edgar/data/2097835/0002097835-25-000001.txt
2098013,Las Vegas-Kyle Canyon Covenant Group LLC,D,20251128,edgar/data/2098013/0002098013-25-000001.txt
2098098,SETHI CAPITAL Z3 LLC,D,20251128,edgar/data/2098098/0002098098-25-000001.txt
2098099,"Depth Ventures Fund I, L.P.",D,20251128,edgar/data/2098099/0002098099-25-000001.txt
2098100,SEAFRONT OPPORTUNITY FUND II LLC - SERIES C,D,20251128,edgar/data/2098100/0002098100-25-000001.txt
2098121,Providence Village Covenant Group LLC,D,20251128,edgar/data/2098121/0002098121-25-000001.txt
2098129,"Castle Fund I, L.P.",D,20251128,edgar/data/2098129/0002098129-25-000001.txt
2098153,"AP King Co-Invest, L.P.",D,20251128,edgar/data/2098153/0000950142-25-003089.txt
2098357,Dream Trainer Inc.,D,20251128,edgar/data/2098357/0002098357-25-000001.txt
2098462,Starfield I Nov 2025 a Series of CGF2021 LLC,D,20251128,edgar/data/2098462/0002098462-25-000001.txt
2098463,DPV Perplexity 4 a Series of DataPower Capital Partners LLC,D,20251128,edgar/data/2098463/0002098463-25-000001.txt
2098465,CardiAngeli Alliance a Series of CGF2021 LLC,D,20251128,edgar/data/2098465/0002098465-25-000001.txt
2098467,GSBackers Anything Fund I a Series of CGF2021 LLC,D,20251128,edgar/data/2098467/0002098467-25-000001.txt
2098468,StarPay Sep 2025 a Series of CGF2021 LLC,D,20251128,edgar/data/2098468/0002098468-25-000001.txt
2098471,Rhea QLE Access a Series of Rhea Investment Holdings LLC,D,20251128,edgar/data/2098471/0002098471-25-000001.txt
2098473,DATABRICKS Oct 2025 a Series of CGF2021 LLC,D,20251128,edgar/data/2098473/0002098473-25-000001.txt
2098474,Pari Passu VII a Series of Pari Passu Master II LLC,D,20251128,edgar/data/2098474/0002098474-25-000001.txt
2098475,Swarm Aero Sep 2025 a Series of CGF2021 LLC,D,20251128,edgar/data/2098475/0002098475-25-000001.txt
2098476,Comet AI Oct 2025 a Series of CGF2021 LLC,D,20251128,edgar/data/2098476/0002098476-25-000001.txt
2098478,SHV Spineology Series AA a Series of CGF2021 LLC,D,20251128,edgar/data/2098478/0002098478-25-000001.txt
2098479,JDY Hemispheric SPV I a Series of JDY Holdings LLC,D,20251128,edgar/data/2098479/0002098479-25-000001.txt
2098480,Avo AI IV a Series of Avo Technology Fund LP LLC,D,20251128,edgar/data/2098480/0002098480-25-000001.txt
2098481,Sync Oct 2025 a Series of CGF2021 LLC,D,20251128,edgar/data/2098481/0002098481-25-000001.txt
2098483,SPAR Ventures SPV I Oct 2025 a Series of CGF2021 LLC,D,20251128,edgar/data/2098483/0002098483-25-000001.txt
2098484,Manhattan Nine DW a Series of CGF2021 LLC,D,20251128,edgar/data/2098484/0002098484-25-000001.txt
2098485,Garuda Ventures Wings - Mytra a Series of CGF2021 LLC,D,20251128,edgar/data/2098485/0002098485-25-000001.txt
2098497,AGDF25 LP,D,20251128,edgar/data/2098497/0000929638-25-004390.txt
2098507,ASTUTE ACADEMIC SDN. BHD.,D,20251128,edgar/data/2098507/0002098507-25-000001.txt
2098523,CSWLQX GROUP Ltd.,D,20251128,edgar/data/2098523/0002098523-25-000001.txt
2098545,MVP Ventures Select Fund I AI LP,D,20251128,edgar/data/2098545/0002098545-25-000001.txt
2098553,"Aspect F3W, L.P.",D,20251128,edgar/data/2098553/0002098553-25-000001.txt
2098561,ZEAKS BLOCKCHAIN EXCHANGE INC,D,20251128,edgar/data/2098561/0002098561-25-000001.txt
2098562,"CoFlo Medical, Inc.",D,20251128,edgar/data/2098562/0002098562-25-000001.txt
2098574,DrefX Exchange LTD.,D,20251128,edgar/data/2098574/0002098574-25-000001.txt
2098588,Relief AI Inc.,D,20251128,edgar/data/2098588/0001062993-25-017065.txt
2098622,HCM S20B LP,D,20251128,edgar/data/2098622/0002098622-25-000001.txt
1004150,WORLD OMNI FINANCIAL CORP,D,20251201,edgar/data/1004150/0001004150-25-000004.txt
1537090,HNW PPVUL Series Account - 1,D,20251201,edgar/data/1537090/0001537090-25-000003.txt
1558102,"Kemin Industries, Inc.",D,20251201,edgar/data/1558102/0001558102-25-000006.txt
1558103,"Kemin Holdings, L.C.",D,20251201,edgar/data/1558103/0001558103-25-000002.txt
1558104,"Kemin Foods, L.C.",D,20251201,edgar/data/1558104/0001558104-25-000002.txt
1605628,HNW PPVA Series Account - 1,D,20251201,edgar/data/1605628/0001605628-25-000002.txt
1610286,ZALICONY HNW PPVA Series Account - 1,D,20251201,edgar/data/1610286/0001610286-25-000003.txt
1642178,Algernon Health Inc.,D,20251201,edgar/data/1642178/0002060755-25-000061.txt
1675564,"Okami Medical, Inc.",D,20251201,edgar/data/1675564/0001675564-25-000002.txt
1676647,"MuscleSound, Inc.",D,20251201,edgar/data/1676647/0001676647-25-000002.txt
1727015,GOLD PORT CORP,D,20251201,edgar/data/1727015/0001062993-25-017109.txt
1792757,OVP-Axiado LLC,D,20251201,edgar/data/1792757/0001792757-25-000003.txt
1799040,"Silverwest Kauai Hotel, LLC",D,20251201,edgar/data/1799040/0001799040-25-000002.txt
1898277,"Rubi Laboratories, Inc.",D,20251201,edgar/data/1898277/0001898277-25-000002.txt
1911394,"COUPLR, INC.",D,20251201,edgar/data/1911394/0001911394-25-000002.txt
1915100,"Silverwest Hawaii Holdings, LLC",D,20251201,edgar/data/1915100/0001915100-25-000002.txt
1994214,Nomadar Corp.,D,20251201,edgar/data/1994214/0001493152-25-025552.txt
1994214,Nomadar Corp.,D,20251201,edgar/data/1994214/0001493152-25-025553.txt
2016201,SARAS CAPITAL II LP,D,20251201,edgar/data/2016201/0002016201-25-000002.txt
2023314,Hauler Hero Inc.,D,20251201,edgar/data/2023314/0002023314-25-000004.txt
2045797,"BASATA, INC.",D,20251201,edgar/data/2045797/0002045797-25-000005.txt
2045797,"BASATA, INC.",D,20251201,edgar/data/2045797/0002045797-25-000006.txt
2055053,"BTB Therapeutics, Inc.",D,20251201,edgar/data/2055053/0002055053-25-000003.txt
2063713,Rethink Self Storage Fund 2 LLC,D,20251201,edgar/data/2063713/0002063713-25-000001.txt
2075868,"Belong Health, Inc.",D,20251201,edgar/data/2075868/0002075868-25-000002.txt
2080049,Gaingels Axiom Space 2025 LLC,D,20251201,edgar/data/2080049/0002080049-25-000001.txt
2080487,"Haiven, Inc.",D,20251201,edgar/data/2080487/0002080487-25-000001.txt
2081997,GSP Thread Access Fund LLC,D,20251201,edgar/data/2081997/0002081997-25-000001.txt
2083023,Axcelus Financial Life Insurance Co Separate Account VL 486,D,20251201,edgar/data/2083023/0002083023-25-000001.txt
2085413,"HyperCurrent, Inc.",D,20251201,edgar/data/2085413/0001231919-25-000560.txt
2086288,M2M Capital Inc.,D,20251201,edgar/data/2086288/0002086288-25-000001.txt
2086798,"Pigeon Point Partners, LLC",D,20251201,edgar/data/2086798/0002086798-25-000002.txt
2087739,Aurora Real Estate Equity Fund LLC,D,20251201,edgar/data/2087739/0002087739-25-000001.txt
2088546,LGP Equity Investors X Access LLC,D,20251201,edgar/data/2088546/0002088546-25-000001.txt
2089658,"NSV SPV III, LP",D,20251201,edgar/data/2089658/0002089658-25-000001.txt
2089929,"DE-0924 Fund III, a series of Roll Up Vehicles, LP",D,20251201,edgar/data/2089929/0002089929-25-000001.txt
2091029,LGP Equity Investors X Access Offshore SCSp,D,20251201,edgar/data/2091029/0002091029-25-000001.txt
2091310,Grounded Investment Cooperatief U.A.,D,20251201,edgar/data/2091310/0002091310-25-000001.txt
2092192,"Series 66-1, a series of StartEngine Private LLC",D,20251201,edgar/data/2092192/0002092192-25-000001.txt
2094174,"CP IX Desmond REIT, LLC",D,20251201,edgar/data/2094174/0002094174-25-000001.txt
2094517,"BOZZUTO ACQUISITION MULTIFAMILY CO-INVESTMENT FUND, LLC",D,20251201,edgar/data/2094517/0002094517-25-000001.txt
2094787,"CP Investment IX REIT 2, LLC",D,20251201,edgar/data/2094787/0002094787-25-000001.txt
2094788,"CP Investment IX REIT 3, LLC",D,20251201,edgar/data/2094788/0002094788-25-000001.txt
2094789,"CP IX Latitude REIT, LLC",D,20251201,edgar/data/2094789/0002094789-25-000001.txt
2094836,"TPG Emerging Companies Asia Equity, L.P.",D,20251201,edgar/data/2094836/0002094836-25-000001.txt
2095390,Blue Owl Real Estate Promote C LLC,D,20251201,edgar/data/2095390/0002095390-25-000001.txt
2095899,"Lasoh, Inc.",D,20251201,edgar/data/2095899/0002095899-25-000001.txt
2096124,"Grant Avenue Capital Brave Co-Invest Fund, LP",D,20251201,edgar/data/2096124/0002096124-25-000002.txt
2096125,"Grant Avenue Capital Brave Co-Invest Fund A, LP",D,20251201,edgar/data/2096125/0002096125-25-000002.txt
2096628,"Avenue Homebuilder Capital Solutions Fund, SCSp",D,20251201,edgar/data/2096628/0000950142-25-003096.txt
2096632,"Black Creek Investments, LLC",D,20251201,edgar/data/2096632/0002096632-25-000001.txt
2097081,"AVSF - Lambda 2025, LLC",D,20251201,edgar/data/2097081/0002097081-25-000001.txt
2097381,Novocycle Technologies Corp,D,20251201,edgar/data/2097381/0002097381-25-000001.txt
2097489,Montford Alpaca Corp,D,20251201,edgar/data/2097489/0002097489-25-000001.txt
2097532,Atlas Re Ltd,D,20251201,edgar/data/2097532/0002097532-25-000001.txt
2097572,Cole Capital Fund PCC Ltd - Cell A,D,20251201,edgar/data/2097572/0002097572-25-000001.txt
2097578,Gaingels Aalo Atomics NOV 2025 LLC,D,20251201,edgar/data/2097578/0002097578-25-000001.txt
2097599,"Headwaters Fund I, LP",D,20251201,edgar/data/2097599/0002097599-25-000001.txt
2097636,"Employer Competency, LP",D,20251201,edgar/data/2097636/0002097636-25-000001.txt
2097849,Wilshire 26313 Golden Valley Road Holdings LLC,D,20251201,edgar/data/2097849/0002097849-25-000001.txt
2097850,Wilshire Highland Grove LC I Holdings LLC,D,20251201,edgar/data/2097850/0002097850-25-000001.txt
2098030,"CHCC Troy, LLC",D,20251201,edgar/data/2098030/0002098030-25-000001.txt
2098031,Proterra Net Lease Fund LP,D,20251201,edgar/data/2098031/0002098031-25-000001.txt
2098074,Innovative Energy Fund,D,20251201,edgar/data/2098074/0002098074-25-000001.txt
2098083,Sanctum Storage OK I LP,D,20251201,edgar/data/2098083/0001214659-25-017391.txt
2098147,Exponent SLP LP,D,20251201,edgar/data/2098147/0002098147-25-000001.txt
2098234,LLM Alpha Capital LP,D,20251201,edgar/data/2098234/0002098234-25-000001.txt
2098297,"Addis Energy, Inc.",D,20251201,edgar/data/2098297/0002098297-25-000001.txt
2098310,XN Opportunities VIII LP,D,20251201,edgar/data/2098310/0000902664-25-005171.txt
2098313,XN Opportunities IX LP,D,20251201,edgar/data/2098313/0000902664-25-005170.txt
2098352,LYFE Industries LLC,D,20251201,edgar/data/2098352/0002098352-25-000001.txt
2098368,"Series E, a series of UM AI & Frontier Technology Fund LLC",D,20251201,edgar/data/2098368/0002098368-25-000001.txt
2098369,WayPave SPV LLC,D,20251201,edgar/data/2098369/0002098369-25-000001.txt
2098380,"University Bancorp, Inc.",D,20251201,edgar/data/2098380/0002098380-25-000001.txt
2098393,Rosten Capital Investments LLC,D,20251201,edgar/data/2098393/0002098393-25-000001.txt
2098393,Rosten Capital Investments LLC,D,20251201,edgar/data/2098393/0002098393-25-000002.txt
2098408,"Project Obelisk, Inc.",D,20251201,edgar/data/2098408/0002098408-25-000001.txt
2098414,DTFA Wall-E LLC,D,20251201,edgar/data/2098414/0002098414-25-000001.txt
2098432,Nude Group Inc.,D,20251201,edgar/data/2098432/0002098432-25-000001.txt
2098455,ParentConnect LLC,D,20251201,edgar/data/2098455/0002098455-25-000001.txt
2098459,Windsor Park Lane Investors LLC,D,20251201,edgar/data/2098459/0002098459-25-000001.txt
2098549,"NexMetro Mesa Vista Sidecar 2025, LLC",D,20251201,edgar/data/2098549/0001213900-25-116597.txt
2098587,IRMA THEATRICALS LLC,D,20251201,edgar/data/2098587/0002098587-25-000001.txt
2098600,"Focused Capital Income Fund, LLC",D,20251201,edgar/data/2098600/0002098600-25-000001.txt
2098604,AUGMENTT HOLDCO INC.,D,20251201,edgar/data/2098604/0002098604-25-000001.txt
2098605,"CNG 2025 Stations I, LLC",D,20251201,edgar/data/2098605/0002098605-25-000001.txt
2098626,Waypoint Wealth Fund LLC,D,20251201,edgar/data/2098626/0002098626-25-000001.txt
2098634,"Davis Carol Stream, LLC",D,20251201,edgar/data/2098634/0002098634-25-000001.txt
2098637,"Simple Autonomy, Inc.",D,20251201,edgar/data/2098637/0001096906-25-001951.txt
2098638,"1784 UK Holdings 3 Stratford OV, LLC",D,20251201,edgar/data/2098638/0002098638-25-000002.txt
2098688,A2 Hedged LP,D,20251201,edgar/data/2098688/0002098688-25-000001.txt
2098723,"VREH Park Square Partners, LLC",D,20251201,edgar/data/2098723/0002098723-25-000001.txt
2098743,Golden Seeds Bairitone Health LLC,D,20251201,edgar/data/2098743/0002098743-25-000001.txt
2098758,"Reef Pass Investors EVA, LP",D,20251201,edgar/data/2098758/0001231919-25-000562.txt
1023109,CANALASKA URANIUM LTD,D,20251202,edgar/data/1023109/0001023109-25-000002.txt
1123267,Hannan Metals Ltd.,D,20251202,edgar/data/1123267/0001123267-25-000007.txt
1595539,"GPD Group, Inc.",D,20251202,edgar/data/1595539/0001682491-25-000008.txt
1673474,Convexity Scientific Inc.,D,20251202,edgar/data/1673474/0001673474-25-000003.txt
1682485,"GPD GROUP, PROFESSIONAL Corp",D,20251202,edgar/data/1682485/0001682491-25-000008.txt
1682486,"GPD SERVICES COMPANY, INC.",D,20251202,edgar/data/1682486/0001682491-25-000008.txt
1682491,"GLAUS, PYLE, SCHOMER, BURNS & DEHAVEN, INC.",D,20251202,edgar/data/1682491/0001682491-25-000008.txt
1724977,"OPEN DOORS PARTNERS, LLC",D,20251202,edgar/data/1724977/0001724977-25-000014.txt
1739806,"Checkerspot, Inc.",D,20251202,edgar/data/1739806/0001739806-25-000002.txt
1797928,McGill & Partners Group Ltd,D,20251202,edgar/data/1797928/0001797928-25-000003.txt
1839365,Soar Health Inc.,D,20251202,edgar/data/1839365/0001839365-25-000002.txt
1850269,United Lithium Corp.,D,20251202,edgar/data/1850269/0001850269-25-000003.txt
1867150,639 LLC,D,20251202,edgar/data/1867150/0001867150-25-000007.txt
1933981,9YARDS OPPORTUNITIES LP - SERIES 38,D,20251202,edgar/data/1933981/0001933981-25-000002.txt
2041818,"Govstream.ai, Inc.",D,20251202,edgar/data/2041818/0002041818-25-000002.txt
2054841,Ikerian AG,D,20251202,edgar/data/2054841/0002054841-25-000006.txt
2055067,"Harbor Momentum Group, LLC",D,20251202,edgar/data/2055067/0002055067-25-000003.txt
2057538,Audivi AI Inc.,D,20251202,edgar/data/2057538/0002057538-25-000002.txt
2059155,"Princeton Towns, LLC",D,20251202,edgar/data/2059155/0002059155-25-000002.txt
2059249,Wakara Ridge 1-2 LLC,D,20251202,edgar/data/2059249/0002059249-25-000002.txt
2060063,TaleMonster Games Inc.,D,20251202,edgar/data/2060063/0002060063-25-000003.txt
2065199,"4 Mankind, Inc.",D,20251202,edgar/data/2065199/0002065199-25-000003.txt
2068592,Reema Health Inc.,D,20251202,edgar/data/2068592/0002068592-25-000001.txt
2082470,"TU-0812 Fund VI, a series of FDVC, LP",D,20251202,edgar/data/2082470/0002082470-25-000001.txt
2084310,"SE-0731 Fund I, a series of Sajid Rahman Angel Funds, LP",D,20251202,edgar/data/2084310/0002084310-25-000001.txt
2084625,"TU-0820 Fund II, a series of PRMM Ventures, LP",D,20251202,edgar/data/2084625/0002084625-25-000001.txt
2086051,"Disrupt Equity Multifamily Fund IV, LP",D,20251202,edgar/data/2086051/0002086051-25-000001.txt
2086720,Leto Tech PBC,D,20251202,edgar/data/2086720/0002086720-25-000001.txt
2087150,"AH Bio Fund V-B, L.P.",D,20251202,edgar/data/2087150/0001104659-25-117653.txt
2087911,"RO-0523 Fund I, a series of Gold Dragon Ventures, LP",D,20251202,edgar/data/2087911/0002087911-25-000001.txt
2089643,"Two Front SPV, a series of Revere Partners SPV Master, LP",D,20251202,edgar/data/2089643/0002089643-25-000001.txt
2090181,Taconic Credit Opportunities Fund L.P.,D,20251202,edgar/data/2090181/0000905148-25-004209.txt
2090194,Taconic Credit Opportunities Offshore Fund L.P.,D,20251202,edgar/data/2090194/0000905148-25-004210.txt
2091780,Letz Technologies LLC,D,20251202,edgar/data/2091780/0002091780-25-000003.txt
2091981,ACTO SERIES FUND-JFA CAPITAL,D,20251202,edgar/data/2091981/0002091981-25-000001.txt
2091982,ACTO SERIES-LSS LOAN,D,20251202,edgar/data/2091982/0002091982-25-000001.txt
2091984,ACTO INVESTMENT GROUP SERIES FUND LLC-YLO SERIES,D,20251202,edgar/data/2091984/0002091984-25-000001.txt
2092385,Glade Brook Private Investors LIV LP,D,20251202,edgar/data/2092385/0000929638-25-004484.txt
2092818,"MetrixGrove, Inc.",D,20251202,edgar/data/2092818/0002092818-25-000001.txt
2092946,TTS Hurst Landing LLC,D,20251202,edgar/data/2092946/0002092946-25-000002.txt
2093072,Vimotis Inc.,D,20251202,edgar/data/2093072/0002093072-25-000001.txt
2093415,Crown Europe Small Buyouts VII Feeder SA SICAV-RAIF,D,20251202,edgar/data/2093415/0002093415-25-000001.txt
2093517,Crown Europe Small Buyouts VII Master S.C.Sp.,D,20251202,edgar/data/2093517/0002093517-25-000001.txt
2095355,"Wavecrest Dealerware SPV, L.P.",D,20251202,edgar/data/2095355/0002095355-25-000001.txt
2095561,Access Feeder A84 SCSp,D,20251202,edgar/data/2095561/0002095561-25-000002.txt
2095855,"Julian-AA-1024 Fund II, a series of AngelList Funds 2025, LP",D,20251202,edgar/data/2095855/0002095855-25-000001.txt
2095945,"CX-PE Heron Aggregator, L.P.",D,20251202,edgar/data/2095945/0002095945-25-000002.txt
2096128,BL Membrion Holdings LLC,D,20251202,edgar/data/2096128/0002096128-25-000001.txt
2096410,Eagle Eye Capital Ltd.,D,20251202,edgar/data/2096410/0002096410-25-000001.txt
2096616,"Assembly Logistics, LLC",D,20251202,edgar/data/2096616/0002096616-25-000001.txt
2097030,MML Dorchester SCSp,D,20251202,edgar/data/2097030/0002097030-25-000001.txt
2097093,ARO CMP EB5 LP,D,20251202,edgar/data/2097093/0002097093-25-000001.txt
2097349,"Pumps & Pumps Oil Fund, Limited Partnership",D,20251202,edgar/data/2097349/0002097349-25-000001.txt
2097363,"Edge PAS Office Investments I, LLC",D,20251202,edgar/data/2097363/0002097363-25-000001.txt
2097367,"I4 Commerce Partners, LLC",D,20251202,edgar/data/2097367/0002097367-25-000001.txt
2097399,"GrowAbility Equity Oil & Gas Fund 2, Limited Partnership",D,20251202,edgar/data/2097399/0002097399-25-000002.txt
2097476,"Delta-v Capital Digital Infrastructure Fund I, LP",D,20251202,edgar/data/2097476/0000905148-25-004212.txt
2097526,"Activant SPV VI, LP",D,20251202,edgar/data/2097526/0002097526-25-000001.txt
2097594,3121 Emerson LLC,D,20251202,edgar/data/2097594/0002097594-25-000002.txt
2097649,"Coalesce Veritas Coinvest, L.P.",D,20251202,edgar/data/2097649/0002097649-25-000001.txt
2097842,Harbour Arts Capital Management LTD,D,20251202,edgar/data/2097842/0002097842-25-000001.txt
2097884,"CX-PE Heron Aggregator (A), L.P.",D,20251202,edgar/data/2097884/0002095945-25-000002.txt
2098085,"Peter Gao Capital Burst II, a series of Peter Gao Capital, LP",D,20251202,edgar/data/2098085/0002098085-25-000001.txt
2098159,"Hawk-Thompson's Yard Apartments Portland, ME",D,20251202,edgar/data/2098159/0002098159-25-000001.txt
2098204,Ophthalmic Therapeutic Innovation LLC,D,20251202,edgar/data/2098204/0002098204-25-000001.txt
2098227,154 Touchdown Co-Invest II LP,D,20251202,edgar/data/2098227/0000929638-25-004486.txt
2098231,154 Touchdown Co-Invest LP,D,20251202,edgar/data/2098231/0000929638-25-004485.txt
2098258,Zade Strategies Fund LP,D,20251202,edgar/data/2098258/0002098258-25-000001.txt
2098260,Sorrento Fund LP,D,20251202,edgar/data/2098260/0002098260-25-000001.txt
2098266,LWCI LLC,D,20251202,edgar/data/2098266/0002098266-25-000001.txt
2098284,Block Party Investments LLC,D,20251202,edgar/data/2098284/0001014108-25-000079.txt
2098322,"NonPublic Prediction Fund I, a Series of A Master Series, LLC",D,20251202,edgar/data/2098322/0002098322-25-000001.txt
2098333,"Resonant Strategic Income Fund III, LP",D,20251202,edgar/data/2098333/0002098333-25-000001.txt
2098335,"Two Oceans Ventures, LLC",D,20251202,edgar/data/2098335/0002098335-25-000001.txt
2098363,Zone 2 Ventures CIS SPV LP,D,20251202,edgar/data/2098363/0002098363-25-000002.txt
2098391,"PAVC Syndicate 6, LLC",D,20251202,edgar/data/2098391/0002098391-25-000001.txt
2098392,"PAVC Syndicate 7, LLC",D,20251202,edgar/data/2098392/0002098392-25-000003.txt
2098452,Exp Eq Sunrise LLC,D,20251202,edgar/data/2098452/0002098452-25-000001.txt
2098490,ESC Freedom PCF LLC,D,20251202,edgar/data/2098490/0002098490-25-000001.txt
2098552,"Prosper RED IX, LLC",D,20251202,edgar/data/2098552/0002098552-25-000001.txt
2098577,Fearless Devoted Health SPV 4 LLC,D,20251202,edgar/data/2098577/0002098577-25-000001.txt
2098606,"ACP Fuse Co-Invest Partnership, L.P.",D,20251202,edgar/data/2098606/0001012975-25-000831.txt
2098618,"Blue Metric Group Fund, LP, Alabama Lake Dev Fund",D,20251202,edgar/data/2098618/0002098618-25-000001.txt
2098657,"TH-1103 Fund I, a series of Jetstream Syndicates, LP",D,20251202,edgar/data/2098657/0002098657-25-000001.txt
2098658,"NE-1104 Gaingels Fund I, a series of Zachary Ginsburg Funds, LP",D,20251202,edgar/data/2098658/0002098658-25-000001.txt
2098680,"Renegade Partners III, L.P.",D,20251202,edgar/data/2098680/0002098680-25-000001.txt
2098690,New View Investors LLC,D,20251202,edgar/data/2098690/0002098690-25-000001.txt
2098741,Touareg Group Technologies Co.,D,20251202,edgar/data/2098741/0002098741-25-000001.txt
2098805,Kobrea Exploration Corp.,D,20251202,edgar/data/2098805/0001062993-25-017120.txt
2098807,"Delta-v Capital Digital Infrastructure Fund I-JP, LP",D,20251202,edgar/data/2098807/0000905148-25-004211.txt
2098820,Lion26 SOII LLC,D,20251202,edgar/data/2098820/0001096906-25-001953.txt
2098821,Vesper Kubera LLC,D,20251202,edgar/data/2098821/0001104659-25-117613.txt
2098823,"Deep Future Fund II, LP",D,20251202,edgar/data/2098823/0002098823-25-000001.txt
2098828,"CIG DS1, LLC",D,20251202,edgar/data/2098828/0002098828-25-000001.txt
2098830,VITLrx Inc.,D,20251202,edgar/data/2098830/0002098830-25-000001.txt
2098833,"Equitybee 22-80214, a Series of Equitybee cFund Master LLC",D,20251202,edgar/data/2098833/0002098833-25-000001.txt
2098835,"Equitybee 22-20203, a Series of Equitybee cFund Master LLC",D,20251202,edgar/data/2098835/0002098835-25-000001.txt
2098836,"Equitybee 22-66812, a Series of Equitybee cFund Master LLC",D,20251202,edgar/data/2098836/0002098836-25-000001.txt
2098837,"Equitybee 22-55931, a Series of Equitybee cFund Master LLC",D,20251202,edgar/data/2098837/0002098837-25-000001.txt
2098838,"Equitybee 22-60708, a Series of Equitybee cFund Master LLC",D,20251202,edgar/data/2098838/0002098838-25-000001.txt
2098839,"Equitybee 22-40074, a Series of Equitybee cFund Master LLC",D,20251202,edgar/data/2098839/0002098839-25-000001.txt
2098840,"Equitybee 22-46377, a Series of Equitybee cFund Master LLC",D,20251202,edgar/data/2098840/0002098840-25-000001.txt
2098851,"Hive Heart Holdings, LLC",D,20251202,edgar/data/2098851/0002098851-25-000001.txt
2098857,Polar Investors LP,D,20251202,edgar/data/2098857/0002098857-25-000001.txt
2098871,"Dig Deep, Inc.",D,20251202,edgar/data/2098871/0002098871-25-000001.txt
2098893,Harrison Ave RV Park Investors LLC,D,20251202,edgar/data/2098893/0002098893-25-000001.txt
2098911,NexPoint Oasis DST,D,20251202,edgar/data/2098911/0002098911-25-000001.txt
2098919,"MPC GA 2025 ASIC ICF, LLC",D,20251202,edgar/data/2098919/0002098919-25-000001.txt
2098941,Legion Staffing SPV I LLC,D,20251202,edgar/data/2098941/0002098941-25-000001.txt
2098954,BD BF CONSANO II LLC,D,20251202,edgar/data/2098954/0002098954-25-000001.txt
2098960,"MPC SC 2025 ASIC ICF, LLC",D,20251202,edgar/data/2098960/0002098960-25-000001.txt
1200058,"CHILDRENS HEALTHCARE OF ATLANTA SURGERY CENTER AT MERIDIAN MARK PLAZA, LLC",D,20251203,edgar/data/1200058/0001200058-25-000003.txt
1321086,CMWA Capital Appreciation Fund LLC,D,20251203,edgar/data/1321086/0001321086-25-000007.txt
1513525,"ADIAL PHARMACEUTICALS, INC.",D,20251203,edgar/data/1513525/0001213900-25-117804.txt
1540529,"CMWA Defensive Strategies Partnership, LLC",D,20251203,edgar/data/1540529/0001540529-25-000008.txt
1785157,"Fintainium, Inc.",D,20251203,edgar/data/1785157/0001785157-25-000003.txt
1796909,"Protego Biopharma, Inc.",D,20251203,edgar/data/1796909/0001231919-25-000568.txt
1819319,"IMAGEN DENTAL PARTNERS, LLC",D,20251203,edgar/data/1819319/0002099164-25-000002.txt
1829551,"WAVECLEAR, INC.",D,20251203,edgar/data/1829551/0001829551-25-000002.txt
1839285,"Healthcare Triangle, Inc.",D,20251203,edgar/data/1839285/0001213900-25-117648.txt
1852575,"Strategic Storage Trust VI, Inc.",D,20251203,edgar/data/1852575/0001852575-25-000003.txt
1902758,"Akura Medical, Inc.",D,20251203,edgar/data/1902758/0000905148-25-004216.txt
1918955,D6 LLC,D,20251203,edgar/data/1918955/0001918955-25-000004.txt
1923584,"Lumos Technologies, Inc.",D,20251203,edgar/data/1923584/0001923584-25-000002.txt
1939940,"Corista, LLC",D,20251203,edgar/data/1939940/0001939940-25-000002.txt
1958777,"FibroBiologics, Inc.",D,20251203,edgar/data/1958777/0001493152-25-025995.txt
1958777,"FibroBiologics, Inc.",D,20251203,edgar/data/1958777/0001493152-25-025997.txt
1989384,"Mitra EV, Inc.",D,20251203,edgar/data/1989384/0001989384-25-000002.txt
1993148,LALITHA CORP.,D,20251203,edgar/data/1993148/0001993148-25-000002.txt
1996288,"Nasdaq Private Market, LLC",D,20251203,edgar/data/1996288/0001231919-25-000567.txt
1997597,EmpNia Inc.,D,20251203,edgar/data/1997597/0001997597-25-000002.txt
1998732,"VLI HOLDCO, INC.",D,20251203,edgar/data/1998732/0001998732-25-000002.txt
1998732,"VLI HOLDCO, INC.",D,20251203,edgar/data/1998732/0001998732-25-000003.txt
2001638,Panorama Artificial Intelligence Corp.,D,20251203,edgar/data/2001638/0002001638-25-000005.txt
2002716,EfficientAI Corp,D,20251203,edgar/data/2002716/0002002716-25-000002.txt
2013958,"PDW Holdings, Inc.",D,20251203,edgar/data/2013958/0002013958-25-000003.txt
2037289,Alpha Partners Technology Merger SPV LLC,D,20251203,edgar/data/2037289/0002037289-25-000002.txt
2045822,Access Feeder A77 SCSp,D,20251203,edgar/data/2045822/0002045822-25-000003.txt
2050840,Paretor LLC,D,20251203,edgar/data/2050840/0002050840-25-000003.txt
2063233,"Helios, a series of Angel Cake SPV Master, LLC",D,20251203,edgar/data/2063233/0002063233-25-000003.txt
2068088,"Starship Ventures SPV XIX - Starship Ventures Opportunities, LLC",D,20251203,edgar/data/2068088/0002068088-25-000001.txt
2068092,"Starship Ventures SPV XX - Starship Ventures Opportunities, LLC",D,20251203,edgar/data/2068092/0002068092-25-000001.txt
2069272,"Real American Wrestling, Inc.",D,20251203,edgar/data/2069272/0002069272-25-000004.txt
2077768,"RED5 SPV, a series of Riverside Ventures Self-Advised, LP",D,20251203,edgar/data/2077768/0002077768-25-000001.txt
2079966,"Macquarie Infrastructure Fund, L.P.",D,20251203,edgar/data/2079966/0002079966-25-000003.txt
2082252,"AP-0618 Fund I, a series of Roll Up Vehicles, LP",D,20251203,edgar/data/2082252/0002082252-25-000001.txt
2082263,"AK-0605 Fund II, a series of Roll Up Vehicles, LP",D,20251203,edgar/data/2082263/0002082263-25-000001.txt
2082780,"NE-0723 Fund I, a series of JMWTX Investments, LP",D,20251203,edgar/data/2082780/0002082780-25-000001.txt
2083394,"CI-0523 Fund I, a series of Roll Up Vehicles, LP",D,20251203,edgar/data/2083394/0002083394-25-000001.txt
2084665,"NA-0818 Fund I, a series of Exitfund Venture, LP",D,20251203,edgar/data/2084665/0002084665-25-000001.txt
2084999,"VE-0813 Fund I, a series of Umami Capital, LP",D,20251203,edgar/data/2084999/0002084999-25-000001.txt
2085611,"CO-0829 Fund II, a series of MV Funds, LP",D,20251203,edgar/data/2085611/0002085611-25-000001.txt
2085627,BID III Crusoe Unblocked Co-Invest LP,D,20251203,edgar/data/2085627/0002085627-25-000001.txt
2086483,"Kohlberg Private Credit Investors Rated Feeder-L, L.L.C.",D,20251203,edgar/data/2086483/0000950142-25-003103.txt
2086871,"WE-0731 Fund I, a series of Roll Up Vehicles, LP",D,20251203,edgar/data/2086871/0002086871-25-000001.txt
2086934,"gC II, a series of gradCapital, LP",D,20251203,edgar/data/2086934/0002086934-25-000001.txt
2087071,"DA-0828 Fund I, a series of Roll Up Vehicles, LP",D,20251203,edgar/data/2087071/0002087071-25-000001.txt
2087607,"GCM Grosvenor Critical Infrastructure Solutions IV, L.P.",D,20251203,edgar/data/2087607/0002087607-25-000001.txt
2087608,"GCM Grosvenor CIS IV Onshore Feeder Fund, L.P.",D,20251203,edgar/data/2087608/0002087607-25-000001.txt
2087749,"CR Farmland Feeder Fund II, LP",D,20251203,edgar/data/2087749/0001315863-25-000826.txt
2087808,"Conservation Resources Farmland II, LP",D,20251203,edgar/data/2087808/0001315863-25-000825.txt
2088142,"GE-0908 Fund I, a series of Andrew Tan Investments, LP",D,20251203,edgar/data/2088142/0002088142-25-000001.txt
2088490,"Everstar Franchise & Services Growth Fund, LP",D,20251203,edgar/data/2088490/0002088490-25-000001.txt
2088492,"Black Flag Fund I, a series of Black Flag Fund, LP.",D,20251203,edgar/data/2088492/0002088492-25-000001.txt
2088692,"Long-Term Care Consultants, LLC",D,20251203,edgar/data/2088692/0002088692-25-000002.txt
2088970,"NE-0514 Fund III, a series of MV Funds, LP",D,20251203,edgar/data/2088970/0002088970-25-000001.txt
2089152,"Impact Housing Group, LLC",D,20251203,edgar/data/2089152/0002089152-25-000002.txt
2090735,"Series 62-1, a series of StartEngine Private LLC",D,20251203,edgar/data/2090735/0002090735-25-000001.txt
2091517,M5 Software Investment D2 AB,D,20251203,edgar/data/2091517/0001012975-25-000840.txt
2091538,M5 Software Investment D1 AB,D,20251203,edgar/data/2091538/0001012975-25-000839.txt
2091570,G2 Software Investment E AB,D,20251203,edgar/data/2091570/0001012975-25-000838.txt
2092131,"Series 64-1, a series of StartEngine Private LLC",D,20251203,edgar/data/2092131/0002092131-25-000001.txt
2092133,Crest Cayman Fund Ltd.,D,20251203,edgar/data/2092133/0002092133-25-000001.txt
2092235,"Premier Stork Access Fund, L.P.",D,20251203,edgar/data/2092235/0002092235-25-000002.txt
2092353,"BR-1008 Fund I, a series of Roll Up Vehicles, LP",D,20251203,edgar/data/2092353/0002092353-25-000001.txt
2092436,Zaf Storr Holdings LP,D,20251203,edgar/data/2092436/0002092436-25-000001.txt
2092466,CD Secondary $80M May 2025 a Series of CGF2021 LLC,D,20251203,edgar/data/2092466/0002092466-25-000001.txt
2092663,"BR-1009 Fund II, a series of DVC, LP",D,20251203,edgar/data/2092663/0002092663-25-000001.txt
2092701,"ST-1014 Fund I, a series of Allied Venture Partners, LP",D,20251203,edgar/data/2092701/0002092701-25-000001.txt
2093159,"SU-1016 Fund I, a series of Andrew Tan Investments, LP",D,20251203,edgar/data/2093159/0002093159-25-000001.txt
2093595,"GLE3 SPV, a series of Riverside Ventures Self-Advised, LP",D,20251203,edgar/data/2093595/0002093595-25-000001.txt
2093599,"Rumbo SPV N3, a series of Rumbo SPV Master, LP",D,20251203,edgar/data/2093599/0002093599-25-000001.txt
2093601,"BI-1011 Fund I, a series of MV Funds, LP",D,20251203,edgar/data/2093601/0002093601-25-000001.txt
2093854,"Imperium Technologies, Inc.",D,20251203,edgar/data/2093854/0002093854-25-000001.txt
2093964,"DO-1005 Fund I, a series of Roll Up Vehicles, LP",D,20251203,edgar/data/2093964/0002093964-25-000001.txt
2094214,G2 Software Investment D1 AB,D,20251203,edgar/data/2094214/0001012975-25-000836.txt
2094215,G2 Software Investment D2 AB,D,20251203,edgar/data/2094215/0001012975-25-000837.txt
2094240,M5 Software Investment E AB,D,20251203,edgar/data/2094240/0001012975-25-000841.txt
2094864,"MEDPLEX SYSTEMS, INC",D,20251203,edgar/data/2094864/0002094864-25-000001.txt
2094977,"QP-NE-0514 Fund III, a series of MV Funds, LP",D,20251203,edgar/data/2094977/0002094977-25-000001.txt
2095453,"AI-1018 Fund I, a series of Justin Mares Syndicate, LP",D,20251203,edgar/data/2095453/0002095453-25-000001.txt
2095563,Access Feeder A89 SCSp,D,20251203,edgar/data/2095563/0002095563-25-000002.txt
2095568,Access Feeder A91 SCSp,D,20251203,edgar/data/2095568/0002095568-25-000003.txt
2095571,Access Feeder A99 SCSp,D,20251203,edgar/data/2095571/0002095571-25-000003.txt
2095573,Access Feeder A100 SCSp,D,20251203,edgar/data/2095573/0002095573-25-000003.txt
2095686,"i-Qu Andros Heritage III, L.P.",D,20251203,edgar/data/2095686/0002095686-25-000001.txt
2095708,"EP WINSTON-SALEM JV, LLC",D,20251203,edgar/data/2095708/0002095708-25-000001.txt
2095831,"BCSS Archwest (L) REIT, LLC",D,20251203,edgar/data/2095831/0002095831-25-000001.txt
2095845,"Ishan-RO-1016 Fund I, a series of AngelList Funds 2025, LP",D,20251203,edgar/data/2095845/0002095845-25-000001.txt
2095877,"i-Qu US Venture Manager III, L.P.",D,20251203,edgar/data/2095877/0002095877-25-000001.txt
2095991,"NHF V DXS REIT, LLC",D,20251203,edgar/data/2095991/0002095991-25-000001.txt
2096194,"Tender Crush Holdings, LLC",D,20251203,edgar/data/2096194/0002096194-25-000001.txt
2096511,Watonga Fund 1 Limited Partnership,D,20251203,edgar/data/2096511/0002096511-25-000003.txt
2096534,"Fund I - Element 14 Capital, LP",D,20251203,edgar/data/2096534/0002096534-25-000001.txt
2096623,"SK-1014 Fund I, a series of Roll Up Vehicles, LP",D,20251203,edgar/data/2096623/0002096623-25-000001.txt
2096787,"TruAmerica Workforce Housing Fund II REIT, L.P.",D,20251203,edgar/data/2096787/0002096787-25-000001.txt
2096895,"SU-1029 Fund I, a series of Exitfund Venture, LP",D,20251203,edgar/data/2096895/0002096895-25-000001.txt
2096991,CMP Eagle Partners (Cayman) LP,D,20251203,edgar/data/2096991/0002096991-25-000001.txt
2097075,FTToken Inc.,D,20251203,edgar/data/2097075/0002097075-25-000001.txt
2097161,Gaingels Model LLC,D,20251203,edgar/data/2097161/0002097161-25-000001.txt
2097574,Gaingels Cambium NOV 2025 LLC,D,20251203,edgar/data/2097574/0002097574-25-000001.txt
2097619,"Accolade Partners X-A Feeder, L.P.",D,20251203,edgar/data/2097619/0000904454-25-000623.txt
2097639,"Private Assets W, L.P.",D,20251203,edgar/data/2097639/0002097639-25-000001.txt
2097640,"Accolade Partners X-A, L.P.",D,20251203,edgar/data/2097640/0000904454-25-000623.txt
2097696,"OrchardLink, Inc.",D,20251203,edgar/data/2097696/0002097696-25-000003.txt
2098054,"DESTINY PARTNERS, LLC / PENNSYLVANIA",D,20251203,edgar/data/2098054/0002098054-25-000001.txt
2098119,Sixty North Gold Mining Ltd.,D,20251203,edgar/data/2098119/0000912282-25-001363.txt
2098168,WACO2 HOLDINGS LLC,D,20251203,edgar/data/2098168/0002098168-25-000001.txt
2098196,"Newport Village 168, LLC",D,20251203,edgar/data/2098196/0002098196-25-000001.txt
2098254,"Plethy Capital, LLC",D,20251203,edgar/data/2098254/0001553350-25-000177.txt
2098278,"T1P VANQUISH DIG EREBOR I a series of Allocations 2025 Master, LLC",D,20251203,edgar/data/2098278/0002098278-25-000001.txt
2098294,"1515 W KIRBY AVE INVESTOR, LLC",D,20251203,edgar/data/2098294/0002098294-25-000001.txt
2098318,"Composer Appliance, Inc.",D,20251203,edgar/data/2098318/0002098318-25-000001.txt
2098379,"LaGrange MD, LLC",D,20251203,edgar/data/2098379/0002098379-25-000001.txt
2098383,Cadet Athletic Performance LLC,D,20251203,edgar/data/2098383/0002098383-25-000001.txt
2098388,"Harbor Ridge Capital, LLC",D,20251203,edgar/data/2098388/0002098388-25-000001.txt
2098437,"Partners Group Client Access 53, L.P.",D,20251203,edgar/data/2098437/0002098437-25-000001.txt
2098453,Exp Eq Genesis Tech LLC,D,20251203,edgar/data/2098453/0002098453-25-000001.txt
2098457,"Harbor Capital Industrial Fund I, LP",D,20251203,edgar/data/2098457/0002098457-25-000001.txt
2098460,"900 Third Investment, LLC",D,20251203,edgar/data/2098460/0002098460-25-000002.txt
2098513,"NGP SRA II Parallel Fund B, L.P.",D,20251203,edgar/data/2098513/0002098513-25-000001.txt
2098526,"NGP SRA II Parallel Fund, L.P.",D,20251203,edgar/data/2098526/0002098526-25-000001.txt
2098551,"GSP HBH Co-Invest Fund, L.P.",D,20251203,edgar/data/2098551/0002098551-25-000001.txt
2098554,"GSP HBH Co-Invest Fund-A, L.P.",D,20251203,edgar/data/2098554/0002098554-25-000001.txt
2098667,"TLTF SPV I 2025, LP",D,20251203,edgar/data/2098667/0002098667-25-000001.txt
2098671,Paradromics 25 a Series of What If Ventures Master LLC,D,20251203,edgar/data/2098671/0002098671-25-000001.txt
2098672,Project Emberfall October 2025 a Series of CGF2021 LLC,D,20251203,edgar/data/2098672/0002098672-25-000001.txt
2098673,Antares Nuclear Nov 2025 a Series of CGF2021 LLC,D,20251203,edgar/data/2098673/0002098673-25-000001.txt
2098674,Anthropic Secondary October 2025 a Series of CGF2021 LLC,D,20251203,edgar/data/2098674/0002098674-25-000001.txt
2098675,Anthropic Oct 2025 a Series of CGF2021 LLC,D,20251203,edgar/data/2098675/0002098675-25-000001.txt
2098689,"ICP Vitalis DH I, LLC",D,20251203,edgar/data/2098689/0002098689-25-000002.txt
2098693,Citadel Montego Bay LLC,D,20251203,edgar/data/2098693/0002098693-25-000001.txt
2098694,Anthropic NOV25 T1V syndicate a Series of CGF2021 LLC,D,20251203,edgar/data/2098694/0002098694-25-000001.txt
2098695,"D. Boral Master SPV LLC, Series V Perplexity",D,20251203,edgar/data/2098695/0002098695-25-000001.txt
2098700,Skyryse 2025 a Series of CGF2021 LLC,D,20251203,edgar/data/2098700/0002098700-25-000001.txt
2098702,"RDGSH Statesboro, LP",D,20251203,edgar/data/2098702/0002098702-25-000001.txt
2098713,FF Pathwater Fund a Series of FF SPV Holdings LLC,D,20251203,edgar/data/2098713/0002098713-25-000001.txt
2098714,Nomi Capital App Fund a Series of CGF2021 LLC,D,20251203,edgar/data/2098714/0002098714-25-000001.txt
2098717,Alpha I a Series of The Gate Strategic Opportunities LLC,D,20251203,edgar/data/2098717/0002098717-25-000001.txt
2098718,RWC 1 a Series of CGF2021 LLC,D,20251203,edgar/data/2098718/0002098718-25-000001.txt
2098719,Alterity Patriot Pickleball SPV a Series of CGF2021 LLC,D,20251203,edgar/data/2098719/0002098719-25-000001.txt
2098722,Dymium SPV a Series of CGF2021 LLC,D,20251203,edgar/data/2098722/0002098722-25-000001.txt
2098724,Plan A Fund I a Series of Seaside Ventures Investments LLC,D,20251203,edgar/data/2098724/0002098724-25-000001.txt
2098727,Tundra Angels Flamingo Oct 2025 a Series of CGF2021 LLC,D,20251203,edgar/data/2098727/0002098727-25-000001.txt
2098728,GSBackers Deel Fund I a Series of CGF2021 LLC,D,20251203,edgar/data/2098728/0002098728-25-000001.txt
2098734,"Airhart Aeronautics, Inc.",D,20251203,edgar/data/2098734/0002098734-25-000001.txt
2098737,"Aro Ventures, LLC",D,20251203,edgar/data/2098737/0002098737-25-000001.txt
2098751,Cosmos Fund I LP,D,20251203,edgar/data/2098751/0002098751-25-000001.txt
2098761,"SenseFlow, Inc.",D,20251203,edgar/data/2098761/0002098761-25-000001.txt
2098822,"Mission 3A New Media Fund I, LP",D,20251203,edgar/data/2098822/0002098822-25-000001.txt
2098853,EQR RWA SCIENCE LTD,D,20251203,edgar/data/2098853/0002098853-25-000001.txt
2098858,Holly Weis Theatricals LLC,D,20251203,edgar/data/2098858/0002098858-25-000001.txt
2098859,SDC Capital Income Fund REIT LLC,D,20251203,edgar/data/2098859/0002098859-25-000002.txt
2098867,"MA-0506 Fund I, a series of Roll Up Vehicles, LP",D,20251203,edgar/data/2098867/0002098867-25-000001.txt
2098868,MPE University LLC,D,20251203,edgar/data/2098868/0002098868-25-000001.txt
2098890,Amberley House Holdings LLC,D,20251203,edgar/data/2098890/0000892251-25-000216.txt
2098914,"AHVF III Private Investors Offshore, L.P.",D,20251203,edgar/data/2098914/0002098914-25-000001.txt
2098957,SAK 71 LLC,D,20251203,edgar/data/2098957/0002098957-25-000001.txt
2098965,"Partners Group Client Access 55, L.P. Inc.",D,20251203,edgar/data/2098965/0002098965-25-000001.txt
2098990,"PURE EQUITY VENTURE FUND I, LP",D,20251203,edgar/data/2098990/0002098990-25-000001.txt
2099006,DW Rockies 17 LP,D,20251203,edgar/data/2099006/0002099006-25-000001.txt
2099009,"Alpha Annex Telemed Fund, LLC - Series III",D,20251203,edgar/data/2099009/0002099009-25-000001.txt
2099010,"Alpha Annex Telemed Fund, LLC - Series II",D,20251203,edgar/data/2099010/0002099010-25-000001.txt
2099011,"Alpha Annex Citrus Fund, LLC - Series III",D,20251203,edgar/data/2099011/0002099011-25-000001.txt
2099012,"Alpha Annex Citrus Fund, LLC - Series II",D,20251203,edgar/data/2099012/0002099012-25-000001.txt
2099015,"Eternal Applications, Inc.",D,20251203,edgar/data/2099015/0002099015-25-000001.txt
2099057,"Browder-MI-1111 Fund I, a series of AngelList Funds 2025, LP",D,20251203,edgar/data/2099057/0002099057-25-000001.txt
2099066,"RH-1103 Fund I, a series of Roll Up Vehicles, LP",D,20251203,edgar/data/2099066/0002099066-25-000001.txt
2099076,"Rauch Capital Burst CLXXXVIII, a series of Rauch Capital Burst, LP",D,20251203,edgar/data/2099076/0002099076-25-000001.txt
2099085,"i3 Industrial Fund Four, L.P.",D,20251203,edgar/data/2099085/0002099085-25-000001.txt
2099092,"Page One Ventures II, LP",D,20251203,edgar/data/2099092/0002099092-25-000001.txt
2099094,"Milwaukee DD Lodging Investors II, LLC",D,20251203,edgar/data/2099094/0001042167-25-000063.txt
2099122,"Progression Fund III, L.P.",D,20251203,edgar/data/2099122/0002099122-25-000001.txt
2099144,"CIG DS2, LLC",D,20251203,edgar/data/2099144/0002099144-25-000001.txt
2099153,"HVG Dunlap Associates, LLC",D,20251203,edgar/data/2099153/0002099153-25-000001.txt
2099158,"Bishop Dunlap I, LLC",D,20251203,edgar/data/2099158/0002099158-25-000001.txt
2099159,"Bishop Dunlap II, LLC",D,20251203,edgar/data/2099159/0002099159-25-000001.txt
2099160,"HVG Carol Stream Associates, LLC",D,20251203,edgar/data/2099160/0002099160-25-000001.txt
2099164,"Imagen Kirkpatrick Dentistry Support Services, LLC",D,20251203,edgar/data/2099164/0002099164-25-000002.txt
2099170,"Ross Lane Development LLC - Cantera Series, an Illinois series Ltd liability Co",D,20251203,edgar/data/2099170/0002099170-25-000001.txt
2099272,Kelston Investors LLC,D,20251203,edgar/data/2099272/0002099272-25-000001.txt
2099286,CRAY-C AI Fund LLC - Series 1,D,20251203,edgar/data/2099286/0002099286-25-000001.txt
2099302,"NGP Sustainable Real Assets II, L.P.",D,20251203,edgar/data/2099302/0002099302-25-000001.txt
2099344,"FREY, A SERIES OF Reflect Ventures Master 1 LLC",D,20251203,edgar/data/2099344/0002099344-25-000001.txt
2099347,Mantis Biotechnology Corp,D,20251203,edgar/data/2099347/0002099347-25-000001.txt
1403475,Bank of Marin Bancorp,D,20251204,edgar/data/1403475/0001403475-25-000080.txt
1546600,Omai Gold Mines Corp.,D,20251204,edgar/data/1546600/0001546600-25-000003.txt
1562077,Fortis Flagship Fund LP,D,20251204,edgar/data/1562077/0001562077-25-000005.txt
1611467,"Seattle Funding Group, Ltd.",D,20251204,edgar/data/1611467/0001611467-25-000006.txt
1715398,Brennan Opportunities Fund I LP,D,20251204,edgar/data/1715398/0001715398-25-000002.txt
1806928,Kalshi Inc.,D,20251204,edgar/data/1806928/0001231919-25-000572.txt
1815337,"Triana Biomedicines, Inc.",D,20251204,edgar/data/1815337/0001815337-25-000003.txt
1817906,"TACKLE AI, LLC",D,20251204,edgar/data/1817906/0001817906-25-000004.txt
1882782,"Odyssey Therapeutics, Inc.",D,20251204,edgar/data/1882782/0001104659-25-118426.txt
1883516,"Cambium Biomaterials, Inc.",D,20251204,edgar/data/1883516/0001883516-25-000002.txt
1887673,Wearable Devices Ltd.,D,20251204,edgar/data/1887673/0001213900-25-118062.txt
1913553,A-SYNAPTIC CORP.,D,20251204,edgar/data/1913553/0001913553-25-000004.txt
1949099,DIGITAL ECONOMY REAL ESTATE PARTNERS DATA CENTER FUND I-B LP,D,20251204,edgar/data/1949099/0001949099-25-000002.txt
1949131,DIGITAL ECONOMY REAL ESTATE PARTNERS DATA CENTER FUND I-A LP,D,20251204,edgar/data/1949131/0001949131-25-000002.txt
1956496,PIMCO DISCO Contingent Capital Offshore Fund LP,D,20251204,edgar/data/1956496/0001956496-25-000002.txt
1956501,PIMCO DISCO Contingent Capital Onshore Fund LP,D,20251204,edgar/data/1956501/0001956501-25-000002.txt
1970125,FENDX TECHNOLOGIES INC.,D,20251204,edgar/data/1970125/0001970125-25-000008.txt
1975037,"Compact Membrane Systems, Inc.",D,20251204,edgar/data/1975037/0001975037-25-000003.txt
1978530,"Module Design, Inc.",D,20251204,edgar/data/1978530/0000898432-25-000943.txt
1982252,57Blocks Capital LP,D,20251204,edgar/data/1982252/0001982252-25-000002.txt
1985344,"Syncwords, Inc.",D,20251204,edgar/data/1985344/0001985344-25-000004.txt
1997088,"Okeanos Venture Partners I, LLC - Series 98",D,20251204,edgar/data/1997088/0001997088-25-000003.txt
1997387,"7AI, Inc.",D,20251204,edgar/data/1997387/0001997387-25-000003.txt
2004064,Connected Things Inc.,D,20251204,edgar/data/2004064/0002004064-25-000002.txt
2004711,Bending Spoons S.p.A.,D,20251204,edgar/data/2004711/0002004711-25-000003.txt
2029922,"TPCN Holdings, LLC",D,20251204,edgar/data/2029922/0002080612-25-000021.txt
2042118,"VahatiCor, Inc.",D,20251204,edgar/data/2042118/0002042118-25-000002.txt
2043254,"Fidelity REDOF II REIT, LLC",D,20251204,edgar/data/2043254/0002043254-25-000004.txt
2061216,"Sky City Data, Inc.",D,20251204,edgar/data/2061216/0002061216-25-000006.txt
2065248,"MyWayv Holding, Inc.",D,20251204,edgar/data/2065248/0002065248-25-000003.txt
2069765,"Fifth Corner Property III REIT, LLC",D,20251204,edgar/data/2069765/0002069765-25-000002.txt
2072396,"Marriott AtC Partners, LLC",D,20251204,edgar/data/2072396/0002072396-25-000001.txt
2073912,Yappy Global Inc,D,20251204,edgar/data/2073912/0001062993-25-017179.txt
2073912,Yappy Global Inc,D,20251204,edgar/data/2073912/0001062993-25-017180.txt
2079942,EquiNote MO Yield Fund LLC,D,20251204,edgar/data/2079942/0002079942-25-000001.txt
2080279,RepublicX LLC,D,20251204,edgar/data/2080279/0002080279-25-000001.txt
2084892,"EX-0805 Fund I, a series of Latitud Ventures, LP",D,20251204,edgar/data/2084892/0002084892-25-000001.txt
2085032,"Indicator Ventures IV, L.P.",D,20251204,edgar/data/2085032/0002085032-25-000001.txt
2085265,"Wisdom-MB-0813 Fund I, a series of AngelList Funds 2025, LP",D,20251204,edgar/data/2085265/0002085265-25-000001.txt
2087192,"HA-0909 Fund I, a series of AX-RN-Funds, LP",D,20251204,edgar/data/2087192/0002087192-25-000001.txt
2088185,"Full Circle Debt Fund I, LP",D,20251204,edgar/data/2088185/0001013594-25-001483.txt
2088431,Atom Active Equities Ltd,D,20251204,edgar/data/2088431/0000905148-25-004244.txt
2089419,"ELECTRIC SOLIDUS, INC.",D,20251204,edgar/data/2089419/0002089419-25-000002.txt
2090323,"OB-0911 Fund II, a series of Roll Up Vehicles, LP",D,20251204,edgar/data/2090323/0002090323-25-000001.txt
2090508,Automated Water Machines Inc d/b/a Kadeya,D,20251204,edgar/data/2090508/0002090508-25-000006.txt
2091062,"EIG Altavia Co-Investment, L.P.",D,20251204,edgar/data/2091062/0002091062-25-000001.txt
2091174,"Iaso Fund, L.P.",D,20251204,edgar/data/2091174/0002091174-25-000001.txt
2092724,"Buffalo Power SPV, LP",D,20251204,edgar/data/2092724/0002092724-25-000001.txt
2093134,"Tru Arrow Technology Partners CIV VIII, LP",D,20251204,edgar/data/2093134/0000919574-25-007236.txt
2093140,"SW I, a series of Ventioneers Advised Funds, LP",D,20251204,edgar/data/2093140/0002093140-25-000001.txt
2093553,GTCR Oak Fund LP,D,20251204,edgar/data/2093553/0002093553-25-000001.txt
2093755,"HA-0523 Fund I, a series of Cool Climate Collective, LP",D,20251204,edgar/data/2093755/0002093755-25-000001.txt
2094278,"Raftel Partners, LP",D,20251204,edgar/data/2094278/0002094278-25-000001.txt
2094652,"Encore Consumer Capital Lion CF, LP",D,20251204,edgar/data/2094652/0002094652-25-000001.txt
2094811,MVP LS FUND DCII LLC,D,20251204,edgar/data/2094811/0002094811-25-000001.txt
2094850,Seniors Housing Debt Fund I-A LP,D,20251204,edgar/data/2094850/0002094850-25-000003.txt
2094851,Seniors Housing Debt Fund I Feeder LP,D,20251204,edgar/data/2094851/0002094850-25-000003.txt
2095251,"Divvy Up, Inc.",D,20251204,edgar/data/2095251/0002095251-25-000001.txt
2095388,GROVE FUNDING V INC.,D,20251204,edgar/data/2095388/0002095388-25-000002.txt
2095484,"Humanola, Inc.",D,20251204,edgar/data/2095484/0002095484-25-000001.txt
2095572,"Blue Jay Capital Partners Fund, LP",D,20251204,edgar/data/2095572/0002095572-25-000001.txt
2095574,Access Feeder A102 SCSp,D,20251204,edgar/data/2095574/0002095574-25-000003.txt
2095577,Access Feeder A105 SCSp,D,20251204,edgar/data/2095577/0002095577-25-000003.txt
2095610,CFM PORTABLE ALPHA CUMULUS US EQUITY FUND LLC,D,20251204,edgar/data/2095610/0000945621-25-001176.txt
2095817,"AM-DE-1017 Fund I, a series of AngelList Funds 2025, LP",D,20251204,edgar/data/2095817/0002095817-25-000001.txt
2096096,"Dipsy, LLC",D,20251204,edgar/data/2096096/0002096096-25-000001.txt
2096131,Sand Hill Road Technologies Fund LLC - Class I,D,20251204,edgar/data/2096131/0002096131-25-000001.txt
2096215,"Prem Labs, Inc",D,20251204,edgar/data/2096215/0002096215-25-000001.txt
2096243,Sand Hill Road Technologies Fund LLC - Class XI,D,20251204,edgar/data/2096243/0002096243-25-000001.txt
2096245,Sand Hill Road Technologies Fund LLC - Class X,D,20251204,edgar/data/2096245/0002096245-25-000001.txt
2096248,Sand Hill Road Technologies Fund LLC - Class IX,D,20251204,edgar/data/2096248/0002096248-25-000001.txt
2096250,Sand Hill Road Technologies Fund LLC - Class VIII,D,20251204,edgar/data/2096250/0002096250-25-000001.txt
2096251,Sand Hill Road Technologies Fund LLC - Class VII,D,20251204,edgar/data/2096251/0002096251-25-000001.txt
2096252,Sand Hill Road Technologies Fund LLC - Class VI,D,20251204,edgar/data/2096252/0002096252-25-000001.txt
2096253,Sand Hill Road Technologies Fund LLC - Class V,D,20251204,edgar/data/2096253/0002096253-25-000001.txt
2096331,Sand Hill Road Technologies Fund LLC - Class II,D,20251204,edgar/data/2096331/0002096331-25-000001.txt
2096347,Sand Hill Road Technologies Fund LLC - Class XIII,D,20251204,edgar/data/2096347/0002096347-25-000001.txt
2096348,Sand Hill Road Technologies Fund LLC - Class XIV,D,20251204,edgar/data/2096348/0002096348-25-000001.txt
2096349,Sand Hill Road Technologies Fund LLC - Class XV,D,20251204,edgar/data/2096349/0002096349-25-000001.txt
2096570,Sand Hill Road Technologies Fund LLC - Class XVI,D,20251204,edgar/data/2096570/0002096570-25-000001.txt
2096595,"Prime Apartments 2025 Fund, L.P.",D,20251204,edgar/data/2096595/0002096595-25-000001.txt
2096669,CFM PORTABLE ALPHA CUMULUS US EQUITY FUND LP,D,20251204,edgar/data/2096669/0000945621-25-001177.txt
2096689,Sand Hill Road Technologies Fund LLC - Class IV,D,20251204,edgar/data/2096689/0002096689-25-000001.txt
2096690,Sand Hill Road Technologies Fund LLC - Class III,D,20251204,edgar/data/2096690/0002096690-25-000001.txt
2096797,Tech Credit Union,D,20251204,edgar/data/2096797/0000919574-25-007234.txt
2096802,Sand Hill Road Technologies Fund LLC - Class XII,D,20251204,edgar/data/2096802/0002096802-25-000001.txt
2096912,"Gotham Triple Advantage Strategy, LLC",D,20251204,edgar/data/2096912/0001013594-25-001485.txt
2096925,"KE-1030 Fund I, a series of Leonis Powerlaw Investments, LP",D,20251204,edgar/data/2096925/0002096925-25-000001.txt
2097024,AISCORE Ltd,D,20251204,edgar/data/2097024/0002097024-25-000001.txt
2097084,"Medici Therapeutics, Inc.",D,20251204,edgar/data/2097084/0002097084-25-000001.txt
2097386,"MESH Invest IV, L.P.",D,20251204,edgar/data/2097386/0001231919-25-000571.txt
2097686,"IronArc Opportunities XIX, LP",D,20251204,edgar/data/2097686/0002097686-25-000001.txt
2097836,"IronArc Opportunities XX, LP",D,20251204,edgar/data/2097836/0002097836-25-000001.txt
2097916,"PE-1118 Gaingels Fund II, a series of Zachary Ginsburg Funds, LP",D,20251204,edgar/data/2097916/0002097916-25-000001.txt
2097978,"iCapital - MSD Hospitality Partners, L.P.",D,20251204,edgar/data/2097978/0002097978-25-000002.txt
2098267,"CA-1104 Gaingels Fund II, a series of MV Funds, LP",D,20251204,edgar/data/2098267/0002098267-25-000001.txt
2098296,"OncoPatch, Inc.",D,20251204,edgar/data/2098296/0002098296-25-000001.txt
2098299,"Updata Partners VIII, L.P.",D,20251204,edgar/data/2098299/0002098299-25-000002.txt
2098319,McNeill Economy Hospitality LLC,D,20251204,edgar/data/2098319/0002098319-25-000001.txt
2098387,"Invictus Onshore REIT IV, LLC",D,20251204,edgar/data/2098387/0001315863-25-000829.txt
2098439,"Invictus Gladiator Fund REIT, LLC",D,20251204,edgar/data/2098439/0001315863-25-000828.txt
2098665,"Harvey Capital Offshore Fund, Ltd.",D,20251204,edgar/data/2098665/0001012975-25-000857.txt
2098666,"AGQ AP, L.P.",D,20251204,edgar/data/2098666/0002098666-25-000001.txt
2098668,"Harvey Capital Onshore Fund, L.P.",D,20251204,edgar/data/2098668/0001012975-25-000856.txt
2098687,Origin Speech Therapy Inc.,D,20251204,edgar/data/2098687/0001214659-25-017590.txt
2098732,"Sideoats Energy II, LP",D,20251204,edgar/data/2098732/0002098732-25-000001.txt
2098814,"Asia Alternatives IDF I Series of the SALI Multi-Series Fund, L.P.",D,20251204,edgar/data/2098814/0002098814-25-000001.txt
2098816,"Cronus Capital Insurance Fund Series of the SALI Multi-Series Fund, L.P.",D,20251204,edgar/data/2098816/0002098816-25-000001.txt
2098862,"Clara Vista Ipswich SPV II-A, L.P.",D,20251204,edgar/data/2098862/0002098862-25-000001.txt
2098866,"PFD Asset Management Group, LLC",D,20251204,edgar/data/2098866/0002098866-25-000001.txt
2098872,Mindpower Investments (1-50) LLC,D,20251204,edgar/data/2098872/0001376474-25-000960.txt
2098877,Aurora Bridge Capital,D,20251204,edgar/data/2098877/0002098877-25-000001.txt
2098882,"BSP SS Flamingo, LLC",D,20251204,edgar/data/2098882/0002098882-25-000001.txt
2098892,"HCAP Partners VI, L.P.",D,20251204,edgar/data/2098892/0002081111-25-000044.txt
2098984,"Intrepid Private Equity SPV-LAT, L.P.",D,20251204,edgar/data/2098984/0002098984-25-000001.txt
2098999,"Psychedelic Games, Inc.",D,20251204,edgar/data/2098999/0002098999-25-000002.txt
2099033,Next Generation SPV 1 LLC,D,20251204,edgar/data/2099033/0002099033-25-000001.txt
2099034,Next Generation SPV 2 LLC,D,20251204,edgar/data/2099034/0002099034-25-000001.txt
2099060,"ET-1109 Fund II, a series of Roll Up Vehicles, LP",D,20251204,edgar/data/2099060/0002099060-25-000001.txt
2099069,xps.vc Sep 2025 a Series of CGF2021 LLC,D,20251204,edgar/data/2099069/0002099069-25-000001.txt
2099073,xps.vc December 2025 a Series of CGF2021 LLC,D,20251204,edgar/data/2099073/0002099073-25-000001.txt
2099088,"CIG CS3, LLC",D,20251204,edgar/data/2099088/0002099088-25-000001.txt
2099089,"CIG CS2, LLC",D,20251204,edgar/data/2099089/0002099089-25-000001.txt
2099105,Curative Inc.,D,20251204,edgar/data/2099105/0002099105-25-000001.txt
2099130,NY Advantage Funding LLC,D,20251204,edgar/data/2099130/0002099130-25-000001.txt
2099136,TAUNTON WOODS LLC,D,20251204,edgar/data/2099136/0002099136-25-000001.txt
2099175,"Rauch Capital Burst CLXXXVI, a series of Rauch Capital Burst, LP",D,20251204,edgar/data/2099175/0002099175-25-000001.txt
2099176,My Health OS Inc.,D,20251204,edgar/data/2099176/0002099176-25-000001.txt
2099193,"AU-1104 Fund I, a series of Hamilton Ventures Investments, LP",D,20251204,edgar/data/2099193/0002099193-25-000001.txt
2099209,"SW Cap x V, a series of Cambrian VC, LP",D,20251204,edgar/data/2099209/0002099209-25-000001.txt
2099212,"HY-1119 Fund I, a series of Multimodal Ventures, LP",D,20251204,edgar/data/2099212/0002099212-25-000001.txt
2099218,"ANOMALY-AN-1121 Fund I, a series of AngelList Funds 2025, LP",D,20251204,edgar/data/2099218/0002099218-25-000001.txt
2099225,"UL-1111 Fund I, a series of Multimodal Ventures, LP",D,20251204,edgar/data/2099225/0002099225-25-000001.txt
2099233,"Banner CV Investors, LLC",D,20251204,edgar/data/2099233/0002099233-25-000001.txt
2099241,Omnipotent Real-Estate Fund 1 LLC,D,20251204,edgar/data/2099241/0002099241-25-000001.txt
2099260,HZ Village of the Pines DST,D,20251204,edgar/data/2099260/0002099260-25-000001.txt
2099261,SiteVue AI Inc.,D,20251204,edgar/data/2099261/0002099261-25-000001.txt
2099316,Grovetown Buligo LP,D,20251204,edgar/data/2099316/0001493152-25-026222.txt
2099334,"T2 SREI Preferred REIT, LLC",D,20251204,edgar/data/2099334/0002099334-25-000001.txt
2099346,DIG Ventures Fund III LP,D,20251204,edgar/data/2099346/0001012975-25-000852.txt
2099351,Werewolfs Capital Ltd,D,20251204,edgar/data/2099351/0002099351-25-000001.txt
2099355,Seniors Housing Debt Fund I-B LP,D,20251204,edgar/data/2099355/0002094850-25-000003.txt
2099358,"CMB Infrastructure Investment Group 101, LP",D,20251204,edgar/data/2099358/0002099358-25-000001.txt
2099383,"Series 76-1, a series of StartEngine Private LLC",D,20251204,edgar/data/2099383/0002099383-25-000001.txt
2099387,"Immersion-Safavi Future Ventures Fund I, LP",D,20251204,edgar/data/2099387/0002099387-25-000001.txt
2099396,"Altimeter Kilauea Fund I, L.P.",D,20251204,edgar/data/2099396/0002099396-25-000001.txt
2099398,Wolverine Insurance Co,D,20251204,edgar/data/2099398/0002099398-25-000001.txt
2099409,Whitaker Syndicates LLC,D,20251204,edgar/data/2099409/0002099409-25-000001.txt
2099416,T-X Hammer Co-Invest LP,D,20251204,edgar/data/2099416/0002062357-25-000120.txt
2099423,421 Yellowstone LLC,D,20251204,edgar/data/2099423/0002099423-25-000001.txt
2099424,Barrel Proof Atlanta LLC,D,20251204,edgar/data/2099424/0002099424-25-000001.txt
2099429,"FPG Ad Claritas V, LP",D,20251204,edgar/data/2099429/0002099429-25-000001.txt
2099435,"HCAP Feeder Fund VI, L.P.",D,20251204,edgar/data/2099435/0002081111-25-000044.txt
2099462,TSW Innovations Fund,D,20251204,edgar/data/2099462/0002099462-25-000001.txt
2099506,Staircase Ventures Fund II LP,D,20251204,edgar/data/2099506/0002099506-25-000003.txt
2099531,"Farmstead on Falls Apartments, LLC",D,20251204,edgar/data/2099531/0002099531-25-000001.txt
872716,ALPINE BANKS OF COLORADO,D,20251204,edgar/data/872716/0000872716-25-000002.txt
1420108,"Glucose Health, Inc.",D,20251205,edgar/data/1420108/0001420108-25-000002.txt
1549145,"BLUE BIOFUELS, INC.",D,20251205,edgar/data/1549145/0001493152-25-026327.txt
1557376,"Zeo ScientifiX, Inc.",D,20251205,edgar/data/1557376/0001829126-25-009746.txt
1598981,SKYX Platforms Corp.,D,20251205,edgar/data/1598981/0001493152-25-026441.txt
1613386,"Aminex Therapeutics, Inc.",D,20251205,edgar/data/1613386/0001470831-25-000383.txt
1697038,"Marketing Evolution, Inc.",D,20251205,edgar/data/1697038/0000929638-25-004506.txt
1701598,Opentrons Labworks Inc.,D,20251205,edgar/data/1701598/0001701598-25-000003.txt
1740560,"Crafty Holdings, Inc.",D,20251205,edgar/data/1740560/0001740560-25-000002.txt
1750328,"First Citizens Bancshares, Inc./TX",D,20251205,edgar/data/1750328/0001750328-25-000002.txt
1754583,"Camp NYC, Inc.",D,20251205,edgar/data/1754583/0001754583-25-000002.txt
1792522,"MindImmune Therapeutics, Inc.",D,20251205,edgar/data/1792522/0001792522-25-000002.txt
1792941,Genvor Inc,D,20251205,edgar/data/1792941/0001903596-25-000570.txt
1813674,"BenePass, Inc.",D,20251205,edgar/data/1813674/0001813674-25-000003.txt
1828814,"CRE Diversified Income Fund, LLC",D,20251205,edgar/data/1828814/0001828814-25-000002.txt
1850309,"Creative Planning Employee Investment, LLC",D,20251205,edgar/data/1850309/0001014108-25-000081.txt
1865148,"Yoodli, Inc.",D,20251205,edgar/data/1865148/0001865148-25-000004.txt
1956558,"X9, Inc.",D,20251205,edgar/data/1956558/0001956558-25-000003.txt
1959181,NevGold Corp.,D,20251205,edgar/data/1959181/0000912282-25-001366.txt
1964999,"Percapita Group, Inc.",D,20251205,edgar/data/1964999/0001964999-25-000002.txt
1966710,"Musaffa, Inc.",D,20251205,edgar/data/1966710/0001062993-25-017192.txt
2001952,"NEW CATALYST STRATEGIC PARTNERS FUND I, LP",D,20251205,edgar/data/2001952/0002001952-25-000003.txt
2024337,"Liberty Lift Holding Co., LLC",D,20251205,edgar/data/2024337/0002024337-25-000002.txt
2028899,"Saranac Holdings, L.P.",D,20251205,edgar/data/2028899/0002028899-25-000002.txt
2031327,AntiFragile Equity Partners Inc.,D,20251205,edgar/data/2031327/0002031327-25-000003.txt
2036505,CRE Industrial VA Inc.,D,20251205,edgar/data/2036505/0002036505-25-000002.txt
2038812,"Full Bloom Memory Care, LLC",D,20251205,edgar/data/2038812/0002038812-25-000002.txt
2051151,"PicklePort Myrtle Beach, LLC",D,20251205,edgar/data/2051151/0002051151-25-000002.txt
2053154,Drink Recess Inc.,D,20251205,edgar/data/2053154/0002053154-25-000002.txt
2055886,"Evergen Equity 34, LP",D,20251205,edgar/data/2055886/0002055886-25-000002.txt
2074925,"ECP O12, LLC",D,20251205,edgar/data/2074925/0002074925-25-000001.txt
2078131,"VVC SPV II, LLC",D,20251205,edgar/data/2078131/0002078131-25-000003.txt
2079790,EquityZen Growth Technology Fund LLC - Series 2149,D,20251205,edgar/data/2079790/0002079790-25-000001.txt
2081773,"Without Waste, Inc.",D,20251205,edgar/data/2081773/0002081773-25-000002.txt
2085477,RebornCarbon Inc.,D,20251205,edgar/data/2085477/0002085477-25-000001.txt
2086659,"Creative Planning Holdco, LLC",D,20251205,edgar/data/2086659/0001014108-25-000081.txt
2087097,"Hurricane Ventures, LP - C2",D,20251205,edgar/data/2087097/0002087097-25-000001.txt
2088162,"SP-0813 Fund I, a series of Roll Up Vehicles, LP",D,20251205,edgar/data/2088162/0002088162-25-000001.txt
2088229,"HF0 Fund VI, LP",D,20251205,edgar/data/2088229/0002088229-25-000003.txt
2089115,Gaingels Reflex LLC,D,20251205,edgar/data/2089115/0002089115-25-000001.txt
2090490,EquityZen Growth Technology Fund LLC - Series 2196,D,20251205,edgar/data/2090490/0002090490-25-000001.txt
2090495,EquityZen Growth Technology Fund LLC - Series 2190,D,20251205,edgar/data/2090495/0002090495-25-000001.txt
2090502,EquityZen Growth Technology Fund LLC - Series 2181,D,20251205,edgar/data/2090502/0002090502-25-000001.txt
2091523,Limerick Succession Aggregator LP,D,20251205,edgar/data/2091523/0002091523-25-000001.txt
2092644,Green Light Pet Hospital McKinney LLC,D,20251205,edgar/data/2092644/0002092644-25-000001.txt
2093141,"Verdo .AI, Inc.",D,20251205,edgar/data/2093141/0002093141-25-000001.txt
2093421,"NSC Feeder Fund VII, LP",D,20251205,edgar/data/2093421/0000929638-25-004511.txt
2093423,"Clean Growth Fund VII, LP",D,20251205,edgar/data/2093423/0000929638-25-004510.txt
2093773,"Orion Pro Fund 2025, LP",D,20251205,edgar/data/2093773/0002093773-25-000001.txt
2094414,"AU-1013 Fund I, a series of Roll Up Vehicles, LP",D,20251205,edgar/data/2094414/0002094414-25-000001.txt
2094624,"Lulu Cheng Meservey, LP",D,20251205,edgar/data/2094624/0001231919-25-000578.txt
2094643,"MO-1021 Fund I, a series of Andrew Tan Investments, LP",D,20251205,edgar/data/2094643/0002094643-25-000001.txt
2095000,"DayFi, Inc.",D,20251205,edgar/data/2095000/0002095000-25-000001.txt
2095253,Prospect Innovations LP - Fund Series 10,D,20251205,edgar/data/2095253/0002095253-25-000001.txt
2095540,Monse LLC,D,20251205,edgar/data/2095540/0002095540-25-000001.txt
2095695,Springdale Five Good Ground LLC,D,20251205,edgar/data/2095695/0002095695-25-000001.txt
2095953,"Northern Lakes Capital Fund V, L.P.",D,20251205,edgar/data/2095953/0002095953-25-000001.txt
2096028,"AL-1024 Fund II, a series of Social Leverage Funds, LP",D,20251205,edgar/data/2096028/0002096028-25-000001.txt
2096134,EquityZen Growth Technology Fund LLC - Series 2227,D,20251205,edgar/data/2096134/0002096134-25-000001.txt
2096145,EquityZen Growth Technology Fund LLC - Series 2216,D,20251205,edgar/data/2096145/0002096145-25-000001.txt
2096151,EquityZen Growth Technology Fund LLC - Series 2210,D,20251205,edgar/data/2096151/0002096151-25-000001.txt
2096155,EquityZen Growth Technology Fund LLC - Series 2206,D,20251205,edgar/data/2096155/0002096155-25-000002.txt
2096403,FH Landscape Investment LLC,D,20251205,edgar/data/2096403/0002096403-25-000001.txt
2096407,FH Landscape SPV LLC,D,20251205,edgar/data/2096407/0002096407-25-000001.txt
2096521,Health Innovation Capital Partners Fund 1 LLC,D,20251205,edgar/data/2096521/0002096521-25-000003.txt
2096808,"TPG Essential Housing Evergreen Fund, L.P.",D,20251205,edgar/data/2096808/0002096808-25-000001.txt
2096828,"Q Access III - Allocate Access, L.P.",D,20251205,edgar/data/2096828/0001012975-25-000868.txt
2097455,Brookstone & Sycamore Owner LLC,D,20251205,edgar/data/2097455/0002097455-25-000001.txt
2097488,Accel Growth Fund VI Opportunities (S) L.P.,D,20251205,edgar/data/2097488/0002097488-25-000001.txt
2097502,"Autotech Fund IV, L.P.",D,20251205,edgar/data/2097502/0001470831-25-000384.txt
2097588,"BDT & MSD Dorado Investors, L.P.",D,20251205,edgar/data/2097588/0002097588-25-000001.txt
2097605,"MW BLACK EARTH INVESTOR, LIMITED PARTNERSHIP",D,20251205,edgar/data/2097605/0002097605-25-000001.txt
2097606,"Ricore Grandview 6, LLC",D,20251205,edgar/data/2097606/0002097606-25-000001.txt
2097728,"CDH V CV Fund, L.P.",D,20251205,edgar/data/2097728/0002062357-25-000128.txt
2097828,CKCM25 I LP,D,20251205,edgar/data/2097828/0002081111-25-000045.txt
2097936,"Aerospace Opportunity Fund, L.P.",D,20251205,edgar/data/2097936/0002097936-25-000001.txt
2098049,CKCM25 II LP,D,20251205,edgar/data/2098049/0002081111-25-000046.txt
2098122,"Granite Premier GP Fund, LP",D,20251205,edgar/data/2098122/0002098122-25-000001.txt
2098150,FIG Nuclear SPV LP,D,20251205,edgar/data/2098150/0000950142-25-003130.txt
2098188,Patriot Creek Marine Concepts Inc.,D,20251205,edgar/data/2098188/0002098188-25-000001.txt
2098320,"Capital Square Blue Horizons BFR, LLC",D,20251205,edgar/data/2098320/0002098320-25-000001.txt
2098364,PickleRage LLC,D,20251205,edgar/data/2098364/0002098364-25-000001.txt
2098370,Weatherford Capital Sports LLC,D,20251205,edgar/data/2098370/0002098370-25-000002.txt
2098396,590 Union LLC,D,20251205,edgar/data/2098396/0002098396-25-000001.txt
2098575,"Apogem Gannett Peak Opportunity Fund, LP",D,20251205,edgar/data/2098575/0002098575-25-000001.txt
2098592,Coop & Sons LLC,D,20251205,edgar/data/2098592/0002098592-25-000001.txt
2098609,"Cherry Fund II, LP",D,20251205,edgar/data/2098609/0002098609-25-000001.txt
2098721,Geofund Global Inc.,D,20251205,edgar/data/2098721/0002098721-25-000001.txt
2098755,Hero's Journey Fitness Inc.,D,20251205,edgar/data/2098755/0002098755-25-000002.txt
2098863,"Decibel Investments I, LP",D,20251205,edgar/data/2098863/0002098863-25-000001.txt
2098945,"HCRE 1177, LLC",D,20251205,edgar/data/2098945/0002098945-25-000001.txt
2098986,"Maniv Mobility Special Opportunities, L.P. (Series 11)",D,20251205,edgar/data/2098986/0002098986-25-000001.txt
2098988,Palm Co-Invest SCSp,D,20251205,edgar/data/2098988/0002098988-25-000001.txt
2099053,AG BTR Fund LLC,D,20251205,edgar/data/2099053/0002099053-25-000001.txt
2099054,Hendon Dawson 2025 Investors LLC,D,20251205,edgar/data/2099054/0002099054-25-000001.txt
2099087,"Westbound AC / Angel Fund II, LLC",D,20251205,edgar/data/2099087/0002099087-25-000001.txt
2099102,"Lion Holding, LP",D,20251205,edgar/data/2099102/0002099102-25-000001.txt
2099190,"RA-1112 Fund I, a series of MV Funds, LP",D,20251205,edgar/data/2099190/0002099190-25-000001.txt
2099205,CAM Investment 501 LLC,D,20251205,edgar/data/2099205/0002099205-25-000001.txt
2099207,"Grinich Investments Burst XXX, a series of Grinich Investments II, LP",D,20251205,edgar/data/2099207/0002099207-25-000001.txt
2099230,Alyf NV a Series of CGF2021 LLC,D,20251205,edgar/data/2099230/0002099230-25-000001.txt
2099238,"Geometry-NE-1107 Fund I, a series of AngelList Funds 2025, LP",D,20251205,edgar/data/2099238/0002099238-25-000001.txt
2099295,"East Avenue Sunny Ridge, LLC",D,20251205,edgar/data/2099295/0002099295-25-000001.txt
2099312,"Unified Michigan Fund I, LLC",D,20251205,edgar/data/2099312/0000892251-25-000217.txt
2099357,"Medicovestor, Inc.",D,20251205,edgar/data/2099357/0002099357-25-000001.txt
2099368,"ReignRock Credit Partners-A, LLC",D,20251205,edgar/data/2099368/0002099368-25-000001.txt
2099371,"Invictus Opportunity Feeder IV-R, L.P.",D,20251205,edgar/data/2099371/0001315863-25-000830.txt
2099372,Go Global Faster LP,D,20251205,edgar/data/2099372/0002099372-25-000001.txt
2099382,GSBackers Cambium Fund 3 a Series of CGF2021 LLC,D,20251205,edgar/data/2099382/0002099382-25-000001.txt
2099414,MP-Tron SPV LLC,D,20251205,edgar/data/2099414/0000905148-25-004250.txt
2099434,Trade Nova Technology Inc.,D,20251205,edgar/data/2099434/0002099434-25-000001.txt
2099445,"Platinum Torta Principals, L.P.",D,20251205,edgar/data/2099445/0002099445-25-000001.txt
2099460,"UP Oakbrook Holdings, LLC",D,20251205,edgar/data/2099460/0002099460-25-000001.txt
2099468,Davidson Kempner Solutions Co-Invest Fund K LP,D,20251205,edgar/data/2099468/0002099468-25-000002.txt
2099470,"Tyton Capital Partners, LLC",D,20251205,edgar/data/2099470/0002099470-25-000001.txt
2099471,Lumixus Global Securities Ltd,D,20251205,edgar/data/2099471/0002099471-25-000001.txt
2099479,"UL-0423 Fund II, a series of Roll Up Vehicles, LP",D,20251205,edgar/data/2099479/0002099479-25-000001.txt
2099495,DWS IDOF II Feeder (Onshore) L.P.,D,20251205,edgar/data/2099495/0002099495-25-000001.txt
2099507,EFI Co-Investment A LP,D,20251205,edgar/data/2099507/0002099507-25-000001.txt
2099521,Carba Nov 2025 a Series of CGF2021 LLC,D,20251205,edgar/data/2099521/0002099521-25-000001.txt
2099522,ideem Sep 2025 a Series of CGF2021 LLC,D,20251205,edgar/data/2099522/0002099522-25-000001.txt
2099525,Cayuga Biotech a Series of TBD Angels Master LLC,D,20251205,edgar/data/2099525/0002099525-25-000001.txt
2099526,Family SPV I a Series of CGF2021 LLC,D,20251205,edgar/data/2099526/0002099526-25-000001.txt
2099527,Allegis Fundamental Oct 2025 a Series of CGF2021 LLC,D,20251205,edgar/data/2099527/0002099527-25-000001.txt
2099528,Perception Medicine Oct 2025 a Series of CGF2021 LLC,D,20251205,edgar/data/2099528/0002099528-25-000001.txt
2099529,American Housing November 2025 a Series of CGF2021 LLC,D,20251205,edgar/data/2099529/0002099529-25-000001.txt
2099556,"Govtech Ventures Fund I, LP",D,20251205,edgar/data/2099556/0002099556-25-000001.txt
2099591,"LE-1027 Fund I, a series of The Council Funds, LP",D,20251205,edgar/data/2099591/0002099591-25-000001.txt
2099596,"Cruxeon, LLC",D,20251205,edgar/data/2099596/0002099596-25-000001.txt
2099599,1900 Scout Ventures Fund 5 2025 Series (fund 1900 Direct Series LLC),D,20251205,edgar/data/2099599/0002099599-25-000001.txt
2099601,PALACE OCTOBER 2025 a Series of CGF2021 LLC,D,20251205,edgar/data/2099601/0002099601-25-000001.txt
2099603,Sunset Ventures SPV Three Kindo a Series of CGF2021 LLC,D,20251205,edgar/data/2099603/0002099603-25-000001.txt
2099604,Riviera-Glade.ai Nov 2025 a Series of CGF2021 LLC,D,20251205,edgar/data/2099604/0002099604-25-000001.txt
2099605,Cambium Series B Oct 2025 a Series of CGF2021 LLC,D,20251205,edgar/data/2099605/0002099605-25-000001.txt
2099606,"XL Venture 5 (QP), a series of BlueArc Core Alternatives, LLC",D,20251205,edgar/data/2099606/0002099606-25-000001.txt
2099609,Markup AI Angel Investors a Series of CGF2021 LLC,D,20251205,edgar/data/2099609/0002099609-25-000001.txt
2099612,Replit RCG Aug 2025 a Series of CGF2021 LLC,D,20251205,edgar/data/2099612/0002099612-25-000001.txt
2099613,Bioqore Technologies Nov 2025 a Series of CGF2021 LLC,D,20251205,edgar/data/2099613/0002099613-25-000001.txt
2099622,NxLite II a Series of Regenr8 Master Fund LLC,D,20251205,edgar/data/2099622/0002099622-25-000001.txt
2099640,ChronicGPT Inc.,D,20251205,edgar/data/2099640/0002099640-25-000001.txt
2099642,"Guickly, Inc.",D,20251205,edgar/data/2099642/0002099642-25-000001.txt
2099645,HCM S9Aviii LP,D,20251205,edgar/data/2099645/0002099645-25-000001.txt
2099660,"K2 II, a series of Human Element Master Fund LP",D,20251205,edgar/data/2099660/0002099660-25-000001.txt
2099694,"Altimeter Growth Olympic Fund V, L.P.",D,20251205,edgar/data/2099694/0002099694-25-000001.txt
2099701,Graton Station,D,20251205,edgar/data/2099701/0002099701-25-000001.txt
2099715,Starframe Fund I LP,D,20251205,edgar/data/2099715/0002099715-25-000001.txt
2099782,"Radnor Equity Partners, L.P.",D,20251205,edgar/data/2099782/0002099782-25-000001.txt
2099811,WAGMI 184 - WAGMI Master LLC,D,20251205,edgar/data/2099811/0002099811-25-000001.txt
1546296,"Professional Diversity Network, Inc.",D,20251208,edgar/data/1546296/0001437749-25-037149.txt
1546296,"Professional Diversity Network, Inc.",D,20251208,edgar/data/1546296/0001437749-25-037151.txt
1658385,"ZincFive, Inc.",D,20251208,edgar/data/1658385/0001231919-25-000579.txt
1714729,"Armonica Technologies, Inc.",D,20251208,edgar/data/1714729/0001714729-25-000002.txt
1727255,Chilean Cobalt Corp.,D,20251208,edgar/data/1727255/0001683168-25-008986.txt
1728054,"Cresilon, Inc.",D,20251208,edgar/data/1728054/0001728054-25-000004.txt
1751871,"Bankers' Bancorporation, Inc.",D,20251208,edgar/data/1751871/0001751871-25-000004.txt
1819029,"cohesionIB, Inc.",D,20251208,edgar/data/1819029/0001819029-25-000002.txt
1844449,"Renew Residential, Inc.",D,20251208,edgar/data/1844449/0001231919-25-000581.txt
1847064,"PSQ Holdings, Inc.",D,20251208,edgar/data/1847064/0001847064-25-000011.txt
1881567,Clear Street Group Inc.,D,20251208,edgar/data/1881567/0001881567-25-000010.txt
1934572,"Ariva Apts, LLC",D,20251208,edgar/data/1934572/0001934572-25-000003.txt
1942198,Le Botaniste Corp.,D,20251208,edgar/data/1942198/0001104659-25-119197.txt
1946090,BFREE Africa Inc.,D,20251208,edgar/data/1946090/0001946090-25-000002.txt
2046733,"Corner TD, LLC",D,20251208,edgar/data/2046733/0002046733-25-000002.txt
2049439,"Argos Private Investments, LLC - Cerus Litigation Fund",D,20251208,edgar/data/2049439/0002049439-25-000003.txt
2060844,"Longevity Medical Institute, LLC",D,20251208,edgar/data/2060844/0002060844-25-000005.txt
2072440,"TV-MC Partners, LLC",D,20251208,edgar/data/2072440/0002072440-25-000001.txt
2076173,"Insight Athlete Monitoring & Performance, LLC",D,20251208,edgar/data/2076173/0002076173-25-000001.txt
2076554,"TV-Y Partners, LLC",D,20251208,edgar/data/2076554/0002076554-25-000001.txt
2079102,"Visionairy Technologies, Inc.",D,20251208,edgar/data/2079102/0002079102-25-000002.txt
2079548,HEVA Inc.,D,20251208,edgar/data/2079548/0001231919-25-000582.txt
2081965,West Street Infrastructure Partners V LP,D,20251208,edgar/data/2081965/0002081965-25-000001.txt
2084295,"Maxima Fund IV, L.P.",D,20251208,edgar/data/2084295/0001012975-25-000882.txt
2084498,"WestCap Strategic Operator Fund III Offshore, L.P.",D,20251208,edgar/data/2084498/0002084498-25-000001.txt
2084499,"WestCap Strategic Operator Fund III, L.P.",D,20251208,edgar/data/2084499/0002084499-25-000001.txt
2084600,SiteLabs Inc.,D,20251208,edgar/data/2084600/0002084600-25-000001.txt
2085211,WestCap Strategic Operator Fund III Lux SCSp,D,20251208,edgar/data/2085211/0002085211-25-000002.txt
2086224,"Glia AI, Inc.",D,20251208,edgar/data/2086224/0000929638-25-004525.txt
2086404,CLM 80 LLC,D,20251208,edgar/data/2086404/0002086404-25-000005.txt
2089611,"Group1 Funding SPV, LP",D,20251208,edgar/data/2089611/0002089611-25-000003.txt
2089739,AIX Foundation Inc,D,20251208,edgar/data/2089739/0002089739-25-000003.txt
2090125,LC Vero Fund III LP,D,20251208,edgar/data/2090125/0002090125-25-000001.txt
2090527,OBELISK TECH SYSTEMS INC.,D,20251208,edgar/data/2090527/0002090527-25-000001.txt
2091197,GEC TXAM Holdings LLC,D,20251208,edgar/data/2091197/0002091197-25-000001.txt
2091379,"vibrantclub, Inc.",D,20251208,edgar/data/2091379/0002091379-25-000001.txt
2091410,Naiad Inc.,D,20251208,edgar/data/2091410/0002091410-25-000004.txt
2092311,Heritage Income Fund LP,D,20251208,edgar/data/2092311/0002092311-25-000001.txt
2092351,"AC-10061 Fund I, a series of Roll Up Vehicles, LP",D,20251208,edgar/data/2092351/0002092351-25-000001.txt
2092500,De Soi Extension May 2025 a Series of CGF2021 LLC,D,20251208,edgar/data/2092500/0002092500-25-000001.txt
2092990,Clean Dough Inc.,D,20251208,edgar/data/2092990/0001376474-25-000967.txt
2093424,Gaingels Paradromics LLC,D,20251208,edgar/data/2093424/0002093424-25-000001.txt
2094021,FoxPath Credit Secondaries Structured Solutions LP,D,20251208,edgar/data/2094021/0001315863-25-000835.txt
2094092,"Brittmoore Nessco Industrial, LLC",D,20251208,edgar/data/2094092/0002094092-25-000001.txt
2094630,Gaingels Array Labs OCT 2025 LLC,D,20251208,edgar/data/2094630/0002094630-25-000001.txt
2095328,Gaingels Neurophos 2025 LLC,D,20251208,edgar/data/2095328/0002095328-25-000001.txt
2095778,"HPA 2025 WC Investment, LLC",D,20251208,edgar/data/2095778/0002095778-25-000001.txt
2095819,Scowtt Inc.,D,20251208,edgar/data/2095819/0002095819-25-000001.txt
2095819,Scowtt Inc.,D,20251208,edgar/data/2095819/0002095819-25-000002.txt
2096182,A.G.P. Alternative Investment QP Fund LLC - Series 5,D,20251208,edgar/data/2096182/0001465818-25-000014.txt
2096350,A.G.P. Alternative Investment Fund VI LLC - Series 4,D,20251208,edgar/data/2096350/0001465818-25-000013.txt
2096760,"Angel-TU-1031 Fund I, a series of AngelList Funds 2025, LP",D,20251208,edgar/data/2096760/0002096760-25-000001.txt
2096769,"GIP CAPS III Alacrity Holding Partnership (T5), L.P.",D,20251208,edgar/data/2096769/0002062357-25-000130.txt
2097308,"VKL Research, Inc.",D,20251208,edgar/data/2097308/0002097308-25-000001.txt
2097436,Himalaya Co-Invest LP,D,20251208,edgar/data/2097436/0002097436-25-000001.txt
2097634,Bridge Multifamily Living Fund VI International LP,D,20251208,edgar/data/2097634/0002097634-25-000002.txt
2097635,Bridge Multifamily Living Fund VI International-R LP,D,20251208,edgar/data/2097635/0002097635-25-000001.txt
2097645,"Strategic Management, LLC",D,20251208,edgar/data/2097645/0000892712-25-000165.txt
2097755,"SAF Ara Energy Fund I, LP",D,20251208,edgar/data/2097755/0002097755-25-000001.txt
2097771,Bridge Multifamily Living Fund VI International Master LP,D,20251208,edgar/data/2097771/0002097771-25-000001.txt
2097847,Bridge Multifamily Living Fund VI LP,D,20251208,edgar/data/2097847/0002097847-25-000001.txt
2097901,"SAF DP Portfolio Finance 7, LP",D,20251208,edgar/data/2097901/0002097901-25-000001.txt
2097962,"Old Tom, Inc.",D,20251208,edgar/data/2097962/0002097962-25-000001.txt
2098206,"HighVista Private Equity XI (Offshore), LP",D,20251208,edgar/data/2098206/0002098206-25-000001.txt
2098208,"HighVista Private Equity XI, LP",D,20251208,edgar/data/2098208/0002098208-25-000001.txt
2098233,TP USDL Investment Holdings LLC,D,20251208,edgar/data/2098233/0002098233-25-000001.txt
2098358,"Journal Capital Priority Yield Fund, LLC",D,20251208,edgar/data/2098358/0002098358-25-000001.txt
2098434,111 West Capital CNB LLC,D,20251208,edgar/data/2098434/0002098434-25-000001.txt
2098458,"JBK Holdings, LLC",D,20251208,edgar/data/2098458/0002098458-25-000001.txt
2098514,Innovative Pharma LLC,D,20251208,edgar/data/2098514/0002098514-25-000002.txt
2098608,"Obra Clif Opportunity Fund III, LLC",D,20251208,edgar/data/2098608/0001012975-25-000878.txt
2098625,29th Station Holdco LLC,D,20251208,edgar/data/2098625/0002098625-25-000001.txt
2098662,"Strattam Co-Invest Fund XII, L.P.",D,20251208,edgar/data/2098662/0002098662-25-000001.txt
2098825,RioBlanco Fund II LLC - Hospitality I Series VIII,D,20251208,edgar/data/2098825/0001214659-25-017710.txt
2098996,ICG Europe IX Private Investors Offshore SICAV-RAIF S.C.Sp.,D,20251208,edgar/data/2098996/0001012975-25-000883.txt
2099005,"Monarch MSS MO 2025 ICF 1, LLC",D,20251208,edgar/data/2099005/0000908834-25-000369.txt
2099090,"WindRose Health Investors VII-G, L.P.",D,20251208,edgar/data/2099090/0002099090-25-000001.txt
2099091,WM Alternatives Blackstone Strategic Partners X Feeder Fund L.P.,D,20251208,edgar/data/2099091/0002099091-25-000001.txt
2099101,"Rentwise Boston, Inc.",D,20251208,edgar/data/2099101/0002099101-25-000001.txt
2099131,Integrum Rocky Co-Invest I LP,D,20251208,edgar/data/2099131/0002099131-25-000001.txt
2099147,"SFP-MH Holdco, LLC",D,20251208,edgar/data/2099147/0002099147-25-000001.txt
2099148,"Monarch MSS SC 2027 LIHTC ICF, LLC",D,20251208,edgar/data/2099148/0000908834-25-000365.txt
2099150,"Monarch MSS GA 2029 ICF 1, LLC",D,20251208,edgar/data/2099150/0000908834-25-000368.txt
2099151,"Monarch MSS GA 2028 ICF 1, LLC",D,20251208,edgar/data/2099151/0000908834-25-000366.txt
2099152,"Monarch MSS GA 2027 ICF 1, LLC",D,20251208,edgar/data/2099152/0000908834-25-000367.txt
2099161,Clover Capital Cayman Fund Ltd.,D,20251208,edgar/data/2099161/0002099161-25-000001.txt
2099162,Clover Capital Investments Fund LP,D,20251208,edgar/data/2099162/0002099162-25-000001.txt
2099167,"Encore Consumer Capital Fund (PV) V, LP",D,20251208,edgar/data/2099167/0002099167-25-000001.txt
2099168,"Encore Consumer Capital Fund V, LP",D,20251208,edgar/data/2099168/0002099168-25-000001.txt
2099266,Blue Owl Asset Special Opportunities Fund (Cayman) IX LP,D,20251208,edgar/data/2099266/0002099266-25-000001.txt
2099291,"SFP-MH INVESTCO, LLC",D,20251208,edgar/data/2099291/0002099291-25-000001.txt
2099319,EGV Opportunities X Aug 2025 a Series of CGF2021 LLC,D,20251208,edgar/data/2099319/0002099319-25-000001.txt
2099365,ASF Moonstone Co-Invest B L.P.,D,20251208,edgar/data/2099365/0001012975-25-000876.txt
2099399,UNIVERSITY 3000 LLC,D,20251208,edgar/data/2099399/0002099399-25-000001.txt
2099497,MSBK Ark 2025 LLC,D,20251208,edgar/data/2099497/0002099497-25-000001.txt
2099568,Riviera Partners 2025 CMG a Series of CGF2021 LLC,D,20251208,edgar/data/2099568/0002099568-25-000001.txt
2099569,Neurophos A 2025 a Series of What If Ventures Master LLC,D,20251208,edgar/data/2099569/0002099569-25-000001.txt
2099570,Taiv II a Series of Republic Deal Room Master Fund LLC,D,20251208,edgar/data/2099570/0002099570-25-000001.txt
2099571,AcQumen Medical Oct 2025 a Series of CGF2021 LLC,D,20251208,edgar/data/2099571/0002099571-25-000001.txt
2099572,Capacity-1 Oct 2025 a Series of Witz Ventures LLC,D,20251208,edgar/data/2099572/0002099572-25-000001.txt
2099573,Elevate for Kartel Nov 2025 a Series of CGF2021 LLC,D,20251208,edgar/data/2099573/0002099573-25-000001.txt
2099574,Q-Rounds Oct 2025 a Series of CGF2021 LLC,D,20251208,edgar/data/2099574/0002099574-25-000001.txt
2099575,Pari Passu VIII a Series of Pari Passu Master II LLC,D,20251208,edgar/data/2099575/0002099575-25-000001.txt
2099576,DPV BasePower C3 a Series of DataPower Capital Partners LLC,D,20251208,edgar/data/2099576/0002099576-25-000001.txt
2099577,M31T Crusoe a Series of M31T Holdings LLC,D,20251208,edgar/data/2099577/0002099577-25-000001.txt
2099607,Utoppia SVLA Nov 2025 a Series of CGF2021 LLC,D,20251208,edgar/data/2099607/0002099607-25-000001.txt
2099611,Terawand a Series of Entrada Ventures II Master LLC,D,20251208,edgar/data/2099611/0002099611-25-000001.txt
2099615,EGV Logos XI Nov 2025 a Series of CGF2021 LLC,D,20251208,edgar/data/2099615/0002099615-25-000001.txt
2099616,Carba Oct 2025 a Series of CGF2021 LLC,D,20251208,edgar/data/2099616/0002099616-25-000001.txt
2099617,Unconventional October 2025 a Series of CGF2021 LLC,D,20251208,edgar/data/2099617/0002099617-25-000001.txt
2099618,Blue Battery - Doppel SPV Nov 2025 a Series of CGF2021 LLC,D,20251208,edgar/data/2099618/0002099618-25-000001.txt
2099619,SCW.io II - Safe Note Oct 2025 a Series of CGF2021 LLC,D,20251208,edgar/data/2099619/0002099619-25-000001.txt
2099620,1 True Health Nov 2025 a Series of CGF2021 LLC,D,20251208,edgar/data/2099620/0002099620-25-000001.txt
2099621,Trayo AI Seed Angles Nov 2025 a Series of CGF2021 LLC,D,20251208,edgar/data/2099621/0002099621-25-000001.txt
2099626,Stellar Ventures Sedaro Oct 2025 a Series of CGF2021 LLC,D,20251208,edgar/data/2099626/0002099626-25-000001.txt
2099627,Florence Capital SPV XVIII LLC a Series of Florence Cap LLC,D,20251208,edgar/data/2099627/0002099627-25-000001.txt
2099628,LFG Reflection a Series of LFG VC LLC,D,20251208,edgar/data/2099628/0002099628-25-000001.txt
2099629,Klinrisk SPV Oct 2025 a Series of CGF2021 LLC,D,20251208,edgar/data/2099629/0002099629-25-000001.txt
2099630,REPRSHOP I a Series of CGF2021 LLC,D,20251208,edgar/data/2099630/0002099630-25-000001.txt
2099631,Hartmann Capital Paradromics SPV 2025 a Series of CGF2021 LLC,D,20251208,edgar/data/2099631/0002099631-25-000001.txt
2099635,Ohio Equity Fund for Housing Limited Partnership 35B,D,20251208,edgar/data/2099635/0002099635-25-000001.txt
2099639,"Summer 2025 Access Fund, a Series of Venelite Venture Funds, LP",D,20251208,edgar/data/2099639/0002099639-25-000002.txt
2099697,Bowline Capital Fund II LP,D,20251208,edgar/data/2099697/0002099697-25-000001.txt
2099698,AZURO CAPITAL VENTURES LLC,D,20251208,edgar/data/2099698/0002099698-25-000003.txt
2099698,AZURO CAPITAL VENTURES LLC,D,20251208,edgar/data/2099698/0002099698-25-000004.txt
2099718,"Sky9 Digital Fund, L.P.",D,20251208,edgar/data/2099718/0000950172-25-000227.txt
2099728,26N Partners Pacific (Co-Invest) LP,D,20251208,edgar/data/2099728/0002099728-25-000001.txt
2099759,Tiger 13 LLC,D,20251208,edgar/data/2099759/0002099759-25-000001.txt
2099768,Golden Seeds Chippin LLC,D,20251208,edgar/data/2099768/0002099768-25-000001.txt
2099781,"Somera Road, LLC",D,20251208,edgar/data/2099781/0000935836-25-000717.txt
2099787,Titan I a Series of The Gate Strategic Opportunities LLC,D,20251208,edgar/data/2099787/0002099787-25-000001.txt
2099788,Family Fund COVE Oct 2025 a Series of CGF2021 LLC,D,20251208,edgar/data/2099788/0002099788-25-000001.txt
2099789,Virgo Jang-in SPV a Series of CGF2021 LLC,D,20251208,edgar/data/2099789/0002099789-25-000001.txt
2099790,Rubi Labs SPV a Series of CGF2021 LLC,D,20251208,edgar/data/2099790/0002099790-25-000001.txt
2099791,Reflection AI T1V NOVEMBER 25 a Series of CGF2021 LLC,D,20251208,edgar/data/2099791/0002099791-25-000001.txt
2099792,Neuma II a Series of Republic Deal Room Master Fund LLC,D,20251208,edgar/data/2099792/0002099792-25-000001.txt
2099793,Auditless25 a Series of Fluent Ventures Affiliates LLC,D,20251208,edgar/data/2099793/0002099793-25-000001.txt
2099794,Florence Capital SPV XVII LLC a Series of Florence Cap LLC,D,20251208,edgar/data/2099794/0002099794-25-000001.txt
2099833,Slkrd Chtfl Aug 2025 a Series of CGF2021 LLC,D,20251208,edgar/data/2099833/0002099833-25-000001.txt
2099835,"USIT II LC I, LP",D,20251208,edgar/data/2099835/0002099835-25-000001.txt
2099837,Hubly Surgical a Series of CGF2021 LLC,D,20251208,edgar/data/2099837/0002099837-25-000001.txt
2099854,Blue Torch Credit Opportunities Structured Rated Feeder Fund LP,D,20251208,edgar/data/2099854/0000905148-25-004260.txt
2099864,"Albatross Golf, Inc.",D,20251208,edgar/data/2099864/0002099864-25-000001.txt
2099877,"MPC CA AHI MY, LLC",D,20251208,edgar/data/2099877/0002099877-25-000001.txt
2099905,CouchLabs Technologies Inc.,D,20251208,edgar/data/2099905/0002099905-25-000001.txt
2099915,Five Crowns Credit Fund LP,D,20251208,edgar/data/2099915/0002099915-25-000001.txt
2099924,"WAM BOSE, LLC",D,20251208,edgar/data/2099924/0000929638-25-004519.txt
2099975,"CER Holdings, LLC",D,20251208,edgar/data/2099975/0002099975-25-000001.txt
2099977,"Benchstrength AID SPV, L.P.",D,20251208,edgar/data/2099977/0002099977-25-000001.txt
2099978,"SFVII, LLP",D,20251208,edgar/data/2099978/0002099978-25-000001.txt
2100034,"REVV Hayden Investor, LLC",D,20251208,edgar/data/2100034/0002100034-25-000001.txt
2100053,ExchangeRight Essential Income 7 DST,D,20251208,edgar/data/2100053/0002100053-25-000001.txt
2100062,Real Income Properties Texas II LLC,D,20251208,edgar/data/2100062/0002100062-25-000001.txt
711034,THUNDER MOUNTAIN GOLD INC,D,20251208,edgar/data/711034/0001062993-25-017206.txt
883241,SYNOPSYS INC,D,20251208,edgar/data/883241/0001193125-25-310760.txt
1051302,SOUTH CAMPUS SURGERY CENTER LLC,D,20251209,edgar/data/1051302/0001051302-25-000002.txt
1315168,LHB INC,D,20251209,edgar/data/1315168/0001315168-25-000002.txt
1420049,COPAUR MINERALS INC.,D,20251209,edgar/data/1420049/0001709409-25-000023.txt
1507379,Edgewood Real Estate Investment Trust,D,20251209,edgar/data/1507379/0001437749-25-037183.txt
1612369,"uMETHOD Health, Inc.",D,20251209,edgar/data/1612369/0001612369-25-000005.txt
1688873,Verkada Inc.,D,20251209,edgar/data/1688873/0001688873-25-000005.txt
1777607,MyndTec Inc.,D,20251209,edgar/data/1777607/0001062993-25-017245.txt
1809302,"Overjet, Inc.",D,20251209,edgar/data/1809302/0001809302-25-000002.txt
1826515,Ashburn Creek Fault LP,D,20251209,edgar/data/1826515/0001826515-25-000003.txt
1861387,"NUDJ HEALTH, INC.",D,20251209,edgar/data/1861387/0001861387-25-000002.txt
1873301,"Lightship Energy, Inc.",D,20251209,edgar/data/1873301/0001231919-25-000584.txt
1876828,Relation Therapeutics Inc.,D,20251209,edgar/data/1876828/0001876828-25-000003.txt
1904625,"ER Logix, LLC",D,20251209,edgar/data/1904625/0001904625-25-000008.txt
1923622,PGIM Private Credit Fund,D,20251209,edgar/data/1923622/0001923622-25-000003.txt
1995178,"Opine Market, Inc.",D,20251209,edgar/data/1995178/0001995178-25-000002.txt
2006577,Prosperity Wealth Fund LP,D,20251209,edgar/data/2006577/0002006577-25-000006.txt
2026199,Cosmos Fund LLC,D,20251209,edgar/data/2026199/0002026199-25-000008.txt
2041708,Midwest Tubular Group LLC,D,20251209,edgar/data/2041708/0002041708-25-000002.txt
2053154,Drink Recess Inc.,D,20251209,edgar/data/2053154/0002053154-25-000003.txt
2055141,"Perca, Inc.",D,20251209,edgar/data/2055141/0002055141-25-000003.txt
2060814,"TrueBridge Secondaries II (Cayman), L.P.",D,20251209,edgar/data/2060814/0002060814-25-000003.txt
2060815,"TrueBridge Secondaries II, L.P.",D,20251209,edgar/data/2060815/0002060815-25-000002.txt
2074120,"P1 Trials, Inc.",D,20251209,edgar/data/2074120/0002074120-25-000002.txt
2078909,XN Amplify Onshore Fund LP,D,20251209,edgar/data/2078909/0000950142-25-003146.txt
2080702,"Raremarq, a series of Jason's Syndicate, LLC",D,20251209,edgar/data/2080702/0002080702-25-000001.txt
2082562,Mango Capital 2025 LP,D,20251209,edgar/data/2082562/0002082562-25-000002.txt
2083651,Ethos Capital Digital Infrastructure LP,D,20251209,edgar/data/2083651/0002083651-25-000001.txt
2085499,EquityZen Growth Technology Fund LLC - Series 2173,D,20251209,edgar/data/2085499/0002085499-25-000001.txt
2086414,SMS XV LLC,D,20251209,edgar/data/2086414/0002086414-25-000007.txt
2086875,"KL-0820 Fund I, a series of Roll Up Vehicles, LP",D,20251209,edgar/data/2086875/0002086875-25-000001.txt
2088076,HighTechLending Inc.,D,20251209,edgar/data/2088076/0002088076-25-000001.txt
2088076,HighTechLending Inc.,D,20251209,edgar/data/2088076/0002088076-25-000002.txt
2088076,HighTechLending Inc.,D,20251209,edgar/data/2088076/0002088076-25-000003.txt
2088080,Powerhouse Ventures Fund III LP,D,20251209,edgar/data/2088080/0002088080-25-000001.txt
2088204,"SA-0909 Fund I, a series of Umami Capital, LP",D,20251209,edgar/data/2088204/0002088204-25-000001.txt
2089868,Plaza Ventures Fund VI LP,D,20251209,edgar/data/2089868/0002089868-25-000003.txt
2090556,"Syntax I, a series of Wefunds LLC",D,20251209,edgar/data/2090556/0002090556-25-000004.txt
2090570,ADR US Real Estate Diversified TREIF LLC,D,20251209,edgar/data/2090570/0002090570-25-000003.txt
2091318,"NA-1002 Fund IV, a series of Umami Capital, LP",D,20251209,edgar/data/2091318/0002091318-25-000001.txt
2093545,"IN-1013 Fund I, a series of FrenchFounders InvestmentClub Funds, LP",D,20251209,edgar/data/2093545/0002093545-25-000001.txt
2093851,Jiva Peak Feeder Fund Ltd,D,20251209,edgar/data/2093851/0000919574-25-007299.txt
2094044,Jiva Peak US Feeder Fund LP,D,20251209,edgar/data/2094044/0000919574-25-007301.txt
2094258,"American Ventures LLC, Series XXXII SKBL II",D,20251209,edgar/data/2094258/0002094258-25-000001.txt
2094513,"Call Up Fund 1, LLC",D,20251209,edgar/data/2094513/0001493152-25-026839.txt
2094532,"PE-1023 Fund I, a series of MV Funds, LP",D,20251209,edgar/data/2094532/0002094532-25-000001.txt
2094632,"Photonics QP I, a series of Wefunds LLC",D,20251209,edgar/data/2094632/0002094632-25-000001.txt
2094709,"Zeev Ventures XI, L.P.",D,20251209,edgar/data/2094709/0002094709-25-000001.txt
2095220,"Arkview Capital Co-Invest VIII - Logan, LP",D,20251209,edgar/data/2095220/0002095220-25-000001.txt
2095395,"Vast, a series of Jason's Syndicate, LLC",D,20251209,edgar/data/2095395/0002095395-25-000001.txt
2095478,"Runtime I, a series of Wefunds LLC",D,20251209,edgar/data/2095478/0002095478-25-000001.txt
2095847,"CL-1024 Fund III, a series of MV Funds, LP",D,20251209,edgar/data/2095847/0002095847-25-000001.txt
2096020,"AGEN3 SPV, a series of Riverside Ventures Self-Advised, LP",D,20251209,edgar/data/2096020/0002096020-25-000001.txt
2096647,Permira IX EUR SCSp,D,20251209,edgar/data/2096647/0002096647-25-000001.txt
2096711,"Autolane, a series of Jason's Syndicate, LLC",D,20251209,edgar/data/2096711/0002096711-25-000001.txt
2096771,Permira IX USD SCSp,D,20251209,edgar/data/2096771/0002096771-25-000001.txt
2096805,Milarel LP,D,20251209,edgar/data/2096805/0001013594-25-001489.txt
2096950,"Canyon Residential Credit Strategies, LP",D,20251209,edgar/data/2096950/0000905148-25-004262.txt
2097158,Detect Auto Inc.,D,20251209,edgar/data/2097158/0002097158-25-000001.txt
2097593,M25 Real Estate Opportunity Fund LLC,D,20251209,edgar/data/2097593/0002097593-25-000001.txt
2097613,"Entertainment Tatts, Inc",D,20251209,edgar/data/2097613/0002097613-25-000001.txt
2098064,"IDL, a series of Jason's Syndicate, LLC",D,20251209,edgar/data/2098064/0002098064-25-000001.txt
2098087,CPI Management Holdings LLC,D,20251209,edgar/data/2098087/0002098087-25-000001.txt
2098102,PRIVATE TECHNOLOGY INVESTMENTS VII LLC,D,20251209,edgar/data/2098102/0002098102-25-000001.txt
2098244,"Argentarii PC - Z Park Holdings, LLC",D,20251209,edgar/data/2098244/0002098244-25-000002.txt
2098288,BLUE CORE SECURITIES INC.,D,20251209,edgar/data/2098288/0002098288-25-000001.txt
2098372,Octopus Affordable Housing Feeder Fund I LP,D,20251209,edgar/data/2098372/0002096164-25-000003.txt
2098373,Octopus Affordable Housing Co Invest ZB1 LP,D,20251209,edgar/data/2098373/0002096164-25-000003.txt
2098374,Octopus Affordable Housing CoInvest ZB2 LP,D,20251209,edgar/data/2098374/0002096164-25-000003.txt
2098417,Proof on Broadway Ltd Liability Co,D,20251209,edgar/data/2098417/0002098417-25-000001.txt
2098419,Jellicles Can Ltd Liability Co,D,20251209,edgar/data/2098419/0002098419-25-000001.txt
2098612,BIP IV Vanadis Co-Investment L.P.,D,20251209,edgar/data/2098612/0002098612-25-000001.txt
2098615,"Differential Ventures SPV 2, LLC Series 3",D,20251209,edgar/data/2098615/0002098615-25-000002.txt
2098651,"Afterburner Capital Defense Fund I, LP",D,20251209,edgar/data/2098651/0002098651-25-000001.txt
2098731,Scaffold Fremont LLC,D,20251209,edgar/data/2098731/0001437749-25-037240.txt
2098886,Essential Net Lease Industrial 104 DST,D,20251209,edgar/data/2098886/0002098886-25-000001.txt
2098992,"Cimarron Hills EB-5 Fund, LP",D,20251209,edgar/data/2098992/0002098992-25-000001.txt
2099036,"MPC HI 2029 LIHTC ICF, LLC",D,20251209,edgar/data/2099036/0000908834-25-000370.txt
2099043,KI Opportunities LLC - Series I,D,20251209,edgar/data/2099043/0002099043-25-000001.txt
2099114,MONTICELLOAM FUNDING LLC SERIES SH-97,D,20251209,edgar/data/2099114/0002099114-25-000001.txt
2099126,ONEHOP INC,D,20251209,edgar/data/2099126/0002099126-25-000002.txt
2099140,TIGF II Direct Strategies LLC - Series 7,D,20251209,edgar/data/2099140/0001231919-25-000586.txt
2099145,"VirtuReal AI, LP",D,20251209,edgar/data/2099145/0002099145-25-000001.txt
2099149,"Monarch MSS GA 2026 ICF 1, LLC",D,20251209,edgar/data/2099149/0000908834-25-000371.txt
2099258,"ELM Newnan, LLC",D,20251209,edgar/data/2099258/0002099258-25-000001.txt
2099305,Camber Credit Capital Fund LP,D,20251209,edgar/data/2099305/0002099305-25-000002.txt
2099341,"LI-1107 Fund I, a series of Middle Cove Funds, LP",D,20251209,edgar/data/2099341/0002099341-25-000001.txt
2099343,Korea VM REIT LLC,D,20251209,edgar/data/2099343/0002099343-25-000001.txt
2099385,Alpaca VC Fund IV LP,D,20251209,edgar/data/2099385/0002099385-25-000001.txt
2099447,"Jiangsu Huidian Food Co., Ltd",D,20251209,edgar/data/2099447/0002099447-25-000002.txt
2099456,Partners Group Golden Anchor Ltd,D,20251209,edgar/data/2099456/0002099456-25-000001.txt
2099475,"SO-1124 Fund I, a series of Sajid Rahman Angel Funds, LP",D,20251209,edgar/data/2099475/0002099475-25-000001.txt
2099489,"AP Challenger Co-Invest Holdings, SCSp",D,20251209,edgar/data/2099489/0000950142-25-003149.txt
2099545,"Audax Direct Lending Solutions Fund III-D, SCSp",D,20251209,edgar/data/2099545/0002099545-25-000001.txt
2099546,"Audax Direct Lending Solutions Fund III-D Feeder, SCSp",D,20251209,edgar/data/2099546/0002099546-25-000001.txt
2099555,"Capital 49 SPV I, LP",D,20251209,edgar/data/2099555/0002099555-25-000001.txt
2099560,"Horizon MH Communities Fund III, L.P.",D,20251209,edgar/data/2099560/0002099560-25-000002.txt
2099579,"Shea Residences REIT, LLC",D,20251209,edgar/data/2099579/0002099579-25-000001.txt
2099595,"THV Fund I, LP",D,20251209,edgar/data/2099595/0002099595-25-000001.txt
2099650,"PG Larkinville, LLC",D,20251209,edgar/data/2099650/0002099650-25-000001.txt
2099652,TV Majestic Holdings Limited Partnership,D,20251209,edgar/data/2099652/0001405086-25-000369.txt
2099677,"DI-1106 Fund I, a series of MV Funds, LP",D,20251209,edgar/data/2099677/0002099677-25-000001.txt
2099719,"Guanyin Global International.,Ltd.",D,20251209,edgar/data/2099719/0002099719-25-000001.txt
2099732,6650 Browning LLC,D,20251209,edgar/data/2099732/0002099732-25-000001.txt
2099740,"WOMRE Founders REIT, LLC",D,20251209,edgar/data/2099740/0002099740-25-000001.txt
2099761,"Equitybee 22-41600, a Series of Equitybee cFund Master LLC",D,20251209,edgar/data/2099761/0002099761-25-000001.txt
2099795,"Padel-PA-1119 Fund II, a series of AngelList Funds 2025, LP",D,20251209,edgar/data/2099795/0002099795-25-000001.txt
2099824,"Hong qi bang bang kai man science & technology development Co., Ltd",D,20251209,edgar/data/2099824/0002099824-25-000001.txt
2099826,WSOF IV Feeder C.V.,D,20251209,edgar/data/2099826/0002099826-25-000001.txt
2099853,BBR Private LP - Absolute Return Long Duration Class - Sub-Class 2026,D,20251209,edgar/data/2099853/0001013594-25-001492.txt
2099867,BBR Private LP - Private Equity Class - Sub-Class 2026,D,20251209,edgar/data/2099867/0001013594-25-001491.txt
2099873,Circle R Ranch FM LLC,D,20251209,edgar/data/2099873/0001096906-25-001997.txt
2099878,BBR Private LP - Real Assets Class - Sub-Class 2026,D,20251209,edgar/data/2099878/0001013594-25-001490.txt
2099899,Sampension Parkside LLC,D,20251209,edgar/data/2099899/0002099899-25-000001.txt
2099919,"FourBridge Partners V, L.P.",D,20251209,edgar/data/2099919/0002099919-25-000001.txt
2099931,"EarthOptics, a series of Jason's Syndicate, LLC",D,20251209,edgar/data/2099931/0002099931-25-000001.txt
2099933,Rarely Co.,D,20251209,edgar/data/2099933/0002099933-25-000001.txt
2099945,MIPTW Inc,D,20251209,edgar/data/2099945/0002099945-25-000001.txt
2099951,"Panco Select Portfolio I REIT, LLC",D,20251209,edgar/data/2099951/0002099951-25-000001.txt
2099955,PointOne Elise AI LLC,D,20251209,edgar/data/2099955/0002099955-25-000001.txt
2099973,NORDIC FALK LLC,D,20251209,edgar/data/2099973/0002099973-25-000001.txt
2099979,"Series 75-1, a series of StartEngine Private LLC",D,20251209,edgar/data/2099979/0002099979-25-000001.txt
2099995,"Electron Exchange Holdings, Inc.",D,20251209,edgar/data/2099995/0000905148-25-004283.txt
2100000,"Series Milos, a series of Crete Fund LLC",D,20251209,edgar/data/2100000/0002100000-25-000001.txt
2100004,Amber Maritime LLC,D,20251209,edgar/data/2100004/0002100004-25-000001.txt
2100005,"Chestnut Oak Ridge Coal Opportunity Fund, L.P.",D,20251209,edgar/data/2100005/0002100005-25-000001.txt
2100007,Vulcan Investments Ltd.,D,20251209,edgar/data/2100007/0002100007-25-000001.txt
2100054,"COPPER ROYALTY SPV, A SERIES OF DELTA4 CAPITAL MASTER SPV LLC",D,20251209,edgar/data/2100054/0002100054-25-000001.txt
2100055,Blazon Heaters Inc.,D,20251209,edgar/data/2100055/0002100055-25-000001.txt
2100068,"43-IN-1111 Fund II, a series of AngelList Funds 2025, LP",D,20251209,edgar/data/2100068/0002100068-25-000001.txt
2100072,"FA-1105 Fund I, a series of Zachary Ginsburg Funds, LP",D,20251209,edgar/data/2100072/0002100072-25-000001.txt
2100077,"SPI Canopy Equity DE, LLC",D,20251209,edgar/data/2100077/0002100077-25-000001.txt
2100079,"Pelican Angel Fund III, LLC",D,20251209,edgar/data/2100079/0002100079-25-000001.txt
2100083,"PR-1118 Fund I, a series of Nebular Expansion Series, LP",D,20251209,edgar/data/2100083/0002100083-25-000001.txt
2100087,"Madison CLT South End Investors, LLC",D,20251209,edgar/data/2100087/0002100087-25-000001.txt
2100094,Nuevo Silver Inc.,D,20251209,edgar/data/2100094/0001062993-25-017241.txt
2100094,Nuevo Silver Inc.,D,20251209,edgar/data/2100094/0001062993-25-017242.txt
2100112,"Epos Partnership, L.P.",D,20251209,edgar/data/2100112/0002062357-25-000132.txt
2100114,JFL Infinity Fund I LLC,D,20251209,edgar/data/2100114/0002100114-25-000001.txt
2100117,"Edison Scientific, Inc.",D,20251209,edgar/data/2100117/0002100117-25-000001.txt
2100139,Ares Credit Secondaries (Unlevered) LP,D,20251209,edgar/data/2100139/0002100139-25-000001.txt
2100165,"Forge52 Capital Partners Fund I, LP",D,20251209,edgar/data/2100165/0002100165-25-000001.txt
2100197,Cambridge West 5 LLC,D,20251209,edgar/data/2100197/0002100197-25-000001.txt
2100202,"Frontier Campground Investors, LLC",D,20251209,edgar/data/2100202/0002100202-25-000001.txt
2100215,Morales Chimney Services LLC,D,20251209,edgar/data/2100215/0002100215-25-000001.txt
2100230,Capacity Equity Investors 100 Market LLC,D,20251209,edgar/data/2100230/0002100230-25-000001.txt
865432,FIRST STATE BANCORP INC,D,20251209,edgar/data/865432/0000865432-25-000003.txt
1009759,"Capstone Green Energy Holdings, Inc.",D,20251210,edgar/data/1009759/0000909143-25-000010.txt
1059689,North America Lithium & Gold Corp,D,20251209,edgar/data/1059689/0001683168-25-009016.txt
1191832,Kingsmen Resources Ltd.,D,20251210,edgar/data/1191832/0001191832-25-000008.txt
1257734,LINCOLN LIFE FLEXIBLE PREMIUM VARIABLE LIFE ACCOUNT Z,D,20251210,edgar/data/1257734/0001257734-25-000003.txt
1465369,General Fusion Inc.,D,20251210,edgar/data/1465369/0001465369-25-000004.txt
1467093,Scorpio Gold Corp,D,20251210,edgar/data/1467093/0001467093-25-000004.txt
1556801,"My City Builders, Inc.",D,20251210,edgar/data/1556801/0001640334-25-002276.txt
1644516,"MHR Acquisitions, Inc.",D,20251210,edgar/data/1644516/0001644516-25-000011.txt
1660334,Verrica Pharmaceuticals Inc.,D,20251210,edgar/data/1660334/0001231919-25-000594.txt
1661059,"NextCure, Inc.",D,20251210,edgar/data/1661059/0001104659-25-119801.txt
1670321,"Quantamentals Large-Cap Fund, L.P.",D,20251210,edgar/data/1670321/0001670321-25-000003.txt
1736524,Minnesota Medical Technologies Corp,D,20251210,edgar/data/1736524/0000912282-25-001382.txt
1773808,"Quantamentals Large-Cap Offshore Fund, Ltd.",D,20251210,edgar/data/1773808/0001773808-25-000003.txt
1777319,"CISO Global, Inc.",D,20251210,edgar/data/1777319/0001493152-25-026971.txt
1798406,"Colorcast, Inc.",D,20251210,edgar/data/1798406/0001798406-25-000003.txt
1833106,"ConductorOne, Inc.",D,20251210,edgar/data/1833106/0001833106-25-000004.txt
1839970,"BlossomHill Therapeutics, Inc.",D,20251210,edgar/data/1839970/0001231919-25-000592.txt
1853868,Fervo Energy Co,D,20251210,edgar/data/1853868/0001853868-25-000002.txt
1861479,Terra Rossa Gold Ltd.,D,20251210,edgar/data/1861479/0002060755-25-000063.txt
1891789,"Sora Schools, Inc.",D,20251210,edgar/data/1891789/0001891789-25-000002.txt
1894552,Kite Topco Inc.,D,20251210,edgar/data/1894552/0001894552-25-000003.txt
1906425,"Invea Therapeutics, Inc",D,20251210,edgar/data/1906425/0001906425-25-000004.txt
1938621,"fal - Features & Labels, Inc.",D,20251210,edgar/data/1938621/0001938621-25-000004.txt
1952448,"Liberation Bioindustries, Inc.",D,20251210,edgar/data/1952448/0001952448-25-000004.txt
1991625,"Therify, Inc.",D,20251210,edgar/data/1991625/0001991625-25-000002.txt
1996888,"XRC Opportunity Fund II, L.P.",D,20251210,edgar/data/1996888/0001996888-25-000003.txt
1997569,NORTH INVESTMENTS CO LLC,D,20251210,edgar/data/1997569/0001997569-25-000007.txt
2003006,"Brooklyn Dumpling Parent Holdings, Inc.",D,20251210,edgar/data/2003006/0001062993-25-017266.txt
2003006,"Brooklyn Dumpling Parent Holdings, Inc.",D,20251210,edgar/data/2003006/0001062993-25-017269.txt
2003910,"Bobyard, Inc.",D,20251210,edgar/data/2003910/0002003910-25-000002.txt
2012453,"BHC TV Co-Invest, LLC",D,20251210,edgar/data/2012453/0001231919-25-000591.txt
2029111,Confido Inc.,D,20251210,edgar/data/2029111/0002029111-25-000002.txt
2071058,Bioleum Corp,D,20251210,edgar/data/2071058/0002071058-25-000002.txt
2080488,"Common Sense Investment Fund, Inc",D,20251210,edgar/data/2080488/0002080488-25-000003.txt
2082462,"TR-0706 Fund I, a series of Roll Up Vehicles, LP",D,20251210,edgar/data/2082462/0002082462-25-000001.txt
2086818,Centricus Financial Investments 9 LP,D,20251210,edgar/data/2086818/0002086818-25-000001.txt
2087018,WCM Focused International Equity Fund LP,D,20251210,edgar/data/2087018/0002087018-25-000001.txt
2088144,"Validus Global Sports Fund II, LLC",D,20251210,edgar/data/2088144/0002088144-25-000001.txt
2088927,"Fund LXXII, a series of SCVC Advisors, LP",D,20251210,edgar/data/2088927/0002088927-25-000001.txt
2090457,"Avista Healthcare Partners IV, L.P.",D,20251210,edgar/data/2090457/0002090457-25-000002.txt
2090459,"Avista Healthcare Partners (Offshore) IV, L.P.",D,20251210,edgar/data/2090459/0002090459-25-000002.txt
2091202,Inkfish Music Inc.,D,20251210,edgar/data/2091202/0002091202-25-000001.txt
2091713,"Boston Ramen Company, Inc.",D,20251210,edgar/data/2091713/0001213900-25-120042.txt
2093701,TC Cypress LP,D,20251210,edgar/data/2093701/0002093701-25-000001.txt
2093711,"Freedom Partners No. 3, LLC",D,20251210,edgar/data/2093711/0002080612-25-000022.txt
2094093,"Greenbriar Co-Investment Partners VII, L.P.",D,20251210,edgar/data/2094093/0002094093-25-000001.txt
2094095,"Greenbriar Equity Fund VII, L.P.",D,20251210,edgar/data/2094095/0002094095-25-000001.txt
2094985,"Shamrock Capital Content Fund IV, L.P.",D,20251210,edgar/data/2094985/0002094985-25-000001.txt
2095596,Live Oak Deep 3-D Joint Venture,D,20251210,edgar/data/2095596/0001654954-25-013800.txt
2095846,"RA-1030 Fund I, a series of Roll Up Vehicles, LP",D,20251210,edgar/data/2095846/0002095846-25-000001.txt
2096590,"Echelon Fervo, LLC",D,20251210,edgar/data/2096590/0002096590-25-000001.txt
2096846,"TR-1110 Fund I, a series of DVC, LP",D,20251210,edgar/data/2096846/0002096846-25-000001.txt
2097596,"Tersus Co-Investment Holdings, LLC",D,20251210,edgar/data/2097596/0001042167-25-000073.txt
2097681,Eastborough Partners Fund II LP,D,20251210,edgar/data/2097681/0002097681-25-000001.txt
2097688,Selby Lane Private Equity Custom Accounts Healthcare SPV II,D,20251210,edgar/data/2097688/0002097688-25-000001.txt
2097689,Ultra Rare Earth Inc.,D,20251210,edgar/data/2097689/0000912282-25-001380.txt
2097997,"HFS Mineral Partners VI, LP",D,20251210,edgar/data/2097997/0002097997-25-000001.txt
2098000,IREX IV Industrial Portfolio DST,D,20251210,edgar/data/2098000/0002098000-25-000001.txt
2098117,"KALS1 SPV, a series of Riverside Ventures Self-Advised, LP",D,20251210,edgar/data/2098117/0002098117-25-000001.txt
2098178,"Vintage White City Thunderbird, LLC",D,20251210,edgar/data/2098178/0002098178-25-000001.txt
2098220,"Buhl 6000 Nathan, LLC",D,20251210,edgar/data/2098220/0002098220-25-000001.txt
2098361,"Vintage Carson City Cottonwood, LLC",D,20251210,edgar/data/2098361/0002098361-25-000001.txt
2098362,"Vintage Phoenix Portfolio, LLC",D,20251210,edgar/data/2098362/0002098362-25-000001.txt
2098454,Echopoint Medical Ltd,D,20251210,edgar/data/2098454/0002098454-25-000001.txt
2098505,Stonepeak Opportunities Fund II LP,D,20251210,edgar/data/2098505/0002098505-25-000001.txt
2098508,Stonepeak Opportunities Fund II (Lux) SCSp,D,20251210,edgar/data/2098508/0002098508-25-000001.txt
2098525,"CCA Funding III, LLC",D,20251210,edgar/data/2098525/0002098525-25-000001.txt
2098632,"SonarSource, Inc",D,20251210,edgar/data/2098632/0002098632-25-000001.txt
2098829,Island Green K2 LP,D,20251210,edgar/data/2098829/0002098829-25-000001.txt
2098933,"CSR Black Tooth, LP",D,20251210,edgar/data/2098933/0002098933-25-000002.txt
2098936,"Serenity for Life, LLC",D,20251210,edgar/data/2098936/0002098936-25-000001.txt
2098961,"Macks Creek Granite Investors, LLC",D,20251210,edgar/data/2098961/0002098961-25-000001.txt
2099067,"NM Investment 2, a series of 2am Ventures Opportunities India, LP",D,20251210,edgar/data/2099067/0002099067-25-000001.txt
2099108,"Mountain View Hospital, LLC",D,20251210,edgar/data/2099108/0000912282-25-001383.txt
2099237,"Knob Hill Owner, LLC",D,20251210,edgar/data/2099237/0002099237-25-000001.txt
2099333,ISG Income Partners LLC,D,20251210,edgar/data/2099333/0002099333-25-000001.txt
2099390,"SVS-2026, a series of Strategic Venture Series Fund, L.P.",D,20251210,edgar/data/2099390/0002099390-25-000001.txt
2099391,"SBS-2026, a series of Strategic Buyout Series Fund, L.P.",D,20251210,edgar/data/2099391/0002099391-25-000001.txt
2099499,"Factorial Frontier, L.P.",D,20251210,edgar/data/2099499/0001012975-25-000890.txt
2099680,"Hamptons Equity Fund XI, LLC",D,20251210,edgar/data/2099680/0002099680-25-000001.txt
2099688,"Replicator VC Fund I, LP",D,20251210,edgar/data/2099688/0002099688-25-000001.txt
2099689,"Platinum Unity Principals, L.P.",D,20251210,edgar/data/2099689/0002099689-25-000001.txt
2099714,Glydr Galactic Holdings Inc,D,20251210,edgar/data/2099714/0002099714-25-000001.txt
2099738,"Odyssey Private Markets SPV, LLC",D,20251210,edgar/data/2099738/0002099738-25-000002.txt
2099743,BGO Industrial Strategies Feeder II LP,D,20251210,edgar/data/2099743/0001315863-25-000839.txt
2099825,"Preamble X Capital I, a series of Preamble X Capital LLC",D,20251210,edgar/data/2099825/0002099825-25-000001.txt
2099827,Infinitas Capital SPV XXVI a series of Infinitas Capital Master LLC,D,20251210,edgar/data/2099827/0002099827-25-000001.txt
2099857,"Aspire La Jolla Class A, LLC",D,20251210,edgar/data/2099857/0002099857-25-000001.txt
2099909,Otter Point 2024 LLC,D,20251210,edgar/data/2099909/0002099909-25-000001.txt
2099941,"Amani Therapeutics, Inc.",D,20251210,edgar/data/2099941/0002099941-25-000001.txt
2099969,Olympus Tradewinds DST,D,20251210,edgar/data/2099969/0002099969-25-000001.txt
2100015,"RFE Investment Partners X, L.P.",D,20251210,edgar/data/2100015/0002100015-25-000001.txt
2100017,"Hive Group Solutions, LLC",D,20251210,edgar/data/2100017/0001099910-25-000258.txt
2100095,Mogul Services Inc.,D,20251210,edgar/data/2100095/0002100095-25-000001.txt
2100098,"Centra North Fund IV, LLC",D,20251210,edgar/data/2100098/0002100098-25-000001.txt
2100108,"Whiteout Peak, L.P.",D,20251210,edgar/data/2100108/0002100108-25-000001.txt
2100111,GenInnov Funds Ltd. (US) LP,D,20251210,edgar/data/2100111/0002100111-25-000001.txt
2100116,"1888 Holdings, LLC",D,20251210,edgar/data/2100116/0002100116-25-000001.txt
2100158,"F25, a series of Latitude Fund, LP",D,20251210,edgar/data/2100158/0002100158-25-000001.txt
2100160,"Reno Source, Inc.",D,20251210,edgar/data/2100160/0002100160-25-000001.txt
2100181,Onyx Creek Media Ltd,D,20251210,edgar/data/2100181/0002100181-25-000001.txt
2100189,MVG Rise NC Portfolio Fund LLC,D,20251210,edgar/data/2100189/0002100189-25-000001.txt
2100195,xTAO Inc.,D,20251210,edgar/data/2100195/0001062993-25-017256.txt
2100199,Consolidated Lithium Metals Inc.,D,20251210,edgar/data/2100199/0001062993-25-017257.txt
2100215,Morales Chimney Services LLC,D,20251210,edgar/data/2100215/0002100215-25-000002.txt
2100243,KRAKEN SECURITIES INC.,D,20251210,edgar/data/2100243/0002100243-25-000001.txt
2100248,"Tremis SR Fund 2, a series of Tremis Capital US Fund II LLC",D,20251210,edgar/data/2100248/0002100248-25-000001.txt
2100253,"Southeast Idaho Storage 1, LLC",D,20251210,edgar/data/2100253/0002100253-25-000001.txt
2100270,EMERALDWISDOM BLOCKCHAIN EXCHANGE INC,D,20251210,edgar/data/2100270/0002100270-25-000001.txt
2100273,PULSESUN DIGITAL MARKETS INC,D,20251210,edgar/data/2100273/0002100273-25-000001.txt
2100274,LX LLC,D,20251210,edgar/data/2100274/0002100274-25-000001.txt
2100297,NU DE IOS LP,D,20251210,edgar/data/2100297/0002100297-25-000001.txt
2100302,LEXINOVA DIGITAL ASSET EXCHANGE INC,D,20251210,edgar/data/2100302/0002100302-25-000001.txt
2100305,"IS-1014 Fund I, a series of Roll Up Vehicles, LP",D,20251210,edgar/data/2100305/0002100305-25-000001.txt
2100313,"EV-1114 Fund I, a series of Umami Capital, LP",D,20251210,edgar/data/2100313/0002100313-25-000001.txt
2100326,Paribury Tech LTD,D,20251210,edgar/data/2100326/0002100326-25-000001.txt
2100343,"Geek Ventures Competera SPV, a series of Decile SPV, LLC",D,20251210,edgar/data/2100343/0002100343-25-000001.txt
2100351,"Ordo Sports, Inc.",D,20251210,edgar/data/2100351/0002100351-25-000001.txt
2100365,"Forge Real Estate Partners IV-CF, LP",D,20251210,edgar/data/2100365/0002100365-25-000001.txt
2100368,PPM Core Fixed Income Fund,D,20251210,edgar/data/2100368/0002100368-25-000001.txt
2100377,ACP 1600 Central LLC,D,20251210,edgar/data/2100377/0002100377-25-000001.txt
2100409,DoubleLine Income Portfolio,D,20251210,edgar/data/2100409/0002100409-25-000001.txt
2100415,NeuroBionics Inc.,D,20251210,edgar/data/2100415/0002100415-25-000001.txt
2100425,"Ondalinda Productions, Inc.",D,20251210,edgar/data/2100425/0002100425-25-000001.txt
2100429,Willow Park Holdco LLC,D,20251210,edgar/data/2100429/0002100429-25-000001.txt
2100439,TFO SPORTS SYNDICATE Q4 2025 A SERIES OF TFO MASTER LLC,D,20251210,edgar/data/2100439/0002100439-25-000001.txt
2100455,Blue Owl Real Estate Credit CMBS (KIS) LP,D,20251210,edgar/data/2100455/0002100455-25-000001.txt
2100469,"SD Timber Blocker, LLC",D,20251210,edgar/data/2100469/0002100469-25-000001.txt
2100471,"SD Timber Parent, LP",D,20251210,edgar/data/2100471/0002100471-25-000001.txt
2100477,"Northern Oaks Equity Partners, LLC",D,20251210,edgar/data/2100477/0002100477-25-000001.txt
2100544,"Conduit Capital Lending Fund II, LLC",D,20251210,edgar/data/2100544/0002100544-25-000001.txt
2100567,"Ridwell, Inc.",D,20251210,edgar/data/2100567/0002100567-25-000001.txt
2100581,Blom Inc,D,20251210,edgar/data/2100581/0002100581-25-000001.txt
810332,REPUBLIC AIRWAYS HOLDINGS INC.,D,20251210,edgar/data/810332/0000810332-25-000006.txt
1163370,NORTHRIM BANCORP INC,D,20251211,edgar/data/1163370/0001163370-25-000047.txt
1761021,"VALUENEX,INC.",D,20251211,edgar/data/1761021/0001761021-25-000002.txt
1775042,"Hockey Parent Holdings, L.P.",D,20251211,edgar/data/1775042/0001775042-25-000013.txt
1800731,"Ringmaster Technologies, Inc.",D,20251211,edgar/data/1800731/0001800731-25-000004.txt
1815181,"Cellphire, Inc.",D,20251211,edgar/data/1815181/0001815181-25-000002.txt
1882172,Glade Brook Private Investors XXXIV LP,D,20251211,edgar/data/1882172/0000929638-25-004575.txt
1884122,Vizsla Copper Corp.,D,20251211,edgar/data/1884122/0001884122-25-000004.txt
1902671,Bala Enzyme Inc.,D,20251211,edgar/data/1902671/0001902671-25-000002.txt
1932739,"Acretrader 210, LLC",D,20251211,edgar/data/1932739/0001932739-25-000003.txt
1940132,"Wasatch Emerging Markets Select Fund, Ltd.",D,20251211,edgar/data/1940132/0000912282-25-001388.txt
1981355,LGP Associates IX-B1 LLC,D,20251211,edgar/data/1981355/0001981355-25-000002.txt
2002100,"Everygene, PBC",D,20251211,edgar/data/2002100/0002002100-25-000002.txt
2006359,Inngest Inc.,D,20251211,edgar/data/2006359/0002006359-25-000002.txt
2014940,"StepStone IP Infrastructure Opportunities Fund, L.P.",D,20251211,edgar/data/2014940/0002014940-25-000004.txt
2015718,Golden Cariboo Resources Ltd.,D,20251211,edgar/data/2015718/0001062993-25-017294.txt
2023866,"Augment Collective, LLC",D,20251211,edgar/data/2023866/0002023866-25-000034.txt
2028869,"StepStone Flintholm Infrastructure Fund, L.P.",D,20251211,edgar/data/2028869/0002028869-25-000004.txt
2034807,"Leaselot, Inc.",D,20251211,edgar/data/2034807/0002034807-25-000003.txt
2047614,"Convex Venture Fund, LP - SSI Series",D,20251211,edgar/data/2047614/0000919574-25-007329.txt
2055054,Integro Bank,D,20251211,edgar/data/2055054/0002055054-25-000002.txt
2063721,SineMath Investment Fund LP,D,20251211,edgar/data/2063721/0002063721-25-000002.txt
2077261,AQR Flex 1 Series LLC - Series A25,D,20251211,edgar/data/2077261/0001405086-25-000371.txt
2077262,AQR Flex 1 Series LLC - Series A24,D,20251211,edgar/data/2077262/0001405086-25-000370.txt
2079259,"Farmer Companies, LLC",D,20251211,edgar/data/2079259/0002079259-25-000001.txt
2080426,"Never Lift VC II, L.P.",D,20251211,edgar/data/2080426/0002080426-25-000002.txt
2082615,"AN-0517 Fund I, a series of Roll Up Vehicles, LP",D,20251211,edgar/data/2082615/0002082615-25-000001.txt
2083079,SMART BRICKELL HOSPITALITY LLC,D,20251211,edgar/data/2083079/0001731122-25-001661.txt
2083128,"Global Interchange, Inc.",D,20251211,edgar/data/2083128/0001096906-25-002017.txt
2083468,"AV Womens Fund 3, LLC",D,20251211,edgar/data/2083468/0002083468-25-000001.txt
2085288,BroadRiver Life Settlements Credit Fund II LP,D,20251211,edgar/data/2085288/0000902664-25-005263.txt
2085496,EquityZen Growth Technology Fund LLC - Series 2174,D,20251211,edgar/data/2085496/0002085496-25-000001.txt
2086428,Capital Defense Technologies LLC,D,20251211,edgar/data/2086428/0002086428-25-000002.txt
2087406,Winans Commodities Futures LP,D,20251211,edgar/data/2087406/0002087406-25-000001.txt
2088225,"Outsmart Rollups, a series of DRH Rollups, LP",D,20251211,edgar/data/2088225/0002088225-25-000001.txt
2089129,"HealthNEXT, LLC",D,20251211,edgar/data/2089129/0002088320-25-000002.txt
2090047,Sandbrook Voltwise Co-Invest LP,D,20251211,edgar/data/2090047/0002090047-25-000001.txt
2090105,"O2 Investment Partners Fund V-A, L.P.",D,20251211,edgar/data/2090105/0002090105-25-000001.txt
2090108,"O2 Investment Partners Fund V-B, L.P.",D,20251211,edgar/data/2090108/0002090108-25-000001.txt
2090566,ArrowMark CRE Structured Finance Main Fund II LP,D,20251211,edgar/data/2090566/0002090566-25-000001.txt
2090838,Hamilton Lane Small Cap Access Offshore Fund LP,D,20251211,edgar/data/2090838/0000904454-25-000630.txt
2090975,"Watertower Ventures Early Access Fund III, L.P.",D,20251211,edgar/data/2090975/0002090975-25-000001.txt
2092627,"776 Fund 1952 Helsinki, L.P.",D,20251211,edgar/data/2092627/0001231919-25-000600.txt
2092679,"Spacestation 88, a series of Spacestation Investments 1, LLC",D,20251211,edgar/data/2092679/0002092679-25-000001.txt
2092725,"TR-1008 Fund I, a series of Sajid Rahman Angel Funds, LP",D,20251211,edgar/data/2092725/0002092725-25-000001.txt
2093558,"Fund 2025, a series of SnowVC, LP",D,20251211,edgar/data/2093558/0002093558-25-000001.txt
2093723,Woodland R LLC,D,20251211,edgar/data/2093723/0002093723-25-000001.txt
2094281,"SC Wonder II SPV, LP",D,20251211,edgar/data/2094281/0002094281-25-000001.txt
2094781,Land Invest Corp.,D,20251211,edgar/data/2094781/0001099910-25-000261.txt
2094807,"Nosara Zen, L.P.",D,20251211,edgar/data/2094807/0002094807-25-000001.txt
2095120,AQR Apex Offshore Alphaport Fund II Ltd.,D,20251211,edgar/data/2095120/0001405086-25-000376.txt
2095145,"Apollo Hybrid Value Fund (M) III, L.P.",D,20251211,edgar/data/2095145/0000950142-25-003166.txt
2095147,"Apollo Hybrid Value Overseas Partners (M) III, L.P.",D,20251211,edgar/data/2095147/0000950142-25-003167.txt
2095365,Terra Apts Owner LLC,D,20251211,edgar/data/2095365/0002095365-25-000001.txt
2095516,"AQR Leelanau Fund, L.P.",D,20251211,edgar/data/2095516/0001405086-25-000374.txt
2095559,AQR Apex Offshore Alphaport Fund Ltd.,D,20251211,edgar/data/2095559/0001405086-25-000375.txt
2095605,JTVC Jurassic Management SAFE a Series of CGF2021 LLC,D,20251211,edgar/data/2095605/0002095605-25-000001.txt
2095762,Quaero European Infrastructure Fund III SCSP,D,20251211,edgar/data/2095762/0000919574-25-007320.txt
2096297,Strahlender Glanz INC.,D,20251211,edgar/data/2096297/0002096297-25-000001.txt
2096301,2U Laundry Series C a Series of FF SPV Holdings LLC,D,20251211,edgar/data/2096301/0002096301-25-000001.txt
2096557,"Cooling Cell, a cell of GIM Investments PCC Ltd.",D,20251211,edgar/data/2096557/0002096557-25-000001.txt
2096578,Zumma a Series of CGF2021 LLC,D,20251211,edgar/data/2096578/0002096578-25-000001.txt
2096720,"CE-1106 Fund V, a series of Roll Up Vehicles, LP",D,20251211,edgar/data/2096720/0002096720-25-000001.txt
2096820,Citizen Energy 2025 Drilling Fund LP,D,20251211,edgar/data/2096820/0002096820-25-000003.txt
2096857,"Perceptive Ventures NVG SPV 1, L.P.",D,20251211,edgar/data/2096857/0001231919-25-000601.txt
2097262,ProCode Inc.,D,20251211,edgar/data/2097262/0001231919-25-000604.txt
2097473,KKR Opportunities (EUR EEA) Fund III SCSp,D,20251211,edgar/data/2097473/0000950142-25-003168.txt
2097637,Guidance Short-Term Income Trust,D,20251211,edgar/data/2097637/0002097637-25-000001.txt
2097960,Haven Oaks HoldCo LLC,D,20251211,edgar/data/2097960/0002097960-25-000001.txt
2097982,"GC Creation Fund III, L.P.",D,20251211,edgar/data/2097982/0002097982-25-000001.txt
2098107,"Fund I, a series of Brew Capital, LP",D,20251211,edgar/data/2098107/0002098107-25-000001.txt
2098152,Stellex Jade Co-Invest LP,D,20251211,edgar/data/2098152/0000950142-25-003169.txt
2098247,Noblestone Credit Select II LLC,D,20251211,edgar/data/2098247/0002098247-25-000001.txt
2098305,Glade Brook Private Investors LV LP,D,20251211,edgar/data/2098305/0000929638-25-004577.txt
2098328,Everblue Premium Storage LLC,D,20251211,edgar/data/2098328/0002098328-25-000001.txt
2098536,"Ready to Launch, LLC",D,20251211,edgar/data/2098536/0002098536-25-000001.txt
2098576,"BDT & MSD Senior Lending - Brown Advisory Founders, LLLP",D,20251211,edgar/data/2098576/0001231919-25-000602.txt
2098594,"137 Holdings GI, LLC",D,20251211,edgar/data/2098594/0001470831-25-000393.txt
2098652,Trexquant Portable Alpha Onshore Fund LP,D,20251211,edgar/data/2098652/0001013594-25-001503.txt
2098760,"BDT & MSD Senior Lending - Brown Advisory Founders (TE), LLLP",D,20251211,edgar/data/2098760/0001231919-25-000603.txt
2098794,"Bloom Spatial, Inc.",D,20251211,edgar/data/2098794/0002098794-25-000001.txt
2098997,Yorba Linda Altrudy II LP,D,20251211,edgar/data/2098997/0002098997-25-000001.txt
2099268,Blackwing Rainmaker Sept 2025 a Series of CGF2021 LLC,D,20251211,edgar/data/2099268/0002099268-25-000001.txt
2099392,"Altimeter Vesuvius Fund I, L.P.",D,20251211,edgar/data/2099392/0002099392-25-000001.txt
2099511,Crossroads Buligo LP,D,20251211,edgar/data/2099511/0001493152-25-027202.txt
2099598,Future Investment Tech Inc.,D,20251211,edgar/data/2099598/0002099598-25-000001.txt
2099643,ClearDynamic Inc.,D,20251211,edgar/data/2099643/0002099643-25-000001.txt
2099665,Shamrock Apartments LLC,D,20251211,edgar/data/2099665/0002099665-25-000001.txt
2099704,"Deep Future Graviton SPV, a series of Decile SPV, LLC",D,20251211,edgar/data/2099704/0002099704-25-000001.txt
2099713,"Fictions, Inc.",D,20251211,edgar/data/2099713/0002099713-25-000001.txt
2099862,Carlton Ford LLC,D,20251211,edgar/data/2099862/0002099862-25-000001.txt
2099942,"BVIP (Parallel) Fund XII, L.P.",D,20251211,edgar/data/2099942/0002099942-25-000001.txt
2099943,"BVIP Fund XII, L.P.",D,20251211,edgar/data/2099943/0002099943-25-000001.txt
2100037,"Reveille VC Fund I, L.P.",D,20251211,edgar/data/2100037/0002100037-25-000001.txt
2100045,HL Small Cap Access Fund LP,D,20251211,edgar/data/2100045/0000904454-25-000630.txt
2100070,"AF-1103 Fund I, a series of Jolt VC, LP",D,20251211,edgar/data/2100070/0002100070-25-000001.txt
2100093,Phase Capital Fund I LP,D,20251211,edgar/data/2100093/0002100093-25-000001.txt
2100101,"Alpha, a series of Robo Eterna, LP",D,20251211,edgar/data/2100101/0002100101-25-000001.txt
2100153,YHSGR Holdings LLC,D,20251211,edgar/data/2100153/0002100153-25-000001.txt
2100163,ALL PRO COTTAGES AT KETTLE CREEK LLLP,D,20251211,edgar/data/2100163/0002100163-25-000001.txt
2100169,Span Investments SPV1 LLC,D,20251211,edgar/data/2100169/0002100169-25-000001.txt
2100175,Embark SPV II LLC,D,20251211,edgar/data/2100175/0001099910-25-000263.txt
2100247,Fiddlers Green RAL LLC,D,20251211,edgar/data/2100247/0002100247-25-000001.txt
2100307,"DA-0507 Fund II, a series of Roll Up Vehicles, LP",D,20251211,edgar/data/2100307/0002100307-25-000001.txt
2100311,"BO-0804 Fund III, a series of Umami Capital Holdings, LP",D,20251211,edgar/data/2100311/0002100311-25-000001.txt
2100323,"Division Holdings, LLC",D,20251211,edgar/data/2100323/0002100323-25-000001.txt
2100374,SDF REIT LLC,D,20251211,edgar/data/2100374/0002100374-25-000001.txt
2100383,YCF25 - A Series of A7 Capital LLC,D,20251211,edgar/data/2100383/0002100383-25-000001.txt
2100407,"SU-1117 Fund I, a series of Multimodal Ventures, LP",D,20251211,edgar/data/2100407/0002100407-25-000001.txt
2100410,"Series Fund D, a series of UM Pre-IPO Portfolio Fund III LLC",D,20251211,edgar/data/2100410/0002100410-25-000001.txt
2100432,Fxmode Ltd,D,20251211,edgar/data/2100432/0002100432-25-000001.txt
2100462,"Leavitt Equity Partners IV, L.P.",D,20251211,edgar/data/2100462/0000912282-25-001390.txt
2100490,"Taiwan Global Ventures, L.P. - Series 1",D,20251211,edgar/data/2100490/0002100490-25-000001.txt
2100491,Vcapcoin INC,D,20251211,edgar/data/2100491/0002100491-25-000001.txt
2100503,"Series 8-1, a series of StartEngine Private Funds LLC",D,20251211,edgar/data/2100503/0002100503-25-000001.txt
2100510,CWEHBIT INC.,D,20251211,edgar/data/2100510/0002100510-25-000001.txt
2100512,Threefold Pine Bridge LLC,D,20251211,edgar/data/2100512/0002100512-25-000001.txt
2100513,"Expedite-LI-1110 Fund I, a series of AngelList Funds 2025, LP",D,20251211,edgar/data/2100513/0002100513-25-000001.txt
2100520,"Onarock MV 2025C, LLC",D,20251211,edgar/data/2100520/0002100520-25-000001.txt
2100549,ZANJS Securities Ltd,D,20251211,edgar/data/2100549/0002100549-25-000001.txt
2100550,Ulrich Media Inc.,D,20251211,edgar/data/2100550/0002100550-25-000001.txt
2100555,AIP SF2 EIP Limited Partnership,D,20251211,edgar/data/2100555/0000950127-25-000130.txt
2100559,"ACP Fuse Co-Invest Feeder, L.P.",D,20251211,edgar/data/2100559/0001012975-25-000892.txt
2100564,"General Services Holdings of New York, Inc.",D,20251211,edgar/data/2100564/0002100564-25-000001.txt
2100571,"HonestNode SPC, acting for & on behalf of Prairie Fund SP I",D,20251211,edgar/data/2100571/0002100571-25-000001.txt
2100594,"SP-1023 Fund I, a series of MV Funds, LP",D,20251211,edgar/data/2100594/0002100594-25-000001.txt
2100599,"InvestX Series (LMD-U4), a Series of InvestX Master LLC",D,20251211,edgar/data/2100599/0002100599-25-000001.txt
2100601,"Chalkstone Apartments, LLC",D,20251211,edgar/data/2100601/0002100601-25-000001.txt
2100604,Astor Gold Pref LLC,D,20251211,edgar/data/2100604/0002100604-25-000001.txt
2100622,CM Investments III LLC - CM Turnwell LLC,D,20251211,edgar/data/2100622/0002100622-25-000001.txt
2100627,"VE-1106 Fund II, a series of Roll Up Vehicles, LP",D,20251211,edgar/data/2100627/0002100627-25-000001.txt
2100628,CM Investments III LLC - CM Pet Hotel SPV LLC,D,20251211,edgar/data/2100628/0002100628-25-000001.txt
2100630,"Rauch Capital Burst CLXXXI, a series of Rauch Capital Burst, LP",D,20251211,edgar/data/2100630/0002100630-25-000001.txt
2100640,"AX Essential Retail Portfolio, DST",D,20251211,edgar/data/2100640/0002100640-25-000001.txt
2100644,"Harshita-PR-1114 Fund I, a series of AngelList Funds 2025, LP",D,20251211,edgar/data/2100644/0002100644-25-000001.txt
2100647,"No Payne No Gain, LP - II",D,20251211,edgar/data/2100647/0002100647-25-000001.txt
2100651,"TH-1110 Fund VIII, a series of Heron Rock AL Access Funds, LP",D,20251211,edgar/data/2100651/0002100651-25-000001.txt
2100675,"ReGen Power, a series of Spacestation Investments 1, LLC",D,20251211,edgar/data/2100675/0002100675-25-000001.txt
2100697,Parcel Inc.,D,20251211,edgar/data/2100697/0002100697-25-000001.txt
2100703,"RW Ventures VII, a series of Rigby & Watts Capital Ventures, LLC",D,20251211,edgar/data/2100703/0002100703-25-000001.txt
2100716,"Allurean 1, LLC",D,20251211,edgar/data/2100716/0002100716-25-000001.txt
2100777,MLG Fund VII REIT LLC,D,20251211,edgar/data/2100777/0002100777-25-000001.txt
2100803,Goldera Corp,D,20251211,edgar/data/2100803/0002100803-25-000001.txt
908259,"Oncotelic Therapeutics, Inc.",D,20251211,edgar/data/908259/0001493152-25-027270.txt
10048,BARNWELL INDUSTRIES INC,D,20251212,edgar/data/10048/0001140361-25-045407.txt
1057344,CU DIRECT CORP,D,20251212,edgar/data/1057344/0001057344-25-000003.txt
1478985,"Pacific Integrated Energy, Inc.",D,20251212,edgar/data/1478985/0001478985-25-000003.txt
1681152,"Nomad Health, Inc.",D,20251212,edgar/data/1681152/0001681152-25-000002.txt
1734427,Colibri Resource Corp,D,20251212,edgar/data/1734427/0001062993-25-017309.txt
1745932,"HerdDogg, Inc.",D,20251212,edgar/data/1745932/0001745932-25-000004.txt
1762094,"TenCore Partners U.S., LP",D,20251212,edgar/data/1762094/0001762094-25-000002.txt
1793491,Void Star Holdings Inc.,D,20251212,edgar/data/1793491/0001793491-25-000002.txt
1815708,Telos Biotech Inc.,D,20251212,edgar/data/1815708/0001815708-25-000002.txt
1892490,UncommonX Inc.,D,20251212,edgar/data/1892490/0001892490-25-000002.txt
1923730,"Kore Infrastructure, LLC",D,20251212,edgar/data/1923730/0001923730-25-000004.txt
1924010,Pistol Ridge Secured Twelve Percent Convertible Promissory Note Joint Venture,D,20251212,edgar/data/1924010/0001924010-25-000005.txt
1929046,"Zeno Power Systems, Inc.",D,20251212,edgar/data/1929046/0001929046-25-000003.txt
1957325,EAG Holdings LP,D,20251212,edgar/data/1957325/0001957325-25-000004.txt
1968769,S2A Modular Corp,D,20251212,edgar/data/1968769/0001968769-25-000003.txt
1970529,Wholemax Inc.,D,20251212,edgar/data/1970529/0001970529-25-000007.txt
1981285,"Consano Bio, Inc.",D,20251212,edgar/data/1981285/0001981285-25-000005.txt
1984008,Cosa Resources Corp.,D,20251212,edgar/data/1984008/0001062993-25-017308.txt
2000719,"PARADYME FUND A II, LLC",D,20251212,edgar/data/2000719/0002000719-25-000003.txt
2020003,"Aqueduct Software, Inc.",D,20251212,edgar/data/2020003/0002020003-25-000003.txt
2021908,"Relativity Networks, Inc.",D,20251212,edgar/data/2021908/0002021908-25-000004.txt
2023290,"Valkyrie Topco, LLC",D,20251212,edgar/data/2023290/0000945621-25-001202.txt
2025571,"SA-0422 Fund I, a series of LZ1 Funds, LP",D,20251212,edgar/data/2025571/0002025571-25-000002.txt
2031629,Fincretive LLC,D,20251212,edgar/data/2031629/0002031629-25-000004.txt
2036503,"DIRECT CO-INVESTMENT FUND II (OFFSHORE), L.P.",D,20251212,edgar/data/2036503/0002036503-25-000002.txt
2036504,"DIRECT CO-INVESTMENT FUND II, L.P.",D,20251212,edgar/data/2036504/0002036504-25-000002.txt
2044414,Finality Capital Partners Fund II LP,D,20251212,edgar/data/2044414/0002044414-25-000002.txt
2048474,"StoryPath, LLC",D,20251212,edgar/data/2048474/0002048474-25-000003.txt
2062624,Ember Sports Inc.,D,20251212,edgar/data/2062624/0000891839-25-000174.txt
2063138,"Drive Capital Ignition Fund V, L.P.",D,20251212,edgar/data/2063138/0002063138-25-000002.txt
2068302,Blue Owl HomeCourt Purple LP,D,20251212,edgar/data/2068302/0002068302-25-000001.txt
2068303,Blue Owl HomeCourt Purple LLC,D,20251212,edgar/data/2068303/0002068303-25-000001.txt
2070212,"Atlantic Park Strategic Capital Fund III RNF, L.P.",D,20251212,edgar/data/2070212/0000950142-25-003175.txt
2078457,"Series X Capital Affiliates Fund I, L.P.",D,20251212,edgar/data/2078457/0001231919-25-000612.txt
2081488,"Solamere Paragon Feeder Fund, LP",D,20251212,edgar/data/2081488/0002081488-25-000001.txt
2081698,"Flawless Fundamentals, LP - I",D,20251212,edgar/data/2081698/0002081698-25-000001.txt
2082050,"Solamere Paragon, LP",D,20251212,edgar/data/2082050/0002082050-25-000001.txt
2082436,"CO-0725 Fund I, a series of Roll Up Vehicles, LP",D,20251212,edgar/data/2082436/0002082436-25-000001.txt
2082561,"Golub Capital Lake Shore Fund, L.P.",D,20251212,edgar/data/2082561/0002082561-25-000001.txt
2082777,"NA-0813 Fund I, a series of Zachary Ginsburg Funds, LP",D,20251212,edgar/data/2082777/0002082777-25-000001.txt
2083936,"Long Path Holdings 5, LP",D,20251212,edgar/data/2083936/0002083936-25-000002.txt
2085204,"MVPCAMA25, a series of MVP II Co-Invest LLC",D,20251212,edgar/data/2085204/0002085204-25-000001.txt
2085494,EquityZen Growth Technology Fund LLC - Series 2178,D,20251212,edgar/data/2085494/0002085494-25-000001.txt
2086183,"TSG Ventures XXIX, LLC",D,20251212,edgar/data/2086183/0002086183-25-000001.txt
2088391,Baekeland Sidecar OI LP,D,20251212,edgar/data/2088391/0002088391-25-000001.txt
2088763,"MDP Arevi Fund I Executive-B, L.P.",D,20251212,edgar/data/2088763/0002088763-25-000001.txt
2088764,"MDP Arevi Fund I Executive-A, L.P.",D,20251212,edgar/data/2088764/0002088764-25-000001.txt
2088765,"MDP Arevi Fund I-A, L.P.",D,20251212,edgar/data/2088765/0002088765-25-000001.txt
2088778,"Ara Energy Fund I, LP",D,20251212,edgar/data/2088778/0000950103-25-016053.txt
2088818,"Ara Energy Fund I-A, SCSp",D,20251212,edgar/data/2088818/0000950103-25-016054.txt
2088819,"Ara Energy I Biofuel Blocked Co-Investment, LP",D,20251212,edgar/data/2088819/0000950103-25-016046.txt
2088824,"Ara Energy I Power Co-Investment, LP",D,20251212,edgar/data/2088824/0000950103-25-016051.txt
2088836,"Ara Energy I Distribution Co-Investment, LP",D,20251212,edgar/data/2088836/0000950103-25-016049.txt
2090498,EquityZen Growth Technology Fund LLC - Series 2187,D,20251212,edgar/data/2090498/0002090498-25-000001.txt
2090499,EquityZen Growth Technology Fund LLC - Series 2186,D,20251212,edgar/data/2090499/0002090499-25-000001.txt
2090685,"Ara Energy I Biofuel Co-Investment, LP",D,20251212,edgar/data/2090685/0000950103-25-016047.txt
2090686,"Ara Energy I Power Blocked Co-Investment, LP",D,20251212,edgar/data/2090686/0000950103-25-016050.txt
2090951,"Homecourt, Inc.",D,20251212,edgar/data/2090951/0002090951-25-000003.txt
2091142,"ICONIQ Strategic Partners VIII-B, L.P.",D,20251212,edgar/data/2091142/0002091142-25-000001.txt
2091750,"Sands Capital Horizons Public Equity Partners Fund, L.P.",D,20251212,edgar/data/2091750/0002091750-25-000001.txt
2092160,Oslerway Capital US Fund LP,D,20251212,edgar/data/2092160/0002092160-25-000002.txt
2092489,"ICONIQ Strategic Partners VIII, L.P.",D,20251212,edgar/data/2092489/0002092489-25-000001.txt
2093482,"MDP Arevi Fund I-C, L.P.",D,20251212,edgar/data/2093482/0002093482-25-000001.txt
2093521,"MDP Arevi Fund I-B, L.P.",D,20251212,edgar/data/2093521/0002093521-25-000001.txt
2093772,SPV Exposure to SpaceX LLC,D,20251212,edgar/data/2093772/0000929638-25-004588.txt
2093881,"PrePublic Equity Partners Fund 1, LLC",D,20251212,edgar/data/2093881/0002093881-25-000001.txt
2094514,"Ara Energy I Power ND Blocked Co-Investment, LP",D,20251212,edgar/data/2094514/0000950103-25-016052.txt
2094515,"Ara Energy I Biofuel ND Blocked Co-Investment, LP",D,20251212,edgar/data/2094515/0000950103-25-016048.txt
2094872,"MDP Arevi Co-Investors (Rome), L.P.",D,20251212,edgar/data/2094872/0002094872-25-000001.txt
2094917,"GIP Capital Solutions Levered Feeder Fund III, L.P.",D,20251212,edgar/data/2094917/0002062357-25-000144.txt
2094923,"MVPONEC125, a series of MVP II Co-Invest LLC",D,20251212,edgar/data/2094923/0002094923-25-000001.txt
2095229,"BACKGROUND CAPITAL FUND V, L.P.",D,20251212,edgar/data/2095229/0001470831-25-000405.txt
2095230,"High Wheelers Growth Partners, LLC",D,20251212,edgar/data/2095230/0002080612-25-000023.txt
2095437,Monarch LBC LLC,D,20251212,edgar/data/2095437/0002095437-25-000001.txt
2096032,"SHACK-ST-1031 Fund I, a series of AngelList Funds 2025, LP",D,20251212,edgar/data/2096032/0002096032-25-000001.txt
2096158,EquityZen Growth Technology Fund LLC - Series 2203,D,20251212,edgar/data/2096158/0002096158-25-000001.txt
2096207,AE Wolfcamp I Investor Inc.,D,20251212,edgar/data/2096207/0002096207-25-000001.txt
2096716,"Vanta Ventures, LLC",D,20251212,edgar/data/2096716/0002096716-25-000001.txt
2096845,"Empros Technologies Fund XXXV, LLC",D,20251212,edgar/data/2096845/0002096845-25-000001.txt
2096906,Fern Valley Partners LLC,D,20251212,edgar/data/2096906/0002096906-25-000001.txt
2097378,"BCC Opportunity Fund I, L.P.",D,20251212,edgar/data/2097378/0000914062-25-000012.txt
2097987,"Sugar Land Medical Properties, L.P.",D,20251212,edgar/data/2097987/0002097987-25-000001.txt
2098390,"CO Fund II, a series of Night Capital Opportunities, LP",D,20251212,edgar/data/2098390/0002098390-25-000001.txt
2098607,"Obra Clif Feeder 2025-1, LLC",D,20251212,edgar/data/2098607/0001012975-25-000900.txt
2098660,"CIMA Co-Invest Fund, L.P.",D,20251212,edgar/data/2098660/0000950103-25-016063.txt
2098681,Plural Opportunity I SCSp,D,20251212,edgar/data/2098681/0001470831-25-000397.txt
2098683,Plural III SCSp,D,20251212,edgar/data/2098683/0001470831-25-000396.txt
2098738,Conversant Project Finance Partners LP,D,20251212,edgar/data/2098738/0002098738-25-000001.txt
2098819,CPFP Loan Feeder LP,D,20251212,edgar/data/2098819/0002098819-25-000001.txt
2098875,"CIT Acquisition Company, LLC",D,20251212,edgar/data/2098875/0002098875-25-000001.txt
2099440,Windy Financial LLC,D,20251212,edgar/data/2099440/0002099440-25-000001.txt
2099486,"ZE-1120 Fund I, a series of Syntax Ventures, LP",D,20251212,edgar/data/2099486/0002099486-25-000001.txt
2099563,YAWN NEST LLC,D,20251212,edgar/data/2099563/0002099563-25-000001.txt
2099565,"Cross Creek Partners VIII, L.P.",D,20251212,edgar/data/2099565/0000912282-25-001406.txt
2099637,"Basis Set Ventures IV, L.P.",D,20251212,edgar/data/2099637/0002099637-25-000001.txt
2099679,Upside Auctions Holdings LLC,D,20251212,edgar/data/2099679/0002099679-25-000001.txt
2099703,"Headley Funds, LLC Amity III",D,20251212,edgar/data/2099703/0002099703-25-000001.txt
2099734,Greenfinity Capital LLC,D,20251212,edgar/data/2099734/0002099734-25-000001.txt
2099911,Bregal Sagemount V-B L.P.,D,20251212,edgar/data/2099911/0002099911-25-000001.txt
2099917,Bregal Sagemount V-A L.P.,D,20251212,edgar/data/2099917/0002099917-25-000001.txt
2099944,EastFundLLC,D,20251212,edgar/data/2099944/0002099944-25-000001.txt
2099971,"Villain Ventures Fund I, LP",D,20251212,edgar/data/2099971/0002099971-25-000002.txt
2099986,"Swan Investment Partners Fund I-A, LP",D,20251212,edgar/data/2099986/0002099986-25-000001.txt
2099987,"Swan Investment Partners Fund I, LP",D,20251212,edgar/data/2099987/0002099987-25-000001.txt
2099994,Meridiem Offshore Partners Ltd,D,20251212,edgar/data/2099994/0002099994-25-000001.txt
2100110,"SCG LMR, LLC",D,20251212,edgar/data/2100110/0002100110-25-000001.txt
2100186,Menlo Opportunities Access Offshore LP,D,20251212,edgar/data/2100186/0002100186-25-000001.txt
2100196,Apex Vest Capital,D,20251212,edgar/data/2100196/0002100196-25-000001.txt
2100229,DEEP OCEAN PARTNERS SPV I LLC,D,20251212,edgar/data/2100229/0002100229-25-000001.txt
2100255,"Farther Select Access Fund II, LP",D,20251212,edgar/data/2100255/0002100255-25-000001.txt
2100258,"Farther Select Access Fund I, LP",D,20251212,edgar/data/2100258/0002100258-25-000001.txt
2100259,Altair Industries Fund I LP,D,20251212,edgar/data/2100259/0002100259-25-000001.txt
2100260,Altair Industries Fund I-A LP,D,20251212,edgar/data/2100260/0002100260-25-000001.txt
2100304,"CE-1110 Fund III, a series of Todd & Rahul's Angel Deals, LP",D,20251212,edgar/data/2100304/0002100304-25-000001.txt
2100362,Minutes Mojo Inc.,D,20251212,edgar/data/2100362/0002100362-25-000001.txt
2100389,"Leap-PR-0915 Fund I, a series of AngelList Funds 2025, LP",D,20251212,edgar/data/2100389/0002100389-25-000001.txt
2100403,"FV-BFS Fund I, a series of Fogline Ventures, LP",D,20251212,edgar/data/2100403/0002100403-25-000001.txt
2100435,109 Doors Nursery LLC,D,20251212,edgar/data/2100435/0002100435-25-000001.txt
2100468,Payout Private Credit Fund LP,D,20251212,edgar/data/2100468/0002100468-25-000001.txt
2100548,EA Cook Street LP,D,20251212,edgar/data/2100548/0001213900-25-120984.txt
2100582,Inverness Place LLC,D,20251212,edgar/data/2100582/0002100582-25-000001.txt
2100611,"SCH Diversifying Fund-A, LLC",D,20251212,edgar/data/2100611/0002100611-25-000001.txt
2100619,"Immersive Enterprise Laboratories, Inc",D,20251212,edgar/data/2100619/0002100619-25-000001.txt
2100624,GEN215 West Pine Lofts LLC,D,20251212,edgar/data/2100624/0002100624-25-000001.txt
2100631,"Rauch Capital Burst CLXXXII, a series of Rauch Capital Burst, LP",D,20251212,edgar/data/2100631/0002100631-25-000001.txt
2100666,"WA-1106 Fund I, a series of Roll Up Vehicles, LP",D,20251212,edgar/data/2100666/0002100666-25-000001.txt
2100685,Starfish Specialty Programs Holdings Corp.,D,20251212,edgar/data/2100685/0002100685-25-000001.txt
2100696,"Lightning 2025, L.P.",D,20251212,edgar/data/2100696/0002100696-25-000001.txt
2100700,"CAHF, LLC",D,20251212,edgar/data/2100700/0002100700-25-000001.txt
2100701,Entrokey Labs Inc.,D,20251212,edgar/data/2100701/0002100701-25-000001.txt
2100711,Eucalyptus Capital LLC,D,20251212,edgar/data/2100711/0002100711-25-000001.txt
2100718,We B Excite LLC,D,20251212,edgar/data/2100718/0002100718-25-000001.txt
2100720,Billsas Securities Ltd,D,20251212,edgar/data/2100720/0002100720-25-000001.txt
2100728,CapVest Strategic Opportunities 12 SCSp,D,20251212,edgar/data/2100728/0002100728-25-000001.txt
2100759,W Health Ventures Fund II LP,D,20251212,edgar/data/2100759/0001470831-25-000400.txt
2100769,"Stuart 2024, LLC",D,20251212,edgar/data/2100769/0002100769-25-000001.txt
2100830,EO CARE WITH IMBOLC PARTNERS A SERIES OF MASTER FUND 1 LLC,D,20251212,edgar/data/2100830/0002100830-25-000001.txt
2100845,Alloyed Strategies Income Fund 1 a series of Alloyed Strategies Master Fund 1 LLC,D,20251212,edgar/data/2100845/0002100845-25-000001.txt
2100851,"Resource Royalty Drilling Fund 2025, LP",D,20251212,edgar/data/2100851/0002100851-25-000001.txt
2100879,Fourth Edge LLC,D,20251212,edgar/data/2100879/0002100879-25-000001.txt
2100879,Fourth Edge LLC,D,20251212,edgar/data/2100879/0002100879-25-000002.txt
2100888,Storytime Online Inc.,D,20251212,edgar/data/2100888/0002100888-25-000001.txt
2100914,"5300 Airways Blvd TN REIT, LLC",D,20251212,edgar/data/2100914/0002100914-25-000001.txt
2100917,"Artemis Healthcare Fund III REIT, LLC",D,20251212,edgar/data/2100917/0002100917-25-000001.txt
2100926,AccelMD Avondale Commons LLC,D,20251212,edgar/data/2100926/0002100926-25-000001.txt
2100929,"Links Car Wash Florida Investors, LLC",D,20251212,edgar/data/2100929/0002100929-25-000001.txt
2100930,Post Road Real Estate Credit Opportunity Fund LP,D,20251212,edgar/data/2100930/0002100930-25-000001.txt
2100954,SONU Viva Opportunity LLC,D,20251212,edgar/data/2100954/0002100954-25-000001.txt
2100959,"Roast Republic, ETC, LLC",D,20251212,edgar/data/2100959/0002100959-25-000001.txt
2100962,"KYS Vision, Inc.",D,20251212,edgar/data/2100962/0002100962-25-000001.txt
2100974,"Rilian Technologies, Inc.",D,20251212,edgar/data/2100974/0002100974-25-000002.txt
2100974,"Rilian Technologies, Inc.",D,20251212,edgar/data/2100974/0002100974-25-000003.txt
1288268,Intrepid Metals Corp.,D,20251215,edgar/data/1288268/0001062993-25-017339.txt
1460180,LINCOLN LIFE SEPARATE ACCOUNT BL1 OF THE LINCOLN NATIONAL LIFE INS. CO,D,20251215,edgar/data/1460180/0001460180-25-000002.txt
1491364,"Lincoln Life Separate Account BLM, The Lincoln National Life Insurance Co",D,20251215,edgar/data/1491364/0001491364-25-000002.txt
1491556,"Lincoln Life Separate Account BL3, The Lincoln National Life Insurance Co",D,20251215,edgar/data/1491556/0001491556-25-000002.txt
1565802,"Bear Creek Warehouse, LLC",D,20251215,edgar/data/1565802/0001565802-25-000004.txt
1683583,"BEAR CREEK DEBT WAREHOUSE, LLC",D,20251215,edgar/data/1683583/0001683583-25-000004.txt
1716702,"PatientFi, Inc.",D,20251215,edgar/data/1716702/0001716702-25-000004.txt
1722907,"Proof Technology, Inc.",D,20251215,edgar/data/1722907/0001722907-25-000002.txt
1795106,"Harpoon Holdings, L.P.",D,20251215,edgar/data/1795106/0001795106-25-000028.txt
1826382,Midland Portfolio APA Investor LLC,D,20251215,edgar/data/1826382/0001826382-25-000004.txt
1850261,"Novilytic, LLC",D,20251215,edgar/data/1850261/0001850261-25-000002.txt
1861913,"Pomp Beauty, Inc.",D,20251215,edgar/data/1861913/0001861913-25-000002.txt
1872964,Maris Tech Ltd.,D,20251215,edgar/data/1872964/0001213900-25-121351.txt
1898722,Modern Mining Technology Corp.,D,20251215,edgar/data/1898722/0001213900-25-121464.txt
1977659,Inflexion Buyout Fund VII (No. 3) SCSp,D,20251215,edgar/data/1977659/0001977659-25-000004.txt
1984158,"HB-WIN 2023 Voxel Series, a series of HB-WIN LLC",D,20251215,edgar/data/1984158/0001984158-25-000002.txt
1984958,Lynstone Capital Opportunities Fund (No.2) SCSp,D,20251215,edgar/data/1984958/0001984958-25-000002.txt
1984962,Lynstone Capital Opportunities Fund (No.3) SCSp,D,20251215,edgar/data/1984962/0001984962-25-000002.txt
2003069,"Anchorage Multi-Asset Credit Fund, L.P.",D,20251215,edgar/data/2003069/0000905148-25-004347.txt
2003146,"Anchorage Multi-Asset Credit Fund Offshore, Ltd.",D,20251215,edgar/data/2003146/0000905148-25-004345.txt
2036427,"Minerva BI, Inc.",D,20251215,edgar/data/2036427/0002036427-25-000003.txt
2044782,"Sands Capital Scaling Innovation Fund, L.P.",D,20251215,edgar/data/2044782/0002044782-25-000004.txt
2050202,"HB-WIN 2024 Deep Blue Series, a series of HB-WIN LLC",D,20251215,edgar/data/2050202/0002050202-25-000002.txt
2055361,"Amilar Partners, LP",D,20251215,edgar/data/2055361/0002055361-25-000003.txt
2062340,Campus Comforts Inc,D,20251215,edgar/data/2062340/0002062340-25-000005.txt
2063134,"Drive Capital Fund V, L.P.",D,20251215,edgar/data/2063134/0002063134-25-000002.txt
2063250,"Drive Capital Overdrive Ignition Fund III, L.P.",D,20251215,edgar/data/2063250/0002063250-25-000002.txt
2063312,"Drive Capital Overdrive Fund III, L.P.",D,20251215,edgar/data/2063312/0002063312-25-000002.txt
2064460,"OceanSound Partners Fund III, LP",D,20251215,edgar/data/2064460/0000950142-25-003191.txt
2064559,"Witman Properties, Inc.",D,20251215,edgar/data/2064559/0002064559-25-000002.txt
2072409,GS EU Fund SCSp,D,20251215,edgar/data/2072409/0002072409-25-000001.txt
2073626,EquityZen Growth Technology Fund LLC - Series 2123,D,20251215,edgar/data/2073626/0002073626-25-000002.txt
2074694,"Chariot Holding Company, LP",D,20251215,edgar/data/2074694/0002074694-25-000004.txt
2074867,1st American Nuclear Co.,D,20251215,edgar/data/2074867/0002074867-25-000004.txt
2077547,Novac Lending LLC,D,20251215,edgar/data/2077547/0002077547-25-000001.txt
2077919,BullMentor Inc.,D,20251215,edgar/data/2077919/0002077919-25-000002.txt
2080973,MySALT AI Inc.,D,20251215,edgar/data/2080973/0002080973-25-000001.txt
2082422,"JO-0520 Fund I, a series of Roll Up Vehicles, LP",D,20251215,edgar/data/2082422/0002082422-25-000001.txt
2082456,"DA-0715 Fund II, a series of Roll Up Vehicles, LP",D,20251215,edgar/data/2082456/0002082456-25-000001.txt
2087487,"AVSF - Point One Navigation 2025, LLC",D,20251215,edgar/data/2087487/0002087487-25-000001.txt
2088797,"Eir Partners III, LP",D,20251215,edgar/data/2088797/0002088797-25-000001.txt
2088798,"Eir Partners III-A, LP",D,20251215,edgar/data/2088798/0002088798-25-000001.txt
2088991,Axcelus Financial Life Insurance Co Separate Account VL 487,D,20251215,edgar/data/2088991/0002088991-25-000001.txt
2089025,"BL-0916 Fund I, a series of Hustle Fund Angel Squad Verticals, LP",D,20251215,edgar/data/2089025/0002089025-25-000001.txt
2089232,EQT XI (No.3) EUR SCSp,D,20251215,edgar/data/2089232/0002089232-25-000001.txt
2089233,EQT XI (No.2) USD SCSp,D,20251215,edgar/data/2089233/0002089233-25-000001.txt
2089234,EQT XI (No.2) EUR SCSp,D,20251215,edgar/data/2089234/0002089234-25-000001.txt
2089235,EQT XI (No.1) USD SCSp,D,20251215,edgar/data/2089235/0002089235-25-000001.txt
2089236,EQT XI (No.1) EUR SCSp,D,20251215,edgar/data/2089236/0002089236-25-000001.txt
2089790,Integra Master Series LLC - LSVP I,D,20251215,edgar/data/2089790/0001213900-25-121426.txt
2089976,Inflexion Buyout Fund VII (No. 1) Limited Partnership,D,20251215,edgar/data/2089976/0002089976-25-000001.txt
2089977,Inflexion Buyout Fund VII (No. 2) Limited Partnership,D,20251215,edgar/data/2089977/0002089977-25-000001.txt
2090925,"Lux Ventures IX, L.P.",D,20251215,edgar/data/2090925/0000905148-25-004354.txt
2091882,"Prevail Seville Plaza, LLC",D,20251215,edgar/data/2091882/0002091882-25-000002.txt
2091948,Shot Glass List Limited Partnership,D,20251215,edgar/data/2091948/0002091948-25-000001.txt
2092621,"PNC LIHTC Fund 100, LLC",D,20251215,edgar/data/2092621/0002092621-25-000001.txt
2092866,"BR-1001 Fund II, a series of Zachary Ginsburg Funds, LP",D,20251215,edgar/data/2092866/0002092866-25-000001.txt
2094053,Integra Master Series LLC - AI Infra III,D,20251215,edgar/data/2094053/0001213900-25-121425.txt
2094058,Integra Master Series LLC - RC Fund,D,20251215,edgar/data/2094058/0001213900-25-121427.txt
2094415,Sona Capital Solutions III SCSp,D,20251215,edgar/data/2094415/0002094415-25-000001.txt
2094416,Sona Capital Solutions III (Feeder) SCSp,D,20251215,edgar/data/2094416/0002094416-25-000001.txt
2094802,MVP LS FUND DCIX LLC,D,20251215,edgar/data/2094802/0002094802-25-000001.txt
2094805,MVP LS FUND DCVI LLC,D,20251215,edgar/data/2094805/0002094805-25-000001.txt
2095971,MVP LS FUND DCX LLC,D,20251215,edgar/data/2095971/0002095971-25-000001.txt
2096137,EquityZen Growth Technology Fund LLC - Series 2224,D,20251215,edgar/data/2096137/0002096137-25-000001.txt
2096981,"PrePublic Equity Partners Fund 1Q, LLC",D,20251215,edgar/data/2096981/0002096981-25-000001.txt
2097290,ONE SOURCE MULTINATIONAL & EQUITY CAPITAL FUND LTD. LIABILITY CO.,D,20251215,edgar/data/2097290/0002097290-25-000002.txt
2097290,ONE SOURCE MULTINATIONAL & EQUITY CAPITAL FUND LTD. LIABILITY CO.,D,20251215,edgar/data/2097290/0002097290-25-000003.txt
2097396,"S16PV Anthe, LP",D,20251215,edgar/data/2097396/0002097396-25-000001.txt
2097469,"AP Jaguar Co-Invest (Parallel Feeder), L.P.",D,20251215,edgar/data/2097469/0000950142-25-003190.txt
2097470,"AP Jaguar Co-Invest (Parallel), L.P.",D,20251215,edgar/data/2097470/0000950142-25-003189.txt
2097472,"AP Jaguar Co-Invest, L.P.",D,20251215,edgar/data/2097472/0000950142-25-003188.txt
2097496,EPIC Ramp LP,D,20251215,edgar/data/2097496/0002097496-25-000001.txt
2097535,"FIVF IV (REIT), LLC",D,20251215,edgar/data/2097535/0002097535-25-000001.txt
2097837,"Greycroft Consumer Products Fund II, L.P.",D,20251215,edgar/data/2097837/0001470831-25-000413.txt
2097974,"KRI Fund I, LP",D,20251215,edgar/data/2097974/0002097974-25-000001.txt
2098018,CAB 290 Coles SubREIT LLC,D,20251215,edgar/data/2098018/0002098018-25-000001.txt
2098092,"Vanquish-TE-0818 Fund II, a series of AngelList Funds 2025, LP",D,20251215,edgar/data/2098092/0002098092-25-000001.txt
2098205,Starlo Ventures Ltd.,D,20251215,edgar/data/2098205/0002064835-25-000046.txt
2098213,BGO Industrial Strategies II LP,D,20251215,edgar/data/2098213/0001315863-25-000845.txt
2098788,"Sharpvue, Inc.",D,20251215,edgar/data/2098788/0002098788-25-000001.txt
2098865,"Genabot, Inc.",D,20251215,edgar/data/2098865/0000929638-25-004590.txt
2098884,"SUNDIAL HOLDINGS I, LLC",D,20251215,edgar/data/2098884/0002098884-25-000001.txt
2098907,"Wellington Late-Stage Growth Partners V, L.P.",D,20251215,edgar/data/2098907/0000904454-25-000633.txt
2098977,Wellington Late-Stage Growth Border Investors (Luxembourg) V SCSp,D,20251215,edgar/data/2098977/0000904454-25-000633.txt
2098979,"Red Planet I, a series of Wefunds LLC",D,20251215,edgar/data/2098979/0002098979-25-000001.txt
2098982,Wellington Late-Stage Growth Investors (Cayman) V L.P.,D,20251215,edgar/data/2098982/0000904454-25-000633.txt
2098991,HLV Innovation Fund III LLC,D,20251215,edgar/data/2098991/0002098991-25-000001.txt
2099116,Wellington Late-Stage Growth Master Investors (Cayman) V L.P.,D,20251215,edgar/data/2099116/0000904454-25-000633.txt
2099186,"Red-BI-1120 Fund II, a series of AngelList Funds 2025, LP",D,20251215,edgar/data/2099186/0002099186-25-000001.txt
2099202,"CL-1120 Fund I, a series of Sajid Rahman Angel Funds, LP",D,20251215,edgar/data/2099202/0002099202-25-000001.txt
2099247,"AVSF - Endolith 2025, LLC",D,20251215,edgar/data/2099247/0002099247-25-000001.txt
2099254,"Humanoid QP I, a series of Wefunds LLC",D,20251215,edgar/data/2099254/0002099254-25-000001.txt
2099473,Infracost Inc,D,20251215,edgar/data/2099473/0002099473-25-000001.txt
2099536,Lyric Capital Royalty Fund III LP,D,20251215,edgar/data/2099536/0002099536-25-000001.txt
2099537,Lyric Capital Royalty Feeder Fund III LP,D,20251215,edgar/data/2099537/0002099536-25-000001.txt
2099548,Vault Storage 3 LLC,D,20251215,edgar/data/2099548/0002099548-25-000001.txt
2099649,PRP Bakken I-H LP,D,20251215,edgar/data/2099649/0001437749-25-037865.txt
2099735,FormX Inc.,D,20251215,edgar/data/2099735/0000905148-25-004340.txt
2099932,"Tutis Group, Inc.",D,20251215,edgar/data/2099932/0002099932-25-000001.txt
2099983,Caregility Corp,D,20251215,edgar/data/2099983/0002099983-25-000001.txt
2100016,"HREX 9, DST",D,20251215,edgar/data/2100016/0002100016-25-000001.txt
2100023,One Peak Growth IV SCSp,D,20251215,edgar/data/2100023/0001012975-25-000903.txt
2100102,"REDI Core Rated Note Series 3, a series trust of Neuberger Berman Real Estate Debt Income Fund Umbrella Unit Trust 1",D,20251215,edgar/data/2100102/0002100102-25-000002.txt
2100171,"MIOF HO, L.P.",D,20251215,edgar/data/2100171/0002100171-25-000001.txt
2100179,"CURAH, L.P.",D,20251215,edgar/data/2100179/0001104659-25-120735.txt
2100191,"Activant Capital VI (Offshore Feeder), LP",D,20251215,edgar/data/2100191/0002100191-25-000001.txt
2100193,"Activant Capital VI, LP",D,20251215,edgar/data/2100193/0002100193-25-000001.txt
2100244,Kesrel Group LLC,D,20251215,edgar/data/2100244/0002100244-25-000001.txt
2100250,Kirkland Lake Discoveries Corp.,D,20251215,edgar/data/2100250/0002064835-25-000047.txt
2100277,Fxcare Ltd,D,20251215,edgar/data/2100277/0002100277-25-000001.txt
2100309,"LU-1124 Fund II, a series of Zachary Ginsburg Funds, LP",D,20251215,edgar/data/2100309/0002100309-25-000001.txt
2100321,"Greystar Equity Partners XII, LP",D,20251215,edgar/data/2100321/0002100321-25-000001.txt
2100322,"Greystar Equity Partners XII (892), LP",D,20251215,edgar/data/2100322/0002100322-25-000001.txt
2100397,"DE-1112 Fund III, a series of Psychedelic Medicine SPV, LP",D,20251215,edgar/data/2100397/0002100397-25-000001.txt
2100422,MEBANEWOOD FUND LP,D,20251215,edgar/data/2100422/0002100422-25-000001.txt
2100440,PCP Fund III LP,D,20251215,edgar/data/2100440/0002100440-25-000001.txt
2100442,PCP Fund III B LP,D,20251215,edgar/data/2100442/0002100442-25-000001.txt
2100494,V360 Holdings LLC Series 212 RP SPV,D,20251215,edgar/data/2100494/0002100494-25-000001.txt
2100514,V360 Holdings LLC Series 212 RP SPV2,D,20251215,edgar/data/2100514/0002100514-25-000001.txt
2100522,Hualu International Ltd,D,20251215,edgar/data/2100522/0002100522-25-000001.txt
2100530,"Red Horn Alpha Fund, LLC",D,20251215,edgar/data/2100530/0002100530-25-000001.txt
2100545,RSCM SPV - Forum Accelerator VI - a series of V360 Holdings LLC,D,20251215,edgar/data/2100545/0002100545-25-000001.txt
2100580,"Multikor.ai, Inc.",D,20251215,edgar/data/2100580/0002100580-25-000001.txt
2100593,Pearl Co-Invest L.P.,D,20251215,edgar/data/2100593/0002100593-25-000001.txt
2100608,"iCapital-NorthSands Capital I Access Fund, L.P.",D,20251215,edgar/data/2100608/0002100608-25-000001.txt
2100620,"Western Alternative Strategies, L.P. - GPS VIII Series",D,20251215,edgar/data/2100620/0001315863-25-000846.txt
2100698,"Rocket Lodging, LLC",D,20251215,edgar/data/2100698/0002100698-25-000001.txt
2100699,"Ooltewah Lodging, LLC",D,20251215,edgar/data/2100699/0002100699-25-000001.txt
2100710,SDP Special Situations LLC - Series Y,D,20251215,edgar/data/2100710/0000905148-25-004343.txt
2100763,SDP Special Situations LLC - Series Z,D,20251215,edgar/data/2100763/0000905148-25-004344.txt
2100916,SDP Special Situations LLC - Series A1,D,20251215,edgar/data/2100916/0000905148-25-004341.txt
2100950,"Chariot Capital II, LP",D,20251215,edgar/data/2100950/0002100950-25-000001.txt
2100951,Dolphin Exchange Ltd,D,20251215,edgar/data/2100951/0002100951-25-000001.txt
2101121,Going Bacharach LLC,D,20251215,edgar/data/2101121/0002101121-25-000001.txt
2101122,Sha Media Group Ltd,D,20251215,edgar/data/2101122/0002101122-25-000001.txt
2101129,"OpenLogx, Inc.",D,20251215,edgar/data/2101129/0002101129-25-000001.txt
2101156,Bourbon: America's Spirit LLC,D,20251215,edgar/data/2101156/0002101156-25-000001.txt
2101160,"Viewpoint - Moxie SPV, LP",D,20251215,edgar/data/2101160/0002101160-25-000001.txt
2101223,"Ascend Investment Fund, LLC",D,20251215,edgar/data/2101223/0002101223-25-000001.txt
2101249,CG BDG Capital LLC,D,20251215,edgar/data/2101249/0002101249-25-000001.txt
2101267,Kronos Traders LLC,D,20251215,edgar/data/2101267/0002101267-25-000001.txt
1460116,Lincoln Life Separate Account BL2 of the Lincoln National Life Insurance Co,D,20251216,edgar/data/1460116/0001460116-25-000002.txt
1534866,Boston Trust Walden Corp,D,20251216,edgar/data/1534866/0001534866-25-000017.txt
1608326,Aeolus Property Catastrophe Keystone PF Fund LP,D,20251216,edgar/data/1608326/0001608326-25-000003.txt
1608327,Aeolus Property Catastrophe Spire PF Fund LP,D,20251216,edgar/data/1608327/0001608327-25-000003.txt
1634025,PittMoss LLC,D,20251216,edgar/data/1634025/0001634025-25-000006.txt
1667526,"Chicago Capital Onshore Fund, LLC",D,20251216,edgar/data/1667526/0000929638-25-004628.txt
1672040,"Innovu, Inc.",D,20251216,edgar/data/1672040/0001672040-25-000002.txt
1715444,DeGirum Corp.,D,20251216,edgar/data/1715444/0001715444-25-000003.txt
1733736,"Activz Global, LLC",D,20251216,edgar/data/1733736/0001733736-25-000002.txt
1784960,"BluePath Finance, Inc.",D,20251216,edgar/data/1784960/0001784960-25-000002.txt
1824123,Sugarfina Corp,D,20251216,edgar/data/1824123/0001824123-25-000002.txt
1845848,LivFul Inc.,D,20251216,edgar/data/1845848/0001845848-25-000003.txt
1850309,"Creative Planning Employee Investment, LLC",D,20251216,edgar/data/1850309/0001014108-25-000083.txt
1886786,"Zippy, Inc. /DE",D,20251216,edgar/data/1886786/0001886786-25-000002.txt
1887184,Prisidio Inc.,D,20251216,edgar/data/1887184/0001887184-25-000002.txt
1894716,"Quadrant Private Capital Solutions Platform, LP",D,20251216,edgar/data/1894716/0001894716-25-000010.txt
1894716,"Quadrant Private Capital Solutions Platform, LP",D,20251216,edgar/data/1894716/0001894716-25-000011.txt
1894716,"Quadrant Private Capital Solutions Platform, LP",D,20251216,edgar/data/1894716/0001894716-25-000012.txt
1898073,"Mindful Nourishment, LLC",D,20251216,edgar/data/1898073/0001898073-25-000002.txt
1910602,"WHEELHOUSE HOLDING COMPANY, INC.",D,20251216,edgar/data/1910602/0001910602-25-000003.txt
1952265,AFFERENCE INC.,D,20251216,edgar/data/1952265/0001952265-25-000002.txt
1958777,"FibroBiologics, Inc.",D,20251216,edgar/data/1958777/0001493152-25-028000.txt
1960490,"Prospyr Medical, Inc.",D,20251216,edgar/data/1960490/0001470831-25-000416.txt
1965934,Overland Advantage,D,20251216,edgar/data/1965934/0001965934-25-000006.txt
1973969,Nixtla Inc.,D,20251216,edgar/data/1973969/0001973969-25-000004.txt
1996309,Metatech Holdings,D,20251216,edgar/data/1996309/0000909143-25-000012.txt
2025124,Turbo Parent Partnership LP,D,20251216,edgar/data/2025124/0002025124-25-000003.txt
2034243,"ISQ Growth Markets Infrastructure Fund II, L.P.",D,20251216,edgar/data/2034243/0002034243-25-000005.txt
2034244,"ISQ Growth Markets Infrastructure Fund II (EU), SCSp.",D,20251216,edgar/data/2034244/0002034243-25-000005.txt
2034245,"ISQ Growth Markets Infrastructure Fund II (UST), L.P.",D,20251216,edgar/data/2034245/0002034243-25-000005.txt
2040352,"Scribl, Inc.",D,20251216,edgar/data/2040352/0002040352-25-000002.txt
2057105,"GHCI HEALTHCARE FUND HOLDINGS, L.P.",D,20251216,edgar/data/2057105/0002057105-25-000004.txt
2059730,"Ore Technology Top Holding, L.P.",D,20251216,edgar/data/2059730/0002059730-25-000002.txt
2065629,"FVP Digital Future Fund, L.P.",D,20251216,edgar/data/2065629/0002065629-25-000001.txt
2071091,Enhanced Ultrasound Inc,D,20251216,edgar/data/2071091/0002071091-25-000002.txt
2071091,Enhanced Ultrasound Inc,D,20251216,edgar/data/2071091/0002071091-25-000003.txt
2072283,Roaring Brook Seeding Fund I LP,D,20251216,edgar/data/2072283/0002072283-25-000001.txt
2073459,Blue Owl Senior Diversified Lending Fund-E (USD) SCSp,D,20251216,edgar/data/2073459/0002073459-25-000002.txt
2074470,"Football & Technology Fund II, L.P.",D,20251216,edgar/data/2074470/0002074470-25-000001.txt
2082444,"IR-0702 Fund I, a series of Roll Up Vehicles, LP",D,20251216,edgar/data/2082444/0002082444-25-000001.txt
2084228,"Lead Edge Capital VII, LP",D,20251216,edgar/data/2084228/0002084228-25-000001.txt
2084265,"Lead Edge Capital VII Feeder, LP",D,20251216,edgar/data/2084265/0002084265-25-000002.txt
2085857,Advanced Private Investimentos Inova Simples (I.S.),D,20251216,edgar/data/2085857/0002085857-25-000010.txt
2085934,"VO-0902 Fund III, a series of Riverside Ventures, LP",D,20251216,edgar/data/2085934/0002085934-25-000001.txt
2086659,"Creative Planning Holdco, LLC",D,20251216,edgar/data/2086659/0001014108-25-000083.txt
2087814,Asto Horizon Co-Investment Fund LP,D,20251216,edgar/data/2087814/0002087814-25-000001.txt
2089660,"Loanify Capital United States Feeder Fund II, LP",D,20251216,edgar/data/2089660/0002089660-25-000002.txt
2089783,"Overlay Capital Innovation Fund PV III, L.P.",D,20251216,edgar/data/2089783/0000914062-25-000014.txt
2090594,Roers Naples Apartments IV LLC,D,20251216,edgar/data/2090594/0001437749-25-038011.txt
2092065,EquityZen Growth Technology Fund LLC - Series 2185,D,20251216,edgar/data/2092065/0002092065-25-000003.txt
2092277,CL Advisors - DV LP,D,20251216,edgar/data/2092277/0002092277-25-000001.txt
2092295,"AP-1006 Fund I, a series of N49P, LP",D,20251216,edgar/data/2092295/0002092295-25-000001.txt
2093955,Sherwood Coffee Investment LLC,D,20251216,edgar/data/2093955/0002093955-25-000002.txt
2094389,"Coalesce Valor Coinvest, L.P.",D,20251216,edgar/data/2094389/0002094389-25-000001.txt
2094645,"FO-1013 Fund III, a series of Gutter Capital, LP",D,20251216,edgar/data/2094645/0002094645-25-000001.txt
2094780,Roers Cottage Grove Apartments LLC,D,20251216,edgar/data/2094780/0001437749-25-038006.txt
2095162,"William Blair MB Investments, L.P. - OC 2025 Series",D,20251216,edgar/data/2095162/0002095162-25-000001.txt
2095188,"PCR Investment Fund VI, LP",D,20251216,edgar/data/2095188/0002095188-25-000001.txt
2095188,"PCR Investment Fund VI, LP",D,20251216,edgar/data/2095188/0002095188-25-000002.txt
2095192,"Cats Only, LLC",D,20251216,edgar/data/2095192/0002095192-25-000001.txt
2095218,"MW LSV Agility, LLC",D,20251216,edgar/data/2095218/0002095218-25-000001.txt
2095466,"LTSC, LP",D,20251216,edgar/data/2095466/0002095466-25-000001.txt
2095837,"PO-1028 Fund I, a series of Roll Up Vehicles, LP",D,20251216,edgar/data/2095837/0002095837-25-000001.txt
2096030,"GR-1023 Fund I, a series of Roll Up Vehicles, LP",D,20251216,edgar/data/2096030/0002096030-25-000001.txt
2096147,EquityZen Growth Technology Fund LLC - Series 2214,D,20251216,edgar/data/2096147/0002096147-25-000001.txt
2096160,EquityZen Growth Technology Fund LLC - Series 2201,D,20251216,edgar/data/2096160/0002096160-25-000001.txt
2096346,"FO-1031 Fund I, a series of Roll Up Vehicles, LP",D,20251216,edgar/data/2096346/0002096346-25-000001.txt
2096538,"Column Group VI, LP",D,20251216,edgar/data/2096538/0002096538-25-000001.txt
2096558,"Column Group Opportunity IV, LP",D,20251216,edgar/data/2096558/0002096558-25-000001.txt
2096753,"RF Q4 2025, a series of Revere Partners RF Fund II, LP",D,20251216,edgar/data/2096753/0002096753-25-000001.txt
2097537,AEA Elevate Fund (Parallel) II LP,D,20251216,edgar/data/2097537/0002097537-25-000001.txt
2097602,AEA Elevate Fund II LP,D,20251216,edgar/data/2097602/0002097602-25-000001.txt
2097648,DVC March Lane LLC,D,20251216,edgar/data/2097648/0002097648-25-000001.txt
2097662,"PI-1117 Fund I, a series of MV Funds, LP",D,20251216,edgar/data/2097662/0002097662-25-000001.txt
2098036,Cosmos Holdings LLC,D,20251216,edgar/data/2098036/0002098036-25-000001.txt
2098104,"TF Growth IV-D, a series of TF Capital, LP",D,20251216,edgar/data/2098104/0002098104-25-000001.txt
2098133,"OSP III Co-Invest Sidecar T, LP",D,20251216,edgar/data/2098133/0000950142-25-003197.txt
2098167,Finsibility Inc.,D,20251216,edgar/data/2098167/0002098167-25-000001.txt
2098239,"Jammin 2025 Investors, LLC",D,20251216,edgar/data/2098239/0002098239-25-000001.txt
2098420,"Ubiquity Ventures IV, L.P.",D,20251216,edgar/data/2098420/0001231919-25-000625.txt
2098500,"Global Venture Capital Opportunities III, L.P.",D,20251216,edgar/data/2098500/0002098500-25-000001.txt
2098522,CEO IV LP,D,20251216,edgar/data/2098522/0001470831-25-000414.txt
2098664,"Ivo, Ltd.",D,20251216,edgar/data/2098664/0002098664-25-000001.txt
2098698,BricksFolios Versatile Fund LLC,D,20251216,edgar/data/2098698/0002098698-25-000001.txt
2098699,CrossCourt Coastal Connections PC Inc.,D,20251216,edgar/data/2098699/0002098699-25-000001.txt
2098742,Artist Growth Opportunity IX LP,D,20251216,edgar/data/2098742/0002098742-25-000001.txt
2098751,Cosmos Fund I LP,D,20251216,edgar/data/2098751/0002098751-25-000002.txt
2098880,"CAZ Co-Investment Opportunities Fund, L.P. - Apex Portfolio",D,20251216,edgar/data/2098880/0002098880-25-000001.txt
2099063,"RU-1111 Fund I, a series of Zero Prime Ventures, LP",D,20251216,edgar/data/2099063/0002099063-25-000001.txt
2099127,EssentaTor Inc.,D,20251216,edgar/data/2099127/0002099127-25-000001.txt
2099210,"BO Fund III, a series of Altra FrontierTech Investments I, LP",D,20251216,edgar/data/2099210/0002099210-25-000001.txt
2099287,"BlueSky At-Home Veterinary Care, Inc.",D,20251216,edgar/data/2099287/0002099287-25-000001.txt
2099328,"CFPE OCIO Global Private Equity Fund VI, L.P.",D,20251216,edgar/data/2099328/0001012975-25-000904.txt
2099483,"SH-1119 Fund I, a series of Nucleation Capital, LP",D,20251216,edgar/data/2099483/0002099483-25-000001.txt
2099520,Soar Technologies Inc.,D,20251216,edgar/data/2099520/0002099520-25-000001.txt
2099644,"DFW Capital Partners VIII, L.P.",D,20251216,edgar/data/2099644/0001012975-25-000905.txt
2099654,"50T Public DAE Fund, LP",D,20251216,edgar/data/2099654/0000902664-25-005295.txt
2099733,"BC SS 1, LP - Series 6",D,20251216,edgar/data/2099733/0002099733-25-000001.txt
2099810,"Undersea Dominance, a series of Dauntless VC SPV, LP",D,20251216,edgar/data/2099810/0002099810-25-000001.txt
2099881,"6th Man Ventures Fund III (Offshore), LP",D,20251216,edgar/data/2099881/0001231919-25-000621.txt
2099882,"6th Man Ventures Fund III, LP",D,20251216,edgar/data/2099882/0001231919-25-000620.txt
2099910,Pantheon InfraRed Digital Core Plus I LP,D,20251216,edgar/data/2099910/0002099910-25-000001.txt
2099912,"Ares Denali Co-Investment Fund, L.P.",D,20251216,edgar/data/2099912/0000929638-25-004616.txt
2099935,"Spacestation 89, a series of Spacestation Investments 1, LLC",D,20251216,edgar/data/2099935/0002099935-25-000001.txt
2100099,"Next Legacy Alpha 4 (Feeder), L.P.",D,20251216,edgar/data/2100099/0001231919-25-000622.txt
2100157,NewBird Growth Fund LLC - Series 6,D,20251216,edgar/data/2100157/0002100157-25-000001.txt
2100162,NewBird Growth Fund LLC - Series 3,D,20251216,edgar/data/2100162/0002100162-25-000001.txt
2100180,FULLE FOODS INC.,D,20251216,edgar/data/2100180/0002100180-25-000001.txt
2100227,258 Bloomfield LLC,D,20251216,edgar/data/2100227/0001104659-25-121282.txt
2100275,DiligenceSquared Inc.,D,20251216,edgar/data/2100275/0002100275-25-000001.txt
2100418,Barramundi - Series 34 - Accrete,D,20251216,edgar/data/2100418/0002100418-25-000001.txt
2100434,"SIP Argus Co-Invest, LP",D,20251216,edgar/data/2100434/0002100434-25-000001.txt
2100463,Carbonova Corp.,D,20251216,edgar/data/2100463/0000912282-25-001425.txt
2100479,Galaxy Syndication L.P.,D,20251216,edgar/data/2100479/0002100479-25-000001.txt
2100492,ACTA Funds Master Series LLC,D,20251216,edgar/data/2100492/0002100492-25-000001.txt
2100496,HORIZON OAKS CAPITAL LLC,D,20251216,edgar/data/2100496/0002100496-25-000002.txt
2100536,Pineapple Friends LP,D,20251216,edgar/data/2100536/0002100536-25-000001.txt
2100547,"ACORE Credit Partners III, LP",D,20251216,edgar/data/2100547/0002100547-25-000001.txt
2100650,"SE-1030 Fund I, a series of Spice Capital, LP",D,20251216,edgar/data/2100650/0002100650-25-000001.txt
2100665,"Rubix IV, a series of Jay Desai Holdings II, LP",D,20251216,edgar/data/2100665/0002100665-25-000001.txt
2100680,"Norgard Capital Burst V, a series of Norgard Capital II, LP",D,20251216,edgar/data/2100680/0002100680-25-000001.txt
2100706,RH 205 East Investors LLC,D,20251216,edgar/data/2100706/0000921895-25-003353.txt
2100708,"H.I.G. Realty V REIT, LLC",D,20251216,edgar/data/2100708/0002100708-25-000002.txt
2100717,"Serent Capital Solstice, L.P.",D,20251216,edgar/data/2100717/0002100717-25-000001.txt
2100723,"bQuest, Inc. /CO/",D,20251216,edgar/data/2100723/0002100723-25-000001.txt
2100723,"bQuest, Inc. /CO/",D,20251216,edgar/data/2100723/0002100723-25-000002.txt
2100724,"Nomi Defense Fund I, a Series of Nomi Capital Master LLC",D,20251216,edgar/data/2100724/0002100724-25-000001.txt
2100775,"WC Investment, LLC",D,20251216,edgar/data/2100775/0002100775-25-000001.txt
2100808,"PR-1202 Fund III, a series of Iaso Venture Investments, LP",D,20251216,edgar/data/2100808/0002100808-25-000001.txt
2100920,Puerto Morelos Holdings LP,D,20251216,edgar/data/2100920/0002100920-25-000001.txt
2100921,TIFIN Axis Inc.,D,20251216,edgar/data/2100921/0002100921-25-000001.txt
2100922,Matador Media Partners LP,D,20251216,edgar/data/2100922/0002100922-25-000001.txt
2100935,"FL-1023 Fund I, a series of DVC, LP",D,20251216,edgar/data/2100935/0002100935-25-000001.txt
2100938,Osprey Fund 1 LP,D,20251216,edgar/data/2100938/0002100938-25-000001.txt
2100940,Osprey Fund 1 Feeder SLP,D,20251216,edgar/data/2100940/0002100940-25-000001.txt
2100960,FinFusion INC,D,20251216,edgar/data/2100960/0002100960-25-000001.txt
2100987,xps.vc Oct 2025 a Series of CGF2021 LLC,D,20251216,edgar/data/2100987/0002100987-25-000001.txt
2100988,Marble Lattice a Series of CGF2021 LLC,D,20251216,edgar/data/2100988/0002100988-25-000001.txt
2100991,Alaffia Twine SPV a Series of CGF2021 LLC,D,20251216,edgar/data/2100991/0002100991-25-000001.txt
2100993,Coinflow Aug 2025 a Series of The Fintech Fund LLC,D,20251216,edgar/data/2100993/0002100993-25-000001.txt
2100994,8188 Capital (Corgi) a Series of CGF2021 LLC,D,20251216,edgar/data/2100994/0002100994-25-000001.txt
2100995,Volley Sep 2025 a Series of Votive Venture Partners LLC,D,20251216,edgar/data/2100995/0002100995-25-000001.txt
2100997,GrowHappy Oct 2025 a Series of CGF2021 LLC,D,20251216,edgar/data/2100997/0002100997-25-000001.txt
2100999,DCP SX IV a Series of CGF2021 LLC,D,20251216,edgar/data/2100999/0002100999-25-000001.txt
2101000,Emerald Battery II a Series of Regenr8 Master Fund LLC,D,20251216,edgar/data/2101000/0002101000-25-000001.txt
2101001,"Array Labs Oct 2025,a Series of CGF2021 LLC",D,20251216,edgar/data/2101001/0002101001-25-000001.txt
2101002,Detect Auto Nov 2025 a Series of CGF2021 LLC,D,20251216,edgar/data/2101002/0002101002-25-000001.txt
2101003,Family Fund Orion November 2025 a Series of CGF2021 LLC,D,20251216,edgar/data/2101003/0002101003-25-000001.txt
2101004,Medivis Healthcare SPV I a Series of CGF2021 LLC,D,20251216,edgar/data/2101004/0002101004-25-000001.txt
2101005,Project Naath Nov 2025 a Series of CGF2021 LLC,D,20251216,edgar/data/2101005/0002101005-25-000001.txt
2101008,Furnace Ventures a Series of CGF2021 LLC,D,20251216,edgar/data/2101008/0002101008-25-000001.txt
2101012,Databricks 25 a Series of The Gate Strategic Opportunities LLC,D,20251216,edgar/data/2101012/0002101012-25-000001.txt
2101013,Deora Ventures ANSpect I a Series of CGF2021 LLC,D,20251216,edgar/data/2101013/0002101013-25-000001.txt
2101017,"Norgard Capital Burst VI, a series of Norgard Capital II, LP",D,20251216,edgar/data/2101017/0002101017-25-000001.txt
2101019,Consensus Pre-Series B a Series of Slipstream SPVs LLC,D,20251216,edgar/data/2101019/0002101019-25-000001.txt
2101021,Phia Holdings Dec 2025 a Series of CGF2021 LLC,D,20251216,edgar/data/2101021/0002101021-25-000001.txt
2101025,RISA Series A Nov 2025 a Series of CGF2021 LLC,D,20251216,edgar/data/2101025/0002101025-25-000001.txt
2101026,Supernova Inc,D,20251216,edgar/data/2101026/0002101026-25-000002.txt
2101034,GSBackers Overland AI Fund I a Series of CGF2021 LLC,D,20251216,edgar/data/2101034/0002101034-25-000001.txt
2101037,"HI-1202 Fund II, a series of Charge Ventures AL Syndicate, LP",D,20251216,edgar/data/2101037/0002101037-25-000001.txt
2101045,"Hawke-TE-1201 Fund I, a series of AngelList Funds 2025, LP",D,20251216,edgar/data/2101045/0002101045-25-000001.txt
2101048,"Shrav Mehta Investments Burst VI, a series of Shrav Mehta Investments, LP",D,20251216,edgar/data/2101048/0002101048-25-000001.txt
2101049,"Rauch Capital Burst CLXXXVII, a series of Rauch Capital Burst, LP",D,20251216,edgar/data/2101049/0002101049-25-000001.txt
2101055,Lila Sciences SPV Q4 2025 a Series of CGF2021 LLC,D,20251216,edgar/data/2101055/0002101055-25-000001.txt
2101057,MDC PFD 1 a Series of CGF2021 LLC,D,20251216,edgar/data/2101057/0002101057-25-000001.txt
2101058,Hydrosat Oct 2025 a Series of CGF2021 LLC,D,20251216,edgar/data/2101058/0002101058-25-000001.txt
2101064,Early Check-In LP a Series of CGF2021 LLC,D,20251216,edgar/data/2101064/0002101064-25-000001.txt
2101069,"Roll Tack: Circadian, Series A a Series of CGF2021 LLC",D,20251216,edgar/data/2101069/0002101069-25-000001.txt
2101071,S - 4 a Series of Earthrise Ventures Portfolio LLC,D,20251216,edgar/data/2101071/0002101071-25-000001.txt
2101077,MERGE LABS Sep 2025 a Series of CGF2021 LLC,D,20251216,edgar/data/2101077/0002101077-25-000001.txt
2101084,DB Space 3 a Series of DB Master LLC,D,20251216,edgar/data/2101084/0002101084-25-000001.txt
2101093,DCP PP SPV X a Series of CGF2021 LLC,D,20251216,edgar/data/2101093/0002101093-25-000001.txt
2101094,EGV Forensis XIII a Series of CGF2021 LLC,D,20251216,edgar/data/2101094/0002101094-25-000001.txt
2101097,Scowtt Series A Nov 2025 a Series of CGF2021 LLC,D,20251216,edgar/data/2101097/0002101097-25-000001.txt
2101098,Hyperion SPV II-A a Series of CGF2021 LLC,D,20251216,edgar/data/2101098/0002101098-25-000001.txt
2101100,Neurophos TIER-1 OCT 2025 Oct 2025 a Series of CGF2021 LLC,D,20251216,edgar/data/2101100/0002101100-25-000001.txt
2101101,Ocampo SPV II Sep 2025 a Series of CGF2021 LLC,D,20251216,edgar/data/2101101/0002101101-25-000001.txt
2101105,Detect Auto Oct 2025 a Series of CGF2021 LLC,D,20251216,edgar/data/2101105/0002101105-25-000001.txt
2101106,VG-AGD-25 a Series of Verdure Venture Partners LLC,D,20251216,edgar/data/2101106/0002101106-25-000001.txt
2101111,Overland AI SPV Nov 2025 a Series of CGF2021 LLC,D,20251216,edgar/data/2101111/0002101111-25-000001.txt
2101115,Bravi Nov 2025 a Series of CGF2021 LLC,D,20251216,edgar/data/2101115/0002101115-25-000001.txt
2101118,PPVP Growth III a Series of Pari Passu Master II LLC,D,20251216,edgar/data/2101118/0002101118-25-000001.txt
2101174,Ascenso Puerto Rico Partners Aggregator LLC,D,20251216,edgar/data/2101174/0002101174-25-000001.txt
2101227,TSG Vision Fund LLC Series 4,D,20251216,edgar/data/2101227/0002101227-25-000001.txt
2101295,"Precision Pool & Spa, LLC",D,20251216,edgar/data/2101295/0002080612-25-000025.txt
2101299,"PostCare, LLC",D,20251216,edgar/data/2101299/0002101299-25-000001.txt
2101301,"RA-1117 Fund II, a series of Also Capital, LP",D,20251216,edgar/data/2101301/0002101301-25-000001.txt
2101302,"SI-1105 Fund I, a series of MV Funds, LP",D,20251216,edgar/data/2101302/0002101302-25-000001.txt
2101308,"Merchants Capital Tax Credit Equity Fund 30, L.P.",D,20251216,edgar/data/2101308/0002101308-25-000001.txt
2101313,"CITI SECURITIES, INC.",D,20251216,edgar/data/2101313/0002101313-25-000001.txt
2101322,Gideon Metropolis LLC,D,20251216,edgar/data/2101322/0002101322-25-000001.txt
2101331,Mend The Living Ltd Liability Co,D,20251216,edgar/data/2101331/0002101331-25-000001.txt
2101359,Marcs Center SC Realty Fund LLC,D,20251216,edgar/data/2101359/0002101359-25-000001.txt
2101362,"Latitude Ventures Kalshi a series of Allocations 2025 Master, LLC",D,20251216,edgar/data/2101362/0002101362-25-000001.txt
2101374,"SIP Argus Co-Invest I-A, LP",D,20251216,edgar/data/2101374/0002101374-25-000001.txt
2101379,TB16 Florida Holdings LLC,D,20251216,edgar/data/2101379/0002101379-25-000001.txt
2101404,42 AM a series of Meltzer Companies SPVs LLC,D,20251216,edgar/data/2101404/0002101404-25-000001.txt
2101466,DG Hudson 38 LLC,D,20251216,edgar/data/2101466/0002101466-25-000001.txt
2101473,"Menlo Inflection ABN AI Partners, L.P.",D,20251216,edgar/data/2101473/0001104659-25-121670.txt
2101495,"OIP Lightning, LP",D,20251216,edgar/data/2101495/0002062357-25-000150.txt
2101496,Danielle Guizio LLC,D,20251216,edgar/data/2101496/0002101496-25-000001.txt
43196,"GRAY MEDIA, INC",D,20251216,edgar/data/43196/0001437749-25-038009.txt
1075822,NORTHFIELD CAPITAL CORP,D,20251217,edgar/data/1075822/0001062993-25-017365.txt
1099668,"FIRST OTTAWA BANCSHARES, INC.",D,20251217,edgar/data/1099668/0001099668-25-000004.txt
1387473,Triumph Gold Corp.,D,20251217,edgar/data/1387473/0001387473-25-000003.txt
1482773,"Creative Finance & Investments, LLC",D,20251217,edgar/data/1482773/0001482773-25-000003.txt
1728952,"FreeFall Aerospace, Inc.",D,20251217,edgar/data/1728952/0001062993-25-017370.txt
1732312,"Looma Project, Inc.",D,20251217,edgar/data/1732312/0001732312-25-000003.txt
1753878,INNOVAPREP INC.,D,20251217,edgar/data/1753878/0001753878-25-000002.txt
1791860,"RCE Technologies, Inc.",D,20251217,edgar/data/1791860/0001791860-25-000004.txt
1799692,entigenlogic LLC,D,20251217,edgar/data/1799692/0001799692-25-000002.txt
1819319,"IMAGEN DENTAL PARTNERS, LLC",D,20251217,edgar/data/1819319/0002101376-25-000001.txt
1832591,"Mel-Mont Medical, Inc.",D,20251217,edgar/data/1832591/0001832591-25-000005.txt
1848184,"Silver Bay Seafoods-Kodiak, LLC",D,20251217,edgar/data/1848184/0001848184-25-000002.txt
1852907,"HCM Hiber, LP",D,20251217,edgar/data/1852907/0000911916-25-000107.txt
1854480,DevvStream Corp.,D,20251217,edgar/data/1854480/0001854480-25-000006.txt
1862084,WELLOCUTION INC.,D,20251217,edgar/data/1862084/0001862084-25-000002.txt
1863204,"Racing & Performance Holdings, LLC",D,20251217,edgar/data/1863204/0001863204-25-000003.txt
1867487,"Cord Technologies, Inc.",D,20251217,edgar/data/1867487/0001867487-25-000003.txt
1892723,"Alaffia Technology Solutions, Inc.",D,20251217,edgar/data/1892723/0001892723-25-000002.txt
1921050,Tudor Gold Corp.,D,20251217,edgar/data/1921050/0001062993-25-017367.txt
1924580,Altamira II LLC,D,20251217,edgar/data/1924580/0001924580-25-000002.txt
1924767,"Boost Topco Holdings, L.P.",D,20251217,edgar/data/1924767/0001924767-25-000004.txt
1927026,One Bullion Ltd,D,20251217,edgar/data/1927026/0001062993-25-017366.txt
1940601,"Cura OS, Inc.",D,20251217,edgar/data/1940601/0001940601-25-000002.txt
1973775,Allium Management Holdco LLC,D,20251217,edgar/data/1973775/0001973775-25-000002.txt
1997858,Zeno Moto Corp,D,20251217,edgar/data/1997858/0001997858-25-000010.txt
2022140,FIGURE AI QP A SERIES OF VUVP FUND LLC,D,20251217,edgar/data/2022140/0002022140-25-000003.txt
2024354,Capacitor Metals Corp.,D,20251217,edgar/data/2024354/0002024354-25-000002.txt
2037893,"U.S. Boston Growth Capital QSBS Fund, LP",D,20251217,edgar/data/2037893/0002037893-25-000004.txt
2037893,"U.S. Boston Growth Capital QSBS Fund, LP",D,20251217,edgar/data/2037893/0002037893-25-000005.txt
2037893,"U.S. Boston Growth Capital QSBS Fund, LP",D,20251217,edgar/data/2037893/0002037893-25-000006.txt
2044033,CM Wealth Private Investment Strategies LLC,D,20251217,edgar/data/2044033/0002044033-25-000005.txt
2056298,"EMIP 14, LLC",D,20251217,edgar/data/2056298/0002056298-25-000002.txt
2068482,Resolv Digital Assets Ltd.,D,20251217,edgar/data/2068482/0002068482-25-000004.txt
2069993,"Nordic Capital Elevate Beta, SCSp",D,20251217,edgar/data/2069993/0002069993-25-000001.txt
2069994,"Nordic Capital Elevate Alpha, SCSp",D,20251217,edgar/data/2069994/0002069994-25-000001.txt
2070637,CMWA Private Opportunities IV LLC,D,20251217,edgar/data/2070637/0002070637-25-000003.txt
2076227,"Harvest Growth Capital V QP, LLC - Series A",D,20251217,edgar/data/2076227/0002076227-25-000002.txt
2076675,EquityZen Growth Technology Fund LLC - Series 2141,D,20251217,edgar/data/2076675/0002076675-25-000001.txt
2076952,"NVP Fund I, a series of Nurture Venture Partners, LP",D,20251217,edgar/data/2076952/0002076952-25-000001.txt
2080655,"Brass Ring Ventures Fund I, LP",D,20251217,edgar/data/2080655/0000911916-25-000108.txt
2082386,"Galactic Holdings I, a series of GV Opportunity Fund, LP",D,20251217,edgar/data/2082386/0002082386-25-000001.txt
2082733,"CASSIUS Capital 4, LP",D,20251217,edgar/data/2082733/0001470831-25-000423.txt
2083605,"PI-0520 Fund I, a series of Roll Up Vehicles, LP",D,20251217,edgar/data/2083605/0002083605-25-000001.txt
2087421,"Colzen 2025 Co-Investment Fund, LLC",D,20251217,edgar/data/2087421/0002087421-25-000001.txt
2087606,People's Capital Digital I L.P.,D,20251217,edgar/data/2087606/0002087606-25-000004.txt
2088009,"IM-0908 Fund I, a series of Roll Up Vehicles, LP",D,20251217,edgar/data/2088009/0002088009-25-000001.txt
2088452,"PACT-Bregal Co-Investment Fund, L.P.",D,20251217,edgar/data/2088452/0002088452-25-000001.txt
2089791,"GC Creation III - Allocate Access, L.P",D,20251217,edgar/data/2089791/0001012975-25-000907.txt
2089993,"LS Co-Invest & Opp Fund 2025, L.P.",D,20251217,edgar/data/2089993/0001012975-25-000909.txt
2090471,Black Saddle NAV Solutions Fund I LP,D,20251217,edgar/data/2090471/0002090471-25-000001.txt
2090900,AHC LLC Sunrise Capita lnvestors Fund 4-2-LLC,D,20251217,edgar/data/2090900/0002090900-25-000001.txt
2092226,"ZE-1008 Fund IV, a series of Reinforced Ventures, LP",D,20251217,edgar/data/2092226/0002092226-25-000001.txt
2092448,"Dictate l, a series of Wefunds LLC",D,20251217,edgar/data/2092448/0002092448-25-000001.txt
2093543,"BL-1018 Fund I, a series of CCL Funds, LP",D,20251217,edgar/data/2093543/0002093543-25-000001.txt
2093746,"PLUS Collective Access IIB, L.P.",D,20251217,edgar/data/2093746/0002093746-25-000001.txt
2094783,"Pearlmark Realty Senior Mortgage Partners I, L.P.",D,20251217,edgar/data/2094783/0002094783-25-000001.txt
2094814,"Pearlmark Realty Senior Mortgage Partners I-B, L.L.C.",D,20251217,edgar/data/2094814/0002094814-25-000001.txt
2094926,"Huizenga Venture Investments V, LLC",D,20251217,edgar/data/2094926/0000911916-25-000109.txt
2095281,"Sixth Street Insurance Dedicated Fund I Series of the SALI Multi-Series Fund, L.P.",D,20251217,edgar/data/2095281/0002095281-25-000001.txt
2095500,Bio Usawa Inc.,D,20251217,edgar/data/2095500/0002095500-25-000001.txt
2095500,Bio Usawa Inc.,D,20251217,edgar/data/2095500/0002095500-25-000002.txt
2095500,Bio Usawa Inc.,D,20251217,edgar/data/2095500/0002095500-25-000003.txt
2095547,"H.I.G. Europe Capital Partners IV Feeder (Cayman), L.P.",D,20251217,edgar/data/2095547/0002095566-25-000001.txt
2095566,"H.I.G. Europe Capital Partners IV, SCSp",D,20251217,edgar/data/2095566/0002095566-25-000001.txt
2095658,"Pappy Capital 2, LP",D,20251217,edgar/data/2095658/0002095658-25-000001.txt
2095806,"ISQ Global Infrastructure Fund IV (EU) Euro, SCSp",D,20251217,edgar/data/2095806/0002095806-25-000002.txt
2096029,"RA-1022 Fund III, a series of Boost VC SPV, LP",D,20251217,edgar/data/2096029/0002096029-25-000001.txt
2096259,"Thrive Capital Partners VI-J, LLC",D,20251217,edgar/data/2096259/0001012975-25-000910.txt
2096394,"Greenleaf Income Fund, Inc.",D,20251217,edgar/data/2096394/0002096394-25-000002.txt
2096765,Legacy Bloom Capital LLC,D,20251217,edgar/data/2096765/0002096765-25-000001.txt
2097439,AI ECD INC.,D,20251217,edgar/data/2097439/0002097439-25-000002.txt
2097480,"SaaSAudit, Inc.",D,20251217,edgar/data/2097480/0002097480-25-000001.txt
2097556,"Lux IX - Allocate Access, L.P.",D,20251217,edgar/data/2097556/0001012975-25-000908.txt
2097577,Gaingels Spot AI 2025 LLC,D,20251217,edgar/data/2097577/0002097577-25-000001.txt
2097946,United States Dealer Licensing LLC,D,20251217,edgar/data/2097946/0002097946-25-000001.txt
2097989,Paperstack Inc.,D,20251217,edgar/data/2097989/0002097989-25-000001.txt
2098046,60 Mile Capital Fund I LP,D,20251217,edgar/data/2098046/0002098046-25-000001.txt
2098065,"Gridiron GP VI, LLC",D,20251217,edgar/data/2098065/0000904454-25-000634.txt
2098066,"Gridiron Strategic Advisors Fund VI, L.P.",D,20251217,edgar/data/2098066/0000904454-25-000634.txt
2098067,"Gridiron Co-Investors VI, LLC",D,20251217,edgar/data/2098067/0000904454-25-000634.txt
2098068,"Gridiron Capital (Parallel) Fund VI, L.P.",D,20251217,edgar/data/2098068/0000904454-25-000634.txt
2098069,"Gridiron Capital Fund VI, L.P.",D,20251217,edgar/data/2098069/0000904454-25-000634.txt
2098304,"Health Velocity Capital III, L.P.",D,20251217,edgar/data/2098304/0002098304-25-000001.txt
2098422,Kalehua Equity Growth Master LP,D,20251217,edgar/data/2098422/0002098422-25-000002.txt
2098827,"Vision Co-Investment Fund II, LP",D,20251217,edgar/data/2098827/0002098827-25-000001.txt
2099119,"RedPlanet QP I, a series of Wefunds LLC",D,20251217,edgar/data/2099119/0002099119-25-000001.txt
2099138,CT Steel HoldCo LLC,D,20251217,edgar/data/2099138/0002099138-25-000001.txt
2099155,"Peterson Search Partners C-I, LP",D,20251217,edgar/data/2099155/0002099155-25-000001.txt
2099178,"Draper Radiant SPV, L.P.",D,20251217,edgar/data/2099178/0002099178-25-000001.txt
2099255,"Caylex I I, a series of Capitalize Investments LLC",D,20251217,edgar/data/2099255/0002099255-25-000001.txt
2099256,"Independent Voices I, a series of Capitalize Investments LLC",D,20251217,edgar/data/2099256/0002099256-25-000001.txt
2099422,"Garuda Ventures 2-W, L.P.",D,20251217,edgar/data/2099422/0002099422-25-000002.txt
2099452,"Garuda Ventures 2, L.P.",D,20251217,edgar/data/2099452/0002099422-25-000002.txt
2099523,Seven Miles Shores LLC,D,20251217,edgar/data/2099523/0002099523-25-000001.txt
2099532,Azure Cove at Willow Lakes LLC,D,20251217,edgar/data/2099532/0002099532-25-000001.txt
2099683,"BL-1104 Fund I, a series of Roll Up Vehicles, LP",D,20251217,edgar/data/2099683/0002099683-25-000001.txt
2099847,EA Capital Fund II LLC,D,20251217,edgar/data/2099847/0002099847-25-000001.txt
2099849,Bigelow Holdings LLC,D,20251217,edgar/data/2099849/0002099849-25-000001.txt
2099972,"Mischief 3, L.P.",D,20251217,edgar/data/2099972/0001231919-25-000628.txt
2099993,"AP Pour Co-Invest, L.P.",D,20251217,edgar/data/2099993/0000950142-25-003202.txt
2099998,Niba Capital LLC,D,20251217,edgar/data/2099998/0002099998-25-000003.txt
2100120,Maxvalue Investment US LLC,D,20251217,edgar/data/2100120/0002100120-25-000001.txt
2100200,Spare Tire Corp.,D,20251217,edgar/data/2100200/0002100200-25-000001.txt
2100310,Trinity JV Partners LLC,D,20251217,edgar/data/2100310/0001213900-25-122750.txt
2100436,TNP InvestCo LLC,D,20251217,edgar/data/2100436/0002100436-25-000001.txt
2100445,FP P15 LLC,D,20251217,edgar/data/2100445/0002100445-25-000001.txt
2100476,"Summit Partners Reinvestment Fund II-B, L.P.",D,20251217,edgar/data/2100476/0002100476-25-000001.txt
2100478,"Summit Partners Reinvestment Fund II-A, L.P.",D,20251217,edgar/data/2100478/0002100478-25-000001.txt
2100480,Viva-SX LLC - Series F-1,D,20251217,edgar/data/2100480/0001012975-25-000906.txt
2100482,"Fusion Co-Invest III, LP",D,20251217,edgar/data/2100482/0002100482-25-000001.txt
2100488,SL 205 East Member LLC,D,20251217,edgar/data/2100488/0000921895-25-003358.txt
2100497,Pangea Movement Pte. Ltd.,D,20251217,edgar/data/2100497/0002100497-25-000001.txt
2100517,"ModSec2025, a series of Jibe Partnership Holdings, LP",D,20251217,edgar/data/2100517/0002100517-25-000001.txt
2100531,"Rhode Island Spirits, llc",D,20251217,edgar/data/2100531/0002100531-25-000001.txt
2100733,"Hard Truth Investments 2, LLC",D,20251217,edgar/data/2100733/0002100733-25-000001.txt
2100752,"Grand Central Funding 1000, LLC",D,20251217,edgar/data/2100752/0002100752-25-000001.txt
2100849,Analog Reality Inc,D,20251217,edgar/data/2100849/0002100849-25-000001.txt
2100863,"AC REIT Investments II, Inc.",D,20251217,edgar/data/2100863/0002100863-25-000001.txt
2100887,"M1, a series of ACOF Special Opportunities, LP",D,20251217,edgar/data/2100887/0002100887-25-000001.txt
2101015,"Intercontinental U.S. Value Fund, L.P.",D,20251217,edgar/data/2101015/0001315863-25-000855.txt
2101022,Center15 Capital SF LLC,D,20251217,edgar/data/2101022/0002101022-25-000001.txt
2101023,Center15 Capital SAI LLC,D,20251217,edgar/data/2101023/0002101023-25-000001.txt
2101024,Center15 Capital E LLC,D,20251217,edgar/data/2101024/0002101024-25-000001.txt
2101040,"TY-1126 Fund I, a series of MV Funds, LP",D,20251217,edgar/data/2101040/0002101040-25-000001.txt
2101056,"Rauch Capital Burst CLXXXIV, a series of Rauch Capital Burst, LP",D,20251217,edgar/data/2101056/0002101056-25-000001.txt
2101107,Paperboy Fund I a Series of Paperboy Fund 1 LLC,D,20251217,edgar/data/2101107/0002101107-25-000001.txt
2101113,RH Fund 1 2025 a Series of Witz Ventures LLC,D,20251217,edgar/data/2101113/0002101113-25-000001.txt
2101116,SC 2025 AI I a Series of SC2025 AI LLC,D,20251217,edgar/data/2101116/0002101116-25-000001.txt
2101132,"HighVista Seabrook Fund II, LP",D,20251217,edgar/data/2101132/0002101132-25-000001.txt
2101148,"Arctos Keystone I Snowy CIV, LP",D,20251217,edgar/data/2101148/0002101148-25-000001.txt
2101154,FirstLook Ventures x Halfday a Series of CGF2021 LLC,D,20251217,edgar/data/2101154/0002101154-25-000001.txt
2101181,Titan Moon SPV III a Series of CGF2021 LLC,D,20251217,edgar/data/2101181/0002101181-25-000001.txt
2101182,BAG Zeno Oct 2025 a Series of CGF2021 LLC,D,20251217,edgar/data/2101182/0002101182-25-000001.txt
2101196,AI Growth IV Oct 2025 a Series of CGF2021 LLC,D,20251217,edgar/data/2101196/0002101196-25-000001.txt
2101213,SAC 27 INIA Biosciences Sep 2025 a Series of CGF2021 LLC,D,20251217,edgar/data/2101213/0002101213-25-000001.txt
2101215,SocialSomm Sep 2025 a Series of CGF2021 LLC,D,20251217,edgar/data/2101215/0002101215-25-000001.txt
2101220,DV Univ Ave Fund I a Series of DV University Ave LLC,D,20251217,edgar/data/2101220/0002101220-25-000001.txt
2101221,Delusional Fund I a Series of Delusional Capital LLC,D,20251217,edgar/data/2101221/0002101221-25-000001.txt
2101225,ODA Mountain Glen LLC,D,20251217,edgar/data/2101225/0002101225-25-000001.txt
2101263,TSV Lucy SPV 2025 a Series of CGF2021 LLC,D,20251217,edgar/data/2101263/0002101263-25-000001.txt
2101286,"NB Secondary Opportunities VI Access Fund, L.P.",D,20251217,edgar/data/2101286/0002101286-25-000001.txt
2101287,"NB Secondary Opportunities VI Access Fund (Offshore), L.P.",D,20251217,edgar/data/2101287/0002101287-25-000001.txt
2101293,"CMLE REIT, LLC",D,20251217,edgar/data/2101293/0002101293-25-000001.txt
2101306,Buligo Fund VI INDIV LP,D,20251217,edgar/data/2101306/0001493152-25-028157.txt
2101324,Moonfare Co-Investment Fund II LP,D,20251217,edgar/data/2101324/0002101324-25-000001.txt
2101325,Access Feeder A106 SCSp,D,20251217,edgar/data/2101325/0002101325-25-000001.txt
2101336,Atlas Digital Exchange Ltd,D,20251217,edgar/data/2101336/0002101336-25-000001.txt
2101342,Oakwave Markets Ltd,D,20251217,edgar/data/2101342/0002101342-25-000001.txt
2101353,"Series Fiber, a series of TE Holdings I LLC",D,20251217,edgar/data/2101353/0002101353-25-000001.txt
2101369,KC 75 Broadway REIT LLC,D,20251217,edgar/data/2101369/0002101369-25-000001.txt
2101376,"Imagen Alexander Support Services, LLC",D,20251217,edgar/data/2101376/0002101376-25-000001.txt
2101390,"AmTru AI Inference Ventures, LLC",D,20251217,edgar/data/2101390/0002101390-25-000001.txt
2101420,MindBridge Business Academy Ltd,D,20251217,edgar/data/2101420/0002101420-25-000001.txt
2101423,"Lucille Capital, L.P.",D,20251217,edgar/data/2101423/0002101423-25-000001.txt
2101451,VIP-624 E 3rd St LLC,D,20251217,edgar/data/2101451/0002101451-25-000001.txt
2101465,Riptide Fund LLC - Series 5 - Defend Capital Fund,D,20251217,edgar/data/2101465/0002101465-25-000001.txt
2101501,"Colgrove Investments, LP - I",D,20251217,edgar/data/2101501/0002101501-25-000001.txt
2101507,Moonfare Secondary Fund SCSp,D,20251217,edgar/data/2101507/0002101507-25-000001.txt
2101528,"Aperture Litigation Finance Fund I, LP",D,20251217,edgar/data/2101528/0002101528-25-000001.txt
2101530,"AGI OPE QP III, a series of Wefunds LLC",D,20251217,edgar/data/2101530/0002101530-25-000001.txt
2101532,"Aperture Litigation Finance Fund I (Cayman), LP",D,20251217,edgar/data/2101532/0002101532-25-000001.txt
2101534,"F25 Orange Fund, a series of Capitalize Funds LP",D,20251217,edgar/data/2101534/0002101534-25-000001.txt
2101544,Menlo Opportunities Access LLC,D,20251217,edgar/data/2101544/0002101544-25-000001.txt
2101545,Handa Fund 5 LLC,D,20251217,edgar/data/2101545/0002101545-25-000001.txt
2101547,"Apartment Fund One, LLC",D,20251217,edgar/data/2101547/0002101547-25-000001.txt
2101558,"TeaLink, Inc.",D,20251217,edgar/data/2101558/0002101558-25-000001.txt
2101563,"Z2 SBIC I, LP",D,20251217,edgar/data/2101563/0002101563-25-000001.txt
2101581,Chromatic Strategy LLC,D,20251217,edgar/data/2101581/0002101581-25-000001.txt
2101613,ONPARK SOUTH POND LLC,D,20251217,edgar/data/2101613/0002101613-25-000001.txt
2101668,"oper8r, Inc.",D,20251217,edgar/data/2101668/0002101668-25-000001.txt
2101688,"Galvanize Real Estate Fund I REIT, LLC",D,20251217,edgar/data/2101688/0002101688-25-000001.txt
2101694,"Moonbase AI, INC",D,20251217,edgar/data/2101694/0002101694-25-000001.txt
2101710,Essential Net Lease Industrial 105 DST,D,20251217,edgar/data/2101710/0002101710-25-000001.txt
2101732,LGP Sage CVT Coinvest LP,D,20251217,edgar/data/2101732/0002101732-25-000001.txt
2101749,"Newport LandVest4, LLC",D,20251217,edgar/data/2101749/0002101749-25-000001.txt
2101777,Denholtz 5150 JB Holdings LLC,D,20251217,edgar/data/2101777/0002101777-25-000001.txt
2101901,"Brain-CA Technologies, Inc.",D,20251217,edgar/data/2101901/0002101901-25-000001.txt
701571,WESTERN CAPITAL CORP,D,20251217,edgar/data/701571/0000701571-25-000003.txt
862831,FINANCIAL INSTITUTIONS INC,D,20251217,edgar/data/862831/0000862831-25-000002.txt
1075880,KAZIA THERAPEUTICS LTD,D,20251218,edgar/data/1075880/0001470831-25-000435.txt
1350102,"Ascent Solar Technologies, Inc.",D,20251218,edgar/data/1350102/0001079973-25-001872.txt
1560143,WYTEC INTERNATIONAL INC,D,20251218,edgar/data/1560143/0001065949-25-000043.txt
1560143,WYTEC INTERNATIONAL INC,D,20251218,edgar/data/1560143/0001065949-25-000044.txt
1639701,"Silver Bay Seafoods - Valdez, LLC",D,20251218,edgar/data/1639701/0001639701-25-000002.txt
1650196,Visionary Copper & Gold Mines Inc.,D,20251218,edgar/data/1650196/0001650196-25-000003.txt
1723443,"InSitu Biologics, Inc",D,20251218,edgar/data/1723443/0001723443-25-000003.txt
1783735,"Delfi Diagnostics, Inc.",D,20251218,edgar/data/1783735/0000905148-25-004422.txt
1790567,"Digital Prime Technologies, Inc.",D,20251218,edgar/data/1790567/0001213900-25-123084.txt
1826498,"ArenaCX, Inc.",D,20251218,edgar/data/1826498/0001826498-25-000002.txt
1835770,"HUMAN AI LABS, INC.",D,20251218,edgar/data/1835770/0001835770-25-000002.txt
1844067,Stamp Free Ltd,D,20251218,edgar/data/1844067/0001844067-25-000003.txt
1844853,Voyage Foods Inc.,D,20251218,edgar/data/1844853/0001844853-25-000002.txt
1869137,MineHub Technologies Inc.,D,20251218,edgar/data/1869137/0001869137-25-000005.txt
1884863,"Ceretype Neuromedicine, Inc.",D,20251218,edgar/data/1884863/0001884863-25-000004.txt
1885827,Virax Biolabs Group Ltd,D,20251218,edgar/data/1885827/0001193125-25-323885.txt
1886894,"Snail, Inc.",D,20251218,edgar/data/1886894/0001493152-25-028383.txt
1896570,"Ritten, Inc.",D,20251218,edgar/data/1896570/0001470831-25-000432.txt
1930039,"Sanford Portfolio 460 DE, LLC",D,20251218,edgar/data/1930039/0001930039-25-000002.txt
1930159,Pantera Growth Opportunities Fund LP,D,20251218,edgar/data/1930159/0000902664-25-005347.txt
1954685,"Silver Bay Seafoods-False Pass, LLC",D,20251218,edgar/data/1954685/0001954685-25-000002.txt
1973560,"A1A Healthcare Investment Fund, LP",D,20251218,edgar/data/1973560/0000912282-25-001437.txt
1979414,"NEONC TECHNOLOGIES HOLDINGS, INC.",D,20251218,edgar/data/1979414/0001979414-25-000006.txt
1996110,Renterra Inc.,D,20251218,edgar/data/1996110/0001470831-25-000436.txt
2009529,"Heat TopCo, LP",D,20251218,edgar/data/2009529/0002009529-25-000004.txt
2010615,Brinley Private Debt Fund II LP,D,20251218,edgar/data/2010615/0000950142-25-003243.txt
2017930,Delightree Inc.,D,20251218,edgar/data/2017930/0002017930-25-000002.txt
2023866,"Augment Collective, LLC",D,20251218,edgar/data/2023866/0002023866-25-000035.txt
2034659,Freaks of Nature Inc,D,20251218,edgar/data/2034659/0002034659-25-000002.txt
2034664,Drogon Management Aggregator LP,D,20251218,edgar/data/2034664/0002034664-25-000002.txt
2045480,Williams Bay Holding Co LLC,D,20251218,edgar/data/2045480/0002045480-25-000003.txt
2047224,Ceres Tag Ltd,D,20251218,edgar/data/2047224/0002047224-25-000003.txt
2058188,Hash3 Capital Feeder II LP,D,20251218,edgar/data/2058188/0002058188-25-000002.txt
2058189,Hash3 Capital Fund II LP,D,20251218,edgar/data/2058189/0002058189-25-000002.txt
2070366,"DE-0521 Fund I, a series of Zachary Ginsburg Funds, LP",D,20251218,edgar/data/2070366/0002070366-25-000001.txt
2071082,Paulex Bio Inc.,D,20251218,edgar/data/2071082/0001493152-25-028344.txt
2075139,"Earthrise Ventures II, LP",D,20251218,edgar/data/2075139/0002075139-25-000001.txt
2075288,"Carlyle Global Infrastructure Opportunity Fund II, S.C.Sp.",D,20251218,edgar/data/2075288/0002075288-25-000001.txt
2075291,"CGIOF II Feeder, S.C.Sp.",D,20251218,edgar/data/2075291/0002075291-25-000001.txt
2077263,AQR Flex 1 Series LLC - Series A23,D,20251218,edgar/data/2077263/0001405086-25-000382.txt
2079307,"NEA 19 Venture Growth Equity, L.P.",D,20251218,edgar/data/2079307/0002079307-25-000001.txt
2079698,"New Enterprise Associates 19, L.P.",D,20251218,edgar/data/2079698/0002079698-25-000001.txt
2079954,"NEA 19 Access Fund, L.P.",D,20251218,edgar/data/2079954/0002079954-25-000001.txt
2081072,"FH Lone Star PIV, L.P.",D,20251218,edgar/data/2081072/0002081072-25-000005.txt
2081608,"BE-0715 Fund III, a series of Roll Up Vehicles, LP",D,20251218,edgar/data/2081608/0002081608-25-000001.txt
2081966,West Street Infrastructure Partners V Offshore (UB) LP,D,20251218,edgar/data/2081966/0002081966-25-000001.txt
2084326,"Flume Ventures Entrepreneurs Fund, L.P.",D,20251218,edgar/data/2084326/0002084326-25-000001.txt
2085350,"Harbinger Sports Partners Fund I, LP",D,20251218,edgar/data/2085350/0002085350-25-000002.txt
2086506,Brinley Insurance Solutions Fund II LP,D,20251218,edgar/data/2086506/0000950142-25-003242.txt
2086686,Brinley Unlevered PD Fund II LP,D,20251218,edgar/data/2086686/0000950142-25-003245.txt
2087436,Willis Asset Finance Fund I LP,D,20251218,edgar/data/2087436/0002087436-25-000001.txt
2088752,"Blue Wolf Capital Fund VI-A, L.P.",D,20251218,edgar/data/2088752/0002088752-25-000003.txt
2088753,"Blue Wolf Capital Fund VI, L.P.",D,20251218,edgar/data/2088753/0002088753-25-000003.txt
2089030,"CO-0913 Fund I, a series of Roll Up Vehicles, LP",D,20251218,edgar/data/2089030/0002089030-25-000001.txt
2090327,"CA-0922 Fund I, a series of Podemsky Ventures, LP",D,20251218,edgar/data/2090327/0002090327-25-000001.txt
2091550,Viva Private Investments LLC - Series C,D,20251218,edgar/data/2091550/0001012975-25-000914.txt
2092998,"Princeton 88 LBC, LLC",D,20251218,edgar/data/2092998/0002092998-25-000001.txt
2093008,"RE-1007 Fund II, a series of Roll Up Vehicles, LP",D,20251218,edgar/data/2093008/0002093008-25-000001.txt
2093322,"Entrada Partners Industrial Flex Fund III, LP",D,20251218,edgar/data/2093322/0002093322-25-000001.txt
2093989,"BL-1016 Fund I, a series of Zachary Ginsburg Funds, LP",D,20251218,edgar/data/2093989/0002093989-25-000001.txt
2094109,Accel Leaders 5 L.P.,D,20251218,edgar/data/2094109/0002094109-25-000004.txt
2094337,"Cure Ventures Fund II, L.P.",D,20251218,edgar/data/2094337/0002094337-25-000001.txt
2094456,Higher Ground Labs Fund V LP,D,20251218,edgar/data/2094456/0002094456-25-000001.txt
2095834,"Howdy-AG-1028 Fund I, a series of AngelList Funds 2025, LP",D,20251218,edgar/data/2095834/0002095834-25-000001.txt
2096039,"Avenue Growth Lending Fund III, L.P.",D,20251218,edgar/data/2096039/0000950142-25-003207.txt
2096106,"TUCKER BAYOU INVESTMENTS, LLC",D,20251218,edgar/data/2096106/0002096106-25-000006.txt
2096172,"R2-1030 Fund I, a series of Exitfund Venture, LP",D,20251218,edgar/data/2096172/0002096172-25-000001.txt
2097342,"Taproot Timberland Holdings II, LLC",D,20251218,edgar/data/2097342/0002097342-25-000002.txt
2097700,"LOPA LEDGER OPPORTUNITY FUND I, LP",D,20251218,edgar/data/2097700/0002097700-25-000001.txt
2098112,Passive Platform LLC,D,20251218,edgar/data/2098112/0002098112-25-000001.txt
2098257,"Global Infrastructure Partners Emerging Markets Feeder Fund II, L.P.",D,20251218,edgar/data/2098257/0002062357-25-000162.txt
2098259,"Global Infrastructure Partners Emerging Markets Fund II, L.P.",D,20251218,edgar/data/2098259/0002062357-25-000160.txt
2098442,Real Estate Alternative Investments Fund IV LP,D,20251218,edgar/data/2098442/0002098442-25-000001.txt
2098445,Gilead Capital Partners III LP,D,20251218,edgar/data/2098445/0002098445-25-000003.txt
2098571,"TrueBridge Capital Partners Fund IX, L.P.",D,20251218,edgar/data/2098571/0002098571-25-000001.txt
2098572,"TrueBridge Capital Partners Fund IX (Cayman), L.P.",D,20251218,edgar/data/2098572/0002098572-25-000001.txt
2098573,"TrueBridge Capital Partners Fund IX (Cayman Feeder), L.P.",D,20251218,edgar/data/2098573/0002098573-25-000001.txt
2098735,Protagonist VVRL II LP,D,20251218,edgar/data/2098735/0001470831-25-000434.txt
2098791,"MIA 1800 Hamilton, LLC",D,20251218,edgar/data/2098791/0002098791-25-000001.txt
2098939,West Street Life Sciences II LP,D,20251218,edgar/data/2098939/0002098939-25-000001.txt
2098958,West Street Life Sciences II Offshore LP,D,20251218,edgar/data/2098958/0002098958-25-000001.txt
2098966,West Street Life Sciences II Offshore Feeder Fund LLC,D,20251218,edgar/data/2098966/0002098966-25-000001.txt
2098971,ARS IX SH RT,D,20251218,edgar/data/2098971/0002098971-25-000001.txt
2099413,Material Hybrid Manufacturing Inc,D,20251218,edgar/data/2099413/0002099413-25-000001.txt
2099472,BW NextGen Venture Fund LLC,D,20251218,edgar/data/2099472/0002099472-25-000001.txt
2099487,"BREF III Private Investors Offshore, L.P.",D,20251218,edgar/data/2099487/0002099487-25-000001.txt
2099488,"BREF III Private Investors, LLC",D,20251218,edgar/data/2099488/0002099488-25-000001.txt
2099547,PAL VI Co-Investment Fund L.P.,D,20251218,edgar/data/2099547/0002099547-25-000001.txt
2099632,Pantera Growth Opportunities Offshore Fund LP,D,20251218,edgar/data/2099632/0000902664-25-005348.txt
2099686,"Altimeter Reindustrialization Opportunities Fund, L.P.",D,20251218,edgar/data/2099686/0002099686-25-000001.txt
2099702,"Cope Retail Debt Investors, LLC",D,20251218,edgar/data/2099702/0002099702-25-000001.txt
2099709,"Aulis Capital Fund I, LP",D,20251218,edgar/data/2099709/0002099709-25-000001.txt
2099716,"Premise Ventures Fund I, L.P.",D,20251218,edgar/data/2099716/0002099716-25-000001.txt
2099874,"DY-1124 Fund I, a series of MV Funds, LP",D,20251218,edgar/data/2099874/0002099874-25-000001.txt
2099992,"Voyager Management Co-Invest, LLC",D,20251218,edgar/data/2099992/0000950142-25-003208.txt
2099996,Brinley Private Debt Fund II-A LP,D,20251218,edgar/data/2099996/0000950142-25-003244.txt
2100056,"Nyca Investment Fund V-A, LP",D,20251218,edgar/data/2100056/0002100056-25-000001.txt
2100092,Viva Private Investments LLC - Series E,D,20251218,edgar/data/2100092/0001012975-25-000915.txt
2100164,"Pendergrass Gateway Holdings, LLC",D,20251218,edgar/data/2100164/0002100164-25-000001.txt
2100231,"AVSF - Maxinsights 2025, LLC",D,20251218,edgar/data/2100231/0002100231-25-000001.txt
2100234,CABF Glamor 2025-1 Topco L.L.C.,D,20251218,edgar/data/2100234/0000950103-25-016331.txt
2100254,WELLSTAR Technologies Corp.,D,20251218,edgar/data/2100254/0002100254-25-000001.txt
2100361,"Green Equity Investors Offshore Fund X, L.P.",D,20251218,edgar/data/2100361/0002100367-25-000002.txt
2100366,"Marathon Asset-Based Lending REIT IV, LLC",D,20251218,edgar/data/2100366/0002100366-25-000001.txt
2100367,"Green Equity Investors X, L.P.",D,20251218,edgar/data/2100367/0002100367-25-000002.txt
2100369,"Green Equity Investors Side X, L.P.",D,20251218,edgar/data/2100369/0002100367-25-000002.txt
2100371,Endur Opportunities LLC - Series Loopa3,D,20251218,edgar/data/2100371/0002100371-25-000001.txt
2100437,Integrative Charging LLC,D,20251218,edgar/data/2100437/0002100437-25-000001.txt
2100441,"Green Equity Investors (Lux) X, S.C.Sp.",D,20251218,edgar/data/2100441/0002100367-25-000002.txt
2100450,SM Fund Capital LP,D,20251218,edgar/data/2100450/0002100450-25-000001.txt
2100502,"SROA Sailfish Co-Invest, LP",D,20251218,edgar/data/2100502/0002100502-25-000001.txt
2100541,SUNSET AT HOUSTON LLC,D,20251218,edgar/data/2100541/0001493152-25-028327.txt
2100586,"Wise Capital Fund Indiana 1, LLC",D,20251218,edgar/data/2100586/0002100586-25-000001.txt
2100643,"HA-1125 Fund I, a series of New Vista Private Capital Funds, LP",D,20251218,edgar/data/2100643/0002100643-25-000001.txt
2100682,"DATA Fund I, A Series of Sancus Ventures, LP",D,20251218,edgar/data/2100682/0002100682-25-000001.txt
2100712,"Athlon, Inc.",D,20251218,edgar/data/2100712/0002100712-25-000002.txt
2100715,"SILVER HILL ENERGY PARTNERS V, LP",D,20251218,edgar/data/2100715/0002100715-25-000001.txt
2100741,DUME,D,20251218,edgar/data/2100741/0002100741-25-000001.txt
2100751,Bridge Workforce & Affordable Housing Fund III REIT LLC,D,20251218,edgar/data/2100751/0002100751-25-000001.txt
2100754,Dynamo Parallel REIT LLC,D,20251218,edgar/data/2100754/0002100754-25-000001.txt
2100836,Haywood Lane Evergreen Holdings LLC,D,20251218,edgar/data/2100836/0002100836-25-000001.txt
2100880,"Cohalo Dynamic Volatility Strategies - Global, LLC",D,20251218,edgar/data/2100880/0002100880-25-000002.txt
2100928,"BTC Infrastructure, LLC",D,20251218,edgar/data/2100928/0002100928-25-000001.txt
2100936,"General Atlantic MAP II Direct Access Offshore Feeder, L.P.",D,20251218,edgar/data/2100936/0000950142-25-003228.txt
2100937,"General Atlantic MAP II Direct Access Master, L.P.",D,20251218,edgar/data/2100937/0000950142-25-003227.txt
2100982,"Twin Bridge Amplify Fund, L.P.",D,20251218,edgar/data/2100982/0002100982-25-000001.txt
2101149,"AREC Debt Fund Holdings, LLC",D,20251218,edgar/data/2101149/0002101149-25-000001.txt
2101151,"StoneRiver Investment Fund III REIT, LLC",D,20251218,edgar/data/2101151/0002101151-25-000001.txt
2101168,"a16z Perennial Opportunities, L.P. - Series II",D,20251218,edgar/data/2101168/0001104659-25-122141.txt
2101266,Telis South Havana Co-GP Partners LP,D,20251218,edgar/data/2101266/0002101266-25-000001.txt
2101297,"Rhizome AI, Inc",D,20251218,edgar/data/2101297/0002101297-25-000001.txt
2101328,"Light Cap Growth Fund I, LLC",D,20251218,edgar/data/2101328/0000929638-25-004671.txt
2101338,Produce Department LLC a series of Seamless Alts Platform LLC,D,20251218,edgar/data/2101338/0002101338-25-000001.txt
2101348,Zaqa Angels a Series of CGF2021 LLC,D,20251218,edgar/data/2101348/0002101348-25-000001.txt
2101378,"Mavik Real Estate Special Opportunities VS2 REIT, LLC",D,20251218,edgar/data/2101378/0002101378-25-000001.txt
2101385,Whitmore Apartments REIT LLC,D,20251218,edgar/data/2101385/0002101385-25-000001.txt
2101386,SREOT REIT LLC,D,20251218,edgar/data/2101386/0002101386-25-000001.txt
2101396,"CSF IV G, LP",D,20251218,edgar/data/2101396/0002101396-25-000001.txt
2101397,"Milton Street Capital Fund III, LP",D,20251218,edgar/data/2101397/0002101397-25-000001.txt
2101441,"SIV Antioch REIT Holdings, LLC",D,20251218,edgar/data/2101441/0002101441-25-000001.txt
2101444,"SIV Army Court REIT Holdings, LLC",D,20251218,edgar/data/2101444/0002101444-25-000001.txt
2101446,"SIV Sunol REIT Holdings, LLC",D,20251218,edgar/data/2101446/0002101446-25-000001.txt
2101450,"Audrey-LO-1117 Fund I, a series of AngelList Funds 2025, LP",D,20251218,edgar/data/2101450/0002101450-25-000001.txt
2101511,VG-S2-25 a Series of Verdure Venture Partners LLC,D,20251218,edgar/data/2101511/0002101511-25-000001.txt
2101513,Grid Aero Nov 2025 a Series of CGF2021 LLC,D,20251218,edgar/data/2101513/0002101513-25-000001.txt
2101514,Terra Industries II Nov 2025 a Series of CGF2021 LLC,D,20251218,edgar/data/2101514/0002101514-25-000001.txt
2101515,Psyonic Bridge Round SPV 2025 a Series of CGF2021 LLC,D,20251218,edgar/data/2101515/0002101515-25-000001.txt
2101516,Travelsist Nov 2025 a Series of CGF2021 LLC,D,20251218,edgar/data/2101516/0002101516-25-000001.txt
2101517,Alpaca Unbound October 2025 a Series of CGF2021 LLC,D,20251218,edgar/data/2101517/0002101517-25-000001.txt
2101519,Terra Industries Nov 2025 a Series of CGF2021 LLC,D,20251218,edgar/data/2101519/0002101519-25-000001.txt
2101522,CW - NetLaw a Series of CGF2021 LLC,D,20251218,edgar/data/2101522/0002101522-25-000001.txt
2101523,ICPN Oct 2025 a Series of CGF2021 LLC,D,20251218,edgar/data/2101523/0002101523-25-000001.txt
2101524,Charm-Steer Nov 2025 a Series of CGF2021 LLC,D,20251218,edgar/data/2101524/0002101524-25-000001.txt
2101525,Compound TIA 25 a Series of Compound Funds LLC,D,20251218,edgar/data/2101525/0002101525-25-000001.txt
2101526,Neuropho II a Series of Republic Deal Room Master Fund LLC,D,20251218,edgar/data/2101526/0002101526-25-000001.txt
2101527,Entire 1125 a Series of CGF2021 LLC,D,20251218,edgar/data/2101527/0002101527-25-000001.txt
2101552,Boom AI Nov 2025 a Series of CGF2021 LLC,D,20251218,edgar/data/2101552/0002101552-25-000001.txt
2101553,Brief AI Nov 2025 a Series of CGF2021 LLC,D,20251218,edgar/data/2101553/0002101553-25-000001.txt
2101554,Hyperion SPV III a Series of CGF2021 LLC,D,20251218,edgar/data/2101554/0002101554-25-000001.txt
2101555,RealGrader Oct 2025 a Series of CGF2021 LLC,D,20251218,edgar/data/2101555/0002101555-25-000001.txt
2101556,GROQ NOVUM II Nov 2025 a Series of CGF2021 LLC,D,20251218,edgar/data/2101556/0002101556-25-000001.txt
2101557,Stack Health Nov 2025 a Series of CGF2021 LLC,D,20251218,edgar/data/2101557/0002101557-25-000001.txt
2101560,GCP Fund 4 LLC,D,20251218,edgar/data/2101560/0002101560-25-000001.txt
2101597,June DST Holdings,D,20251218,edgar/data/2101597/0002101597-25-000001.txt
2101619,Outpost Ventures Energy LP,D,20251218,edgar/data/2101619/0002101619-25-000001.txt
2101623,RevaTerra Inc.,D,20251218,edgar/data/2101623/0002101623-25-000002.txt
2101674,SCREO II US REIT LLC,D,20251218,edgar/data/2101674/0002101674-25-000001.txt
2101681,"Fengate Montecito US III REIT, LLC",D,20251218,edgar/data/2101681/0002101681-25-000001.txt
2101683,"Fengate RTK US III REIT, LLC",D,20251218,edgar/data/2101683/0002101683-25-000001.txt
2101684,"Orbit Scanning, LLC",D,20251218,edgar/data/2101684/0002101684-25-000001.txt
2101685,"GCP Fund VI MH REIT, LLC",D,20251218,edgar/data/2101685/0002101685-25-000001.txt
2101691,"GCP Fund VI SH REIT, LLC",D,20251218,edgar/data/2101691/0002101691-25-000001.txt
2101699,VIV Energy Fund Limited Partnership,D,20251218,edgar/data/2101699/0002101699-25-000001.txt
2101720,ZSZRUN CRYPTO GROUP Ltd.,D,20251218,edgar/data/2101720/0002101720-25-000001.txt
2101728,SKYT Multi Strategy Fund LP,D,20251218,edgar/data/2101728/0002101728-25-000001.txt
2101741,"HE-0324 Fund II, a series of Roll Up Vehicles, LP",D,20251218,edgar/data/2101741/0002101741-25-000001.txt
2101742,"Congruent Coefficient Alpha, a series of Congruent Coefficient Fund, LP",D,20251218,edgar/data/2101742/0002101742-25-000001.txt
2101748,"Yellowvan, LP",D,20251218,edgar/data/2101748/0002101748-25-000002.txt
2101762,"MESH Invest V, L.P.",D,20251218,edgar/data/2101762/0001231919-25-000632.txt
2101763,"One Front Street REIT, LLC",D,20251218,edgar/data/2101763/0002101763-25-000001.txt
2101775,ZenQuant Technologies Inc,D,20251218,edgar/data/2101775/0002101775-25-000001.txt
2101785,FRIS Inc.,D,20251218,edgar/data/2101785/0002101785-25-000001.txt
2101806,"Tarragon Systems, Inc.",D,20251218,edgar/data/2101806/0002101806-25-000001.txt
2101829,"Cardinal Co-Invest Aggregator, L.P.",D,20251218,edgar/data/2101829/0002062357-25-000152.txt
2101840,"T2 Tactical Opportunity Fund REIT II, LLC",D,20251218,edgar/data/2101840/0002101840-25-000001.txt
2101870,KKR ACOF II Feeder L.P.,D,20251218,edgar/data/2101870/0002062357-25-000156.txt
2101871,KKR Asia Credit Opportunities Fund II CTB L.P.,D,20251218,edgar/data/2101871/0002062357-25-000158.txt
2101872,"SemperVirens-MI-1118 Fund I, a series of AngelList Funds 2025, LP",D,20251218,edgar/data/2101872/0002101872-25-000001.txt
2101903,"TPG Rise Climate Transition Infrastructure Europe, SCSp",D,20251218,edgar/data/2101903/0002101903-25-000001.txt
2101912,IpoInfra I LLC,D,20251218,edgar/data/2101912/0001214659-25-018221.txt
2101923,"CAAS Cottages Owner, LLC",D,20251218,edgar/data/2101923/0002101923-25-000001.txt
2101927,"Pilot Parent Holdings, L.P.",D,20251218,edgar/data/2101927/0002101927-25-000001.txt
2101950,Flexx Inc.,D,20251218,edgar/data/2101950/0002101950-25-000001.txt
2101964,DW BAKKEN 76 LP,D,20251218,edgar/data/2101964/0002101964-25-000001.txt
2101982,"Stellar Employees Series EPV IV, LLC",D,20251218,edgar/data/2101982/0002080573-25-000006.txt
2102019,"CenterSquare SIRE Co-Invest Fund VI, L.P.",D,20251218,edgar/data/2102019/0002102019-25-000001.txt
2102032,"Calculus Fund I, L.P.",D,20251218,edgar/data/2102032/0002102032-25-000001.txt
2102048,Turner Nanotechnology Corp,D,20251218,edgar/data/2102048/0002102048-25-000001.txt
2102051,Zions Edge 10 LLC,D,20251218,edgar/data/2102051/0002102051-25-000001.txt
2102056,Sendero Resources Corp.,D,20251218,edgar/data/2102056/0001062993-25-017400.txt
2102106,"Weldenfield BAM Fund II Sidecar B, LLC",D,20251218,edgar/data/2102106/0002102106-25-000001.txt
1129397,"ADVOCATE SOUTHWEST AMBULATORY SURGERY CENTER, L.L.C.",D,20251219,edgar/data/1129397/0001129397-25-000002.txt
1141488,JOLIET SURGERY CENTER LIMITED PARTNERSHIP,D,20251219,edgar/data/1141488/0001141488-25-000004.txt
1348362,Lexaria Bioscience Corp.,D,20251219,edgar/data/1348362/0001348362-25-000018.txt
1397616,SOUTHERN SILVER EXPLORATION CORP,D,20251219,edgar/data/1397616/0001062993-25-017409.txt
1523159,Frontier Market Select Fund II LP,D,20251219,edgar/data/1523159/0001523159-25-000003.txt
1523292,"Frontier Market Opportunities Fund, L.P.",D,20251219,edgar/data/1523292/0001523292-25-000003.txt
1551394,"BNNT Materials, LLC",D,20251219,edgar/data/1551394/0001551394-25-000002.txt
1617128,"eLux Medical, Inc.",D,20251219,edgar/data/1617128/0001617128-25-000003.txt
1630986,"Phylos Bioscience, Inc.",D,20251219,edgar/data/1630986/0001630986-25-000003.txt
1665529,"DOmedia, LLC",D,20251219,edgar/data/1665529/0001665529-25-000004.txt
1694304,"OXOS MEDICAL, INC.",D,20251219,edgar/data/1694304/0001694304-25-000002.txt
1711132,"ORBION SPACE TECHNOLOGY, INC.",D,20251219,edgar/data/1711132/0001711132-25-000007.txt
1716686,"Midwest Center for Day Surgery, LLC",D,20251219,edgar/data/1716686/0001716686-25-000002.txt
1760358,"ApolloMD Partners, Inc.",D,20251219,edgar/data/1760358/0000906791-25-000040.txt
1777607,MyndTec Inc.,D,20251219,edgar/data/1777607/0001062993-25-017408.txt
1824134,"BioIntelliSense, Inc.",D,20251219,edgar/data/1824134/0001824134-25-000003.txt
1842245,"MB Banc Corp, Inc.",D,20251219,edgar/data/1842245/0001193125-25-326140.txt
1869356,"Re:imagine, Inc.",D,20251219,edgar/data/1869356/0001869356-25-000005.txt
1873364,"Skims Body, Inc.",D,20251219,edgar/data/1873364/0001873364-25-000003.txt
1917632,"Linectra, Inc.",D,20251219,edgar/data/1917632/0001917632-25-000002.txt
1938336,"Kore-1, LLC",D,20251219,edgar/data/1938336/0001938336-25-000003.txt
1950911,"MSCP FUND I-A, LP",D,20251219,edgar/data/1950911/0001950911-25-000002.txt
1951011,"MSCP FUND I, LP",D,20251219,edgar/data/1951011/0001951011-25-000002.txt
1951604,"Laguna Tech USA, Inc.",D,20251219,edgar/data/1951604/0001477932-25-009071.txt
1952808,"Avana Health, Inc.",D,20251219,edgar/data/1952808/0001952808-25-000002.txt
1989152,"Tuckahoe Holdings, LLC",D,20251219,edgar/data/1989152/0001989152-25-000003.txt
2017490,"RetireGo, Inc.",D,20251219,edgar/data/2017490/0002017490-25-000002.txt
2023866,"Augment Collective, LLC",D,20251219,edgar/data/2023866/0002023866-25-000036.txt
2029862,HYPERNOVA FUND LP,D,20251219,edgar/data/2029862/0002029862-25-000002.txt
2031482,Biometry Inc.,D,20251219,edgar/data/2031482/0002031482-25-000003.txt
2037154,"Chevron Topco, L.P.",D,20251219,edgar/data/2037154/0002037154-25-000003.txt
2042204,"Earthrise Ventures X, LLC",D,20251219,edgar/data/2042204/0002042204-25-000003.txt
2045657,"Flight Science, Inc.",D,20251219,edgar/data/2045657/0002045657-25-000003.txt
2061174,Sound Point Direct Lending BDC,D,20251219,edgar/data/2061174/0002061174-25-000004.txt
2061778,"Lexington Capital Partners XI, L.P.",D,20251219,edgar/data/2061778/0002061778-25-000005.txt
2064533,"Geotechnical Management Aggregator, LLC",D,20251219,edgar/data/2064533/0002064533-25-000005.txt
2065539,LCP XI (Luxembourg) Master SCSp,D,20251219,edgar/data/2065539/0002065539-25-000002.txt
2066831,Dover Street XII L.P.,D,20251219,edgar/data/2066831/0002066831-25-000002.txt
2071152,"Gray Capital Group Fund I, L.P.",D,20251219,edgar/data/2071152/0002071152-25-000003.txt
2081967,West Street Infrastructure Partners V Offshore LP,D,20251219,edgar/data/2081967/0002081967-25-000001.txt
2083024,Axcelus Financial Life Insurance Co Separate Account VA 422,D,20251219,edgar/data/2083024/0002083024-25-000001.txt
2084763,Discerning Capital HAF I LP,D,20251219,edgar/data/2084763/0002084763-25-000001.txt
2084927,"GC Venture XII (A), L.P.",D,20251219,edgar/data/2084927/0002084927-25-000001.txt
2086304,"PE-0718 Fund I, a series of Exitfund Venture, LP",D,20251219,edgar/data/2086304/0002086304-25-000001.txt
2087164,"Brown Advisory Investors 2025 - SRP Fund E, LLLP",D,20251219,edgar/data/2087164/0001231919-25-000638.txt
2088202,"FO-0907 Fund I, a series of Roll Up Vehicles, LP",D,20251219,edgar/data/2088202/0002088202-25-000001.txt
2088442,Illini Angels LLC - Series 4453,D,20251219,edgar/data/2088442/0002088442-25-000001.txt
2090135,"StepStone VC Global Partners IV-R, L.P.",D,20251219,edgar/data/2090135/0001012975-25-000932.txt
2090581,"At One Ventures III, L.P.",D,20251219,edgar/data/2090581/0001470831-25-000440.txt
2090601,Axcelus Financial Life Insurance Co Separate Account VL 488,D,20251219,edgar/data/2090601/0002090601-25-000001.txt
2090637,Phoenix Capital Lending LLC,D,20251219,edgar/data/2090637/0002090637-25-000001.txt
2091033,"Almont Capital LS Equity Fund I, LP",D,20251219,edgar/data/2091033/0002091033-25-000001.txt
2092183,"OHA Structured Products Fund IV (Evergreen) (Offshore), L.P.",D,20251219,edgar/data/2092183/0000950142-25-003253.txt
2092184,"OHA Structured Products Fund IV (Evergreen), L.P.",D,20251219,edgar/data/2092184/0000950142-25-003254.txt
2092198,Cohen & Steers TREF Private Index REIT,D,20251219,edgar/data/2092198/0002092198-25-000001.txt
2092199,Cohen & Steers TREF Public Securities REIT,D,20251219,edgar/data/2092199/0002092199-25-000001.txt
2092678,"Spacestation 87, a series of Spacestation Investments 1, LLC",D,20251219,edgar/data/2092678/0002092678-25-000001.txt
2092764,Sygnomics Jun 2025 a Series of CGF2021 LLC,D,20251219,edgar/data/2092764/0002092764-25-000001.txt
2093232,Odyssey Health Inc.,D,20251219,edgar/data/2093232/0002093232-25-000001.txt
2093692,"Ballast Fund I, LLC",D,20251219,edgar/data/2093692/0002093692-25-000001.txt
2093754,"AM-1016 Fund I, a series of Roll Up Vehicles, LP",D,20251219,edgar/data/2093754/0002093754-25-000001.txt
2094242,WCP Merge Holdco LLC,D,20251219,edgar/data/2094242/0002094242-25-000001.txt
2094480,"Apollo IX, a series of Tyrell Ventures Funds, LP",D,20251219,edgar/data/2094480/0002094480-25-000001.txt
2094511,"Slips Technologies, Inc.",D,20251219,edgar/data/2094511/0002094511-25-000001.txt
2094897,"Sixth Street CMS Dynamic Credit Fund II (B), L.P.",D,20251219,edgar/data/2094897/0002094897-25-000001.txt
2095279,LeapFrog Partners LLC,D,20251219,edgar/data/2095279/0001185185-25-002137.txt
2095779,"Sixth Street CMS Dynamic Credit Fund II (A), L.P.",D,20251219,edgar/data/2095779/0002095779-25-000001.txt
2096154,EquityZen Growth Technology Fund LLC - Series 2207,D,20251219,edgar/data/2096154/0002096154-25-000001.txt
2096157,EquityZen Growth Technology Fund LLC - Series 2204,D,20251219,edgar/data/2096157/0002096157-25-000002.txt
2096282,GROQ Opportunity 6 Jul 2025 a Series of CGF2021 LLC,D,20251219,edgar/data/2096282/0002096282-25-000001.txt
2096642,"CP Venture IV, LP",D,20251219,edgar/data/2096642/0001470831-25-000438.txt
2096836,VATN CSP II LLC,D,20251219,edgar/data/2096836/0002096836-25-000003.txt
2097279,Adams Street 2026 Non-US Fund LP,D,20251219,edgar/data/2097279/0001012975-25-000920.txt
2097280,Adams Street 2026 Direct Growth Equity Fund LP,D,20251219,edgar/data/2097280/0001012975-25-000921.txt
2097281,Adams Street 2026 Global Fund LP,D,20251219,edgar/data/2097281/0001012975-25-000918.txt
2097282,Adams Street (PWS Onshore) 2026 Global Fund LP,D,20251219,edgar/data/2097282/0001012975-25-000922.txt
2097283,Adams Street 2026 US Fund LP,D,20251219,edgar/data/2097283/0001012975-25-000919.txt
2097309,"Hunt Global Capital Fund, LP",D,20251219,edgar/data/2097309/0001013594-25-001521.txt
2097410,"CoreCode Capital, LP",D,20251219,edgar/data/2097410/0002097410-25-000002.txt
2097466,Davidson Kempner Solutions Co-Invest Fund I LP,D,20251219,edgar/data/2097466/0002097466-25-000001.txt
2097536,"Series 69-1, a series of StartEngine Private LLC",D,20251219,edgar/data/2097536/0002097536-25-000001.txt
2097600,"Ugly Duckling Fund, LP",D,20251219,edgar/data/2097600/0002097600-25-000002.txt
2097633,"STG Allegro II, L.P.",D,20251219,edgar/data/2097633/0002097633-25-000001.txt
2097644,"STG Allegro II-A, L.P.",D,20251219,edgar/data/2097644/0002097644-25-000001.txt
2097944,Leon Healthcare Real Estate Fund Onshore Feeder LP,D,20251219,edgar/data/2097944/0002097944-25-000001.txt
2097945,Leon Multifamily Real Estate Fund Onshore Feeder LP,D,20251219,edgar/data/2097945/0002097945-25-000001.txt
2098035,Maspeth Supply Partners LLC,D,20251219,edgar/data/2098035/0002098035-25-000001.txt
2098114,Basalt Infrastructure Partners V C L.P.,D,20251219,edgar/data/2098114/0002098114-25-000001.txt
2098115,Basalt Infrastructure Partners V B L.P.,D,20251219,edgar/data/2098115/0002098115-25-000001.txt
2098116,Basalt Infrastructure Partners V A L.P.,D,20251219,edgar/data/2098116/0002098116-25-000001.txt
2098180,TFC FACTOR HOLDINGS LLC,D,20251219,edgar/data/2098180/0002098180-25-000001.txt
2098280,Chrysalis Film LLC,D,20251219,edgar/data/2098280/0002098280-25-000001.txt
2098301,LCP XI (Luxembourg) SCSp,D,20251219,edgar/data/2098301/0002098301-25-000001.txt
2098366,Parametric Core Extension Fund LLC: Target Stock 1.0,D,20251219,edgar/data/2098366/0000945621-25-001230.txt
2098367,Parametric Core Extension Fund LLC: Target Stock 2.0,D,20251219,edgar/data/2098367/0000945621-25-001231.txt
2098402,CHAP CAPITAL ONE LP,D,20251219,edgar/data/2098402/0002098402-25-000001.txt
2098406,"LCP XI (Offshore), L.P.",D,20251219,edgar/data/2098406/0002098406-25-000001.txt
2098429,Elysian Capital CV I LP,D,20251219,edgar/data/2098429/0002098429-25-000001.txt
2098482,Japan Catalyst Fund,D,20251219,edgar/data/2098482/0002098482-25-000001.txt
2098558,Linked Capital Group Fund 2 LLC,D,20251219,edgar/data/2098558/0002098558-25-000001.txt
2098597,Confluence MOB LLC,D,20251219,edgar/data/2098597/0002098597-25-000001.txt
2098631,ASP (Feeder) 2026 Direct Growth Equity Fund LP,D,20251219,edgar/data/2098631/0001012975-25-000926.txt
2098685,"DFO Ultimate Holding, LP",D,20251219,edgar/data/2098685/0002098685-25-000002.txt
2098811,ASP (Feeder) 2026 Non-US Fund LP,D,20251219,edgar/data/2098811/0001012975-25-000925.txt
2098818,Enduring Love LLC Fellowship in Care,D,20251219,edgar/data/2098818/0002098818-25-000001.txt
2098874,ASP (Feeder) 2026 US Fund LP,D,20251219,edgar/data/2098874/0001012975-25-000924.txt
2098932,"Anchorage Structured Credit Fund III, L.P.",D,20251219,edgar/data/2098932/0000905148-25-004436.txt
2099003,ASP (Feeder) 2026 Global Fund LP,D,20251219,edgar/data/2099003/0001012975-25-000923.txt
2099192,"VA-1120 Fund I, a series of MV Funds, LP",D,20251219,edgar/data/2099192/0002099192-25-000001.txt
2099290,Departure Capital SPV Privateer A2 a Series of CGF2021 LLC,D,20251219,edgar/data/2099290/0002099290-25-000001.txt
2099354,"MFJ Fund I, LLC",D,20251219,edgar/data/2099354/0002099354-25-000001.txt
2099467,"Cortland Co-Investment Fund VI, L.P.",D,20251219,edgar/data/2099467/0000950142-25-003246.txt
2099530,"Henderson Park North America Real Estate Fund I (US Blocked), LP",D,20251219,edgar/data/2099530/0002099530-25-000001.txt
2099552,"Koru Holdings Fervo, LP",D,20251219,edgar/data/2099552/0002099552-25-000001.txt
2099691,"Phygitals, Inc.",D,20251219,edgar/data/2099691/0002099691-25-000001.txt
2099699,"Brown Advisory Investors 2025 - Greystar Equity Partners XII, LLLP",D,20251219,edgar/data/2099699/0001231919-25-000636.txt
2099775,Basalt Infrastructure Partners V D L.P.,D,20251219,edgar/data/2099775/0002099775-25-000001.txt
2099783,"GAP Coinvestments PE, L.P.",D,20251219,edgar/data/2099783/0000950142-25-003252.txt
2099800,"Bunsen-IG-1112 Fund I, a series of AngelList Funds 2025, LP",D,20251219,edgar/data/2099800/0002099800-25-000001.txt
2099805,"ZI-1124 Fund I, a series of Zachary Ginsburg Funds, LP",D,20251219,edgar/data/2099805/0002099805-25-000001.txt
2099809,"IC-1119 Fund I, a series of Armenian Founders, LP",D,20251219,edgar/data/2099809/0002099809-25-000001.txt
2099884,Maharat CISPV IV Sep 2025 a Series of CGF2021 LLC,D,20251219,edgar/data/2099884/0002099884-25-000001.txt
2099990,Aurora Grid LP,D,20251219,edgar/data/2099990/0002099990-25-000001.txt
2100242,Venus JC4 SPV Nov 2025 a Series of CGF2021 LLC,D,20251219,edgar/data/2100242/0002100242-25-000001.txt
2100263,"Brown Advisory Energy Innovation Partners 1, LLLP",D,20251219,edgar/data/2100263/0001231919-25-000635.txt
2100308,"AC-1103 Fund I, a series of Shor Capital, LP",D,20251219,edgar/data/2100308/0002100308-25-000001.txt
2100411,"Solari Capital General Medicine I, L.P.",D,20251219,edgar/data/2100411/0002100411-25-000001.txt
2100416,"PEAKHILL INCOME BRIDGE, LP",D,20251219,edgar/data/2100416/0002100416-25-000001.txt
2100430,Macquarie Direct Lending US UnLev Offshore Fund SCSp,D,20251219,edgar/data/2100430/0002100430-25-000001.txt
2100458,"Brown Advisory Investors 2026 - Venture Capital Feeder Fund - T, LLLP",D,20251219,edgar/data/2100458/0001231919-25-000634.txt
2100589,"MA-1125 Fund II, a series of Riverside Ventures, LP",D,20251219,edgar/data/2100589/0002100589-25-000001.txt
2100596,CONDUIT CP INVESTMENT III LLC,D,20251219,edgar/data/2100596/0002100596-25-000001.txt
2100597,Conduit CP Investment I LLC,D,20251219,edgar/data/2100597/0002100597-25-000001.txt
2100668,"VA-1115 Fund I, a series of Also Capital, LP",D,20251219,edgar/data/2100668/0002100668-25-000001.txt
2100739,"Savvy Learn, Inc.",D,20251219,edgar/data/2100739/0001231919-25-000633.txt
2100745,"Solari Capital Northwood Space I, L.P.",D,20251219,edgar/data/2100745/0002100745-25-000001.txt
2100780,"StepStone Puma Fund, L.P.",D,20251219,edgar/data/2100780/0002100780-25-000001.txt
2100789,"VDC WI Non-DC REIT A, LLC",D,20251219,edgar/data/2100789/0002100789-25-000001.txt
2100852,Tembo Capital Mining Fund IV Parallel LP,D,20251219,edgar/data/2100852/0002100852-25-000001.txt
2100862,"Kiwi Investment Holdings, LLC",D,20251219,edgar/data/2100862/0002100862-25-000001.txt
2100867,JZ Carloha II LLC,D,20251219,edgar/data/2100867/0002100867-25-000001.txt
2100943,Carom Growth Partners Somerville III SPV LP,D,20251219,edgar/data/2100943/0002100943-25-000001.txt
2101030,"TowerBrook Investors VII (Onshore), I.L.P.",D,20251219,edgar/data/2101030/0002101030-25-000001.txt
2101031,"TowerBrook Investors VII (Offshore), I.L.P.",D,20251219,edgar/data/2101031/0002101031-25-000001.txt
2101032,"TowerBrook Investors VII (Europe), I.L.P.",D,20251219,edgar/data/2101032/0002101032-25-000001.txt
2101059,"VDC WI DC REIT D, LLC",D,20251219,edgar/data/2101059/0002101062-25-000003.txt
2101060,"VDC WI DC REIT C, LLC",D,20251219,edgar/data/2101060/0002101062-25-000003.txt
2101061,"VDC WI DC REIT B, LLC",D,20251219,edgar/data/2101061/0002101062-25-000003.txt
2101062,"VDC WI DC REIT A, LLC",D,20251219,edgar/data/2101062/0002101062-25-000003.txt
2101068,"VDC WI Non-DC REIT C, LLC",D,20251219,edgar/data/2101068/0002100789-25-000001.txt
2101070,"VDC WI Non-DC REIT D, LLC",D,20251219,edgar/data/2101070/0002100789-25-000001.txt
2101108,Aikium SPV I Sep 2025 a Series of CGF2021 LLC,D,20251219,edgar/data/2101108/0002101108-25-000001.txt
2101184,DPV Tensorwave B a Series of DataPower Capital Partners LLC,D,20251219,edgar/data/2101184/0002101184-25-000001.txt
2101191,Nomi Capital Defense Fund VI a Series of CGF2021 LLC,D,20251219,edgar/data/2101191/0002101191-25-000001.txt
2101210,Municipal Sep 2025 a Series of CGF2021 LLC,D,20251219,edgar/data/2101210/0002101210-25-000001.txt
2101222,"MPC CA Historic ICF 1, LLC",D,20251219,edgar/data/2101222/0002101222-25-000001.txt
2101242,Nadia Partners (Hatz II) LLC,D,20251219,edgar/data/2101242/0002101242-25-000001.txt
2101265,Crusoe Acquisition Oct 2025 a Series of CGF2021 LLC,D,20251219,edgar/data/2101265/0002101265-25-000001.txt
2101284,OP LUSBY LLC,D,20251219,edgar/data/2101284/0002101284-25-000001.txt
2101311,"Argosy Investment Partners 7, L.P.",D,20251219,edgar/data/2101311/0002101311-25-000001.txt
2101401,"VDC WI Non-DC REIT B, LLC",D,20251219,edgar/data/2101401/0002100789-25-000001.txt
2101456,Uptown Cloverleaf Opportunity LLC,D,20251219,edgar/data/2101456/0002101456-25-000001.txt
2101492,SKM One Commerce LLC,D,20251219,edgar/data/2101492/0002101492-25-000001.txt
2101502,SCI Growth & Income Fund V LLC,D,20251219,edgar/data/2101502/0002101502-25-000001.txt
2101510,Boom Supersonic 30F II a Series of Denver Angels LLC,D,20251219,edgar/data/2101510/0002101510-25-000001.txt
2101520,Entropy-DG a Series of CGF2021 LLC,D,20251219,edgar/data/2101520/0002101520-25-000001.txt
2101521,Keeling Capital Fervo E SPV a Series of CGF2021 LLC,D,20251219,edgar/data/2101521/0002101521-25-000001.txt
2101540,Agile 33 II a Series of Denver Angels LLC,D,20251219,edgar/data/2101540/0002101540-25-000001.txt
2101583,Supra Elemental Recovery a Series of CGF2021 LLC,D,20251219,edgar/data/2101583/0002101583-25-000001.txt
2101584,Privateer Verdant Ventures NOV2025 a Series of CGF2021 LLC,D,20251219,edgar/data/2101584/0002101584-25-000001.txt
2101587,Terrarium II a Series of CompanyVentures LLC,D,20251219,edgar/data/2101587/0002101587-25-000001.txt
2101593,DCP PP IX a Series of CGF2021 LLC,D,20251219,edgar/data/2101593/0002101593-25-000001.txt
2101595,PPVP GP a Series of Pari Passu Master II LLC,D,20251219,edgar/data/2101595/0002101595-25-000001.txt
2101599,Material Difference Inc.,D,20251219,edgar/data/2101599/0002101599-25-000001.txt
2101603,Six Point G2 I a Series of CGF2021 LLC,D,20251219,edgar/data/2101603/0002101603-25-000001.txt
2101640,Via AI SAFE a Series of TBD Angels Master LLC,D,20251219,edgar/data/2101640/0002101640-25-000001.txt
2101643,CC SX III a Series of CGF2021 LLC,D,20251219,edgar/data/2101643/0002101643-25-000001.txt
2101647,PEG A Fund L.P.,D,20251219,edgar/data/2101647/0001012975-25-000927.txt
2101704,"Amphix Bio, Inc.",D,20251219,edgar/data/2101704/0002101704-25-000001.txt
2101707,"xBuilders Fund II, LP",D,20251219,edgar/data/2101707/0002101707-25-000001.txt
2101739,"Fund I, a series of Very Serious Ventures, LP",D,20251219,edgar/data/2101739/0002101739-25-000001.txt
2101772,SKB-Courthouse LLC,D,20251219,edgar/data/2101772/0002101772-25-000001.txt
2101810,Elite Prime Equity LLC,D,20251219,edgar/data/2101810/0002101810-25-000001.txt
2101820,"RTZN Brands, LLC",D,20251219,edgar/data/2101820/0002101820-25-000001.txt
2101874,"Formation Wave 1, a series of Formation Wave, LP",D,20251219,edgar/data/2101874/0002101874-25-000001.txt
2101889,Samarthya OrbitFab November 2025 a Series of CGF2021 LLC,D,20251219,edgar/data/2101889/0002101889-25-000001.txt
2101911,FARM LIFE MARKET LLC,D,20251219,edgar/data/2101911/0002101911-25-000002.txt
2101934,Torus Related Composition Master Fund LP,D,20251219,edgar/data/2101934/0000905148-25-004448.txt
2101939,"NC Mermaid Co-Invest Beta, L.P.",D,20251219,edgar/data/2101939/0002101939-25-000001.txt
2101940,"NC Mermaid Co-Invest Alpha, L.P.",D,20251219,edgar/data/2101940/0002101940-25-000001.txt
2101942,"NC Apex Co-Invest Beta, L.P.",D,20251219,edgar/data/2101942/0002101942-25-000001.txt
2101947,Coatue CT 165 LLC,D,20251219,edgar/data/2101947/0000919574-25-007463.txt
2101954,PhaseFront Inc.,D,20251219,edgar/data/2101954/0002101954-25-000001.txt
2101963,"YO-1125 Fund I, a series of The Fund Series, LP",D,20251219,edgar/data/2101963/0002101963-25-000001.txt
2101978,"Queen City Certified, Inc.",D,20251219,edgar/data/2101978/0002101978-25-000001.txt
2101979,Obais Ltd,D,20251219,edgar/data/2101979/0002101979-25-000001.txt
2101994,Immunovec Nov 2025 a Series of CGF2021 LLC,D,20251219,edgar/data/2101994/0002101994-25-000001.txt
2102007,Essentia Ventures - SELECT - PS-A SPV a Series of CGF2021 LLC,D,20251219,edgar/data/2102007/0002102007-25-000001.txt
2102014,High Line Capital I a Series of CGF2021 LLC,D,20251219,edgar/data/2102014/0002102014-25-000001.txt
2102027,"Loonen Opco, Inc.",D,20251219,edgar/data/2102027/0002102027-25-000001.txt
2102042,"HRE Salem Gate Partner, LP",D,20251219,edgar/data/2102042/0002102042-25-000002.txt
2102061,Yeahchain Tech LTD,D,20251219,edgar/data/2102061/0002102061-25-000001.txt
2102064,Rekubit Tech LTD,D,20251219,edgar/data/2102064/0002102064-25-000001.txt
2102065,PMCYBIT INC,D,20251219,edgar/data/2102065/0002102065-25-000001.txt
2102066,HPEDBIT INC.,D,20251219,edgar/data/2102066/0002102066-25-000001.txt
2102076,EGV Dynamo XIV a Series of CGF2021 LLC,D,20251219,edgar/data/2102076/0002102076-25-000001.txt
2102079,AVAcore Technologies a Series of CGF2021 LLC,D,20251219,edgar/data/2102079/0002102079-25-000001.txt
2102081,Starfield III Nov 2025 a Series of CGF2021 LLC,D,20251219,edgar/data/2102081/0002102081-25-000001.txt
2102088,Plurality Digital dba Shoplift a Series of CGF2021 LLC,D,20251219,edgar/data/2102088/0002102088-25-000001.txt
2102098,RHODIUM a Series of CGF2021 LLC,D,20251219,edgar/data/2102098/0002102098-25-000001.txt
2102099,Imprint SPV a Series of CGF2021 LLC,D,20251219,edgar/data/2102099/0002102099-25-000001.txt
2102100,Paradromics I a Series of Republic Deal Room Master Fund LLC,D,20251219,edgar/data/2102100/0002102100-25-000001.txt
2102102,NKM DG a Series of CGF2021 LLC,D,20251219,edgar/data/2102102/0002102102-25-000001.txt
2102114,xAI 2025(2) a Series of CGF2021 LLC,D,20251219,edgar/data/2102114/0002102114-25-000001.txt
2102124,"Capital Fundings Mortgage REIT, LLC",D,20251219,edgar/data/2102124/0002102124-25-000001.txt
2102125,GIP Special Opportunities Fund Series LP - GIP Special Opportunities Series 5,D,20251219,edgar/data/2102125/0002102125-25-000001.txt
2102129,"Two Sigma Aurora Cayman Fund, Ltd.",D,20251219,edgar/data/2102129/0002102129-25-000002.txt
2102146,IRONMAN NCE QOF LP,D,20251219,edgar/data/2102146/0002102146-25-000001.txt
2102152,KRC PEX Feeder Unblocked LP,D,20251219,edgar/data/2102152/0002071842-25-000032.txt
2102154,KRC PEX Feeder Blocked LP,D,20251219,edgar/data/2102154/0002071842-25-000031.txt
2102156,HarbourVest Access - Dover Street XII LLC,D,20251219,edgar/data/2102156/0002102156-25-000001.txt
2102163,"NW Exit 13 Partners, LLC",D,20251219,edgar/data/2102163/0002102163-25-000001.txt
2102176,"OP 10 Music Circle VCF, LLC",D,20251219,edgar/data/2102176/0002102176-25-000001.txt
2102177,"OP Station 40 Holdings, LLC",D,20251219,edgar/data/2102177/0002102177-25-000001.txt
2102185,Altitude Cares Inc.,D,20251219,edgar/data/2102185/0001104659-25-123299.txt
2102217,Bommie Capital Crusoe II LLC,D,20251219,edgar/data/2102217/0002102217-25-000001.txt
2102288,"JCC Storage Lenders II, LLC",D,20251219,edgar/data/2102288/0002102288-25-000001.txt
2102315,"EB5 Capital - Jobs Fund 46, LLC",D,20251219,edgar/data/2102315/0002102315-25-000001.txt
2102328,"Ajax Health Fund I-B, LP",D,20251219,edgar/data/2102328/0002102328-25-000001.txt
2102329,"Ajax Health Fund I, LP",D,20251219,edgar/data/2102329/0002102329-25-000001.txt
943034,AUTOSCOPE TECHNOLOGIES CORP,D,20251219,edgar/data/943034/0000943034-25-000010.txt
1437479,ENB Financial Corp,D,20251222,edgar/data/1437479/0001174947-25-001467.txt
1481857,Orestone Mining Corp.,D,20251222,edgar/data/1481857/0000912282-25-001447.txt
1710088,"Aeovian Pharmaceuticals, Inc.",D,20251222,edgar/data/1710088/0000905148-25-004456.txt
1712468,"HealthBridge Financial, Inc.",D,20251222,edgar/data/1712468/0001712468-25-000003.txt
1733260,Lemon Perfect Co,D,20251222,edgar/data/1733260/0001733260-25-000003.txt
1777989,"BREAKAWAY GROUP, INC.",D,20251222,edgar/data/1777989/0001777989-25-000003.txt
1811346,Cultivo Land PBC,D,20251222,edgar/data/1811346/0001811346-25-000002.txt
1828263,"Confianza, Inc.",D,20251222,edgar/data/1828263/0001828263-25-000002.txt
1828421,"Silver Bay Seafoods-Southeast, LLC",D,20251222,edgar/data/1828421/0001828421-25-000002.txt
1846242,Edith's Bakery & Cafe LLC,D,20251222,edgar/data/1846242/0002098176-25-000002.txt
1878497,"Lonestar Data Holdings, Inc.",D,20251222,edgar/data/1878497/0001878497-25-000004.txt
1884419,"Power & Chandler Self Storage Partners, LLC",D,20251222,edgar/data/1884419/0001884419-25-000002.txt
1886602,"Toms River Self Storage Partners, LLC",D,20251222,edgar/data/1886602/0001886602-25-000002.txt
1932213,Blue Chip Capital Group Inc.,D,20251222,edgar/data/1932213/0001493152-25-028692.txt
1932213,Blue Chip Capital Group Inc.,D,20251222,edgar/data/1932213/0001493152-25-028694.txt
1932213,Blue Chip Capital Group Inc.,D,20251222,edgar/data/1932213/0001493152-25-028696.txt
1949035,"Badwater Alchemy Technologies, Inc.",D,20251222,edgar/data/1949035/0001949035-25-000004.txt
1956491,"ZICO Rising, Inc.",D,20251222,edgar/data/1956491/0001956491-25-000002.txt
1957325,EAG Holdings LP,D,20251222,edgar/data/1957325/0001957325-25-000005.txt
1967229,Modelwise Technologies Inc.,D,20251222,edgar/data/1967229/0001967229-25-000003.txt
1975210,"PROOF ZLI, LLC",D,20251222,edgar/data/1975210/0001975210-25-000004.txt
1976287,"Monument Software, Inc.",D,20251222,edgar/data/1976287/0001976287-25-000002.txt
1978744,Blue Co Warehousing Inc,D,20251222,edgar/data/1978744/0001978744-25-000008.txt
1995114,PIMEE ENERGY INC.,D,20251222,edgar/data/1995114/0001995114-25-000004.txt
1996905,Kashable Holdings Inc.,D,20251222,edgar/data/1996905/0001996905-25-000003.txt
1996905,Kashable Holdings Inc.,D,20251222,edgar/data/1996905/0001996905-25-000004.txt
2008675,"Aquinas Senior Living, Inc.",D,20251222,edgar/data/2008675/0002008675-25-000006.txt
2014788,Magic Potion Games Inc.,D,20251222,edgar/data/2014788/0002014788-25-000005.txt
2021228,"High Street Holdco, LLC",D,20251222,edgar/data/2021228/0001615594-25-000118.txt
2024697,"Atym, Inc.",D,20251222,edgar/data/2024697/0002024697-25-000005.txt
2030272,Alaska Energy Metals Corp,D,20251222,edgar/data/2030272/0002030272-25-000005.txt
2036866,"Web3 Enabler, Inc.",D,20251222,edgar/data/2036866/0002036866-25-000006.txt
2038784,"Safire Technology Group, Inc.",D,20251222,edgar/data/2038784/0002038784-25-000002.txt
2044995,"Joyland Brewing Holdings, Inc",D,20251222,edgar/data/2044995/0002044995-25-000002.txt
2047266,"MREI VI REIT E, LP",D,20251222,edgar/data/2047266/0002047266-25-000002.txt
2052766,Edison Motors Ltd.,D,20251222,edgar/data/2052766/0000912282-25-001449.txt
2052901,"Align Ventures Co-Invest Fund, LP",D,20251222,edgar/data/2052901/0002052901-25-000012.txt
2054424,Axcelus Financial Life Insurance Co Separate Account VA 402,D,20251222,edgar/data/2054424/0002054424-25-000002.txt
2055162,Lovable Labs Inc,D,20251222,edgar/data/2055162/0002055162-25-000005.txt
2056030,South Pacific Metals Corp.,D,20251222,edgar/data/2056030/0002056030-25-000004.txt
2069580,FTAI Aircraft Leasing Offshore OIM SPV L.P.,D,20251222,edgar/data/2069580/0002069580-25-000001.txt
2069844,"TPG Sports, L.P.",D,20251222,edgar/data/2069844/0002069844-25-000002.txt
2070389,Claude Preval LLC,D,20251222,edgar/data/2070389/0002070389-25-000002.txt
2074867,1st American Nuclear Co.,D,20251222,edgar/data/2074867/0002074867-25-000005.txt
2079187,"Humera, Inc.",D,20251222,edgar/data/2079187/0002079187-25-000003.txt
2079877,Fuse 18 LLC,D,20251222,edgar/data/2079877/0002079877-25-000001.txt
2085258,"NI-0801 Fund II, a series of MV Funds, LP",D,20251222,edgar/data/2085258/0002085258-25-000001.txt
2085505,EquityZen Growth Technology Fund LLC - Series 2165,D,20251222,edgar/data/2085505/0002085505-25-000001.txt
2086657,Quinbrook III (A) LP,D,20251222,edgar/data/2086657/0002086657-25-000001.txt
2086799,"Frontlands, Inc.",D,20251222,edgar/data/2086799/0002086799-25-000003.txt
2087216,"UN-0819 Fund I, a series of Roll Up Vehicles, LP",D,20251222,edgar/data/2087216/0002087216-25-000001.txt
2088990,"EE-0910 Fund I, a series of MV Funds, LP",D,20251222,edgar/data/2088990/0002088990-25-000001.txt
2088992,Axcelus Financial Life Insurance Co Separate Account VA 426,D,20251222,edgar/data/2088992/0002088992-25-000001.txt
2090489,EquityZen Growth Technology Fund LLC - Series 2197,D,20251222,edgar/data/2090489/0002090489-25-000001.txt
2090600,Axcelus Financial Life Insurance Co Separate Account VL 489,D,20251222,edgar/data/2090600/0002090600-25-000001.txt
2094069,Vicinity Ventures Inc.,D,20251222,edgar/data/2094069/0002094069-25-000001.txt
2095007,"Jesse-PI-1024 Fund I, a series of AngelList Funds 2025, LP",D,20251222,edgar/data/2095007/0002095007-25-000001.txt
2096462,"Carlyle Europe Realty Fund III - EU, S.C.Sp.",D,20251222,edgar/data/2096462/0002096462-25-000001.txt
2096762,"Baynes Louisiana Partners, LP",D,20251222,edgar/data/2096762/0001654954-25-014214.txt
2097622,Myrtle Estates II LLC,D,20251222,edgar/data/2097622/0001104659-25-123737.txt
2097935,LASTpatient Inc.,D,20251222,edgar/data/2097935/0002097935-25-000001.txt
2097973,"Arctos AFF Offshore (M), L.P.",D,20251222,edgar/data/2097973/0002097973-25-000001.txt
2097975,"Arctos AFF Onshore (M), L.P.",D,20251222,edgar/data/2097975/0002097975-25-000001.txt
2098137,Xlue Inc.,D,20251222,edgar/data/2098137/0002098137-25-000001.txt
2098176,"ESC3, LLC",D,20251222,edgar/data/2098176/0002098176-25-000002.txt
2098659,"Neo SPV 4.4, LP",D,20251222,edgar/data/2098659/0002098659-25-000001.txt
2098703,Blue Co Warehousing Properties LLC,D,20251222,edgar/data/2098703/0001978744-25-000008.txt
2098733,"Canyon Lending Fund II Onshore Rated Feeder Fund (U), L.P.",D,20251222,edgar/data/2098733/0000905148-25-004463.txt
2098975,"MIMG CCLVIII Abilene 3 Master, LLC",D,20251222,edgar/data/2098975/0002098975-25-000001.txt
2099349,MGECO Sophisticated Staff Investors Feeder SCSp,D,20251222,edgar/data/2099349/0002099349-25-000001.txt
2099516,"MIMG CCLVI Harmony Lake, LLC",D,20251222,edgar/data/2099516/0002099516-25-000001.txt
2099687,26N PE Partners Granite (Co-Invest) LP,D,20251222,edgar/data/2099687/0002099687-25-000001.txt
2099693,"EV-1103 Fund I, a series of Sajid Rahman Angel Funds, LP",D,20251222,edgar/data/2099693/0002099693-25-000001.txt
2099859,KKR Real Estate Partners Europe III SBS L.P.,D,20251222,edgar/data/2099859/0002099859-25-000002.txt
2099939,Brand Harbor Inc.,D,20251222,edgar/data/2099939/0002099939-25-000002.txt
2100031,"PRO-LINE HEALTH PRODUCTS, Ltd LIABILITY Co",D,20251222,edgar/data/2100031/0002100031-25-000002.txt
2100035,"PROSPER WITH POSTURE, LLC",D,20251222,edgar/data/2100035/0002100035-25-000001.txt
2100188,Gaingels Personal AI LLC,D,20251222,edgar/data/2100188/0002100188-25-000001.txt
2100216,"AVSF - Lunar Energy 2025, LLC",D,20251222,edgar/data/2100216/0002100216-25-000001.txt
2100232,"AVSF - Lightship 2025, LLC",D,20251222,edgar/data/2100232/0002100232-25-000001.txt
2100233,"AVSF - Cambium 2025, LLC",D,20251222,edgar/data/2100233/0002100233-25-000001.txt
2100235,"AVSF - H3lius 2025, LLC",D,20251222,edgar/data/2100235/0002100235-25-000001.txt
2100245,1PRCT Labs Inc.,D,20251222,edgar/data/2100245/0002100245-25-000001.txt
2100327,Gaingels Clara 2025 LLC,D,20251222,edgar/data/2100327/0002100327-25-000001.txt
2100373,"Cabot Industrial Value Fund VIII, L.P.",D,20251222,edgar/data/2100373/0002100373-25-000001.txt
2100391,"OPX2025 Kraken, a Series of Opulentia Ventures X LLC",D,20251222,edgar/data/2100391/0002100391-25-000001.txt
2100649,"RA-1126 Fund I, a series of Cantos Venture Funds, LP",D,20251222,edgar/data/2100649/0002100649-25-000001.txt
2100689,EquityZen Growth Technology Fund LLC - Series 2236,D,20251222,edgar/data/2100689/0002100689-25-000001.txt
2100765,"Sift Biosciences, Inc.",D,20251222,edgar/data/2100765/0002100765-25-000001.txt
2100791,Help Wanted Production LLC,D,20251222,edgar/data/2100791/0002100791-25-000001.txt
2100870,"HO-1123 Fund I, a series of Roll Up Vehicles, LP",D,20251222,edgar/data/2100870/0002100870-25-000001.txt
2100901,"South Park Commons Fund IV, L.P.",D,20251222,edgar/data/2100901/0001231919-25-000642.txt
2101072,Gaingels Subject LLC,D,20251222,edgar/data/2101072/0002101072-25-000001.txt
2101126,"BRLAAR Capital, LLC",D,20251222,edgar/data/2101126/0002101126-25-000002.txt
2101130,AristaVue Inc.,D,20251222,edgar/data/2101130/0002101130-25-000001.txt
2101236,Arc GP Partners II LLC,D,20251222,edgar/data/2101236/0002101236-25-000001.txt
2101282,Generation IM Global Equity Fund LP,D,20251222,edgar/data/2101282/0000945621-25-001232.txt
2101352,"FPG Ad Claritas VI, LP",D,20251222,edgar/data/2101352/0002101352-25-000001.txt
2101375,"MSOF Beacon Partners, L.P.",D,20251222,edgar/data/2101375/0002101375-25-000001.txt
2101463,"503 CAPITAL PARTNERS SPECIAL SITUATION CREDIT FUND I, LP",D,20251222,edgar/data/2101463/0002101463-25-000001.txt
2101497,"2W Capital Fund, LP",D,20251222,edgar/data/2101497/0002101497-25-000001.txt
2101559,Chief Rebel Inc,D,20251222,edgar/data/2101559/0002101559-25-000001.txt
2101582,Team Ignite Perplexity Oct 2025 a Series of CGF2021 LLC,D,20251222,edgar/data/2101582/0002101582-25-000001.txt
2101600,LPS Investco LP,D,20251222,edgar/data/2101600/0002101600-25-000001.txt
2101634,"zipzon, Inc.",D,20251222,edgar/data/2101634/0002101634-25-000001.txt
2101676,ICG LP Secondaries II Co-invest Sidecar LP,D,20251222,edgar/data/2101676/0001012975-25-000933.txt
2101687,ICG LP Secondaries Fund II LP,D,20251222,edgar/data/2101687/0001012975-25-000934.txt
2101690,ICG LP Secondaries Fund II (Feeder) SCSp,D,20251222,edgar/data/2101690/0001012975-25-000935.txt
2101713,"POV Ventures Fund I, LP",D,20251222,edgar/data/2101713/0002101713-25-000001.txt
2101717,IOTAL Capital Fund LP,D,20251222,edgar/data/2101717/0002101717-25-000001.txt
2101753,"LANDMARK WESTMINSTER PORTFOLIO, LLC",D,20251222,edgar/data/2101753/0002101753-25-000002.txt
2101758,"LANDMARK TOO WESTMINSTER PORTFOLIO, LLC",D,20251222,edgar/data/2101758/0002101758-25-000001.txt
2101760,"ARCHITECT JUUL SPV V, LLC",D,20251222,edgar/data/2101760/0002101760-25-000001.txt
2101770,120 Front Associates LLC,D,20251222,edgar/data/2101770/0002101770-25-000001.txt
2101778,RH FUND 35 LLC,D,20251222,edgar/data/2101778/0002101778-25-000001.txt
2101815,"211 W. 28TH STREET INVESTORS, LLC",D,20251222,edgar/data/2101815/0002101815-25-000001.txt
2101881,"IEC VI RT, LLC",D,20251222,edgar/data/2101881/0002101881-25-000002.txt
2101914,"LATRICE, INC.",D,20251222,edgar/data/2101914/0002101914-25-000001.txt
2101924,"Murrells Inlet ASC, LLC",D,20251222,edgar/data/2101924/0002101924-25-000001.txt
2101970,Convex Venture Fund LP - GSE Common Series,D,20251222,edgar/data/2101970/0000919574-25-007476.txt
2102033,"870 S Jefferson Avenue, LLC",D,20251222,edgar/data/2102033/0002102033-25-000001.txt
2102038,"Fortrex Sanitation Holdings, LLC",D,20251222,edgar/data/2102038/0000950103-25-016419.txt
2102053,Fairfield VAMF IV REIT IV LLC,D,20251222,edgar/data/2102053/0002102053-25-000001.txt
2102057,"Line Seven Apartments, LLC",D,20251222,edgar/data/2102057/0002102057-25-000001.txt
2102074,Integra Master Series LLC - Growth Equity IV,D,20251222,edgar/data/2102074/0001213900-25-123970.txt
2102096,"Aloha Capital Group, LLC",D,20251222,edgar/data/2102096/0002102096-25-000001.txt
2102097,"Cyana Therapeutics, LLC",D,20251222,edgar/data/2102097/0002102097-25-000001.txt
2102105,G2 Capital Priority Yield Fund LLC,D,20251222,edgar/data/2102105/0002102105-25-000001.txt
2102151,Dover Street XII AIF SCSp,D,20251222,edgar/data/2102151/0002062357-25-000167.txt
2102162,Dover Street XII Feeder Fund L.P.,D,20251222,edgar/data/2102162/0002062357-25-000165.txt
2102164,Ark Labs Nov 2025 a Series of CGF2021 LLC,D,20251222,edgar/data/2102164/0002102164-25-000001.txt
2102165,VE I a Series of Fourth Realm Investments LLC,D,20251222,edgar/data/2102165/0002102165-25-000001.txt
2102167,Rhea QLE II a Series of Rhea Investment Holdings LLC,D,20251222,edgar/data/2102167/0002102167-25-000001.txt
2102169,Feetless Nov 2025 a Series of Nor'easter Capital LLC,D,20251222,edgar/data/2102169/0002102169-25-000001.txt
2102171,Sett I a Series of Republic Deal Room Master Fund LLC,D,20251222,edgar/data/2102171/0002102171-25-000001.txt
2102173,GSBackers Upscale AI Fund I a Series of CGF2021 LLC,D,20251222,edgar/data/2102173/0002102173-25-000001.txt
2102186,CovenantX Ltd,D,20251222,edgar/data/2102186/0002102186-25-000001.txt
2102193,BCI-GW a Series of CGF2021 LLC,D,20251222,edgar/data/2102193/0002102193-25-000001.txt
2102197,Linse Ignition WB LP,D,20251222,edgar/data/2102197/0002102197-25-000001.txt
2102248,Secondary Overflow Feeder Fund VI-A L.P.,D,20251222,edgar/data/2102248/0002062357-25-000169.txt
2102250,Imaginary Hazard Studios Inc.,D,20251222,edgar/data/2102250/0002102250-25-000001.txt
2102251,Secondary Overflow Fund VI-B L.P.,D,20251222,edgar/data/2102251/0002062357-25-000171.txt
2102264,CES PROPERTIES FUND LVI (RUBY 45) LLC,D,20251222,edgar/data/2102264/0002102264-25-000001.txt
2102275,Elementum Opportunities Fund Ltd. - Class 6 Sub-Fund - Series 2026,D,20251222,edgar/data/2102275/0000905148-25-004460.txt
2102276,Elementum Opportunities Fund Ltd. - Class 7 Sub-Fund - Series 2026,D,20251222,edgar/data/2102276/0000905148-25-004461.txt
2102277,Elementum Opportunities Fund Ltd. - Class 3 Sub-Fund - Series 2026,D,20251222,edgar/data/2102277/0000905148-25-004459.txt
2102280,"PointOne Family Office, LLC",D,20251222,edgar/data/2102280/0002102280-25-000001.txt
2102282,Elementum Opportunities Fund Ltd. - Class 9 Sub-Fund - Series 2026,D,20251222,edgar/data/2102282/0000905148-25-004462.txt
2102293,Cedar Circle Holding LLC,D,20251222,edgar/data/2102293/0002102293-25-000001.txt
2102305,PCG FUND IV LLC,D,20251222,edgar/data/2102305/0002102305-25-000001.txt
2102322,"Reserve Financial, LLC",D,20251222,edgar/data/2102322/0002102322-25-000001.txt
2102340,"Addition Therapeutics, Inc.",D,20251222,edgar/data/2102340/0002102340-25-000001.txt
2102343,"Lot 10 East Broadway Blvd, LLC",D,20251222,edgar/data/2102343/0002102343-25-000001.txt
2102344,"Bell Value-Add Fund VIII Shrewsbury Holdings, LLC",D,20251222,edgar/data/2102344/0002102344-25-000001.txt
2102349,Platt Canyon Partners LLC,D,20251222,edgar/data/2102349/0002102349-25-000001.txt
2102356,3D-22 LLC,D,20251222,edgar/data/2102356/0002102356-25-000001.txt
2102370,"Haven Joint Venture, LLC",D,20251222,edgar/data/2102370/0002102370-25-000001.txt
2102378,"DTR Hospitality, LLC",D,20251222,edgar/data/2102378/0002102378-25-000001.txt
2102410,"Doctours, a series of Jason's Syndicate, LLC",D,20251222,edgar/data/2102410/0002102410-25-000001.txt
2102432,"ADVANTAGE CAPITAL FED LIHTC FUND 1, LLC",D,20251222,edgar/data/2102432/0002102432-25-000001.txt
2102434,"Bell Value-Add Fund VIII Avalon Park Holdings, LLC",D,20251222,edgar/data/2102434/0002102434-25-000001.txt
2102435,"Bell Value-Add Fund VIII Gateway Holdings, LLC",D,20251222,edgar/data/2102435/0002102435-25-000001.txt
2102436,"Bell Value-Add Fund VIII Miramar Holdings, LLC",D,20251222,edgar/data/2102436/0002102436-25-000001.txt
2102437,"Bell Value-Add Fund VIII Murrieta Holdings, LLC",D,20251222,edgar/data/2102437/0002102437-25-000001.txt
2102438,"Bell Value-Add Fund VIII Parker Holdings, LLC",D,20251222,edgar/data/2102438/0002102438-25-000001.txt
2102439,"Bell Value-Add Fund VIII Parker North Holdings, LLC",D,20251222,edgar/data/2102439/0002102439-25-000001.txt
2102460,Lafayette Standard Co,D,20251222,edgar/data/2102460/0002102460-25-000001.txt
2102541,"Matter Venture Partners Fund II, L.P.",D,20251222,edgar/data/2102541/0002102541-25-000001.txt
1304409,ATHENA GOLD CORP,D,20251223,edgar/data/1304409/0001683168-25-009337.txt
1336706,NORTHPOINTE BANCSHARES INC,D,20251223,edgar/data/1336706/0000906791-25-000044.txt
1491841,"Cytogel Pharma, LLC",D,20251223,edgar/data/1491841/0001213900-25-124742.txt
1685012,Ripple Labs Inc.,D,20251223,edgar/data/1685012/0001685012-25-000002.txt
1701572,GREEN MATTERS TECHNOLOGIES INC.,D,20251223,edgar/data/1701572/0001701572-25-000005.txt
1764417,"Koios Medical, Inc.",D,20251223,edgar/data/1764417/0001764417-25-000003.txt
1766784,"Mediar Therapeutics, Inc.",D,20251223,edgar/data/1766784/0001766784-25-000002.txt
1787545,"BM Fitness Group, Inc.",D,20251223,edgar/data/1787545/0001787545-25-000003.txt
1791109,"Square Robot, Inc.",D,20251223,edgar/data/1791109/0001791109-25-000002.txt
1795762,"Surgery Center of Mt. Scott, LLC",D,20251223,edgar/data/1795762/0001795762-25-000003.txt
1798793,"Nature's Toolbox, Inc.",D,20251223,edgar/data/1798793/0001798793-25-000004.txt
1802566,"Ferretly International, Inc.",D,20251223,edgar/data/1802566/0001802566-25-000002.txt
1844126,"Atlas Financial Services, Inc.",D,20251223,edgar/data/1844126/0001844126-25-000004.txt
1850309,"Creative Planning Employee Investment, LLC",D,20251223,edgar/data/1850309/0001014108-25-000084.txt
1851464,"FLEXERA PARENT, LLC",D,20251223,edgar/data/1851464/0001851464-25-000002.txt
1855468,Lingrove Inc.,D,20251223,edgar/data/1855468/0001855468-25-000002.txt
1861430,Linq App Inc,D,20251223,edgar/data/1861430/0001861430-25-000004.txt
1864220,"Plant People, PBC",D,20251223,edgar/data/1864220/0000905148-25-004475.txt
1865694,"uLink Labs, Inc.",D,20251223,edgar/data/1865694/0001865694-25-000002.txt
1868532,Myrtelle Inc.,D,20251223,edgar/data/1868532/0001213900-25-125478.txt
1932213,Blue Chip Capital Group Inc.,D,20251223,edgar/data/1932213/0001493152-25-028931.txt
1941628,QuantumSafe Data Systems Inc.,D,20251223,edgar/data/1941628/0001941628-25-000002.txt
1945227,SlingshotVR Inc.,D,20251223,edgar/data/1945227/0001945227-25-000002.txt
1998416,"Digital Health Strategies, Inc.",D,20251223,edgar/data/1998416/0001998416-25-000002.txt
1999196,Stratum Biosciences Inc.,D,20251223,edgar/data/1999196/0001999196-25-000003.txt
2017047,"Alta Resource Technologies, Inc.",D,20251223,edgar/data/2017047/0002017047-25-000002.txt
2022227,"Tenon Software, Inc.",D,20251223,edgar/data/2022227/0002022227-25-000002.txt
2022727,"LAYTON GRANDVIEW II, LLC",D,20251223,edgar/data/2022727/0002022727-25-000003.txt
2034639,"OrthoPreserve, Inc.",D,20251223,edgar/data/2034639/0002034639-25-000003.txt
2040148,Blue Hearts FC a series of Jogo Bonito Investments LLC,D,20251223,edgar/data/2040148/0002040148-25-000002.txt
2054746,"UNPLUGS HEARING, INC.",D,20251223,edgar/data/2054746/0002054746-25-000005.txt
2055904,"Resynergi, Inc",D,20251223,edgar/data/2055904/0002055904-25-000004.txt
2056805,Strategic Storage Trust X,D,20251223,edgar/data/2056805/0002056805-25-000004.txt
2060564,JN DYNAMIC ALPHA FUND LP,D,20251223,edgar/data/2060564/0002060564-25-000002.txt
2062533,"Calderwood SearchCo1, LLC",D,20251223,edgar/data/2062533/0002062533-25-000003.txt
2076646,Infinitas Capital SPV XV a series of Infinitas Capital Master LLC,D,20251223,edgar/data/2076646/0002076646-25-000001.txt
2078944,"New Caney Rehab, LP",D,20251223,edgar/data/2078944/0001140361-25-046505.txt
2082231,"FO-0511 Fund I, a series of Roll Up Vehicles, LP",D,20251223,edgar/data/2082231/0002082231-25-000001.txt
2082253,"WI-0527 Fund II, a series of Roll Up Vehicles, LP",D,20251223,edgar/data/2082253/0002082253-25-000001.txt
2082433,"EF-0718 Fund I, a series of Roll Up Vehicles, LP",D,20251223,edgar/data/2082433/0002082433-25-000001.txt
2084850,GC Creation III Access Offshore LP,D,20251223,edgar/data/2084850/0002084850-25-000001.txt
2084854,GC Creation III Access LLC,D,20251223,edgar/data/2084854/0002084854-25-000001.txt
2086659,"Creative Planning Holdco, LLC",D,20251223,edgar/data/2086659/0001014108-25-000084.txt
2086737,"Ambrin Investor, LLC",D,20251223,edgar/data/2086737/0001192482-25-000079.txt
2086878,"CA-0801 Fund I, a series of Roll Up Vehicles, LP",D,20251223,edgar/data/2086878/0002086878-25-000001.txt
2086930,"JO-0814 Fund I, a series of Roll Up Vehicles, LP",D,20251223,edgar/data/2086930/0002086930-25-000001.txt
2087670,"Funders & Founders, LP - E1",D,20251223,edgar/data/2087670/0002087670-25-000001.txt
2087999,Antares Tiger Parasol Senior Loan Feeder Fund (Cayman) LP,D,20251223,edgar/data/2087999/0000950103-25-016507.txt
2089267,Five Arrows Global Loan Investments III PLC,D,20251223,edgar/data/2089267/0002089267-25-000002.txt
2091512,"BL-1002 Fund I, a series of Unpopular VC, LP",D,20251223,edgar/data/2091512/0002091512-25-000001.txt
2091605,Flint Angels 2025 a Series of CGF2021 LLC,D,20251223,edgar/data/2091605/0002091605-25-000001.txt
2091811,"BI-1003 Fund IV, a series of Zachary Ginsburg Funds, LP",D,20251223,edgar/data/2091811/0002091811-25-000001.txt
2092114,MC Founding Member Fund I Apr 2025 a Series of CGF2021 LLC,D,20251223,edgar/data/2092114/0002092114-25-000001.txt
2092620,"PNC LIHTC Fund 97, LLC",D,20251223,edgar/data/2092620/0002092620-25-000001.txt
2093074,"Pix Media, Inc.",D,20251223,edgar/data/2093074/0002093074-25-000002.txt
2093075,SATORI CAPITAL IV LP,D,20251223,edgar/data/2093075/0002093075-25-000001.txt
2093076,SATORI THEMATIC PARTNERS II LP,D,20251223,edgar/data/2093076/0002093076-25-000001.txt
2093202,"Matcha Holdings, Inc.",D,20251223,edgar/data/2093202/0002093202-25-000002.txt
2093585,"Evolution Ventures Minerva Fund, LP - B3",D,20251223,edgar/data/2093585/0002093585-25-000001.txt
2094117,"New 2ND Capital Lux Feeder Fund IV (Parallel), SCSp",D,20251223,edgar/data/2094117/0002094117-25-000001.txt
2094194,Rise Opportunities 14 LLC,D,20251223,edgar/data/2094194/0002094194-25-000001.txt
2094456,Higher Ground Labs Fund V LP,D,20251223,edgar/data/2094456/0002094456-25-000002.txt
2094510,"Intrepid Co-Invest Fund, L.P.",D,20251223,edgar/data/2094510/0002094510-25-000001.txt
2095055,"New 2ND Capital Fund IV, L.P.",D,20251223,edgar/data/2095055/0002095055-25-000001.txt
2095474,Partners 8 Inc.,D,20251223,edgar/data/2095474/0002071842-25-000033.txt
2095544,"Delray Beach Rehab, LP",D,20251223,edgar/data/2095544/0001140361-25-046508.txt
2095588,WAGMI 179 - WAGMI Master LLC,D,20251223,edgar/data/2095588/0002095588-25-000001.txt
2095646,"RNN Ventures Steelhead Series B a series of Allocations 2025 Master, LLC",D,20251223,edgar/data/2095646/0002095646-25-000001.txt
2095657,MB Partner Holdings LLC,D,20251223,edgar/data/2095657/0002095657-25-000001.txt
2095994,"Bears Opportunities, L.P.",D,20251223,edgar/data/2095994/0002095994-25-000001.txt
2096058,Gaingels Anzu LLC,D,20251223,edgar/data/2096058/0002096058-25-000001.txt
2096170,"MO-1101 Fund I, a series of Harbor Bay Ventures, LP",D,20251223,edgar/data/2096170/0002096170-25-000001.txt
2096175,"Katherine-ME-1030 Fund I, a series of AngelList Funds 2025, LP",D,20251223,edgar/data/2096175/0002096175-25-000001.txt
2096364,Vintage Flagship Offshore 2025 LP,D,20251223,edgar/data/2096364/0002096364-25-000001.txt
2096425,"Babbl Labs, Inc.",D,20251223,edgar/data/2096425/0002096425-25-000001.txt
2097252,"F5 Towering Minerals, L.P.",D,20251223,edgar/data/2097252/0002097252-25-000001.txt
2097505,"LI-1114 Fund I, a series of Ventioneers Funds, LP",D,20251223,edgar/data/2097505/0002097505-25-000001.txt
2097540,"ACC Leaders V - Allocate Access, L.P.",D,20251223,edgar/data/2097540/0001012975-25-000973.txt
2098325,"BVI Core Q32025-1 Series, a Series of Blu Venture Investors Core, LLC",D,20251223,edgar/data/2098325/0002098325-25-000001.txt
2098613,Numerai Singularity LP,D,20251223,edgar/data/2098613/0002098613-25-000001.txt
2098619,Numerai Singularity Offshore Ltd.,D,20251223,edgar/data/2098619/0002098619-25-000001.txt
2098654,"NE-1105 Fund II, a series of Roll Up Vehicles, LP",D,20251223,edgar/data/2098654/0002098654-25-000001.txt
2098692,Bubble Bud Inc.,D,20251223,edgar/data/2098692/0002098692-25-000001.txt
2098692,Bubble Bud Inc.,D,20251223,edgar/data/2098692/0002098692-25-000002.txt
2098692,Bubble Bud Inc.,D,20251223,edgar/data/2098692/0002098692-25-000003.txt
2098692,Bubble Bud Inc.,D,20251223,edgar/data/2098692/0002098692-25-000004.txt
2098692,Bubble Bud Inc.,D,20251223,edgar/data/2098692/0002098692-25-000005.txt
2098692,Bubble Bud Inc.,D,20251223,edgar/data/2098692/0002098692-25-000006.txt
2098701,"SHzoom Technologies, Inc.",D,20251223,edgar/data/2098701/0002098701-25-000001.txt
2099180,"EN-1114 Fund VII, a series of Carmenta Investors, LP",D,20251223,edgar/data/2099180/0002099180-25-000001.txt
2099199,"NO-1117 Fund II, a series of Also Capital, LP",D,20251223,edgar/data/2099199/0002099199-25-000001.txt
2099213,"BA-1119 Fund I, a series of Measured Capital Management, LP",D,20251223,edgar/data/2099213/0002099213-25-000001.txt
2099223,"WA-1122 Fund I, a series of Syntax Ventures, LP",D,20251223,edgar/data/2099223/0002099223-25-000001.txt
2099235,AuricGate Global Inc.,D,20251223,edgar/data/2099235/0002099235-25-000001.txt
2099431,ExCap Residential IV LP,D,20251223,edgar/data/2099431/0002099431-25-000001.txt
2099749,130 GRAHAM FUNDING L.P.,D,20251223,edgar/data/2099749/0001013594-25-001528.txt
2099804,"Zn2025, a series of Ventioneers Advised Funds, LP",D,20251223,edgar/data/2099804/0002099804-25-000001.txt
2099893,Pachamama Capital xAI Sep 2025 a Series of CGF2021 LLC,D,20251223,edgar/data/2099893/0002099893-25-000001.txt
2099954,MRT Beach 6960 LLC,D,20251223,edgar/data/2099954/0002099954-25-000001.txt
2100014,"OP Burlington Drive Investor, LLC",D,20251223,edgar/data/2100014/0002100014-25-000002.txt
2100029,"SGIF III (WT), LLC",D,20251223,edgar/data/2100029/0002100029-25-000001.txt
2100065,"AN-1105 Fund I, a series of Roll Up Vehicles, LP",D,20251223,edgar/data/2100065/0002100065-25-000001.txt
2100203,"House Holdings - HAD, LP",D,20251223,edgar/data/2100203/0002100203-25-000001.txt
2100264,"KH2 LightShield Venture Fund, L.P.",D,20251223,edgar/data/2100264/0001315863-25-000871.txt
2100279,"NP Industrial VII REIT 2, LP",D,20251223,edgar/data/2100279/0002100279-25-000001.txt
2100298,"MA-1104 Fund I, a series of Xoogler Syndicate, LP",D,20251223,edgar/data/2100298/0002100298-25-000001.txt
2100390,"PA-1123 Fund I, a series of Sajid Rahman Angel Funds, LP",D,20251223,edgar/data/2100390/0002100390-25-000001.txt
2100394,"AU-1117 Fund I, a series of Outbound Capital Investments, LP",D,20251223,edgar/data/2100394/0002100394-25-000001.txt
2100419,GO4 Gold Inc.,D,20251223,edgar/data/2100419/0002100419-25-000001.txt
2100443,Willows Ennis 84 LLC,D,20251223,edgar/data/2100443/0002100443-25-000001.txt
2100467,Axiom Equity 2 LP,D,20251223,edgar/data/2100467/0001493152-25-028935.txt
2100587,"Quantum Quest SIF, LP",D,20251223,edgar/data/2100587/0002100587-25-000001.txt
2100591,Gaingels Jooba LLC,D,20251223,edgar/data/2100591/0002100591-25-000001.txt
2100677,"Storybook-4, a series of Jason's Syndicate, LLC",D,20251223,edgar/data/2100677/0002100677-25-000001.txt
2100723,"bQuest, Inc. /CO/",D,20251223,edgar/data/2100723/0002100723-25-000003.txt
2100725,EPEP IV EE Co-Invest LP,D,20251223,edgar/data/2100725/0002100725-25-000001.txt
2100726,EPEP IV EE Co-Invest A LP,D,20251223,edgar/data/2100726/0002100726-25-000001.txt
2100784,"Obra REIF REIT, LLC",D,20251223,edgar/data/2100784/0001315863-25-000869.txt
2100800,"Dominari Master SPV LLC, Series XXVII Anduril",D,20251223,edgar/data/2100800/0002100800-25-000001.txt
2100825,Lost Woods LLC,D,20251223,edgar/data/2100825/0002100825-25-000001.txt
2100857,"NLP AI, LP",D,20251223,edgar/data/2100857/0001231919-25-000656.txt
2100864,"Aris SPV I, a series of Aris SPVs, LP",D,20251223,edgar/data/2100864/0002100864-25-000001.txt
2100868,"Perch-ON-1119 Fund I, a series of AngelList Funds 2025, LP",D,20251223,edgar/data/2100868/0002100868-25-000001.txt
2100878,"DA-1125 Gaingels Fund II, a series of ZG Capital Funds, LP",D,20251223,edgar/data/2100878/0002100878-25-000002.txt
2100881,"Set Builders IV, L.P.",D,20251223,edgar/data/2100881/0002100881-25-000001.txt
2100905,"Oscar AI, Inc.",D,20251223,edgar/data/2100905/0002100905-25-000001.txt
2100933,"AU-1207 Fund I, a series of JMWTX Investments, LP",D,20251223,edgar/data/2100933/0002100933-25-000001.txt
2100945,"8456 Orange Ave Property Owner, LLC",D,20251223,edgar/data/2100945/0002100945-25-000001.txt
2100998,Ocampo SPV III Persephone a Series of CGF2021 LLC,D,20251223,edgar/data/2100998/0002100998-25-000001.txt
2101099,Parlay Ventures Realm a Series of CGF2021 LLC,D,20251223,edgar/data/2101099/0002101099-25-000001.txt
2101140,Pari Passu 1025 a Series of Pari Passu Master II LLC,D,20251223,edgar/data/2101140/0002101140-25-000001.txt
2101146,WF RR Co a Series of CGF2021 LLC,D,20251223,edgar/data/2101146/0002101146-25-000001.txt
2101183,Mazal Cyviation October 2025 a Series of CGF2021 LLC,D,20251223,edgar/data/2101183/0002101183-25-000001.txt
2101237,Cacao Oct 2025 a Series of CGF2021 LLC,D,20251223,edgar/data/2101237/0002101237-25-000001.txt
2101247,Phylo - Seed SPV a Series of CGF2021 LLC,D,20251223,edgar/data/2101247/0002101247-25-000001.txt
2101283,"Wellington-T CI, LLC",D,20251223,edgar/data/2101283/0002101283-25-000001.txt
2101361,"MFREVF V - WATERTOWN, LLC",D,20251223,edgar/data/2101361/0002101361-25-000002.txt
2101366,WAGMI 186 - WAGMI Master LLC,D,20251223,edgar/data/2101366/0002101366-25-000001.txt
2101394,ExchangeRight Net-Leased Portfolio 74 DST,D,20251223,edgar/data/2101394/0002101394-25-000001.txt
2101395,"IV Series 19A, a Series of Ineffable Ventures Series, LLC",D,20251223,edgar/data/2101395/0002101395-25-000001.txt
2101398,"IV Series 18A, a Series of Ineffable Ventures Series, LLC",D,20251223,edgar/data/2101398/0002101398-25-000001.txt
2101400,"GS GO II REIT-B, LLC",D,20251223,edgar/data/2101400/0002101400-25-000001.txt
2101402,"GS GO II REIT CoInv, LLC",D,20251223,edgar/data/2101402/0002101402-25-000001.txt
2101415,"Crown CG Private Equity Fund 2024, L.P.",D,20251223,edgar/data/2101415/0002101415-25-000001.txt
2101425,GIC 60 LLC - Series AI,D,20251223,edgar/data/2101425/0002101425-25-000001.txt
2101543,SCP VCI US LLC,D,20251223,edgar/data/2101543/0002101543-25-000001.txt
2101570,"Hafele Lonestar Trio Senior Living Fund, LLC",D,20251223,edgar/data/2101570/0002101570-25-000001.txt
2101615,"StrateSea Technology, Inc.",D,20251223,edgar/data/2101615/0002101615-25-000001.txt
2101638,Perplexity Oct 2025 a Series of CGF2021 LLC,D,20251223,edgar/data/2101638/0002101638-25-000001.txt
2101726,"OP Burlington Drive, LLC",D,20251223,edgar/data/2101726/0002101726-25-000002.txt
2101738,"HY-1204 Fund I, a series of Zachary Ginsburg Funds, LP",D,20251223,edgar/data/2101738/0002101738-25-000001.txt
2101751,"IV Series 20A, a Series of Ineffable Ventures Series, LLC",D,20251223,edgar/data/2101751/0002101751-25-000001.txt
2101766,"DigitalBridge GS Co-Invest-A, LP",D,20251223,edgar/data/2101766/0002101766-25-000001.txt
2101826,SCP VCI BLOCK US LLC,D,20251223,edgar/data/2101826/0002101826-25-000001.txt
2101828,SAS KVK LLC,D,20251223,edgar/data/2101828/0002101828-25-000001.txt
2101852,"CWG Roadway Partners, LLC",D,20251223,edgar/data/2101852/0002101852-25-000001.txt
2101875,"TH-1204 Fund I, a series of MV Funds, LP",D,20251223,edgar/data/2101875/0002101875-25-000001.txt
2101880,"OCIP Interconnect 6, LLC",D,20251223,edgar/data/2101880/0000914062-25-000016.txt
2101895,"Basal Capital, a Series of Decile Start Fund, LP",D,20251223,edgar/data/2101895/0002101895-25-000001.txt
2101905,Bim Bam Boo Inc.,D,20251223,edgar/data/2101905/0002101905-25-000001.txt
2102052,"LS Affiliates & Partners (Parallel) 2025, L.P.",D,20251223,edgar/data/2102052/0001012975-25-000974.txt
2102091,"Partners Capital Raven Secondaries Fund I (Cayman), L.P.",D,20251223,edgar/data/2102091/0000904454-25-000642.txt
2102092,"Partners Capital Raven Secondaries Fund I, L.P.",D,20251223,edgar/data/2102092/0000904454-25-000642.txt
2102166,Rwazi III Nov 2025 a Series of CGF2021 LLC,D,20251223,edgar/data/2102166/0002102166-25-000001.txt
2102189,WVN AI Ext Nov 2025 a Series of CGF2021 LLC,D,20251223,edgar/data/2102189/0002102189-25-000001.txt
2102196,Echo Sub LLC,D,20251223,edgar/data/2102196/0002102196-25-000001.txt
2102206,"Tendon Capital SPV I, LP",D,20251223,edgar/data/2102206/0002102206-25-000001.txt
2102214,"ThreeStone II, LP",D,20251223,edgar/data/2102214/0002102214-25-000001.txt
2102257,"SA-0515 Fund I, a series of Roll Up Vehicles, LP",D,20251223,edgar/data/2102257/0002102257-25-000001.txt
2102261,"ZE-1206 Fund I, a series of Roll Up Vehicles, LP",D,20251223,edgar/data/2102261/0002102261-25-000001.txt
2102332,Vich Volatility Fund LP,D,20251223,edgar/data/2102332/0002102332-25-000001.txt
2102348,Focus SH II R Carillon LLC,D,20251223,edgar/data/2102348/0002102348-25-000001.txt
2102351,Focus SH III R LLC,D,20251223,edgar/data/2102351/0002102351-25-000001.txt
2102354,Focus SH II R Long Island LLC,D,20251223,edgar/data/2102354/0002102354-25-000001.txt
2102372,"PCA SPV I, LLC",D,20251223,edgar/data/2102372/0002102372-25-000001.txt
2102404,Stock Gobal LTD,D,20251223,edgar/data/2102404/0002102404-25-000001.txt
2102415,"KA-1112 Fund I, a series of Sandlot Ventures Partnership, LP",D,20251223,edgar/data/2102415/0002102415-25-000001.txt
2102446,"Exeter 6227 Cajon, LLC",D,20251223,edgar/data/2102446/0002102446-25-000001.txt
2102447,"Exeter 2500 N Plaza, LLC",D,20251223,edgar/data/2102447/0002102447-25-000001.txt
2102448,"Exeter 25 Keystone, LLC",D,20251223,edgar/data/2102448/0002102448-25-000001.txt
2102468,SRO Album LLC,D,20251223,edgar/data/2102468/0002102468-25-000001.txt
2102482,"En Verite, a series of Jason's Syndicate, LLC",D,20251223,edgar/data/2102482/0002102482-25-000001.txt
2102489,GPE NBC Co-Investment Limited Partnership,D,20251223,edgar/data/2102489/0002102489-25-000001.txt
2102490,"Turner Impact Rebuild Altadena Fund, L.P.",D,20251223,edgar/data/2102490/0002102490-25-000001.txt
2102492,Canopy Grove Investments LLC,D,20251223,edgar/data/2102492/0002102492-25-000001.txt
2102496,Linse Capital AI LP,D,20251223,edgar/data/2102496/0002102496-25-000001.txt
2102514,"Cross Domain Systems, Inc.",D,20251223,edgar/data/2102514/0002102514-25-000001.txt
2102521,Webbridge Global Foundation,D,20251223,edgar/data/2102521/0002102521-25-000001.txt
2102525,"Clustertund 1 - Wilmington, LLC",D,20251223,edgar/data/2102525/0002102525-25-000001.txt
2102528,"Stratford Holdings, LLC",D,20251223,edgar/data/2102528/0002102528-25-000001.txt
2102529,"Rauch Capital Burst CLXXXIII, a series of Rauch Capital Burst, LP",D,20251223,edgar/data/2102529/0002102529-25-000001.txt
2102544,"Exeter 42500 Winchester, LLC",D,20251223,edgar/data/2102544/0002102544-25-000001.txt
2102563,Blue Spark Energy Systems Inc.,D,20251223,edgar/data/2102563/0002102563-25-000001.txt
2102566,SREI FUND LLC,D,20251223,edgar/data/2102566/0002102566-25-000001.txt
2102568,U.S. HMC Series Fund LP - Series VI,D,20251223,edgar/data/2102568/0002102568-25-000001.txt
2102571,Cinnaire Fund for Housing Limited Partnership 44,D,20251223,edgar/data/2102571/0002102571-25-000001.txt
2102574,MY ONE MEDICAL SOURCE INC.,D,20251223,edgar/data/2102574/0002102574-25-000001.txt
2102578,ULTRAPEX GLOBAL EXCHANGE Corp,D,20251223,edgar/data/2102578/0002102578-25-000001.txt
2102579,DURALUMEN DIGITAL ASSET PLATFORM INC,D,20251223,edgar/data/2102579/0002102579-25-000001.txt
2102582,HIGHTITAN DIGITAL ASSET EXCHANGE INC,D,20251223,edgar/data/2102582/0002102582-25-000001.txt
2102584,VISIONVAST GLOBAL EXCHANGE INC,D,20251223,edgar/data/2102584/0002102584-25-000001.txt
2102586,Gillespie Live Works LLC,D,20251223,edgar/data/2102586/0002102586-25-000001.txt
2102596,WCM Partners DB25 LP,D,20251223,edgar/data/2102596/0002102596-25-000001.txt
2102600,GalaxyVault Exchange INC,D,20251223,edgar/data/2102600/0002102600-25-000001.txt
2102606,"Lending Ark Asia Secured Private Debt Fund III, LP",D,20251223,edgar/data/2102606/0001104659-25-124308.txt
2102612,"VCI Data Center, a Series of Denver Ventures LLC",D,20251223,edgar/data/2102612/0002102612-25-000001.txt
2102627,"CF Venture Partners XVI, L.P.",D,20251223,edgar/data/2102627/0002102627-25-000001.txt
2102632,"Armando REIT, LLC",D,20251223,edgar/data/2102632/0002102632-25-000001.txt
2102638,ACP Tequesta LLC,D,20251223,edgar/data/2102638/0002102638-25-000001.txt
2102642,NM Developer Holdings LLC,D,20251223,edgar/data/2102642/0002102642-25-000001.txt
2102644,"MPC KS 2028 LIHTC ICF, LLC",D,20251223,edgar/data/2102644/0000908834-25-000378.txt
2102652,"Signature Real Estate Income Fund VIII, LLC",D,20251223,edgar/data/2102652/0002102652-25-000001.txt
2102661,"Pitchfork Fund, L.P.",D,20251223,edgar/data/2102661/0002102661-25-000001.txt
2102669,"Monarch MSS SC 2029 LIHTC ICF, LLC",D,20251223,edgar/data/2102669/0000908834-25-000373.txt
2102670,"Monarch MSS SC 2028 LIHTC ICF, LLC",D,20251223,edgar/data/2102670/0000908834-25-000372.txt
2102671,TV Xtend Holdings Limited Partnership,D,20251223,edgar/data/2102671/0001405086-25-000384.txt
2102681,"MPC KS 2027 LIHTC ICF, LLC",D,20251223,edgar/data/2102681/0000908834-25-000377.txt
2102682,"MPC KS 2026 LIHTC ICF, LLC",D,20251223,edgar/data/2102682/0000908834-25-000376.txt
2102683,"MPC KS 2025 LIHTC ICF, LLC",D,20251223,edgar/data/2102683/0000908834-25-000375.txt
2102685,"MPC HI 2028 LIHTC ICF, LLC",D,20251223,edgar/data/2102685/0000908834-25-000374.txt
2102686,"Harvest Growth Capital V QP, LLC - Series B",D,20251223,edgar/data/2102686/0002102686-25-000001.txt
2102696,Modern Prairie Inc.,D,20251223,edgar/data/2102696/0002102696-25-000001.txt
2102703,"PMP Investment Fund, LLC",D,20251223,edgar/data/2102703/0002102703-25-000001.txt
2102704,Cornerstone Fund LLC/NY,D,20251223,edgar/data/2102704/0002102704-25-000001.txt
70145,NATIONAL FUEL GAS CO,D,20251223,edgar/data/70145/0001193125-25-331078.txt
70145,NATIONAL FUEL GAS CO,D,20251223,edgar/data/70145/0001193125-25-331101.txt
882291,AETHLON MEDICAL INC,D,20251223,edgar/data/882291/0000882291-25-000004.txt
890821,"Enveric Biosciences, Inc.",D,20251223,edgar/data/890821/0000890821-25-000006.txt
1479577,"HIG Holdings, LLC",D,20251229,edgar/data/1479577/0001479577-25-000013.txt
1527038,KINCORA COPPER LTD,D,20251229,edgar/data/1527038/0002064835-25-000051.txt
1635382,RMS Evergreen US Forestland Fund LP,D,20251229,edgar/data/1635382/0001635382-25-000003.txt
1653149,"Argent Mill, Inc.",D,20251229,edgar/data/1653149/0001653149-25-000004.txt
1717867,Project Applecart LLC,D,20251229,edgar/data/1717867/0001717867-25-000002.txt
1752886,GEN1E LIFESCIENCES INC.,D,20251229,edgar/data/1752886/0001752886-25-000002.txt
1754195,Trulieve Cannabis Corp.,D,20251229,edgar/data/1754195/0001754195-25-000075.txt
1759612,Salted Inc.,D,20251229,edgar/data/1759612/0000950138-25-000046.txt
1774535,"Disa Technologies, Inc.",D,20251229,edgar/data/1774535/0001774535-25-000005.txt
1781983,"Aprea Therapeutics, Inc.",D,20251229,edgar/data/1781983/0001781983-25-000003.txt
1786438,"ASG Enhanced Income Fund, LP",D,20251229,edgar/data/1786438/0001786438-25-000004.txt
1787740,"Tivic Health Systems, Inc.",D,20251229,edgar/data/1787740/0001683168-25-009394.txt
1787740,"Tivic Health Systems, Inc.",D,20251229,edgar/data/1787740/0001683168-25-009395.txt
1794609,Michael Waltrip Brewing Co,D,20251229,edgar/data/1794609/0001794609-25-000002.txt
1795635,BEDSON DRUM CO.,D,20251229,edgar/data/1795635/0001795635-25-000003.txt
1803782,Ramp Business Corp,D,20251229,edgar/data/1803782/0001803782-25-000005.txt
1809302,"Overjet, Inc.",D,20251229,edgar/data/1809302/0001809302-25-000003.txt
1813406,RL Investment Group LLC,D,20251229,edgar/data/1813406/0001813406-25-000015.txt
1813406,RL Investment Group LLC,D,20251229,edgar/data/1813406/0001813406-25-000016.txt
1813406,RL Investment Group LLC,D,20251229,edgar/data/1813406/0001813406-25-000017.txt
1847827,"Buildforce Services, Inc.",D,20251229,edgar/data/1847827/0001847827-25-000002.txt
1875557,Dry Creek Surgery Center /CO/ LLC,D,20251229,edgar/data/1875557/0001875557-25-000002.txt
1878844,Aqua Heart Inc,D,20251229,edgar/data/1878844/0001878844-25-000004.txt
1896752,Sabio Holdings Inc.,D,20251229,edgar/data/1896752/0001896752-25-000007.txt
1897264,"Ashton Oak Homes (Broadway) Investors, LLC",D,20251229,edgar/data/1897264/0001897264-25-000005.txt
1898157,Phinite Inc.,D,20251229,edgar/data/1898157/0001898157-25-000003.txt
1903671,"Glycologix, Inc.",D,20251229,edgar/data/1903671/0001903671-25-000002.txt
1930348,Greater Good Healthcare Inc.,D,20251229,edgar/data/1930348/0001930348-25-000002.txt
1930625,Odyssey Wellness LLC,D,20251229,edgar/data/1930625/0001474506-25-000177.txt
1931489,"LuxWall, Inc.",D,20251229,edgar/data/1931489/0001931489-25-000002.txt
1939433,"Cohen & Steers Income Opportunities REIT, Inc.",D,20251229,edgar/data/1939433/0001939433-25-000177.txt
1942834,senhasegura-qampion,D,20251229,edgar/data/1942834/0001214659-25-018526.txt
1961012,"Vanna Health, Inc.",D,20251229,edgar/data/1961012/0001168404-25-000015.txt
1966746,"Phenomix Sciences, Inc.",D,20251229,edgar/data/1966746/0001966746-25-000002.txt
1972369,"Anetac, Inc.",D,20251229,edgar/data/1972369/0001231919-25-000658.txt
1974144,"BBH Principals, L.P.",D,20251229,edgar/data/1974144/0001104659-25-124767.txt
1981275,"7RIVERS, INC.",D,20251229,edgar/data/1981275/0000892712-25-000176.txt
1983523,"SLAM BioTherapeutics, Inc.",D,20251229,edgar/data/1983523/0001983523-25-000004.txt
1987157,"Pace Surgical, Inc.",D,20251229,edgar/data/1987157/0001987157-25-000004.txt
1997962,"Navidence, Inc.",D,20251229,edgar/data/1997962/0001997962-25-000004.txt
2003006,"Brooklyn Dumpling Parent Holdings, Inc.",D,20251229,edgar/data/2003006/0001062993-25-017477.txt
2006854,"Igniton, Inc.",D,20251229,edgar/data/2006854/0001493152-25-029263.txt
2014901,L9 Labs Inc.,D,20251229,edgar/data/2014901/0002014901-25-000002.txt
2017481,Mobility Investment Fund LLC,D,20251229,edgar/data/2017481/0002017481-25-000004.txt
2020090,"Cicada Technologies, Inc.",D,20251229,edgar/data/2020090/0002020090-25-000002.txt
2025560,"iRestify, Inc.",D,20251229,edgar/data/2025560/0002025560-25-000004.txt
2027910,Struction Inc,D,20251229,edgar/data/2027910/0002027910-25-000002.txt
2030207,"Climate First Bancorp, Inc.",D,20251229,edgar/data/2030207/0002030207-25-000007.txt
2032876,Miata Metals Corp.,D,20251229,edgar/data/2032876/0002064835-25-000050.txt
2043544,Long Angle Investments LLC - Mill PPB International 2024 SPV,D,20251229,edgar/data/2043544/0002043544-25-000004.txt
2056882,EquityZen Growth Technology Fund II LLC - Series 11,D,20251229,edgar/data/2056882/0002056882-25-000002.txt
2068875,"Refuge Capital Fund Three, LLC",D,20251229,edgar/data/2068875/0002068875-25-000003.txt
2072526,"McKenzie River Capital, LLC",D,20251229,edgar/data/2072526/0002072526-25-000001.txt
2075502,T. Rowe Price Private Opportunities Offshore Fund LP,D,20251229,edgar/data/2075502/0002075502-25-000001.txt
2075967,"MCM - COPAIN BALLANTYNE, LLC",D,20251229,edgar/data/2075967/0002075967-25-000009.txt
2076382,T. Rowe Price Private Opportunities Fund LP,D,20251229,edgar/data/2076382/0002076382-25-000001.txt
2077381,T. Rowe Price Private Opportunities US Feeder Fund LP,D,20251229,edgar/data/2077381/0002077381-25-000001.txt
2079674,ATG Capital Opportunities Fund LP,D,20251229,edgar/data/2079674/0002079674-25-000001.txt
2082557,Golub Capital Private Income Fund S,D,20251229,edgar/data/2082557/0002082557-25-000001.txt
2082559,Golub Capital Private Income Fund I,D,20251229,edgar/data/2082559/0002082559-25-000001.txt
2084004,"Ciphero AI Technologies, Inc.",D,20251229,edgar/data/2084004/0002084004-25-000002.txt
2086440,"NB Ventures XAI, LP",D,20251229,edgar/data/2086440/0002086440-25-000001.txt
2086833,"Northside Flats, LLC",D,20251229,edgar/data/2086833/0002086833-25-000002.txt
2086850,"Duro Ventures, LP - F1",D,20251229,edgar/data/2086850/0002086850-25-000002.txt
2086923,"Rolling Fun GP, LP - D4",D,20251229,edgar/data/2086923/0002086923-25-000002.txt
2087120,Vault Holding Corp,D,20251229,edgar/data/2087120/0002087120-25-000001.txt
2087181,"BU-0715 Fund II, a series of JMWTX Investments, LP",D,20251229,edgar/data/2087181/0002087181-25-000001.txt
2088671,"Unpopular Ventures Preferred QP, LP - E4",D,20251229,edgar/data/2088671/0002088672-25-000003.txt
2088672,"Unpopular Ventures Preferred, LP - E4",D,20251229,edgar/data/2088672/0002088672-25-000003.txt
2088933,Miles Landing Investments LLC,D,20251229,edgar/data/2088933/0002088933-25-000001.txt
2089331,XO Market Tea Club Ltd,D,20251229,edgar/data/2089331/0002089331-25-000001.txt
2089333,Fermi Labs Aquatic Club Ltd,D,20251229,edgar/data/2089333/0002089333-25-000001.txt
2089334,Volmex Personal Cap Ltd,D,20251229,edgar/data/2089334/0002089334-25-000001.txt
2089335,Impossible Cloud Network Tea Club Ltd,D,20251229,edgar/data/2089335/0002089335-25-000001.txt
2089336,Zona plums Ltd,D,20251229,edgar/data/2089336/0002089336-25-000001.txt
2089337,Sphere Shoe on Ventures Ltd,D,20251229,edgar/data/2089337/0002089337-25-000001.txt
2089339,HaHa Wallet 4 Ventures Ltd,D,20251229,edgar/data/2089339/0002089339-25-000001.txt
2089340,Perpl Cambria Ltd,D,20251229,edgar/data/2089340/0002089340-25-000001.txt
2089341,Irys CC Ltd,D,20251229,edgar/data/2089341/0002089341-25-000001.txt
2089342,OpenGradient Moonrock Cap Ltd,D,20251229,edgar/data/2089342/0002089342-25-000001.txt
2089343,Fogo The Agora Ltd,D,20251229,edgar/data/2089343/0002089343-25-000001.txt
2089379,Gridless Personal Cap Ltd,D,20251229,edgar/data/2089379/0002089379-25-000001.txt
2089387,Showdownwin plums Ltd,D,20251229,edgar/data/2089387/0002089387-25-000001.txt
2089391,Rysk Fin Tachyon Ltd,D,20251229,edgar/data/2089391/0002089391-25-000001.txt
2089414,Reborn 1kx Community Ltd,D,20251229,edgar/data/2089414/0002089414-25-000001.txt
2089415,Perena CC Ltd,D,20251229,edgar/data/2089415/0002089415-25-000001.txt
2089416,PRIVATEER CC Ltd,D,20251229,edgar/data/2089416/0002089416-25-000001.txt
2089418,Cove Moonrock Cap Ltd,D,20251229,edgar/data/2089418/0002089418-25-000001.txt
2089420,Niron Magnetics CC Ltd,D,20251229,edgar/data/2089420/0002089420-25-000001.txt
2090911,"Operand DC Holdings V, LP",D,20251229,edgar/data/2090911/0002090911-25-000002.txt
2091250,"BI-1002 Fund III, a series of Umami Capital, LP",D,20251229,edgar/data/2091250/0002091250-25-000001.txt
2091262,"NE-0925 Fund I, a series of Jumpspace Venture, LP",D,20251229,edgar/data/2091262/0002091262-25-000001.txt
2091779,Louisiana 2 Well Development Joint Venture,D,20251229,edgar/data/2091779/0001654954-25-014334.txt
2093381,Apollo XI Global Access Offshore SCSp,D,20251229,edgar/data/2093381/0002093381-25-000001.txt
2093878,Apollo XI Global Access LLC,D,20251229,edgar/data/2093878/0002093878-25-000001.txt
2094401,DCM Bain Asia VI Fund LLC,D,20251229,edgar/data/2094401/0002094401-25-000001.txt
2094499,"Old Vines Supper Club, LLC",D,20251229,edgar/data/2094499/0002094499-25-000002.txt
2095148,"Ironleaf Capital Fund I, L.P.",D,20251229,edgar/data/2095148/0002095148-25-000001.txt
2095149,"Ironleaf Capital Fund I-A, L.P.",D,20251229,edgar/data/2095149/0002095149-25-000001.txt
2095153,"FCP Iron Holdings, LLC",D,20251229,edgar/data/2095153/0002095153-25-000002.txt
2095346,"Crescent GP Financing Solutions (Lux), SCSp",D,20251229,edgar/data/2095346/0002062357-25-000177.txt
2095952,Passco Riverside DST,D,20251229,edgar/data/2095952/0002095952-25-000001.txt
2096192,VF Life at Legacy LLC,D,20251229,edgar/data/2096192/0002096192-25-000001.txt
2096425,"Babbl Labs, Inc.",D,20251229,edgar/data/2096425/0002096425-25-000002.txt
2096425,"Babbl Labs, Inc.",D,20251229,edgar/data/2096425/0002096425-25-000003.txt
2096867,"ET-1022 Fund I, a series of AX-RN-Funds, LP",D,20251229,edgar/data/2096867/0002096867-25-000001.txt
2097083,Tolero H2 Inc.,D,20251229,edgar/data/2097083/0002097083-25-000001.txt
2097931,GVP Climate Series SPV LP - Zanskar,D,20251229,edgar/data/2097931/0001470831-25-000453.txt
2097976,"Duo AI Technologies, Inc.",D,20251229,edgar/data/2097976/0002097976-25-000001.txt
2098062,"Fortress Fund 1, LLC",D,20251229,edgar/data/2098062/0002098062-25-000001.txt
2098273,Coram Master Fund LP,D,20251229,edgar/data/2098273/0002098273-25-000001.txt
2098491,Lowertown Holdings LLC,D,20251229,edgar/data/2098491/0002098491-25-000001.txt
2098520,"Arc180 Fund I, L.L.C.",D,20251229,edgar/data/2098520/0002098520-25-000001.txt
2098679,Big Sky Fund III LP,D,20251229,edgar/data/2098679/0002098679-25-000001.txt
2098720,"GIP V-A/B Co-Investment Fund I, L.P.",D,20251229,edgar/data/2098720/0002062357-25-000179.txt
2099046,"CA Resources Fund (U.S. Tax-Exempt), L.P. - Series AH 2026",D,20251229,edgar/data/2099046/0000929638-25-004783.txt
2099259,American First Credit Union,D,20251229,edgar/data/2099259/0001437749-25-038791.txt
2099315,Dr. Bombay Ice Cream Sep 2025 a Series of CGF2021 LLC,D,20251229,edgar/data/2099315/0002099315-25-000001.txt
2099464,"Saints Capital Sierra II, LP",D,20251229,edgar/data/2099464/0002099464-25-000003.txt
2099469,"MedMountain Ventures III, LLC",D,20251229,edgar/data/2099469/0002099469-25-000001.txt
2099762,DCM AH Multi Fund LLC,D,20251229,edgar/data/2099762/0002099762-25-000001.txt
2099930,Compound Canvas LP,D,20251229,edgar/data/2099930/0002099930-25-000001.txt
2100059,TF Technology Investments XIII LLC,D,20251229,edgar/data/2100059/0002100059-25-000001.txt
2100085,"ZE-1007 Fund I, a series of Roll Up Vehicles, LP",D,20251229,edgar/data/2100085/0002100085-25-000001.txt
2100090,"CustomMade, Inc.",D,20251229,edgar/data/2100090/0002100090-25-000001.txt
2100177,Blackstone Growth II - B L.P.,D,20251229,edgar/data/2100177/0002100177-25-000001.txt
2100178,Blackstone Growth II - BL L.P.,D,20251229,edgar/data/2100178/0002100178-25-000001.txt
2100213,"AVSF - Neurophos 2025, LLC",D,20251229,edgar/data/2100213/0002100213-25-000001.txt
2100223,26N Polaris Co-Investment Partners LP,D,20251229,edgar/data/2100223/0000950103-25-016528.txt
2100360,"Westlands Capital Partners 1, LLC",D,20251229,edgar/data/2100360/0002100360-25-000001.txt
2100363,"Pearl Point 3B, LLC",D,20251229,edgar/data/2100363/0002100363-25-000001.txt
2100511,Mollie Moonshot LLC,D,20251229,edgar/data/2100511/0002100511-25-000001.txt
2100566,Primavera Capital Growth Fund VIII L.P.,D,20251229,edgar/data/2100566/0000945621-25-001250.txt
2100618,"AN-1126 Fund I, a series of Davidovs Syndicate, LP",D,20251229,edgar/data/2100618/0002100618-25-000001.txt
2100743,Helena Special Investments Fund II LP,D,20251229,edgar/data/2100743/0000905148-25-004482.txt
2100798,HSI M42 SPV LP,D,20251229,edgar/data/2100798/0000905148-25-004483.txt
2100908,"Terra Nova Hidden Gems Feeder Fund, Ltd",D,20251229,edgar/data/2100908/0001814554-25-000207.txt
2100965,Terra Nova Hidden Gems Fund LP,D,20251229,edgar/data/2100965/0001814554-25-000209.txt
2100980,Bri Beauty Inc.,D,20251229,edgar/data/2100980/0002100980-25-000001.txt
2101010,xAI SPV1 Emerging Global a Series of CGF2021 LLC,D,20251229,edgar/data/2101010/0002101010-25-000001.txt
2101127,LV Cypresswood Asset LLC,D,20251229,edgar/data/2101127/0001683168-25-009344.txt
2101152,Koz Capital Sea SPV I a Series of CGF2021 LLC,D,20251229,edgar/data/2101152/0002101152-25-000001.txt
2101158,GSBackers Alma Fund I a Series of CGF2021 LLC,D,20251229,edgar/data/2101158/0002101158-25-000001.txt
2101188,DPV Kraken 2 a Series of DataPower Capital Partners LLC,D,20251229,edgar/data/2101188/0002101188-25-000001.txt
2101312,Mitre Peak Capital Fund I LP,D,20251229,edgar/data/2101312/0002101312-25-000001.txt
2101322,Gideon Metropolis LLC,D,20251229,edgar/data/2101322/0002101322-25-000002.txt
2101326,Autonymy Inc.,D,20251229,edgar/data/2101326/0002101326-25-000002.txt
2101340,Baillie Gifford Co-Invest (No. 4) Fund LP,D,20251229,edgar/data/2101340/0000929638-25-004780.txt
2101341,Baillie Gifford Co-Invest (No. 3) Fund LP,D,20251229,edgar/data/2101341/0000929638-25-004778.txt
2101358,"Catalur Capital Solutions Fund, LP",D,20251229,edgar/data/2101358/0002101358-25-000001.txt
2101363,"270 Growth Partners IV SPV (Offshore), LP",D,20251229,edgar/data/2101363/0002101364-25-000001.txt
2101364,"270 Growth Partners IV SPV, LP",D,20251229,edgar/data/2101364/0002101364-25-000001.txt
2101419,FS-37 a series of FinSight Special Opportunities Fund VI LLC,D,20251229,edgar/data/2101419/0002101419-25-000001.txt
2101436,FS-37-1 a series of FinSight Special Opportunities Fund VI LLC,D,20251229,edgar/data/2101436/0002101436-25-000001.txt
2101437,"Truelink Cosmo, L.P.",D,20251229,edgar/data/2101437/0002101437-25-000001.txt
2101445,"Truelink Cosmo A, L.P.",D,20251229,edgar/data/2101445/0002101445-25-000001.txt
2101488,FS-38 a series of FinSight Special Opportunities Fund VI LLC,D,20251229,edgar/data/2101488/0002101488-25-000001.txt
2101536,Slkrd surfaice.pro Oct 2025 a Series of CGF2021 LLC,D,20251229,edgar/data/2101536/0002101536-25-000001.txt
2101548,FF Liminal AI Fund a Series of FF SPV Holdings LLC,D,20251229,edgar/data/2101548/0002101548-25-000001.txt
2101549,Apex V a Series of CGF2021 LLC,D,20251229,edgar/data/2101549/0002101549-25-000001.txt
2101550,FS-38-1 a series of FinSight Special Opportunities Fund VI LLC,D,20251229,edgar/data/2101550/0002101550-25-000001.txt
2101571,Avo AI VI a Series of Avo Technology Fund LP LLC,D,20251229,edgar/data/2101571/0002101571-25-000001.txt
2101576,Slkrd alma Oct 2025 a Series of CGF2021 LLC,D,20251229,edgar/data/2101576/0002101576-25-000001.txt
2101577,Synonym SPV Oct 2025 a Series of Votive Venture Partners LLC,D,20251229,edgar/data/2101577/0002101577-25-000001.txt
2101589,"SEP GD Holdings, LLC",D,20251229,edgar/data/2101589/0002101589-25-000001.txt
2101590,TSO Red Bluff 31 Well Joint Venture,D,20251229,edgar/data/2101590/0001654954-25-014336.txt
2101611,FF Archive Technologies Fund a Series of FF SPV Holdings LLC,D,20251229,edgar/data/2101611/0002101611-25-000001.txt
2101645,Connect Music Oct 2025 a Series of CGF2021 LLC,D,20251229,edgar/data/2101645/0002101645-25-000001.txt
2101659,APOF3 LP,D,20251229,edgar/data/2101659/0000902664-25-005406.txt
2101692,ASAP Finance Group LP,D,20251229,edgar/data/2101692/0001685317-25-000005.txt
2101702,ARTMAN IV REIT I LLC,D,20251229,edgar/data/2101702/0002101702-25-000001.txt
2101724,Buena Vista RE LLC,D,20251229,edgar/data/2101724/0002101724-25-000001.txt
2101729,ID FUND - SERIES 26 - FEVO,D,20251229,edgar/data/2101729/0002101729-25-000001.txt
2101784,AG JV II REIT Holdings LLC,D,20251229,edgar/data/2101784/0002101784-25-000001.txt
2101816,Municipal Apparel Co LLC,D,20251229,edgar/data/2101816/0002101816-25-000001.txt
2101843,GrandView Fort Smith LLC,D,20251229,edgar/data/2101843/0002101843-25-000001.txt
2101899,"AKRE-Sunwest Nafta, LLC",D,20251229,edgar/data/2101899/0002101899-25-000001.txt
2102031,MAIA MEP SCSp,D,20251229,edgar/data/2102031/0000950172-25-000230.txt
2102063,Mitre Peak Capital Fund I-A LP,D,20251229,edgar/data/2102063/0002102063-25-000001.txt
2102132,Banuelos Investment Group LLC,D,20251229,edgar/data/2102132/0002102132-25-000001.txt
2102143,NX1 Capital Onshore Fund LP,D,20251229,edgar/data/2102143/0000902664-25-005403.txt
2102144,NX1 Capital Offshore Fund LP,D,20251229,edgar/data/2102144/0000902664-25-005404.txt
2102147,Behringer Addison II Investors LP,D,20251229,edgar/data/2102147/0002102147-25-000001.txt
2102183,"1315 Capital CPI Co-Invest, L.P.",D,20251229,edgar/data/2102183/0002102183-25-000001.txt
2102192,YCL AI Infra a Series of CGF2021 LLC,D,20251229,edgar/data/2102192/0002102192-25-000001.txt
2102239,"Conway Opportunities Fund 2026, LP",D,20251229,edgar/data/2102239/0000906791-25-000048.txt
2102267,Kortex Fund Ltd.,D,20251229,edgar/data/2102267/0002102267-25-000001.txt
2102268,Kortex Fund LP,D,20251229,edgar/data/2102268/0002102268-25-000001.txt
2102333,3500 Mayfield Retail LLC,D,20251229,edgar/data/2102333/0002102333-25-000001.txt
2102335,Zive SPV Manager LLC,D,20251229,edgar/data/2102335/0002102335-25-000001.txt
2102377,Century MHRV LLC,D,20251229,edgar/data/2102377/0001315863-25-000876.txt
2102382,"Owl Creek Aviation Opportunities Fund, L.P.",D,20251229,edgar/data/2102382/0000902664-25-005402.txt
2102388,"MIRELF Hollywood Apartment Venture REIT, LLC",D,20251229,edgar/data/2102388/0002102388-25-000001.txt
2102390,MIRELF IX REIT,D,20251229,edgar/data/2102390/0002102390-25-000001.txt
2102401,"Liberty Numisma, LLC",D,20251229,edgar/data/2102401/0002102401-25-000003.txt
2102475,"Spice Opportunity - Imprint D, LP",D,20251229,edgar/data/2102475/0001315863-25-000875.txt
2102484,"CRC Opportunistic Retail Fund II REIT, LLC",D,20251229,edgar/data/2102484/0002102484-25-000001.txt
2102486,"CRC VAMF I Holdings, LLC",D,20251229,edgar/data/2102486/0002102486-25-000001.txt
2102510,Double Blind Bio Inc.,D,20251229,edgar/data/2102510/0002102510-25-000001.txt
2102518,"Chief in Tech Capital, a Series of Decile Start Fund, LP",D,20251229,edgar/data/2102518/0002102518-25-000002.txt
2102535,"HPS Tulip Strategic Investment Partners VI, SCSp",D,20251229,edgar/data/2102535/0002102535-25-000001.txt
2102555,Integra Master Series LLC - AI Infra IV,D,20251229,edgar/data/2102555/0001213900-25-125662.txt
2102556,Integra Master Series LLC - Swan Cap III,D,20251229,edgar/data/2102556/0001213900-25-125672.txt
2102617,"Series 17-5, a series of StartEngine Private LLC",D,20251229,edgar/data/2102617/0002102617-25-000001.txt
2102618,"SW Neighborhood Centers IV, LLC",D,20251229,edgar/data/2102618/0002102618-25-000001.txt
2102624,DCP Blue Peak BBB Feeder Fund LP,D,20251229,edgar/data/2102624/0000950103-25-016573.txt
2102640,"Sixth Millennium Venture Partners Fund I, LP",D,20251229,edgar/data/2102640/0002102640-25-000001.txt
2102648,ID FUND - SERIES 25 - VIDMOB,D,20251229,edgar/data/2102648/0002102648-25-000001.txt
2102658,360 ONE Global Investment Fund 6,D,20251229,edgar/data/2102658/0002102658-25-000001.txt
2102659,AIXEBIT INC.,D,20251229,edgar/data/2102659/0002102659-25-000001.txt
2102672,Jane Eyre Investment Ltd,D,20251229,edgar/data/2102672/0002102672-25-000001.txt
2102690,Flex Lending 9 LLC,D,20251229,edgar/data/2102690/0002102690-25-000001.txt
2102701,"Rowlock Apartments, LLC",D,20251229,edgar/data/2102701/0002102701-25-000001.txt
2102714,"SelectDr, Inc.",D,20251229,edgar/data/2102714/0002102714-25-000001.txt
2102723,"ICP II C1, L.P.",D,20251229,edgar/data/2102723/0002102723-25-000001.txt
2102725,"Governly, Inc.",D,20251229,edgar/data/2102725/0002102725-25-000001.txt
2102728,Clinton LLC,D,20251229,edgar/data/2102728/0002102728-25-000001.txt
2102735,Pioneer Exchange Ltd,D,20251229,edgar/data/2102735/0002102735-25-000001.txt
2102740,Bitgreat Ltd,D,20251229,edgar/data/2102740/0002102740-25-000001.txt
2102743,SETHI CAPITAL Z4 LLC,D,20251229,edgar/data/2102743/0002102743-25-000001.txt
2102801,901 Gleaves LLC,D,20251229,edgar/data/2102801/0002102801-25-000001.txt
2102815,Galaxy Plus Fund LLC - QuantOn Managed Futures Feeder Fund (590),D,20251229,edgar/data/2102815/0002102815-25-000001.txt
2102816,AS RAAD Houston Center (REIT) LLC,D,20251229,edgar/data/2102816/0000950172-25-000231.txt
2102839,"Everland Capital, LLC",D,20251229,edgar/data/2102839/0002102839-25-000001.txt
2102840,"Rembrandt Partners VI, L.P.",D,20251229,edgar/data/2102840/0002102840-25-000001.txt
2102841,ID FUND - SERIES 24 - RIPPLE,D,20251229,edgar/data/2102841/0002102841-25-000001.txt
2102842,IRONARC OPPORTUNITIES VII LLC,D,20251229,edgar/data/2102842/0002102842-25-000001.txt
2102843,ID FUND - SERIES 27 - LAMBDA LABS,D,20251229,edgar/data/2102843/0002102843-25-000001.txt
2102848,I80 Investor LLC,D,20251229,edgar/data/2102848/0002102848-25-000001.txt
2102849,I80 JSB Ativore Investor LLC,D,20251229,edgar/data/2102849/0002102849-25-000001.txt
2102903,AIGA HEF Co-Investment LLC,D,20251229,edgar/data/2102903/0002102903-25-000001.txt
2102924,"Buckhead Loop Investors, LLC",D,20251229,edgar/data/2102924/0002102924-25-000001.txt
2102928,Fidera Vecta Feeder Fund II SCA SICAV-RAIF,D,20251229,edgar/data/2102928/0000947871-25-001094.txt
1095565,HEALTHSTREAM INC,D,20251230,edgar/data/1095565/0001095565-25-000008.txt
1684662,SILVER VIPER MINERALS CORP.,D,20251230,edgar/data/1684662/0002064835-25-000052.txt
1688126,Crypto Co,D,20251230,edgar/data/1688126/0001493152-25-029589.txt
1690279,"Nacuity Pharmaceuticals, Inc.",D,20251230,edgar/data/1690279/0001690279-25-000002.txt
1728411,"DMC Biotechnologies, Inc.",D,20251230,edgar/data/1728411/0001231919-25-000671.txt
1728411,"DMC Biotechnologies, Inc.",D,20251230,edgar/data/1728411/0001231919-25-000673.txt
1740279,"IN8BIO, INC.",D,20251230,edgar/data/1740279/0001231919-25-000676.txt
1768501,"SIP MANAGEMENTCO, LLC",D,20251230,edgar/data/1768501/0001768501-25-000003.txt
1769963,LOCALPAPER.COM LLC,D,20251230,edgar/data/1769963/0001769963-25-000022.txt
1769963,LOCALPAPER.COM LLC,D,20251230,edgar/data/1769963/0001769963-25-000023.txt
1769963,LOCALPAPER.COM LLC,D,20251230,edgar/data/1769963/0001769963-25-000024.txt
1769963,LOCALPAPER.COM LLC,D,20251230,edgar/data/1769963/0001769963-25-000025.txt
1769963,LOCALPAPER.COM LLC,D,20251230,edgar/data/1769963/0001769963-25-000026.txt
1769963,LOCALPAPER.COM LLC,D,20251230,edgar/data/1769963/0001769963-25-000027.txt
1769963,LOCALPAPER.COM LLC,D,20251230,edgar/data/1769963/0001769963-25-000028.txt
1769963,LOCALPAPER.COM LLC,D,20251230,edgar/data/1769963/0001769963-25-000029.txt
1769963,LOCALPAPER.COM LLC,D,20251230,edgar/data/1769963/0001769963-25-000030.txt
1769963,LOCALPAPER.COM LLC,D,20251230,edgar/data/1769963/0001769963-25-000031.txt
1769963,LOCALPAPER.COM LLC,D,20251230,edgar/data/1769963/0001769963-25-000032.txt
1769963,LOCALPAPER.COM LLC,D,20251230,edgar/data/1769963/0001769963-25-000033.txt
1769963,LOCALPAPER.COM LLC,D,20251230,edgar/data/1769963/0001769963-25-000034.txt
1769963,LOCALPAPER.COM LLC,D,20251230,edgar/data/1769963/0001769963-25-000035.txt
1769963,LOCALPAPER.COM LLC,D,20251230,edgar/data/1769963/0001769963-25-000036.txt
1769963,LOCALPAPER.COM LLC,D,20251230,edgar/data/1769963/0001769963-25-000037.txt
1769963,LOCALPAPER.COM LLC,D,20251230,edgar/data/1769963/0001769963-25-000038.txt
1769963,LOCALPAPER.COM LLC,D,20251230,edgar/data/1769963/0001769963-25-000039.txt
1769963,LOCALPAPER.COM LLC,D,20251230,edgar/data/1769963/0001769963-25-000040.txt
1782849,CoVenture - No1 Equity Investors LLC,D,20251230,edgar/data/1782849/0001782849-25-000003.txt
1785695,"Payward, Inc.",D,20251230,edgar/data/1785695/0001193125-25-335645.txt
1818048,"Crossbeam - Spot Equity SPV, LLC",D,20251230,edgar/data/1818048/0001818048-25-000002.txt
1819319,"IMAGEN DENTAL PARTNERS, LLC",D,20251230,edgar/data/1819319/0002103080-25-000002.txt
1845139,Applied Impact Robotics Inc.,D,20251230,edgar/data/1845139/0001845139-25-000003.txt
1862012,Crossbeam - Spot II Equity SPV LLC,D,20251230,edgar/data/1862012/0001862012-25-000002.txt
1874280,Pontoro Inc.,D,20251230,edgar/data/1874280/0001874280-25-000002.txt
1892111,Amplify Life Insurance Co,D,20251230,edgar/data/1892111/0001892111-25-000002.txt
1901931,Kalo Gold Corp.,D,20251230,edgar/data/1901931/0002060755-25-000064.txt
1908022,Crossbeam - Spot III Equity SPV LLC,D,20251230,edgar/data/1908022/0001908022-25-000002.txt
1914078,"Radiant Industries, Inc",D,20251230,edgar/data/1914078/0001914078-25-000005.txt
1967843,"Capital Square Apartment Operating Partnership, L.P.",D,20251230,edgar/data/1967843/0001967843-25-000007.txt
1986399,"VNTANA, INC.",D,20251230,edgar/data/1986399/0001986399-25-000002.txt
1987476,Neurotrigger Ltd.,D,20251230,edgar/data/1987476/0001213900-25-126622.txt
2013278,"Salvo Health, Inc.",D,20251230,edgar/data/2013278/0001231919-25-000670.txt
2023866,"Augment Collective, LLC",D,20251230,edgar/data/2023866/0002023866-25-000037.txt
2023866,"Augment Collective, LLC",D,20251230,edgar/data/2023866/0002023866-25-000038.txt
2024781,"Focal Point Credit Fund, LP",D,20251230,edgar/data/2024781/0002024781-25-000002.txt
2025945,Posh Group Inc.,D,20251230,edgar/data/2025945/0001231919-25-000668.txt
2027371,"Healing Realty Trust, Inc.",D,20251230,edgar/data/2027371/0002027371-25-000006.txt
2032590,"FI GP Fund, LLC",D,20251230,edgar/data/2032590/0002032590-25-000004.txt
2043701,"Sapient Ventures, LLC",D,20251230,edgar/data/2043701/0002043701-25-000002.txt
2046860,"Shealy Lampp, LLC",D,20251230,edgar/data/2046860/0001493152-25-029556.txt
2053056,"Industry Ventures Tech Buyout Co-Investment III, L.P.",D,20251230,edgar/data/2053056/0001231919-25-000678.txt
2063471,VMC CRE Master Lending Sub REIT LLC,D,20251230,edgar/data/2063471/0002063471-25-000001.txt
2067953,"Woodbourne Canada Partners VI, LP",D,20251230,edgar/data/2067953/0001470831-25-000454.txt
2073640,Blue Owl Real Estate Fund VII REIT B LLC,D,20251230,edgar/data/2073640/0002073640-25-000001.txt
2073641,Blue Owl Real Estate Fund VII REIT A LLC,D,20251230,edgar/data/2073641/0002073641-25-000001.txt
2073789,E14 Fund 4 Limited Partnership,D,20251230,edgar/data/2073789/0002073789-25-000001.txt
2075788,"VITALIZE INVESTMENTS, LLC",D,20251230,edgar/data/2075788/0002075788-25-000002.txt
2077982,"N49P Fund IV, L.P.",D,20251230,edgar/data/2077982/0002077982-25-000001.txt
2080431,Outlast Power Inc.,D,20251230,edgar/data/2080431/0002080431-25-000002.txt
2081080,"BCE Multifamily Opportunity Fund V (T-E Feeder), LLC",D,20251230,edgar/data/2081080/0001123292-25-000777.txt
2081253,AG PACIFIC AG POOL II LLC,D,20251230,edgar/data/2081253/0002081253-25-000001.txt
2083300,"SU-0619 Fund II, a series of Roll Up Vehicles, LP",D,20251230,edgar/data/2083300/0002083300-25-000001.txt
2085043,"Industry Ventures Tech Buyout Co-Investment III (Feeder), L.P.",D,20251230,edgar/data/2085043/0001231919-25-000678.txt
2085193,"BSV, Fund I, a series of SCVC Advisors, LP",D,20251230,edgar/data/2085193/0002085193-25-000001.txt
2085546,Data Squared USA Inc.,D,20251230,edgar/data/2085546/0002085546-25-000004.txt
2086497,AVKV OAI LP,D,20251230,edgar/data/2086497/0002086497-25-000001.txt
2086584,Edge Total Intelligence Inc.,D,20251230,edgar/data/2086584/0001062993-25-017507.txt
2086649,Blue Owl Real Estate Credit Fund LP,D,20251230,edgar/data/2086649/0002086649-25-000001.txt
2086842,Kindred Cortez Hill LP,D,20251230,edgar/data/2086842/0002086842-25-000001.txt
2087245,"Coelius Capital Rolling Fund, LP - F1",D,20251230,edgar/data/2087245/0002087245-25-000002.txt
2087258,"Nucleation Capital, LP - E2",D,20251230,edgar/data/2087258/0002087258-25-000002.txt
2087284,"Riptide-IC-0909 Fund I, a series of AngelList Funds 2025, LP",D,20251230,edgar/data/2087284/0002087284-25-000001.txt
2088670,"Ligature Rolling Fund, LP - E2",D,20251230,edgar/data/2088670/0002088670-25-000003.txt
2089256,"Day by Day Ventures Fund I, a series of DBD Funds, LP",D,20251230,edgar/data/2089256/0002089256-25-000001.txt
2089742,Lucky Ox LLC,D,20251230,edgar/data/2089742/0002089742-25-000006.txt
2090504,EquityZen Growth Technology Fund LLC - Series 2180,D,20251230,edgar/data/2090504/0002090504-25-000001.txt
2090548,Gaingels Manna LLC,D,20251230,edgar/data/2090548/0002090548-25-000001.txt
2091737,"PSI2 SPV, a series of Riverside Ventures Self-Advised, LP",D,20251230,edgar/data/2091737/0002091737-25-000001.txt
2092061,Willis Asset Leasing Fund I LP,D,20251230,edgar/data/2092061/0002092061-25-000001.txt
2093142,"ST-1009 Fund III, a series of AX-RN-Funds, LP",D,20251230,edgar/data/2093142/0002093142-25-000001.txt
2093237,"Pax Ventures Opportunities V, LLC",D,20251230,edgar/data/2093237/0001231919-25-000669.txt
2093585,"Evolution Ventures Minerva Fund, LP - B3",D,20251230,edgar/data/2093585/0002093585-25-000002.txt
2093587,"Munch.VC-DI-1006 Fund I, a series of AngelList Funds 2025, LP",D,20251230,edgar/data/2093587/0002093587-25-000001.txt
2093597,"CRU Fund I, a series of Altra FrontierTech Investments I, LP",D,20251230,edgar/data/2093597/0002093597-25-000002.txt
2093637,"Louise-HA-1004 Fund I, a series of AngelList Funds 2025, LP",D,20251230,edgar/data/2093637/0002093637-25-000001.txt
2094010,"UP-1018 Fund I, a series of LPV Secondary Investment, LP",D,20251230,edgar/data/2094010/0002094010-25-000002.txt
2094012,"JE-1017 Fund II, a series of Trucks Growth Fund LP",D,20251230,edgar/data/2094012/0002094012-25-000001.txt
2094613,MDRR XXV DST 1,D,20251230,edgar/data/2094613/0002094613-25-000001.txt
2094785,"CF Residential Growth Fund 1, LP",D,20251230,edgar/data/2094785/0002094785-25-000001.txt
2094861,"AI-1020 Fund I, a series of Roll Up Vehicles, LP",D,20251230,edgar/data/2094861/0002094861-25-000001.txt
2094901,"MA-10012 Fund I, a series of Roll Up Vehicles, LP",D,20251230,edgar/data/2094901/0002094901-25-000001.txt
2095189,Pointofdata Corp,D,20251230,edgar/data/2095189/0002095189-25-000002.txt
2095234,"Crescent Credit Solutions VII CV-A, L.P.",D,20251230,edgar/data/2095234/0002095234-25-000001.txt
2095690,"Crescent Credit Solutions VII CV, L.P.",D,20251230,edgar/data/2095690/0002095690-25-000001.txt
2096091,"BBH Wealth Strategies, LLC - Harvey Capital Partners Series",D,20251230,edgar/data/2096091/0002096091-25-000001.txt
2096094,BBH Wealth Strategies Unit Trust - Harvey Capital Partners Sub-Trust,D,20251230,edgar/data/2096094/0002096094-25-000001.txt
2096161,EquityZen Growth Technology Fund LLC - Series 2200,D,20251230,edgar/data/2096161/0002096161-25-000001.txt
2097247,"Sparrow Run Partners, LLC",D,20251230,edgar/data/2097247/0002097247-25-000001.txt
2098056,"Arden Woods 3 Real Estate, LLC",D,20251230,edgar/data/2098056/0001104659-25-125193.txt
2098337,Circuit Prive LLC,D,20251230,edgar/data/2098337/0002098337-25-000001.txt
2098354,"Utah Legacy Endowed Fund, LLC",D,20251230,edgar/data/2098354/0000912282-25-001470.txt
2098656,"Aubrian-BA-1105 Fund I, a series of AngelList Funds 2025, LP",D,20251230,edgar/data/2098656/0002098656-25-000001.txt
2098869,"OGBC Premier PQ Fund, a series of Umami Capital Holdings, LP",D,20251230,edgar/data/2098869/0002098869-25-000001.txt
2099061,"AN-1120 Fund I, a series of Roll Up Vehicles, LP",D,20251230,edgar/data/2099061/0002099061-25-000001.txt
2099182,"MA-1108 Fund I, a series of CCL Funds, LP",D,20251230,edgar/data/2099182/0002099182-25-000001.txt
2099287,"BlueSky At-Home Veterinary Care, Inc.",D,20251230,edgar/data/2099287/0002099287-25-000002.txt
2099478,"VE-1119 Fund III, a series of Lunch Pail Ventures, LP",D,20251230,edgar/data/2099478/0002099478-25-000001.txt
2099802,SGH PERSONA AI 2 Aug 2025 a Series of CGF2021 LLC,D,20251230,edgar/data/2099802/0002099802-25-000001.txt
2099806,"RO-1118 Fund I, a series of Hustle Fund Angel Squad, LP",D,20251230,edgar/data/2099806/0002099806-25-000001.txt
2099875,"WA-1126 Fund I, a series of MV Funds, LP",D,20251230,edgar/data/2099875/0002099875-25-000001.txt
2099890,Steelhead Composites 8F4 co-invest a Series of Denver Angels LLC,D,20251230,edgar/data/2099890/0002099890-25-000001.txt
2100074,"Croux, Inc.",D,20251230,edgar/data/2100074/0002100074-25-000001.txt
2100183,Gaingels X-Bow LLC,D,20251230,edgar/data/2100183/0002100183-25-000001.txt
2100398,"Belief-SU-1111 Fund III, a series of AngelList Funds 2025, LP",D,20251230,edgar/data/2100398/0002100398-25-000001.txt
2100401,"SP-11101 Fund I, a series of Roll Up Vehicles, LP",D,20251230,edgar/data/2100401/0002100401-25-000001.txt
2100453,OHA Senior Private Lending Access LLC,D,20251230,edgar/data/2100453/0002100453-25-000001.txt
2100485,"BDT & MSD RSLP Feeder B, L.P.",D,20251230,edgar/data/2100485/0002100485-25-000001.txt
2100565,"Rubix V, a series of Jay Desai Holdings II, LP",D,20251230,edgar/data/2100565/0002100565-25-000001.txt
2100657,"JL - 001 Fund I, a series of AngelList Funds 2025, LP",D,20251230,edgar/data/2100657/0002100657-25-000001.txt
2100766,"Raith Real Estate Fund IV Holdings R, LLC",D,20251230,edgar/data/2100766/0002100766-25-000001.txt
2100771,"Asana Partners Fund III REIT 28, LLC",D,20251230,edgar/data/2100771/0002100772-25-000001.txt
2100772,"Asana Partners Fund III REIT 25, LLC",D,20251230,edgar/data/2100772/0002100772-25-000001.txt
2100773,"Asana Partners Fund III REIT 27, LLC",D,20251230,edgar/data/2100773/0002100772-25-000001.txt
2100853,OHA Senior Private Lending Access Offshore LP,D,20251230,edgar/data/2100853/0002100853-25-000001.txt
2100886,"VI, a series of Sweet Spot Growth, LP",D,20251230,edgar/data/2100886/0002100886-25-000001.txt
2100890,"Asana Partners Fund III REIT 26, LLC",D,20251230,edgar/data/2100890/0002100772-25-000001.txt
2100932,"Apollo ACT Capital Fund, L.P.",D,20251230,edgar/data/2100932/0000950142-25-003275.txt
2100992,Stone Ridge Select Opps Fund LP,D,20251230,edgar/data/2100992/0002100992-25-000001.txt
2101291,CV NYC REIT LLC,D,20251230,edgar/data/2101291/0002101291-25-000001.txt
2101351,Autopilot Horizon X LLC,D,20251230,edgar/data/2101351/0002101351-25-000001.txt
2101365,AGSS EE Co-Invest LP,D,20251230,edgar/data/2101365/0002101365-25-000001.txt
2101370,AGSS EE Co-Invest A LP,D,20251230,edgar/data/2101370/0002101370-25-000001.txt
2101453,"BL-11301 Fund I, a series of Roll Up Vehicles, LP",D,20251230,edgar/data/2101453/0002101453-25-000001.txt
2101480,"Zynergy Digital Innovation Fund, LP",D,20251230,edgar/data/2101480/0001013594-25-001538.txt
2101485,AGSS EE Co-Invest Offshore B LP,D,20251230,edgar/data/2101485/0002101485-25-000001.txt
2101489,"SXQ Fund I Oct 2025, a Series of SecondMarket Growth, LLC",D,20251230,edgar/data/2101489/0002101489-25-000001.txt
2101539,"SV Angel Ascent I, L.P.",D,20251230,edgar/data/2101539/0002101539-25-000001.txt
2101665,Gaingels Zipline LLC,D,20251230,edgar/data/2101665/0002101665-25-000001.txt
2101672,"Fairway SPV, LP",D,20251230,edgar/data/2101672/0001012975-25-000988.txt
2101736,"PL-1202 Fund I, a series of Roll Up Vehicles, LP",D,20251230,edgar/data/2101736/0002101736-25-000001.txt
2101757,Historic Kings Investors LLC,D,20251230,edgar/data/2101757/0002101757-25-000001.txt
2101786,AGSS EE Co-Invest Offshore LP,D,20251230,edgar/data/2101786/0002101786-25-000001.txt
2101932,"WI Fund I, a series of Mana Venture, LP",D,20251230,edgar/data/2101932/0002101932-25-000001.txt
2101952,"Constellation-PL-1207 Fund I, a series of AngelList Funds 2025, LP",D,20251230,edgar/data/2101952/0002101952-25-000001.txt
2101987,"SO-1206 Fund I, a series of Pack Ventures, LP",D,20251230,edgar/data/2101987/0002101987-25-000001.txt
2102071,Apheon Special Opportunities Fund S.C.A. SICAV-RAIF - Premium Sub-Fund,D,20251230,edgar/data/2102071/0000950142-25-003273.txt
2102174,"AP2 Legacy Capital Equity Fund, LP",D,20251230,edgar/data/2102174/0002102174-25-000001.txt
2102220,"AUMA, a series of Ventioneers Advised Funds, LP",D,20251230,edgar/data/2102220/0002102220-25-000001.txt
2102265,"MO-1204 Fund I, a series of Evergreen Mountain Ventures, LP",D,20251230,edgar/data/2102265/0002102265-25-000001.txt
2102271,"CO-1201 Fund I, a series of The Fund Series, LP",D,20251230,edgar/data/2102271/0002102271-25-000001.txt
2102292,WBAC 2.0 LLC,D,20251230,edgar/data/2102292/0002102292-25-000001.txt
2102320,"Will Manidis Burst VIII, a series of Will Manidis Capital, LP",D,20251230,edgar/data/2102320/0002102320-25-000001.txt
2102321,"Lon2025, a series of Jibe Partnership Holdings, LP",D,20251230,edgar/data/2102321/0002102321-25-000001.txt
2102327,MAINSAIL MMM INVESTMENT LLC,D,20251230,edgar/data/2102327/0002102327-25-000001.txt
2102362,"QP-CRU Fund I, a series of Altra FrontierTech Investments I, LP",D,20251230,edgar/data/2102362/0002093597-25-000002.txt
2102450,"Lytical Ventures CI III, LP",D,20251230,edgar/data/2102450/0002102450-25-000001.txt
2102451,"Lytical Ventures CI III Parallel, LP",D,20251230,edgar/data/2102451/0002102451-25-000001.txt
2102457,ZaPay LLC.,D,20251230,edgar/data/2102457/0002102457-25-000001.txt
2102459,"RTW Heartbeat Co-Invest, LP",D,20251230,edgar/data/2102459/0002102459-25-000001.txt
2102479,"526 S. Church Phase II REIT, LLC",D,20251230,edgar/data/2102479/0002102480-25-000001.txt
2102480,"526 S. Church Phase I REIT, LLC",D,20251230,edgar/data/2102480/0002102480-25-000001.txt
2102481,"Village Global IV, L.P.",D,20251230,edgar/data/2102481/0002102481-25-000001.txt
2102526,Zebra Fund LP,D,20251230,edgar/data/2102526/0002102526-25-000001.txt
2102533,"LoLa Capital Grand, LP",D,20251230,edgar/data/2102533/0001470831-25-000455.txt
2102564,BOREC Longhorn II B3 & B4 Master REIT LLC,D,20251230,edgar/data/2102564/0002102564-25-000001.txt
2102565,BOREC Longhorn II B5 B6 B7 B8 Master REIT LLC,D,20251230,edgar/data/2102565/0002102565-25-000001.txt
2102572,"DigitalBridge AI Infrastructure U-A, LP",D,20251230,edgar/data/2102572/0001012975-25-000986.txt
2102611,LVP Portfolio Master REIT LLC,D,20251230,edgar/data/2102611/0002102611-25-000001.txt
2102625,"AHP-ORSS Holdings, LLC",D,20251230,edgar/data/2102625/0002102625-25-000001.txt
2102626,"Helmet Security, Inc.",D,20251230,edgar/data/2102626/0001231919-25-000677.txt
2102628,"AHP-IS Holdings, LLC",D,20251230,edgar/data/2102628/0002102628-25-000001.txt
2102697,"House Fund Breakout XII, L.P.",D,20251230,edgar/data/2102697/0000905148-25-004506.txt
2102729,"Silas Capital Partners III, L.P.",D,20251230,edgar/data/2102729/0002102729-25-000001.txt
2102733,Rosemount H.A. LLC,D,20251230,edgar/data/2102733/0002102733-25-000001.txt
2102759,SPACEX SPV a Series of What If Ventures Master LLC,D,20251230,edgar/data/2102759/0002102759-25-000001.txt
2102760,Tri-Q Core Private Markets Blocker LLC,D,20251230,edgar/data/2102760/0000906791-25-000058.txt
2102761,"Tri-Q Core Private Markets Access Fund, LP",D,20251230,edgar/data/2102761/0000906791-25-000054.txt
2102770,"ADAR Technologies, Inc.",D,20251230,edgar/data/2102770/0002102770-25-000001.txt
2102825,"BAREFOOT LAKES 199 INVESTOR, LLC",D,20251230,edgar/data/2102825/0002102825-25-000001.txt
2102826,"BRIGHTON CROSSING 206 INVESTOR, LLC",D,20251230,edgar/data/2102826/0002102826-25-000001.txt
2102828,"PEACHTREE 152 INVESTOR, LLC",D,20251230,edgar/data/2102828/0002102828-25-000001.txt
2102829,"VINEYARD CROSSING 137 INVESTOR, LLC",D,20251230,edgar/data/2102829/0002102829-25-000001.txt
2102835,"LYFE Capital Fund V (Phoenix), L.P.",D,20251230,edgar/data/2102835/0002102835-25-000001.txt
2102836,"LYFE Capital Fund V (DRAGON), L.P.",D,20251230,edgar/data/2102836/0002102836-25-000001.txt
2102847,Universa Black Swan Protection Protocol XCII L.P.,D,20251230,edgar/data/2102847/0000935836-25-000739.txt
2102856,Universa Black Swan Protection Protocol XCIII L.P.,D,20251230,edgar/data/2102856/0000935836-25-000744.txt
2102858,Universa Black Swan Protection Protocol XCIV L.P.,D,20251230,edgar/data/2102858/0000935836-25-000743.txt
2102859,Universa Black Swan Protection Protocol XCV L.P.,D,20251230,edgar/data/2102859/0000935836-25-000737.txt
2102860,Universa Black Swan Protection Protocol XCVI L.P.,D,20251230,edgar/data/2102860/0000935836-25-000738.txt
2102880,Project Vaedar Nov 2025 a Series of CGF2021 LLC,D,20251230,edgar/data/2102880/0002102880-25-000001.txt
2102885,Circle of Health SPV-02 Vytalize a Series of CGF2021 LLC,D,20251230,edgar/data/2102885/0002102885-25-000001.txt
2102898,GSBackers Afresh Fund II a Series of CGF2021 LLC,D,20251230,edgar/data/2102898/0002102898-25-000001.txt
2102910,Telly LightPost Dec 2025 a Series of CGF2021 LLC,D,20251230,edgar/data/2102910/0002102910-25-000001.txt
2102912,Arkero Technologies Preseed-1 a Series of CGF2021 LLC,D,20251230,edgar/data/2102912/0002102912-25-000001.txt
2102913,Subconscious Nov 2025 a Series of CGF2021 LLC,D,20251230,edgar/data/2102913/0002102913-25-000001.txt
2102914,Tresses SPV Radiant Nov 2025 a Series of CGF2021 LLC,D,20251230,edgar/data/2102914/0002102914-25-000001.txt
2102915,Albert P. Lee - APL Ventures RDNT a Series of CGF2021 LLC,D,20251230,edgar/data/2102915/0002102915-25-000001.txt
2102916,Titan Moon SPV V 2096548 a Series of CGF2021 LLC,D,20251230,edgar/data/2102916/0002102916-25-000001.txt
2102917,Lever AI Nov 2025 a Series of CGF2021 LLC,D,20251230,edgar/data/2102917/0002102917-25-000001.txt
2102918,JOGO Health Pre-B CN Nov 2025 a Series of CGF2021 LLC,D,20251230,edgar/data/2102918/0002102918-25-000001.txt
2102919,Select Syndicate 2250 Dec 2024 a Series of CGF2021 LLC,D,20251230,edgar/data/2102919/0002102919-25-000001.txt
2102920,RiskAverse Nov 2025 a Series of CGF2021 LLC,D,20251230,edgar/data/2102920/0002102920-25-000001.txt
2102922,MTA - Pleural Dynamics Nov 2025 a Series of CGF2021 LLC,D,20251230,edgar/data/2102922/0002102922-25-000001.txt
2102926,Frontier Compute I a Series of CGF2021 LLC,D,20251230,edgar/data/2102926/0002102926-25-000001.txt
2102927,Struction Nov 2025 a Series of CGF2021 LLC,D,20251230,edgar/data/2102927/0002102927-25-000001.txt
2102930,TV AI Fund III B a Series of SecondMarket Growth LLC,D,20251230,edgar/data/2102930/0002102930-25-000001.txt
2102937,Bronte Capital Metis Fund L.P.,D,20251230,edgar/data/2102937/0000935836-25-000736.txt
2102940,Perpetuo Corp.,D,20251230,edgar/data/2102940/0002102940-25-000001.txt
2102952,Coaster Media Inc.,D,20251230,edgar/data/2102952/0002102952-25-000001.txt
2102953,Equitybee 22-24980 a Series of Equitybee cFund Master LLC,D,20251230,edgar/data/2102953/0002102953-25-000001.txt
2102954,Equitybee 22-53642 a Series of Equitybee cFund Master LLC,D,20251230,edgar/data/2102954/0002102954-25-000001.txt
2102957,Mainstay A extension Nov 2025 a Series of CGF2021 LLC,D,20251230,edgar/data/2102957/0002102957-25-000001.txt
2102964,Enterprise Housing Partners 49 Limited Partnership,D,20251230,edgar/data/2102964/0002102964-25-000001.txt
2102981,"Solera WSC Hunters Woods, LLC",D,20251230,edgar/data/2102981/0002102981-25-000001.txt
2102987,Levco Royal Isles LLC,D,20251230,edgar/data/2102987/0002102987-25-000001.txt
2103031,"DEMETREE MAINSTREAM HOLDINGS, LLC",D,20251230,edgar/data/2103031/0001405086-25-000385.txt
2103070,White River Investco LLC,D,20251230,edgar/data/2103070/0002103070-25-000001.txt
2103080,"Imagen Prestige Dentistry Support Services, LLC",D,20251230,edgar/data/2103080/0002103080-25-000002.txt
2103094,Eaton Equipment Acquisitions LLC,D,20251230,edgar/data/2103094/0002103094-25-000001.txt
2103108,G3 ER Migration LLC,D,20251230,edgar/data/2103108/0002103108-25-000001.txt
2103114,Hyperstition Research LLC,D,20251230,edgar/data/2103114/0002103114-25-000001.txt
2103119,ECREP INTERMEDIATE REIT II LLC,D,20251230,edgar/data/2103119/0002103119-25-000001.txt
2103164,PCP RDM2 LP Members LLC,D,20251230,edgar/data/2103164/0002103164-25-000002.txt
2103175,"Talus Apartments NR, LLC",D,20251230,edgar/data/2103175/0002103175-25-000001.txt
2103201,"Black Nugget Capital Lenders, LLC",D,20251230,edgar/data/2103201/0002103201-25-000001.txt
2103205,Eagle Mountain Data Inc,D,20251230,edgar/data/2103205/0002103205-25-000001.txt
1080429,PACIFIC LIFE INSURANCE CO,D,20251231,edgar/data/1080429/0001104659-25-125544.txt
1080429,PACIFIC LIFE INSURANCE CO,D,20251231,edgar/data/1080429/0001104659-25-125562.txt
1297275,"Prime Property Fund, LLC",D,20251231,edgar/data/1297275/0001297275-25-000003.txt
1413969,Healionics CORP,D,20251231,edgar/data/1413969/0001413969-25-000002.txt
1502736,"Border Bancshares, Inc.",D,20251231,edgar/data/1502736/0001502736-25-000005.txt
1587468,"Databricks, Inc.",D,20251231,edgar/data/1587468/0001587468-25-000009.txt
1587468,"Databricks, Inc.",D,20251231,edgar/data/1587468/0001587468-25-000010.txt
1601610,"Pathway Private Equity Fund XXV, LP",D,20251231,edgar/data/1601610/0001601610-25-000003.txt
1616262,"Rocky Mountain Chocolate Factory, Inc.",D,20251231,edgar/data/1616262/0001616262-25-000009.txt
1688126,Crypto Co,D,20251231,edgar/data/1688126/0001493152-25-029777.txt
1713780,Flywheel Exchange Inc.,D,20251231,edgar/data/1713780/0001713780-25-000004.txt
1743235,Rio2 Ltd,D,20251231,edgar/data/1743235/0001743235-25-000002.txt
1758821,"Windlift, Inc.",D,20251231,edgar/data/1758821/0001758821-25-000002.txt
1814215,"Nuburu, Inc.",D,20251231,edgar/data/1814215/0001193125-25-338248.txt
1819319,"IMAGEN DENTAL PARTNERS, LLC",D,20251231,edgar/data/1819319/0002103088-25-000001.txt
1830072,iPower Inc.,D,20251231,edgar/data/1830072/0001683168-25-009430.txt
1856408,"PSCP Ice, LLC",D,20251231,edgar/data/1856408/0000892712-25-000179.txt
1863211,"Hadrian Automation, Inc.",D,20251231,edgar/data/1863211/0001863211-25-000003.txt
1884502,Parkva Corp,D,20251231,edgar/data/1884502/0001884502-25-000004.txt
1917508,"Kivo, Inc.",D,20251231,edgar/data/1917508/0001917508-25-000002.txt
1937993,"Cadrenal Therapeutics, Inc.",D,20251231,edgar/data/1937993/0001213900-25-127129.txt
1940872,Mad Capital Group PBC,D,20251231,edgar/data/1940872/0001940872-25-000002.txt
1948756,"Genialis, Inc.",D,20251231,edgar/data/1948756/0001948756-25-000002.txt
1959835,"Rembrand, Inc",D,20251231,edgar/data/1959835/0001959835-25-000005.txt
1959961,"IPC Alternative Real Estate Income Trust, Inc.",D,20251231,edgar/data/1959961/0001959961-25-000014.txt
1999117,"83Bar, Inc.",D,20251231,edgar/data/1999117/0001999117-25-000004.txt
2028601,Eat Evergreen Inc.,D,20251231,edgar/data/2028601/0002028601-25-000002.txt
2029213,O Ltd.,D,20251231,edgar/data/2029213/0002029213-25-000003.txt
2034307,Gameday Management L.P.,D,20251231,edgar/data/2034307/0002034307-25-000002.txt
2039973,"Center Street Lending REIT, LLC",D,20251231,edgar/data/2039973/0002039973-25-000003.txt
2068391,Mosaic Founders Fund LP - Series 1,D,20251231,edgar/data/2068391/0002068391-25-000002.txt
2070472,"Bridge Partners Fund IV, LP",D,20251231,edgar/data/2070472/0002070472-25-000002.txt
2080275,Lightcone Labs Inc.,D,20251231,edgar/data/2080275/0002080275-25-000003.txt
2082557,Golub Capital Private Income Fund S,D,20251231,edgar/data/2082557/0002082557-25-000002.txt
2082559,Golub Capital Private Income Fund I,D,20251231,edgar/data/2082559/0002082559-25-000002.txt
2084731,Acretrader 272 LLC,D,20251231,edgar/data/2084731/0002084731-25-000001.txt
2085500,EquityZen Growth Technology Fund LLC - Series 2172,D,20251231,edgar/data/2085500/0002085500-25-000001.txt
2085503,EquityZen Growth Technology Fund LLC - Series 2169,D,20251231,edgar/data/2085503/0002085503-25-000001.txt
2086635,"FL-0730 Fund I, a series of Roll Up Vehicles, LP",D,20251231,edgar/data/2086635/0002086635-25-000001.txt
2090725,"Committed Capital Fund I, LP",D,20251231,edgar/data/2090725/0002090725-25-000001.txt
2091720,"Okeanos Venture Partners II, LLC - Series 166",D,20251231,edgar/data/2091720/0002091720-25-000001.txt
2092221,WESTLAND WORLD INC,D,20251231,edgar/data/2092221/0001096906-25-002178.txt
2092980,Actions Flagship Fund IV LP,D,20251231,edgar/data/2092980/0002092980-25-000003.txt
2095429,Visions Hotels Opportunity Fund 9 L.P.,D,20251231,edgar/data/2095429/0002095429-25-000001.txt
2095642,"RNN Ventures Electra Series B, a series of Allocations 2025 Master, LLC",D,20251231,edgar/data/2095642/0002095642-25-000001.txt
2096255,AscalonVI Capital Fund LP,D,20251231,edgar/data/2096255/0000929638-25-004792.txt
2097737,"Americana - AH Late Stage Venture Fund V, LP",D,20251231,edgar/data/2097737/0001012975-25-001001.txt
2098082,"GHP SPV-B, L.P.",D,20251231,edgar/data/2098082/0002098082-25-000001.txt
2098228,"FutureFlow Partners, LLC",D,20251231,edgar/data/2098228/0002098228-25-000001.txt
2098260,Sorrento Fund LP,D,20251231,edgar/data/2098260/0002098260-25-000002.txt
2099261,SiteVue AI Inc.,D,20251231,edgar/data/2099261/0002099261-25-000002.txt
2099331,Shoten Fund LP,D,20251231,edgar/data/2099331/0000902664-25-005436.txt
2099352,"OIHJV Portfolio Investors, L.P.",D,20251231,edgar/data/2099352/0002099352-25-000001.txt
2099684,"Wealth Without Wall Street, LLC",D,20251231,edgar/data/2099684/0002099684-25-000001.txt
2099727,INEO Tech Corp.,D,20251231,edgar/data/2099727/0001062993-25-017530.txt
2100500,"Leadership Connect, Inc.",D,20251231,edgar/data/2100500/0001213900-25-126892.txt
2100561,Shoten Offshore Fund LP,D,20251231,edgar/data/2100561/0000902664-25-005437.txt
2100613,EquityZen Growth Technology Fund LLC - Series 2232,D,20251231,edgar/data/2100613/0002100613-25-000001.txt
2100681,"Jack Rock Coal Opportunity Fund, L.P.",D,20251231,edgar/data/2100681/0002100681-25-000001.txt
2100794,Vintage X B2 Offshore LP,D,20251231,edgar/data/2100794/0002100794-25-000001.txt
2100816,"Fitz Roy 87, LLC",D,20251231,edgar/data/2100816/0002100816-25-000001.txt
2100838,Fireside Ventures Investment Fund IV,D,20251231,edgar/data/2100838/0001470831-25-000457.txt
2100899,"Veritwin, Inc",D,20251231,edgar/data/2100899/0001663577-25-000371.txt
2101272,3LP Dousman MM LLC,D,20251231,edgar/data/2101272/0002101272-25-000001.txt
2101278,"Blockchange Fund, L.P. (Series '26)",D,20251231,edgar/data/2101278/0002101278-25-000001.txt
2101427,"TPG Real Estate TAC Quantum Coinvest, L.P.",D,20251231,edgar/data/2101427/0002101427-25-000001.txt
2101591,"F-LMA, L.P.",D,20251231,edgar/data/2101591/0002101591-25-000001.txt
2101605,Calleva Trust - International Equity Fund,D,20251231,edgar/data/2101605/0001566114-25-000120.txt
2101607,"Realterm Logistics Fund V, L.P.",D,20251231,edgar/data/2101607/0002101607-25-000001.txt
2101617,Silchester International Investors (Ireland) Trust - International Equity Exclusion UCITS,D,20251231,edgar/data/2101617/0001566114-25-000119.txt
2101621,"Realterm Logistics Fund V-A, L.P.",D,20251231,edgar/data/2101621/0002101621-25-000001.txt
2101667,MGCS Income Partners LLC,D,20251231,edgar/data/2101667/0002101667-25-000001.txt
2101675,Legacy Collective Ventures LLC,D,20251231,edgar/data/2101675/0002101675-25-000001.txt
2101701,"POSEIDON'S FORGE, INC.",D,20251231,edgar/data/2101701/0002101701-25-000002.txt
2101706,"SAI TPF IA, a Series of SecondMarket Growth, LLC",D,20251231,edgar/data/2101706/0002101706-25-000001.txt
2101714,"Multifamily Mechanical Electrical Plumbing, Inc.",D,20251231,edgar/data/2101714/0002101714-25-000001.txt
2101733,"NewCold USA IX, LLC",D,20251231,edgar/data/2101733/0002101733-25-000001.txt
2101765,Brookfield Capital Partners VII-NUS L.P.,D,20251231,edgar/data/2101765/0002101768-25-000001.txt
2101768,Brookfield Capital Partners VII L.P.,D,20251231,edgar/data/2101768/0002101768-25-000001.txt
2101906,"SAI TPF IB, a Series of SecondMarket Growth, LLC",D,20251231,edgar/data/2101906/0002101906-25-000001.txt
2101926,World Building Group LLC,D,20251231,edgar/data/2101926/0002101926-25-000001.txt
2102059,"PrimoSure, LLC",D,20251231,edgar/data/2102059/0002102059-25-000001.txt
2102073,"OIHJV Portfolio Investors Parallel, L.P.",D,20251231,edgar/data/2102073/0002102073-25-000001.txt
2102115,Spower Research Fund LP,D,20251231,edgar/data/2102115/0002102115-25-000001.txt
2102175,"Hotel Shield, LLC",D,20251231,edgar/data/2102175/0002102175-25-000001.txt
2102178,"TruePath Vision, LLC",D,20251231,edgar/data/2102178/0002102178-25-000001.txt
2102179,"CRE INC Solutions, LLC",D,20251231,edgar/data/2102179/0002102179-25-000001.txt
2102180,"Eagle Venture Studio, LLC",D,20251231,edgar/data/2102180/0002102180-25-000001.txt
2102273,"Shore Capital Healthcare Advantage Navia Co-Invest Fund, L.P.",D,20251231,edgar/data/2102273/0002102273-25-000001.txt
2102326,"ORTSAC QUAD VENTURA POINTE INVESTORS, LLC",D,20251231,edgar/data/2102326/0002102326-25-000001.txt
2102373,Sagehall II RT LLC,D,20251231,edgar/data/2102373/0002102373-25-000003.txt
2102376,Klarsig Holdings LLC,D,20251231,edgar/data/2102376/0002102376-25-000001.txt
2102464,SILAS VENTURES III LP,D,20251231,edgar/data/2102464/0001941040-25-000669.txt
2102466,SILAS-BP LLC,D,20251231,edgar/data/2102466/0001941040-25-000670.txt
2102467,LM Windward Chase TIC1 LLC,D,20251231,edgar/data/2102467/0001683168-25-009428.txt
2102472,SILAS-DAMDAM LLC,D,20251231,edgar/data/2102472/0001941040-25-000671.txt
2102473,SILAS-DOEN LLC,D,20251231,edgar/data/2102473/0001941040-25-000672.txt
2102543,Patria Clarendon 1 (Equity) LP,D,20251231,edgar/data/2102543/0000945621-25-001259.txt
2102575,"Macrocosm, Inc.",D,20251231,edgar/data/2102575/0002102575-25-000001.txt
2102588,"Bain Capital Global Direct Lending Fund (Offshore DE-C), L.P.",D,20251231,edgar/data/2102588/0000904454-25-000644.txt
2102593,Cavalry Capital Corp.,D,20251231,edgar/data/2102593/0002064835-25-000053.txt
2102613,Chester Capital I LLC,D,20251231,edgar/data/2102613/0002102613-25-000001.txt
2102641,Viza Capital I Fund,D,20251231,edgar/data/2102641/0002102641-25-000001.txt
2102736,"Northwest Natural Spirits, LLC",D,20251231,edgar/data/2102736/0002102736-25-000001.txt
2102763,"Scenic Hill Solar XLVIII, LLC",D,20251231,edgar/data/2102763/0002102763-25-000001.txt
2102764,"Scenic Hill Solar LX, LLC",D,20251231,edgar/data/2102764/0002102764-25-000001.txt
2102765,"Scenic Hill Solar LXI, LLC",D,20251231,edgar/data/2102765/0002102765-25-000001.txt
2102766,"Scenic Hill Solar LXII, LLC",D,20251231,edgar/data/2102766/0002102766-25-000001.txt
2102767,"Scenic Hill Solar LIX, LLC",D,20251231,edgar/data/2102767/0002102767-25-000001.txt
2102768,"Scenic Hill Solar LIV, LLC",D,20251231,edgar/data/2102768/0002102768-25-000001.txt
2102794,"Bain Capital Global Direct Lending Fund (Offshore C), L.P.",D,20251231,edgar/data/2102794/0000904454-25-000644.txt
2102818,"Elevate NewCo 2, LP",D,20251231,edgar/data/2102818/0002102818-25-000001.txt
2102819,"Elevate NewCo 1, LP",D,20251231,edgar/data/2102819/0002102819-25-000001.txt
2102867,Meditation Capital Offshore Ltd.,D,20251231,edgar/data/2102867/0000919574-25-007526.txt
2102921,"StepStone Polaris SMA Opportunities Fund, L.P.",D,20251231,edgar/data/2102921/0000950103-25-016740.txt
2102934,GUGLI Corp,D,20251231,edgar/data/2102934/0002102934-25-000001.txt
2102951,"LI-0314 Fund II, a series of Roll Up Vehicles, LP",D,20251231,edgar/data/2102951/0002102951-25-000001.txt
2102980,Opportunity II a Series of 8-Bit Capital Opportunity LLC,D,20251231,edgar/data/2102980/0002102980-25-000001.txt
2103001,Atmos Financial Nov 2025 a Series of CGF2021 LLC,D,20251231,edgar/data/2103001/0002103001-25-000001.txt
2103012,NIC Equity - Hexagon 2025 a Series of CGF2021 LLC,D,20251231,edgar/data/2103012/0002103012-25-000001.txt
2103021,"Digital Biotechnologies, Inc.",D,20251231,edgar/data/2103021/0002103021-25-000002.txt
2103024,GSBackers Northwood Fund a Series of CGF2021 LLC,D,20251231,edgar/data/2103024/0002103024-25-000001.txt
2103036,"Stripes VII Private Investors Offshore, L.P.",D,20251231,edgar/data/2103036/0002103036-25-000001.txt
2103038,Systematica BBS Feeder Fund Ltd,D,20251231,edgar/data/2103038/0001315863-25-000878.txt
2103042,IDA Venture II a Series of CGF2021 LLC,D,20251231,edgar/data/2103042/0002103042-25-000001.txt
2103045,Paradigm Evergreen I a Series of Republic Deal Room Master Fund LLC,D,20251231,edgar/data/2103045/0002103045-25-000001.txt
2103052,JEN Builder Finance LP,D,20251231,edgar/data/2103052/0001470831-25-000456.txt
2103065,MFB FERTILITY a Series of CGF2021 LLC,D,20251231,edgar/data/2103065/0002103065-25-000001.txt
2103067,Jack SPV I a Series of CGF2021 LLC,D,20251231,edgar/data/2103067/0002103067-25-000001.txt
2103068,Northwood Space Dec 2025 a Series of CGF2021 LLC,D,20251231,edgar/data/2103068/0002103068-25-000001.txt
2103071,AGC Volley I a Series of AGC AI Nexus Fund LLC,D,20251231,edgar/data/2103071/0002103071-25-000001.txt
2103088,"Imagen Vogel Support Services, LLC",D,20251231,edgar/data/2103088/0002103088-25-000001.txt
2103090,ACP Management Partners LLC,D,20251231,edgar/data/2103090/0002103090-25-000001.txt
2103105,MERCATO a Series of CGF2021 LLC,D,20251231,edgar/data/2103105/0002103105-25-000001.txt
2103107,MVP Nanite 2025 a Series of MVolution Partners VC LLC,D,20251231,edgar/data/2103107/0002103107-25-000001.txt
2103115,NV Paradromics SAFE a Series of CGF2021 LLC,D,20251231,edgar/data/2103115/0002103115-25-000001.txt
2103118,Departure Capital SPV Avalanche A2 a Series of CGF2021 LLC,D,20251231,edgar/data/2103118/0002103118-25-000001.txt
2103121,"RCF III REIT LOAN, LLC",D,20251231,edgar/data/2103121/0002103121-25-000001.txt
2103124,"RED REIT, LLC",D,20251231,edgar/data/2103124/0002103124-25-000001.txt
2103128,"PRETIUM LAND CAPITAL Co REIT, LLC",D,20251231,edgar/data/2103128/0002103128-25-000001.txt
2103130,Soryn IP Fund II Evergreen Fund L.P.,D,20251231,edgar/data/2103130/0000919574-25-007529.txt
2103144,"Elevate NewCo 3, LP",D,20251231,edgar/data/2103144/0002103144-25-000001.txt
2103149,Grays Peak Private Credit LLC,D,20251231,edgar/data/2103149/0002103149-25-000001.txt
2103157,DVC Fiddler Labs SPV-C a Series of CGF2021 LLC,D,20251231,edgar/data/2103157/0002103157-25-000001.txt
2103165,NSCALE II LP,D,20251231,edgar/data/2103165/0002103165-25-000001.txt
2103172,Seagate SPV I a Series of Phase Shift Ventures Master LLC,D,20251231,edgar/data/2103172/0002103172-25-000001.txt
2103178,Huiping (Hong Kong) Network Technology Ltd,D,20251231,edgar/data/2103178/0002103178-25-000001.txt
2103180,Lucidean II a Series of Entrada Ventures II Master LLC,D,20251231,edgar/data/2103180/0002103180-25-000001.txt
2103181,NTC RMR ORTHO SPV III Nov 2025 a Series of CGF2021 LLC,D,20251231,edgar/data/2103181/0002103181-25-000001.txt
2103192,Evergreen Series A Nov 2025 a Series of CGF2021 LLC,D,20251231,edgar/data/2103192/0002103192-25-000001.txt
2103198,"Hayrock North, LLC",D,20251231,edgar/data/2103198/0002103198-25-000001.txt
2103200,D. E. Shaw Orienteer International (JPY) Unit Trust,D,20251231,edgar/data/2103200/0002103200-25-000001.txt
2103208,"MPC CA 2025 AHI ICF, LLC",D,20251231,edgar/data/2103208/0002103208-25-000001.txt
2103210,ENSEMBLE CONTINUATION FUND LLC - SERIES CHAOS,D,20251231,edgar/data/2103210/0002103210-25-000001.txt
2103220,Web3 University,D,20251231,edgar/data/2103220/0002103220-25-000001.txt
2103233,JFF SPV Nov 2025 a Series of CGF2021 LLC,D,20251231,edgar/data/2103233/0002103233-25-000001.txt
2103304,"Popcorn Labs, Inc.",D,20251231,edgar/data/2103304/0002103304-25-000001.txt
2103314,"FirstView America AI SPV, LLC",D,20251231,edgar/data/2103314/0002103314-25-000001.txt
2103316,Arrowstreet Capital Exeter Fund Ltd,D,20251231,edgar/data/2103316/0002103316-25-000001.txt
2103324,Arrowstreet Capital Exeter Fund (Feeder) Ltd,D,20251231,edgar/data/2103324/0002103324-25-000001.txt
2103407,Baxter Industries LLC,D,20251231,edgar/data/2103407/0002103407-25-000001.txt
2103412,1199 Central Av Series of Loan LLC,D,20251231,edgar/data/2103412/0002103412-25-000001.txt
2103413,North State Processing Corp.,D,20251231,edgar/data/2103413/0002103413-25-000001.txt
2103417,New Holland Special Opportunities Fund A LP,D,20251231,edgar/data/2103417/0002103417-25-000001.txt
2103420,"Pedal Works, Inc.",D,20251231,edgar/data/2103420/0002103420-25-000001.txt
2103423,"DSQ Fuse Energy, a series of Allocations 2025 Master, LLC",D,20251231,edgar/data/2103423/0002103423-25-000001.txt
2103426,New Holland Special Opportunities Fund B LP,D,20251231,edgar/data/2103426/0002103426-25-000001.txt
2103457,"Phoenix MSA, LLC",D,20251231,edgar/data/2103457/0002103457-25-000001.txt
2103483,"Walton Street Real Estate Debt Fund III, L.P.",D,20251231,edgar/data/2103483/0002103483-25-000001.txt
2103484,"Webster Equity Partners VI GP, LLC",D,20251231,edgar/data/2103484/0001470831-25-000459.txt
